date,market,arrival_qty_mt,modal_price_rs_quintal,month,season,producing_region,delhi_temp_max,delhi_temp_min,delhi_rainfall,delhi_humidity,region_temp_max,region_temp_min,region_rainfall,region_humidity
2021-01-21,Azadpur APMC,583.8,2250.0,1,winter,nashik,20.1,9.1,0.0,79,29.3,15.6,0.0,68.0
2021-03-13,Azadpur APMC,925.1,1563.0,3,summer,nashik,30.1,16.0,0.0,62,33.1,18.5,0.0,33.0
2021-03-15,Azadpur APMC,299.7,1563.0,3,summer,nashik,31.7,17.5,0.0,52,33.5,17.5,0.0,37.0
2021-03-16,Azadpur APMC,1261.4,1513.0,3,summer,nashik,32.3,17.0,0.0,49,33.6,18.7,0.0,37.0
2021-03-17,Azadpur APMC,1120.7,1513.0,3,summer,nashik,32.9,17.0,0.0,44,32.5,18.2,0.0,41.0
2021-03-18,Azadpur APMC,1022.3,1513.0,3,summer,nashik,32.6,17.4,0.0,49,33.5,17.6,0.0,34.0
2021-03-19,Azadpur APMC,760.4,1354.0,3,summer,nashik,31.7,19.4,0.0,52,33.3,18.5,0.0,37.0
2021-03-20,Azadpur APMC,814.9,1300.0,3,summer,nashik,32.9,17.3,0.0,45,33.8,18.5,0.0,33.0
2021-03-22,Azadpur APMC,94.3,1300.0,3,summer,nashik,33.2,18.7,0.3,49,34.3,20.3,0.0,31.0
2021-03-23,Azadpur APMC,1213.9,1333.0,3,summer,nashik,32.1,19.8,0.5,49,34.4,20.7,0.0,30.0
2021-03-24,Azadpur APMC,928.0,1333.0,3,summer,nashik,31.2,16.7,0.0,45,34.6,20.6,0.0,30.0
2021-03-25,Azadpur APMC,626.7,1333.0,3,summer,nashik,30.7,16.7,0.0,40,33.3,20.3,0.0,33.0
2021-03-26,Azadpur APMC,1146.1,1242.0,3,summer,nashik,31.2,16.2,0.0,46,33.8,18.4,0.0,37.0
2021-03-27,Azadpur APMC,1232.8,1242.0,3,summer,nashik,33.0,17.9,0.0,46,34.0,19.0,0.0,45.0
2021-03-30,Azadpur APMC,242.2,1242.0,3,summer,nashik,37.0,23.3,0.0,33,34.0,19.7,0.0,41.0
2021-03-31,Azadpur APMC,945.0,1242.0,3,summer,nashik,34.4,21.6,0.0,23,34.9,18.9,0.0,28.0
2022-01-01,Azadpur APMC,1066.8,2000.0,1,winter,nashik,18.1,5.2,0.0,78,27.1,13.5,0.0,72.0
2022-01-03,Azadpur APMC,277.4,2000.0,1,winter,nashik,20.1,7.0,0.0,77,27.6,13.1,0.0,67.0
2022-01-04,Azadpur APMC,1021.1,1982.0,1,winter,nashik,21.9,8.0,0.0,74,23.5,12.3,0.0,74.0
2022-01-05,Azadpur APMC,643.0,1982.0,1,winter,nashik,15.4,11.7,9.4,85,23.6,12.8,0.0,74.0
2022-01-07,Azadpur APMC,523.2,1982.0,1,winter,nashik,19.8,12.4,1.3,86,26.4,14.1,0.0,75.0
2022-01-08,Azadpur APMC,835.3,2018.0,1,winter,nashik,17.2,14.0,31.1,90,25.9,15.0,0.2,78.0
2022-01-10,Azadpur APMC,163.3,2286.0,1,winter,nashik,16.8,7.9,0.0,84,27.0,15.2,0.0,69.0
2022-01-11,Azadpur APMC,758.1,2286.0,1,winter,nashik,17.3,7.2,0.0,81,27.2,14.5,0.0,70.0
2022-01-12,Azadpur APMC,710.1,2232.0,1,winter,nashik,17.2,7.6,0.0,82,26.6,15.3,0.0,76.0
2022-01-13,Azadpur APMC,697.2,2232.0,1,winter,nashik,17.4,7.1,0.0,78,27.0,14.4,0.0,77.0
2022-01-14,Azadpur APMC,1202.7,2232.0,1,winter,nashik,16.5,6.5,0.0,83,23.6,14.0,1.8,81.0
2022-01-15,Azadpur APMC,1928.6,2018.0,1,winter,nashik,16.7,5.6,0.0,88,23.1,12.6,1.0,67.0
2022-01-17,Azadpur APMC,255.6,2018.0,1,winter,nashik,14.0,4.1,0.0,87,23.6,12.5,0.0,72.0
2022-01-18,Azadpur APMC,944.4,2018.0,1,winter,nashik,16.0,5.2,0.0,89,23.0,11.4,0.0,73.0
2022-01-19,Azadpur APMC,387.6,1929.0,1,winter,nashik,17.5,6.3,0.5,90,22.9,11.4,0.1,74.0
2022-01-20,Azadpur APMC,343.4,1929.0,1,winter,nashik,18.0,9.1,0.0,87,23.7,12.3,0.2,75.0
2022-01-21,Azadpur APMC,816.5,1917.0,1,winter,nashik,18.4,7.6,0.0,86,24.1,12.9,0.0,74.0
2022-01-22,Azadpur APMC,1028.1,1917.0,1,winter,nashik,16.1,11.9,22.2,84,25.7,12.5,0.0,72.0
2022-01-24,Azadpur APMC,331.9,2021.0,1,winter,nashik,16.3,6.8,0.5,84,26.6,13.8,0.0,72.0
2022-01-25,Azadpur APMC,929.9,2021.0,1,winter,nashik,16.5,6.2,0.0,82,26.8,13.1,0.0,65.0
2022-01-27,Azadpur APMC,131.3,2021.0,1,winter,nashik,17.8,6.8,0.0,76,27.5,14.8,0.0,67.0
2022-01-28,Azadpur APMC,751.4,2021.0,1,winter,nashik,17.9,7.0,0.0,74,24.2,15.4,0.7,79.0
2022-01-29,Azadpur APMC,519.5,2021.0,1,winter,nashik,19.5,6.3,0.0,76,20.6,11.4,0.1,68.0
2022-01-31,Azadpur APMC,156.5,2021.0,1,winter,nashik,20.8,8.1,0.0,81,22.3,7.1,0.0,55.0
2022-02-01,Azadpur APMC,1384.5,2021.0,2,winter,nashik,20.7,8.6,0.0,87,23.6,8.4,0.0,59.0
2022-02-02,Azadpur APMC,929.9,2021.0,2,winter,nashik,20.4,8.5,0.0,80,24.3,10.3,0.0,55.0
2022-02-03,Azadpur APMC,1014.0,2021.0,2,winter,nashik,14.9,9.5,11.1,85,25.1,10.3,0.0,55.0
2022-02-04,Azadpur APMC,896.1,2021.0,2,winter,nashik,16.3,7.9,0.0,84,26.2,9.7,0.0,54.0
2022-02-05,Azadpur APMC,618.7,2021.0,2,winter,nashik,16.6,6.0,0.0,85,28.0,9.8,0.0,53.0
2022-02-07,Azadpur APMC,218.6,2021.0,2,winter,nashik,22.4,8.8,0.0,78,28.5,11.6,0.0,54.0
2022-02-08,Azadpur APMC,1229.5,2021.0,2,winter,nashik,22.2,10.8,0.5,82,30.1,13.4,0.0,51.0
2022-02-09,Azadpur APMC,925.0,2229.0,2,winter,nashik,18.5,10.9,3.1,84,27.1,13.1,0.0,56.0
2022-02-10,Azadpur APMC,653.3,2229.0,2,winter,nashik,20.2,8.5,0.0,77,25.6,13.8,0.0,68.0
2022-02-11,Azadpur APMC,1135.2,2229.0,2,winter,nashik,20.2,9.7,0.0,68,27.1,10.3,0.0,56.0
2022-02-12,Azadpur APMC,658.4,2229.0,2,winter,nashik,21.2,9.1,0.0,70,29.2,12.1,0.0,49.0
2022-02-14,Azadpur APMC,147.8,2229.0,2,winter,nashik,23.1,9.6,0.0,71,28.4,13.0,0.0,65.0
2022-02-15,Azadpur APMC,1008.0,2229.0,2,winter,nashik,23.3,11.1,0.0,68,26.3,12.1,0.0,64.0
2022-02-16,Azadpur APMC,654.0,2229.0,2,winter,nashik,23.6,10.5,0.0,72,27.4,13.2,0.0,50.0
2022-02-17,Azadpur APMC,554.4,2229.0,2,winter,nashik,24.1,10.1,0.0,66,27.7,13.7,0.0,48.0
2022-02-18,Azadpur APMC,828.7,2229.0,2,winter,nashik,25.0,10.2,0.0,64,28.6,12.8,0.0,47.0
2022-02-19,Azadpur APMC,882.2,2229.0,2,winter,nashik,24.2,10.5,0.0,64,29.3,13.0,0.0,46.0
2022-02-21,Azadpur APMC,150.1,2229.0,2,winter,nashik,24.5,10.5,0.0,56,28.9,13.6,0.0,42.0
2022-02-22,Azadpur APMC,811.5,2229.0,2,winter,nashik,25.9,11.8,0.0,57,27.5,13.8,0.0,53.0
2022-02-23,Azadpur APMC,670.2,2229.0,2,winter,nashik,24.2,14.9,0.0,68,28.9,14.7,0.0,54.0
2022-02-24,Azadpur APMC,637.5,2229.0,2,winter,nashik,25.2,12.5,0.0,72,30.2,15.4,0.0,57.0
2022-02-25,Azadpur APMC,769.2,2229.0,2,winter,nashik,25.3,12.2,0.3,68,31.4,16.8,0.0,54.0
2022-02-26,Azadpur APMC,415.5,2229.0,2,winter,nashik,23.5,14.2,2.4,70,30.8,16.7,0.0,37.0
2022-02-28,Azadpur APMC,263.7,2229.0,2,winter,nashik,23.0,10.7,0.0,65,33.5,14.9,0.0,39.0
2022-03-01,Azadpur APMC,854.7,2083.0,3,summer,nashik,24.6,10.4,0.0,66,34.2,16.2,0.0,39.0
2022-03-02,Azadpur APMC,738.4,2083.0,3,summer,nashik,25.7,11.2,0.0,62,33.0,17.1,0.0,38.0
2022-03-03,Azadpur APMC,783.1,2083.0,3,summer,nashik,27.2,13.6,0.3,65,32.1,15.2,0.0,34.0
2022-03-04,Azadpur APMC,886.0,2083.0,3,summer,nashik,25.4,13.4,0.0,69,33.2,15.9,0.0,33.0
2022-03-05,Azadpur APMC,934.7,2083.0,3,summer,nashik,26.2,13.1,0.0,65,32.4,16.1,0.0,30.0
2022-03-07,Azadpur APMC,145.7,2083.0,3,summer,nashik,28.4,14.6,0.0,59,32.5,15.4,0.0,34.0
2022-03-08,Azadpur APMC,1127.4,1604.0,3,summer,nashik,30.2,14.0,0.0,55,33.1,17.5,0.0,31.0
2022-03-09,Azadpur APMC,1012.8,1604.0,3,summer,nashik,30.8,14.9,0.0,50,33.4,18.3,0.0,30.0
2022-03-10,Azadpur APMC,481.8,1604.0,3,summer,nashik,29.7,16.1,0.0,50,33.0,18.1,0.0,29.0
2022-03-12,Azadpur APMC,939.9,1604.0,3,summer,nashik,30.5,14.8,0.0,54,33.1,18.4,0.0,34.0
2022-03-14,Azadpur APMC,503.3,1450.0,3,summer,nashik,32.2,16.4,0.0,64,31.9,21.0,0.1,47.0
2022-03-15,Azadpur APMC,1632.1,1450.0,3,summer,nashik,34.0,18.6,0.0,63,30.3,19.3,0.7,51.0
2022-03-16,Azadpur APMC,1031.8,1450.0,3,summer,nashik,35.3,19.8,0.0,58,32.8,16.8,0.0,44.0
2022-03-17,Azadpur APMC,932.1,1450.0,3,summer,nashik,33.2,19.8,0.0,63,33.2,18.8,1.2,45.0
2022-03-19,Azadpur APMC,378.2,1450.0,3,summer,nashik,35.2,21.0,0.0,58,33.8,18.0,0.0,29.0
2022-03-21,Azadpur APMC,122.5,1367.0,3,summer,nashik,36.6,20.9,0.0,44,36.3,18.4,0.0,29.0
2022-03-22,Azadpur APMC,700.4,1350.0,3,summer,nashik,35.7,20.9,0.0,43,37.4,20.3,0.0,24.0
2022-03-23,Azadpur APMC,959.2,1350.0,3,summer,nashik,35.8,19.0,0.0,38,37.9,20.2,0.0,23.0
2022-03-24,Azadpur APMC,984.8,1350.0,3,summer,nashik,35.1,19.9,0.0,36,38.5,20.6,0.0,22.0
2022-03-25,Azadpur APMC,850.0,1350.0,3,summer,nashik,35.2,19.7,0.0,31,37.8,20.3,0.0,23.0
2022-03-26,Azadpur APMC,1132.3,1350.0,3,summer,nashik,35.4,19.3,0.0,31,33.7,20.6,0.0,35.0
2022-03-28,Azadpur APMC,251.2,1125.0,3,summer,nashik,38.2,19.7,0.0,29,36.8,24.7,0.0,19.0
2022-03-29,Azadpur APMC,1454.9,1125.0,3,summer,nashik,39.0,19.4,0.0,27,37.3,21.6,0.0,19.0
2022-03-30,Azadpur APMC,1069.3,1125.0,3,summer,nashik,38.8,20.6,0.0,28,37.7,22.7,0.0,21.0
2022-03-31,Azadpur APMC,1519.2,1125.0,3,summer,nashik,39.4,21.3,0.0,38,38.1,20.2,0.0,35.0
2022-04-01,Azadpur APMC,1454.5,1125.0,4,summer,nashik,36.3,21.4,0.0,26,38.7,22.4,0.0,36.0
2022-04-02,Azadpur APMC,1161.1,1000.0,4,summer,nashik,37.8,20.0,0.0,23,38.9,20.9,0.0,40.0
2022-04-04,Azadpur APMC,24.7,1000.0,4,summer,nashik,38.3,20.7,0.0,18,37.6,20.7,0.0,29.0
2022-04-05,Azadpur APMC,621.0,1000.0,4,summer,nashik,38.8,20.6,0.0,21,37.5,20.8,0.0,21.0
2022-04-06,Azadpur APMC,125.4,1000.0,4,summer,nashik,39.3,20.8,0.0,19,37.7,19.2,0.0,22.0
2022-04-07,Azadpur APMC,397.0,1000.0,4,summer,nashik,39.9,21.0,0.0,19,38.0,18.6,0.0,27.0
2022-04-08,Azadpur APMC,574.9,1000.0,4,summer,nashik,41.3,22.3,0.0,16,38.3,19.0,0.0,31.0
2022-04-09,Azadpur APMC,644.3,1000.0,4,summer,nashik,42.0,22.2,0.0,17,38.9,19.6,0.0,36.0
2022-04-11,Azadpur APMC,123.6,1000.0,4,summer,nashik,41.9,23.9,0.0,19,39.8,22.3,0.0,42.0
2022-04-12,Azadpur APMC,1359.6,1000.0,4,summer,nashik,40.0,25.9,0.0,21,38.9,21.4,0.0,42.0
2022-04-13,Azadpur APMC,1147.0,1000.0,4,summer,nashik,39.0,24.9,0.0,21,38.8,21.5,0.0,39.0
2022-04-14,Azadpur APMC,1335.6,896.0,4,summer,nashik,39.7,24.7,0.0,20,39.7,21.6,0.0,32.0
2022-04-15,Azadpur APMC,1235.4,896.0,4,summer,nashik,39.4,24.3,0.0,22,39.1,22.0,0.0,42.0
2022-04-16,Azadpur APMC,1423.9,896.0,4,summer,nashik,39.7,22.8,0.0,20,37.4,22.6,0.0,40.0
2022-04-19,Azadpur APMC,826.0,896.0,4,summer,nashik,42.2,24.6,0.0,18,39.5,22.6,0.0,24.0
2022-04-20,Azadpur APMC,562.1,896.0,4,summer,nashik,41.2,26.8,0.0,17,38.5,22.2,0.0,23.0
2022-04-21,Azadpur APMC,756.3,896.0,4,summer,nashik,37.0,26.4,0.0,24,37.1,21.1,0.0,45.0
2022-04-22,Azadpur APMC,758.4,896.0,4,summer,nashik,38.4,23.2,0.0,29,37.5,19.5,0.0,31.0
2022-04-23,Azadpur APMC,726.3,896.0,4,summer,nashik,39.3,23.5,0.0,20,37.7,20.5,0.0,37.0
2022-04-25,Azadpur APMC,36.5,958.0,4,summer,nashik,40.8,24.4,0.0,21,38.1,22.6,0.0,39.0
2022-04-26,Azadpur APMC,1021.5,958.0,4,summer,nashik,41.0,24.2,0.0,21,36.4,22.0,0.5,37.0
2022-04-27,Azadpur APMC,768.4,958.0,4,summer,nashik,41.6,23.7,0.0,17,37.5,26.1,0.0,26.0
2022-04-28,Azadpur APMC,1119.1,958.0,4,summer,nashik,43.3,25.6,0.0,17,38.7,24.3,0.0,28.0
2022-04-29,Azadpur APMC,1329.3,958.0,4,summer,nashik,43.8,26.5,0.0,14,39.0,24.1,0.0,23.0
2022-04-30,Azadpur APMC,1190.8,958.0,4,summer,nashik,43.4,27.9,0.0,14,39.7,24.0,0.0,31.0
2022-05-02,Azadpur APMC,180.9,958.0,5,summer,nashik,40.6,26.3,0.0,38,38.8,23.4,0.0,24.0
2022-05-03,Azadpur APMC,1004.0,958.0,5,summer,nashik,39.2,26.9,0.0,42,40.2,23.7,0.0,20.0
2022-05-04,Azadpur APMC,348.3,958.0,5,summer,nashik,39.0,26.6,0.1,47,41.1,24.3,0.0,21.0
2022-05-05,Azadpur APMC,831.5,958.0,5,summer,nashik,38.4,23.4,0.0,47,38.3,23.6,0.0,38.0
2022-05-06,Azadpur APMC,607.6,958.0,5,summer,nashik,39.7,25.7,0.0,32,38.7,24.0,0.0,37.0
2022-05-07,Azadpur APMC,546.2,958.0,5,summer,nashik,40.1,26.2,0.0,32,37.7,22.3,0.0,48.0
2022-05-09,Azadpur APMC,144.1,958.0,5,summer,nashik,40.2,27.5,0.0,44,37.5,22.4,0.0,54.0
2022-05-10,Azadpur APMC,1064.2,958.0,5,summer,nashik,39.7,28.2,0.0,45,37.5,22.2,0.0,50.0
2022-05-11,Azadpur APMC,862.9,958.0,5,summer,nashik,41.1,27.8,0.0,44,37.7,21.1,0.0,37.0
2022-05-12,Azadpur APMC,881.0,958.0,5,summer,nashik,43.1,28.8,0.0,41,37.8,20.8,0.0,42.0
2022-05-13,Azadpur APMC,1092.9,958.0,5,summer,nashik,44.2,28.2,0.0,41,38.9,22.3,0.0,37.0
2022-05-14,Azadpur APMC,1382.5,958.0,5,summer,nashik,44.6,27.4,0.0,27,40.0,22.5,0.0,34.0
2022-05-16,Azadpur APMC,107.0,958.0,5,summer,nashik,42.0,31.5,0.0,23,39.1,23.8,0.3,50.0
2022-05-17,Azadpur APMC,1903.1,950.0,5,summer,nashik,38.8,28.2,0.0,42,40.0,24.3,0.0,53.0
2022-05-18,Azadpur APMC,794.6,950.0,5,summer,nashik,42.2,27.6,0.0,32,36.4,23.4,0.0,63.0
2022-05-19,Azadpur APMC,691.7,950.0,5,summer,nashik,43.9,27.3,0.0,29,37.0,23.2,0.0,60.0
2022-05-20,Azadpur APMC,545.6,950.0,5,summer,nashik,45.5,28.8,0.0,23,36.7,22.4,0.0,58.0
2022-05-21,Azadpur APMC,616.1,950.0,5,summer,nashik,40.8,29.4,0.0,28,37.6,22.7,0.0,58.0
2022-05-23,Azadpur APMC,145.1,950.0,5,summer,nashik,31.0,22.5,18.7,65,37.1,23.1,0.0,50.0
2022-05-24,Azadpur APMC,1628.1,950.0,5,summer,nashik,32.4,21.5,0.0,70,37.6,21.8,0.0,53.0
2022-05-25,Azadpur APMC,840.5,950.0,5,summer,nashik,32.9,23.1,0.0,67,39.0,22.5,0.0,52.0
2022-05-26,Azadpur APMC,775.1,950.0,5,summer,nashik,35.1,23.4,0.0,61,36.0,23.5,0.0,61.0
2022-05-27,Azadpur APMC,777.0,950.0,5,summer,nashik,37.9,25.0,0.0,57,34.4,23.0,0.0,63.0
2022-05-28,Azadpur APMC,856.4,950.0,5,summer,nashik,39.7,26.3,0.0,54,33.5,23.2,0.0,66.0
2022-05-30,Azadpur APMC,186.2,950.0,5,summer,nashik,41.1,27.3,0.3,48,34.0,23.4,0.7,66.0
2022-05-31,Azadpur APMC,1054.2,950.0,5,summer,nashik,40.1,25.6,0.0,43,34.9,22.6,0.0,63.0
2022-06-01,Azadpur APMC,710.0,950.0,6,monsoon,nashik,41.1,25.4,0.0,35,34.5,23.1,0.0,64.0
2022-06-02,Azadpur APMC,513.9,1021.0,6,monsoon,nashik,42.8,27.9,0.0,28,33.8,22.4,0.0,63.0
2022-06-03,Azadpur APMC,788.8,1021.0,6,monsoon,nashik,43.2,26.8,0.0,23,33.8,22.4,0.0,64.0
2022-06-04,Azadpur APMC,925.3,1021.0,6,monsoon,nashik,44.2,27.0,0.0,21,32.9,22.8,0.0,65.0
2022-06-06,Azadpur APMC,137.8,1021.0,6,monsoon,nashik,42.9,27.5,0.0,18,34.8,22.8,0.1,65.0
2022-06-07,Azadpur APMC,1421.1,1021.0,6,monsoon,nashik,43.9,29.2,0.0,22,35.5,22.9,0.3,64.0
2022-06-08,Azadpur APMC,729.5,1021.0,6,monsoon,nashik,43.2,31.7,0.0,20,34.3,22.8,0.0,61.0
2022-06-09,Azadpur APMC,983.9,1054.0,6,monsoon,nashik,43.1,30.2,0.0,23,35.5,22.1,0.0,58.0
2022-06-10,Azadpur APMC,807.2,1054.0,6,monsoon,nashik,42.8,30.5,0.0,22,35.9,22.4,0.0,56.0
2022-06-11,Azadpur APMC,938.1,1054.0,6,monsoon,nashik,43.5,30.9,0.0,22,37.0,22.5,0.1,59.0
2022-06-13,Azadpur APMC,104.8,1054.0,6,monsoon,nashik,43.4,31.5,0.0,26,34.3,22.5,1.8,62.0
2022-06-14,Azadpur APMC,1644.4,1054.0,6,monsoon,nashik,39.0,31.1,0.0,39,35.4,23.5,3.6,66.0
2022-06-15,Azadpur APMC,957.7,1096.0,6,monsoon,nashik,42.4,29.6,0.0,39,36.2,24.4,6.1,68.0
2022-06-16,Azadpur APMC,910.9,1138.0,6,monsoon,nashik,37.6,31.0,1.9,45,32.8,23.8,4.3,75.0
2022-06-17,Azadpur APMC,999.6,1138.0,6,monsoon,nashik,36.4,24.2,6.4,65,32.1,22.7,12.7,83.0
2022-06-18,Azadpur APMC,1451.4,1138.0,6,monsoon,nashik,33.7,24.5,4.0,67,30.3,22.1,2.1,80.0
2022-06-20,Azadpur APMC,86.2,1271.0,6,monsoon,nashik,32.5,23.2,0.0,75,32.1,22.5,2.0,72.0
2022-06-21,Azadpur APMC,1476.1,1271.0,6,monsoon,nashik,32.3,24.4,10.6,76,31.5,22.8,1.2,76.0
2022-06-22,Azadpur APMC,691.1,1229.0,6,monsoon,nashik,34.7,24.1,8.1,68,32.1,23.2,1.1,75.0
2022-06-23,Azadpur APMC,543.8,1229.0,6,monsoon,nashik,37.1,25.9,0.0,55,31.4,23.0,2.8,76.0
2022-06-24,Azadpur APMC,776.7,1229.0,6,monsoon,nashik,38.2,23.6,0.0,46,31.4,23.0,1.1,73.0
2022-06-25,Azadpur APMC,835.7,1271.0,6,monsoon,nashik,39.3,24.8,0.0,38,29.4,23.1,2.6,81.0
2022-06-27,Azadpur APMC,204.5,1271.0,6,monsoon,nashik,39.3,30.7,0.1,52,29.2,21.9,3.9,84.0
2022-06-28,Azadpur APMC,1219.5,1271.0,6,monsoon,nashik,41.1,27.9,3.2,56,31.7,22.0,19.7,83.0
2022-06-29,Azadpur APMC,966.8,1271.0,6,monsoon,nashik,42.1,29.5,0.0,58,29.9,21.9,18.8,85.0
2022-06-30,Azadpur APMC,846.1,1271.0,6,monsoon,nashik,30.9,26.4,1.4,79,29.4,22.3,14.3,89.0
2022-07-01,Azadpur APMC,1113.5,1271.0,7,monsoon,nashik,31.5,25.0,1.3,83,29.0,21.3,9.3,84.0
2022-07-04,Azadpur APMC,129.0,1179.0,7,monsoon,nashik,34.9,26.1,19.4,78,28.0,22.2,4.7,87.0
2022-07-06,Azadpur APMC,487.0,1179.0,7,monsoon,nashik,35.7,28.6,1.3,78,28.3,22.5,3.7,87.0
2022-07-07,Azadpur APMC,507.4,1179.0,7,monsoon,nashik,35.1,27.4,0.2,73,26.2,21.8,3.5,89.0
2022-07-08,Azadpur APMC,973.5,1208.0,7,monsoon,nashik,36.6,28.6,0.3,67,25.5,22.1,3.8,91.0
2022-07-09,Azadpur APMC,920.0,1208.0,7,monsoon,nashik,33.6,28.2,1.3,73,27.5,22.0,3.1,87.0
2022-07-11,Azadpur APMC,88.7,1208.0,7,monsoon,nashik,34.6,27.2,0.1,75,24.8,22.2,6.2,92.0
2022-07-12,Azadpur APMC,1097.6,1208.0,7,monsoon,nashik,34.6,28.3,0.8,75,26.5,21.6,2.2,89.0
2022-07-13,Azadpur APMC,632.7,1208.0,7,monsoon,nashik,35.1,27.8,2.9,78,26.2,22.2,2.9,89.0
2022-07-14,Azadpur APMC,420.5,1271.0,7,monsoon,nashik,34.2,27.7,13.9,80,24.5,21.7,11.3,93.0
2022-07-15,Azadpur APMC,738.5,1271.0,7,monsoon,nashik,35.6,28.6,4.3,72,25.2,21.0,16.3,91.0
2022-07-18,Azadpur APMC,263.3,1271.0,7,monsoon,nashik,35.3,26.3,4.9,78,23.5,21.2,42.9,93.0
2022-07-19,Azadpur APMC,1983.6,1271.0,7,monsoon,nashik,35.1,26.8,1.6,78,23.6,21.4,58.3,93.0
2022-07-20,Azadpur APMC,890.4,1271.0,7,monsoon,nashik,33.1,26.5,28.7,84,24.0,21.9,46.4,93.0
2022-07-21,Azadpur APMC,548.5,1271.0,7,monsoon,nashik,30.5,24.7,16.2,84,24.9,22.2,9.7,92.0
2022-07-22,Azadpur APMC,461.0,1271.0,7,monsoon,nashik,31.3,25.1,3.0,86,26.5,22.2,8.5,90.0
2022-07-23,Azadpur APMC,952.5,1271.0,7,monsoon,nashik,30.4,25.1,14.3,86,27.2,22.6,2.4,87.0
2022-07-25,Azadpur APMC,229.7,1179.0,7,monsoon,nashik,32.7,25.7,8.3,80,25.1,21.8,7.1,91.0
2022-07-26,Azadpur APMC,1257.0,1179.0,7,monsoon,nashik,31.5,25.4,2.0,81,26.9,21.7,3.0,88.0
2022-07-27,Azadpur APMC,559.3,1179.0,7,monsoon,nashik,32.1,25.4,7.0,82,27.1,21.8,2.3,86.0
2022-07-28,Azadpur APMC,497.9,1179.0,7,monsoon,nashik,31.4,25.2,20.5,85,27.6,21.8,1.3,84.0
2022-07-29,Azadpur APMC,693.7,1179.0,7,monsoon,nashik,30.1,25.0,8.8,87,25.6,22.0,6.5,88.0
2022-07-30,Azadpur APMC,666.2,1179.0,7,monsoon,nashik,31.4,25.5,4.1,85,23.8,21.9,19.2,92.0
2022-08-01,Azadpur APMC,174.8,1179.0,8,monsoon,nashik,31.3,25.4,8.8,84,27.2,21.7,4.1,86.0
2022-08-02,Azadpur APMC,1401.0,1179.0,8,monsoon,nashik,33.5,25.8,0.3,79,27.7,21.1,7.7,89.0
2022-08-03,Azadpur APMC,809.5,1179.0,8,monsoon,nashik,33.0,26.5,0.4,81,29.3,21.2,2.9,84.0
2022-08-04,Azadpur APMC,982.3,1179.0,8,monsoon,nashik,31.5,26.6,0.9,86,29.4,21.8,2.6,85.0
2022-08-05,Azadpur APMC,1058.4,1179.0,8,monsoon,nashik,30.7,24.8,7.2,86,28.9,21.4,1.4,84.0
2022-08-06,Azadpur APMC,924.3,1179.0,8,monsoon,nashik,32.7,25.5,2.3,83,28.4,21.2,1.4,82.0
2022-08-08,Azadpur APMC,125.4,1179.0,8,monsoon,nashik,33.4,25.0,0.1,81,27.6,21.9,1.5,83.0
2022-08-09,Azadpur APMC,1334.6,1179.0,8,monsoon,nashik,33.8,27.4,0.2,78,29.7,22.1,6.4,85.0
2022-08-10,Azadpur APMC,1173.1,1179.0,8,monsoon,nashik,34.5,27.5,0.4,74,29.1,22.0,18.6,88.0
2022-08-11,Azadpur APMC,1045.5,1179.0,8,monsoon,nashik,28.7,26.4,4.3,83,27.4,22.2,39.9,91.0
2022-08-12,Azadpur APMC,752.9,1179.0,8,monsoon,nashik,33.9,25.1,0.0,74,28.1,21.9,13.0,89.0
2022-08-13,Azadpur APMC,866.8,1179.0,8,monsoon,nashik,33.5,26.3,0.4,76,28.6,22.1,25.2,88.0
2022-08-16,Azadpur APMC,200.8,1179.0,8,monsoon,nashik,30.7,25.7,8.7,80,25.5,22.3,9.1,91.0
2022-08-17,Azadpur APMC,918.8,1179.0,8,monsoon,nashik,31.9,25.2,0.2,78,25.8,22.2,8.1,90.0
2022-08-18,Azadpur APMC,736.8,1179.0,8,monsoon,nashik,33.5,25.5,0.5,75,25.2,21.8,8.4,91.0
2022-08-19,Azadpur APMC,803.7,1179.0,8,monsoon,nashik,34.1,26.5,0.5,73,26.0,21.3,10.3,90.0
2022-08-20,Azadpur APMC,936.5,1179.0,8,monsoon,nashik,30.4,24.8,4.2,82,26.6,22.0,5.9,88.0
2022-08-22,Azadpur APMC,228.7,1179.0,8,monsoon,nashik,33.1,25.9,6.2,77,23.9,21.6,16.8,93.0
2022-08-23,Azadpur APMC,1675.2,1250.0,8,monsoon,nashik,33.8,26.2,1.8,70,25.0,21.6,6.3,91.0
2022-08-24,Azadpur APMC,1223.5,1250.0,8,monsoon,nashik,32.7,25.9,1.2,76,26.5,21.5,4.8,90.0
2022-08-25,Azadpur APMC,1211.0,1250.0,8,monsoon,nashik,34.1,25.3,0.6,73,26.8,21.5,2.3,88.0
2022-08-26,Azadpur APMC,1361.3,1250.0,8,monsoon,nashik,35.3,26.6,0.6,64,26.9,21.8,1.7,86.0
2022-08-27,Azadpur APMC,1632.2,1250.0,8,monsoon,nashik,35.6,27.6,1.6,60,26.7,21.7,2.1,87.0
2022-08-29,Azadpur APMC,255.8,1250.0,8,monsoon,nashik,35.4,27.7,1.5,59,25.1,22.0,2.7,89.0
2022-08-30,Azadpur APMC,1466.9,1250.0,8,monsoon,nashik,37.3,26.6,0.0,66,26.0,21.6,3.2,89.0
2022-08-31,Azadpur APMC,841.2,1250.0,8,monsoon,nashik,37.2,28.0,0.4,61,27.1,21.6,3.1,87.0
2022-09-01,Azadpur APMC,654.5,1250.0,9,monsoon,nashik,37.7,28.0,0.1,59,27.5,21.1,2.8,84.0
2022-09-02,Azadpur APMC,928.9,1250.0,9,monsoon,nashik,37.5,28.0,0.0,57,27.4,20.4,1.0,83.0
2022-09-03,Azadpur APMC,1056.1,1250.0,9,monsoon,nashik,38.4,27.8,0.0,50,28.0,20.3,1.0,81.0
2022-09-05,Azadpur APMC,246.2,1250.0,9,monsoon,nashik,37.1,27.3,0.0,51,29.9,20.8,10.6,84.0
2022-09-06,Azadpur APMC,1452.9,1250.0,9,monsoon,nashik,37.9,27.7,0.4,51,29.8,22.0,5.3,87.0
2022-09-07,Azadpur APMC,834.9,1250.0,9,monsoon,nashik,37.6,27.9,0.0,52,29.2,21.9,14.6,89.0
2022-09-08,Azadpur APMC,1100.2,1158.0,9,monsoon,nashik,37.0,27.2,0.0,53,30.1,21.5,1.0,84.0
2022-09-09,Azadpur APMC,767.0,1158.0,9,monsoon,nashik,35.3,27.9,0.2,61,30.2,21.5,3.2,87.0
2022-09-10,Azadpur APMC,755.4,1158.0,9,monsoon,nashik,34.5,25.2,0.6,68,27.8,22.9,9.6,89.0
2022-09-12,Azadpur APMC,155.2,1158.0,9,monsoon,nashik,34.8,26.8,0.2,66,28.3,21.8,1.5,87.0
2022-09-13,Azadpur APMC,1111.2,1158.0,9,monsoon,nashik,34.7,25.0,4.1,67,29.4,21.2,9.7,88.0
2022-09-14,Azadpur APMC,792.1,1158.0,9,monsoon,nashik,30.2,25.2,5.4,76,28.5,21.9,15.8,90.0
2022-09-15,Azadpur APMC,961.0,1200.0,9,monsoon,nashik,30.7,24.6,13.6,85,29.3,21.9,8.4,89.0
2022-09-16,Azadpur APMC,956.7,1200.0,9,monsoon,nashik,30.7,23.6,5.8,84,29.5,21.6,26.5,90.0
2022-09-17,Azadpur APMC,851.8,1200.0,9,monsoon,nashik,33.5,24.0,0.5,80,29.2,21.5,16.9,89.0
2022-09-19,Azadpur APMC,309.4,1013.0,9,monsoon,nashik,33.3,25.0,0.0,77,26.2,21.9,10.9,93.0
2022-09-20,Azadpur APMC,1627.6,1015.0,9,monsoon,nashik,31.8,24.3,7.8,84,25.1,22.1,3.1,91.0
2022-09-21,Azadpur APMC,916.7,1025.0,9,monsoon,nashik,31.7,25.0,3.6,84,25.4,21.9,8.3,92.0
2022-09-22,Azadpur APMC,769.0,1025.0,9,monsoon,nashik,27.5,24.0,35.3,90,23.4,21.6,56.6,94.0
2022-09-23,Azadpur APMC,884.7,1025.0,9,monsoon,nashik,28.5,23.8,52.0,92,25.3,21.0,8.0,91.0
2022-09-24,Azadpur APMC,880.3,1025.0,9,monsoon,nashik,27.6,23.4,35.7,92,24.9,20.7,29.1,92.0
2022-09-26,Azadpur APMC,255.2,900.0,9,monsoon,nashik,30.8,23.0,0.2,85,25.7,20.8,0.9,89.0
2022-09-27,Azadpur APMC,921.8,1005.0,9,monsoon,nashik,31.4,22.7,0.2,80,27.3,20.5,0.8,85.0
2022-09-28,Azadpur APMC,646.9,1103.0,9,monsoon,nashik,32.1,23.3,0.0,77,26.2,20.4,1.9,86.0
2022-09-29,Azadpur APMC,546.5,1103.0,9,monsoon,nashik,31.8,23.0,0.0,78,26.5,20.3,0.9,84.0
2022-09-30,Azadpur APMC,492.0,1138.0,9,monsoon,nashik,31.9,23.1,0.0,77,27.8,20.5,2.0,86.0
2022-10-01,Azadpur APMC,791.3,1138.0,10,post_monsoon,nashik,32.7,23.4,0.0,73,27.9,20.3,0.8,84.0
2022-10-03,Azadpur APMC,268.2,1138.0,10,post_monsoon,nashik,33.3,22.8,0.0,65,27.9,20.2,3.7,87.0
2022-10-04,Azadpur APMC,1265.5,1225.0,10,post_monsoon,nashik,32.7,22.6,0.0,70,27.9,19.7,11.4,90.0
2022-10-05,Azadpur APMC,871.6,1225.0,10,post_monsoon,nashik,31.7,22.8,0.1,78,28.4,20.1,2.3,88.0
2022-10-06,Azadpur APMC,976.0,1225.0,10,post_monsoon,nashik,30.8,23.1,0.0,76,29.1,19.9,1.4,86.0
2022-10-07,Azadpur APMC,994.1,1225.0,10,post_monsoon,nashik,26.2,22.8,1.1,83,28.7,20.5,1.7,87.0
2022-10-08,Azadpur APMC,1112.5,1225.0,10,post_monsoon,nashik,23.7,21.8,37.7,92,27.6,20.1,2.3,85.0
2022-10-10,Azadpur APMC,243.9,1225.0,10,post_monsoon,nashik,27.5,21.3,1.1,88,28.4,20.7,0.3,83.0
2022-10-11,Azadpur APMC,783.7,1350.0,10,post_monsoon,nashik,26.8,20.9,2.4,88,28.3,21.0,0.4,80.0
2022-10-12,Azadpur APMC,1834.9,1325.0,10,post_monsoon,nashik,28.4,20.2,0.0,84,28.6,21.5,8.9,80.0
2022-10-13,Azadpur APMC,154.1,1425.0,10,post_monsoon,nashik,29.2,19.4,0.0,75,24.0,21.1,14.0,94.0
2022-10-14,Azadpur APMC,1650.2,1425.0,10,post_monsoon,nashik,29.5,18.8,0.0,71,25.1,21.0,5.1,91.0
2022-10-15,Azadpur APMC,1250.9,1425.0,10,post_monsoon,nashik,29.8,18.4,0.0,70,27.6,21.3,1.0,87.0
2022-10-17,Azadpur APMC,251.4,1470.0,10,post_monsoon,nashik,30.4,18.4,0.0,66,28.5,20.9,5.6,89.0
2022-10-18,Azadpur APMC,1683.4,1470.0,10,post_monsoon,nashik,30.6,18.0,0.0,64,27.7,20.3,2.6,88.0
2022-10-19,Azadpur APMC,1073.0,1470.0,10,post_monsoon,nashik,30.2,19.0,0.0,66,28.9,20.4,1.2,83.0
2022-10-20,Azadpur APMC,1206.2,1310.0,10,post_monsoon,nashik,30.4,18.6,0.0,66,28.6,20.2,8.0,83.0
2022-10-21,Azadpur APMC,1369.1,1310.0,10,post_monsoon,nashik,30.0,17.6,0.0,65,27.7,19.0,0.0,68.0
2022-10-22,Azadpur APMC,969.4,1310.0,10,post_monsoon,nashik,29.2,18.1,0.0,69,29.0,17.2,0.0,67.0
2022-10-24,Azadpur APMC,380.8,1310.0,10,post_monsoon,nashik,29.7,16.4,0.0,64,27.3,20.7,4.9,89.0
2022-10-25,Azadpur APMC,719.7,1310.0,10,post_monsoon,nashik,29.6,15.7,0.0,61,27.3,20.4,2.9,88.0
2022-10-26,Azadpur APMC,559.1,1310.0,10,post_monsoon,nashik,29.8,16.0,0.0,65,27.4,19.8,0.5,88.0
2022-10-27,Azadpur APMC,399.2,1475.0,10,post_monsoon,nashik,30.1,17.7,0.0,64,27.5,20.1,4.2,88.0
2022-10-28,Azadpur APMC,1404.6,1475.0,10,post_monsoon,nashik,29.9,17.1,0.0,67,27.5,18.5,0.0,75.0
2022-10-29,Azadpur APMC,812.8,1475.0,10,post_monsoon,nashik,29.4,17.1,0.0,64,27.2,15.5,0.0,65.0
2022-10-31,Azadpur APMC,125.5,2000.0,10,post_monsoon,nashik,29.4,16.0,0.0,66,28.1,15.4,0.0,61.0
2022-11-01,Azadpur APMC,1456.6,2000.0,11,post_monsoon,nashik,30.3,18.1,0.0,68,27.7,14.8,0.0,60.0
2022-11-02,Azadpur APMC,906.9,2000.0,11,post_monsoon,nashik,29.2,17.6,0.0,73,27.5,16.1,0.0,62.0
2022-11-03,Azadpur APMC,954.7,2000.0,11,post_monsoon,nashik,30.6,17.8,0.0,69,27.2,15.9,0.0,63.0
2022-11-04,Azadpur APMC,1216.1,2000.0,11,post_monsoon,nashik,30.5,20.2,0.0,67,27.7,16.0,0.0,62.0
2022-11-05,Azadpur APMC,1430.0,2000.0,11,post_monsoon,nashik,29.9,19.4,0.0,78,27.6,14.9,0.0,60.0
2022-11-07,Azadpur APMC,432.9,2000.0,11,post_monsoon,nashik,30.4,18.6,0.0,74,27.0,13.8,0.0,62.0
2022-11-08,Azadpur APMC,2181.3,2000.0,11,post_monsoon,nashik,28.7,17.8,7.9,76,28.5,14.0,0.0,59.0
2022-11-09,Azadpur APMC,1107.0,1750.0,11,post_monsoon,nashik,26.9,17.0,0.5,73,29.7,14.7,0.0,55.0
2022-11-10,Azadpur APMC,1210.2,1575.0,11,post_monsoon,nashik,25.8,18.1,0.0,76,28.9,15.0,0.0,55.0
2022-11-11,Azadpur APMC,1011.8,1450.0,11,post_monsoon,nashik,26.2,15.3,0.0,69,29.6,14.8,0.0,58.0
2022-11-12,Azadpur APMC,945.5,1450.0,11,post_monsoon,nashik,26.3,15.0,0.0,64,29.7,15.2,0.0,54.0
2022-11-14,Azadpur APMC,285.4,1450.0,11,post_monsoon,nashik,27.7,15.4,0.0,65,29.9,16.0,0.0,51.0
2022-11-15,Azadpur APMC,1518.5,1450.0,11,post_monsoon,nashik,26.5,15.6,0.0,68,29.4,15.7,0.0,55.0
2022-11-16,Azadpur APMC,1518.0,1450.0,11,post_monsoon,nashik,25.2,15.3,0.0,64,28.2,14.8,0.0,55.0
2022-11-17,Azadpur APMC,711.5,1450.0,11,post_monsoon,nashik,24.4,13.1,0.0,65,28.6,14.5,0.0,57.0
2022-11-18,Azadpur APMC,1404.9,1450.0,11,post_monsoon,nashik,24.3,11.4,0.0,63,28.3,15.3,0.0,61.0
2022-11-19,Azadpur APMC,1650.0,1450.0,11,post_monsoon,nashik,24.2,12.3,0.0,61,28.4,16.1,0.0,62.0
2022-11-21,Azadpur APMC,225.7,1450.0,11,post_monsoon,nashik,25.7,11.8,0.0,63,29.3,16.3,0.0,63.0
2022-11-22,Azadpur APMC,1610.7,1250.0,11,post_monsoon,nashik,25.3,11.8,0.0,60,28.4,15.4,0.0,63.0
2022-11-23,Azadpur APMC,1030.9,1250.0,11,post_monsoon,nashik,25.2,10.7,0.0,56,28.2,14.5,0.0,52.0
2022-11-24,Azadpur APMC,878.5,1250.0,11,post_monsoon,nashik,25.2,11.1,0.0,59,26.7,13.3,0.0,48.0
2022-11-25,Azadpur APMC,903.6,1300.0,11,post_monsoon,nashik,24.8,11.6,0.0,60,25.8,12.9,0.0,50.0
2022-11-26,Azadpur APMC,837.6,1300.0,11,post_monsoon,nashik,25.1,10.7,0.0,61,26.0,10.9,0.0,51.0
2022-11-28,Azadpur APMC,264.6,1300.0,11,post_monsoon,nashik,24.2,9.9,0.0,65,27.4,10.9,0.0,60.0
2022-11-29,Azadpur APMC,1850.4,1300.0,11,post_monsoon,nashik,24.0,9.8,0.0,70,28.3,13.8,0.0,58.0
2022-11-30,Azadpur APMC,1066.4,1300.0,11,post_monsoon,nashik,24.0,10.9,0.0,74,28.4,13.2,0.0,59.0
2022-12-01,Azadpur APMC,1081.2,1200.0,12,winter,nashik,23.7,10.5,0.0,75,29.5,15.3,0.0,59.0
2022-12-02,Azadpur APMC,1071.8,1200.0,12,winter,nashik,23.4,10.1,0.0,74,30.0,16.5,0.0,60.0
2022-12-03,Azadpur APMC,1207.9,1200.0,12,winter,nashik,23.7,10.6,0.0,74,30.1,16.6,0.0,60.0
2022-12-05,Azadpur APMC,423.6,1225.0,12,winter,nashik,22.3,9.9,0.0,76,29.1,15.4,0.0,61.0
2022-12-06,Azadpur APMC,1830.6,1225.0,12,winter,nashik,22.9,10.7,0.0,71,28.9,16.0,0.0,59.0
2022-12-07,Azadpur APMC,483.1,1225.0,12,winter,nashik,23.2,11.2,0.0,70,28.4,15.2,0.0,54.0
2022-12-08,Azadpur APMC,1417.2,1225.0,12,winter,nashik,22.8,10.4,0.0,76,29.0,14.2,0.0,55.0
2022-12-09,Azadpur APMC,1170.7,1225.0,12,winter,nashik,23.4,9.8,0.0,78,29.4,13.7,0.0,62.0
2022-12-10,Azadpur APMC,1511.6,1225.0,12,winter,nashik,25.1,10.7,0.0,73,29.0,18.0,0.0,66.0
2022-12-12,Azadpur APMC,183.6,1225.0,12,winter,nashik,24.7,10.8,0.0,66,30.4,18.9,0.0,64.0
2022-12-13,Azadpur APMC,1682.8,1125.0,12,winter,nashik,24.5,10.6,0.0,58,28.9,16.9,0.0,66.0
2022-12-14,Azadpur APMC,1205.2,1125.0,12,winter,nashik,22.2,10.6,0.0,60,27.2,15.7,0.0,63.0
2022-12-15,Azadpur APMC,1094.9,1125.0,12,winter,nashik,21.7,8.2,0.0,63,26.4,12.5,0.0,49.0
2022-12-16,Azadpur APMC,1300.7,1125.0,12,winter,nashik,21.1,8.0,0.0,71,27.2,11.5,0.0,52.0
2022-12-17,Azadpur APMC,950.3,1125.0,12,winter,nashik,21.6,7.7,0.0,73,28.7,14.2,0.0,62.0
2022-12-19,Azadpur APMC,382.6,1025.0,12,winter,nashik,21.3,8.0,0.0,82,29.1,19.2,0.3,75.0
2022-12-20,Azadpur APMC,1553.5,1025.0,12,winter,nashik,20.7,8.1,0.0,79,29.9,20.1,5.2,79.0
2022-12-21,Azadpur APMC,1099.3,1075.0,12,winter,nashik,20.4,7.8,0.0,80,28.8,18.9,0.4,82.0
2022-12-22,Azadpur APMC,694.9,1075.0,12,winter,nashik,20.4,7.7,0.0,82,29.0,18.2,0.0,75.0
2022-12-23,Azadpur APMC,927.4,1390.0,12,winter,nashik,18.8,7.1,0.0,85,29.0,18.1,0.0,73.0
2022-12-24,Azadpur APMC,1061.4,1390.0,12,winter,nashik,18.9,8.4,0.0,77,28.8,18.1,0.0,67.0
2022-12-26,Azadpur APMC,332.1,1390.0,12,winter,nashik,18.4,6.0,0.0,85,28.8,15.1,0.0,58.0
2022-12-27,Azadpur APMC,1682.6,1675.0,12,winter,nashik,18.7,6.4,0.0,81,29.4,14.8,0.0,62.0
2022-12-28,Azadpur APMC,957.8,1775.0,12,winter,nashik,19.5,7.7,0.0,75,29.8,14.5,0.0,62.0
2022-12-29,Azadpur APMC,1032.3,1775.0,12,winter,nashik,20.3,8.7,0.0,77,29.5,16.2,0.0,59.0
2022-12-30,Azadpur APMC,1052.5,1775.0,12,winter,nashik,20.5,10.7,0.0,77,27.3,11.6,0.0,55.0
2022-12-31,Azadpur APMC,1177.6,1775.0,12,winter,nashik,18.9,9.2,0.0,84,28.7,11.9,0.0,54.0
2023-01-02,Azadpur APMC,243.0,1775.0,1,winter,nashik,17.8,6.4,0.0,80,29.9,13.5,0.0,63.0
2023-01-03,Azadpur APMC,1536.9,1515.0,1,winter,nashik,16.5,5.6,0.0,88,29.8,14.6,0.0,59.0
2023-01-04,Azadpur APMC,1008.7,1515.0,1,winter,nashik,16.5,5.0,0.0,89,30.3,14.5,0.0,61.0
2023-01-05,Azadpur APMC,1132.0,1515.0,1,winter,nashik,15.4,5.1,0.0,90,30.2,15.2,0.0,53.0
2023-01-06,Azadpur APMC,935.7,1515.0,1,winter,nashik,13.9,4.6,0.0,89,29.3,14.5,0.0,57.0
2023-01-07,Azadpur APMC,877.7,1515.0,1,winter,nashik,15.0,3.5,0.0,89,28.4,11.9,0.0,60.0
2023-01-09,Azadpur APMC,373.0,1515.0,1,winter,nashik,17.1,5.6,0.0,91,28.5,12.4,0.0,62.0
2023-01-10,Azadpur APMC,1356.6,1515.0,1,winter,nashik,18.2,7.3,0.0,91,27.1,13.8,0.0,71.0
2023-01-11,Azadpur APMC,1037.8,1515.0,1,winter,nashik,19.3,7.4,0.0,88,27.7,14.6,0.0,72.0
2023-01-13,Azadpur APMC,1032.5,1515.0,1,winter,nashik,18.0,10.2,14.3,88,27.1,16.3,0.0,74.0
2023-01-18,Azadpur APMC,709.1,1350.0,1,winter,nashik,16.5,3.2,0.0,68,27.2,12.0,0.0,57.0
2023-01-19,Azadpur APMC,707.1,1350.0,1,winter,nashik,18.0,6.2,0.0,68,25.8,13.9,0.0,66.0
2023-01-20,Azadpur APMC,526.2,1350.0,1,winter,nashik,19.7,9.8,0.0,73,26.6,9.7,0.0,65.0
2023-01-21,Azadpur APMC,867.1,1350.0,1,winter,nashik,20.3,7.0,0.0,80,27.6,10.8,0.0,62.0
2023-01-23,Azadpur APMC,145.8,1350.0,1,winter,nashik,22.7,8.5,0.0,65,28.9,11.1,0.0,61.0
2023-01-24,Azadpur APMC,1119.1,1350.0,1,winter,nashik,20.9,12.1,6.3,83,28.6,11.6,0.0,62.0
2023-01-25,Azadpur APMC,1028.4,1350.0,1,winter,nashik,21.0,12.3,0.8,85,30.1,12.2,0.0,60.0
2023-01-27,Azadpur APMC,173.1,1350.0,1,winter,nashik,18.6,7.4,0.0,71,28.7,13.4,0.0,51.0
2023-01-28,Azadpur APMC,1374.5,1350.0,1,winter,nashik,20.6,6.0,0.0,71,27.4,12.0,0.0,50.0
2023-01-30,Azadpur APMC,338.5,1350.0,1,winter,nashik,16.4,10.5,26.0,86,27.6,12.0,0.0,59.0
2023-01-31,Azadpur APMC,1213.4,1350.0,1,winter,nashik,20.5,9.4,0.0,85,27.2,12.3,0.0,55.0
2023-02-02,Azadpur APMC,847.7,1340.0,2,winter,nashik,21.7,9.0,0.0,69,29.7,16.4,0.0,65.0
2023-02-03,Azadpur APMC,923.9,1340.0,2,winter,nashik,22.4,9.1,0.0,71,30.2,16.1,0.0,57.0
2023-02-04,Azadpur APMC,1432.7,1340.0,2,winter,nashik,22.8,10.0,0.0,69,28.7,14.7,0.0,71.0
2023-02-07,Azadpur APMC,1494.4,1415.0,2,winter,nashik,23.5,12.5,0.0,72,28.1,17.5,0.0,61.0
2023-02-08,Azadpur APMC,1333.1,1415.0,2,winter,nashik,22.8,9.7,0.0,61,29.0,15.6,0.0,54.0
2023-02-09,Azadpur APMC,869.4,1269.0,2,winter,nashik,26.0,9.3,0.0,65,29.2,13.4,0.0,50.0
2023-02-10,Azadpur APMC,959.0,1269.0,2,winter,nashik,25.7,12.8,0.0,70,29.8,14.1,0.0,46.0
2023-02-11,Azadpur APMC,1020.8,1259.0,2,winter,nashik,26.2,13.3,0.0,65,30.5,13.7,0.0,47.0
2023-02-13,Azadpur APMC,189.1,1269.0,2,winter,nashik,21.5,9.4,0.0,37,30.0,14.1,0.0,41.0
2023-02-14,Azadpur APMC,1040.0,1175.0,2,winter,nashik,23.9,10.0,0.0,47,31.6,14.0,0.0,47.0
2023-02-15,Azadpur APMC,830.2,1175.0,2,winter,nashik,26.3,12.3,0.0,56,33.0,14.1,0.0,43.0
2023-02-16,Azadpur APMC,1037.4,1175.0,2,winter,nashik,26.4,11.2,0.0,71,33.8,16.7,0.0,34.0
2023-02-17,Azadpur APMC,1532.8,1031.0,2,winter,nashik,26.9,12.8,0.0,76,32.8,14.8,0.0,34.0
2023-02-18,Azadpur APMC,1295.0,1094.0,2,winter,nashik,26.5,12.6,0.0,77,31.6,12.3,0.0,42.0
2023-02-20,Azadpur APMC,812.2,1094.0,2,winter,nashik,31.1,15.1,0.0,62,31.8,13.3,0.0,34.0
2023-02-21,Azadpur APMC,1769.1,1094.0,2,winter,nashik,29.6,15.6,0.0,57,33.3,14.1,0.0,29.0
2023-02-22,Azadpur APMC,769.6,1094.0,2,winter,nashik,28.7,13.9,0.0,62,33.8,14.7,0.0,30.0
2023-02-23,Azadpur APMC,776.1,1094.0,2,winter,nashik,28.1,13.5,0.0,53,34.3,15.2,0.0,29.0
2023-02-24,Azadpur APMC,804.5,1094.0,2,winter,nashik,28.3,12.2,0.0,51,33.1,15.3,0.0,31.0
2023-02-25,Azadpur APMC,473.2,1094.0,2,winter,nashik,28.5,13.0,0.0,54,33.5,14.1,0.0,31.0
2023-03-01,Azadpur APMC,1201.5,1000.0,3,summer,nashik,30.0,16.3,0.0,48,34.0,17.1,0.0,29.0
2023-03-02,Azadpur APMC,1237.2,1000.0,3,summer,nashik,30.3,15.9,0.0,54,33.7,16.9,0.0,28.0
2023-03-03,Azadpur APMC,1223.6,1000.0,3,summer,nashik,31.1,16.8,0.0,54,33.7,16.0,0.0,28.0
2023-03-04,Azadpur APMC,1984.1,1000.0,3,summer,nashik,30.4,17.3,0.0,54,34.0,15.2,0.0,28.0
2023-03-06,Azadpur APMC,521.3,1000.0,3,summer,nashik,29.2,15.5,0.0,50,34.0,16.6,0.0,28.0
2023-03-07,Azadpur APMC,1933.6,1000.0,3,summer,nashik,29.1,15.2,0.0,50,33.2,16.6,0.0,28.0
2023-03-09,Azadpur APMC,707.6,1000.0,3,summer,nashik,28.5,16.1,0.0,59,34.4,18.3,0.0,31.0
2023-03-10,Azadpur APMC,1377.3,1000.0,3,summer,nashik,29.8,15.5,0.0,56,35.1,18.7,0.0,31.0
2023-03-11,Azadpur APMC,739.2,1000.0,3,summer,nashik,30.3,16.8,0.0,50,34.1,21.6,0.2,35.0
2023-03-13,Azadpur APMC,347.6,1000.0,3,summer,nashik,32.3,17.8,0.0,49,30.5,17.0,4.0,51.0
2023-03-14,Azadpur APMC,1376.1,1000.0,3,summer,nashik,32.0,17.4,0.0,48,31.7,15.4,0.0,41.0
2023-03-15,Azadpur APMC,1289.8,1000.0,3,summer,nashik,32.6,18.1,0.0,43,32.5,15.6,0.0,34.0
2023-03-22,Azadpur APMC,1103.0,1000.0,3,summer,nashik,26.2,14.5,0.0,77,28.7,18.4,1.0,61.0
2023-03-23,Azadpur APMC,1127.4,1000.0,3,summer,nashik,28.0,15.5,0.0,67,28.8,16.7,0.8,67.0
2023-03-24,Azadpur APMC,865.4,1000.0,3,summer,nashik,27.2,17.0,18.4,70,29.8,16.2,4.3,69.0
2023-03-25,Azadpur APMC,1392.4,1000.0,3,summer,nashik,26.3,17.3,1.3,79,29.1,15.2,0.0,62.0
2023-03-27,Azadpur APMC,225.9,1000.0,3,summer,nashik,26.7,15.1,0.0,66,28.3,17.8,0.0,66.0
2023-03-28,Azadpur APMC,1028.2,1000.0,3,summer,nashik,28.4,15.7,0.0,64,28.8,16.6,0.0,65.0
2023-03-29,Azadpur APMC,786.3,1000.0,3,summer,nashik,31.2,16.8,0.2,58,29.7,16.9,0.0,63.0
2023-03-30,Azadpur APMC,740.2,1000.0,3,summer,nashik,30.8,17.5,12.4,71,31.3,15.9,0.0,62.0
2023-03-31,Azadpur APMC,885.9,1000.0,3,summer,nashik,23.8,17.2,6.0,83,31.0,14.6,0.0,57.0
2023-04-01,Azadpur APMC,1776.9,1000.0,4,summer,nashik,25.3,15.9,1.2,81,30.4,14.4,0.0,49.0
2023-04-03,Azadpur APMC,293.0,1000.0,4,summer,nashik,31.2,16.2,0.0,64,32.5,16.5,0.0,52.0
2023-04-08,Azadpur APMC,1538.0,1000.0,4,summer,nashik,32.4,17.1,0.0,31,32.3,17.5,0.0,51.0
2023-04-10,Azadpur APMC,76.4,906.0,4,summer,nashik,33.9,19.2,0.0,28,34.2,18.5,0.0,44.0
2023-04-11,Azadpur APMC,965.8,1000.0,4,summer,nashik,36.7,19.3,0.0,27,35.1,19.2,0.0,32.0
2023-04-12,Azadpur APMC,1001.4,1000.0,4,summer,nashik,36.9,22.7,0.0,27,34.6,20.7,0.0,33.0
2023-04-13,Azadpur APMC,416.4,1000.0,4,summer,nashik,37.8,21.4,0.0,28,34.6,21.1,0.0,38.0
2023-04-14,Azadpur APMC,960.3,1000.0,4,summer,nashik,37.8,21.4,0.0,27,33.1,21.7,0.0,51.0
2023-04-15,Azadpur APMC,896.4,1000.0,4,summer,nashik,39.3,21.1,0.0,24,34.4,20.3,0.0,44.0
2023-04-17,Azadpur APMC,282.5,1000.0,4,summer,nashik,39.2,24.7,0.0,25,36.3,21.5,0.0,42.0
2023-04-18,Azadpur APMC,1835.6,1000.0,4,summer,nashik,39.1,25.0,0.0,24,36.9,22.7,0.0,36.0
2023-04-19,Azadpur APMC,1180.4,1000.0,4,summer,nashik,37.5,25.2,0.0,36,36.5,23.7,0.1,35.0
2023-04-20,Azadpur APMC,1151.8,1000.0,4,summer,nashik,34.6,23.2,0.0,44,36.9,22.5,0.0,36.0
2023-04-21,Azadpur APMC,1302.9,1000.0,4,summer,nashik,35.1,22.7,0.0,34,36.7,22.0,0.0,40.0
2023-04-22,Azadpur APMC,931.6,1000.0,4,summer,nashik,34.8,21.3,0.0,26,36.6,20.5,0.0,39.0
2023-04-24,Azadpur APMC,263.4,1000.0,4,summer,nashik,32.1,20.1,0.0,36,37.3,22.9,0.0,29.0
2023-04-25,Azadpur APMC,1595.8,1000.0,4,summer,nashik,33.3,20.5,0.0,37,37.8,23.2,0.0,31.0
2023-04-26,Azadpur APMC,751.1,1000.0,4,summer,nashik,35.3,21.7,0.0,33,36.6,21.9,0.0,33.0
2023-04-27,Azadpur APMC,614.8,1000.0,4,summer,nashik,36.4,23.2,0.0,31,35.1,20.5,0.0,37.0
2023-05-01,Azadpur APMC,202.0,1000.0,5,summer,nashik,26.8,19.8,4.5,81,36.0,21.8,0.0,30.0
2023-05-02,Azadpur APMC,1509.0,1000.0,5,summer,nashik,27.1,19.5,6.6,84,33.7,20.3,0.0,60.0
2023-05-03,Azadpur APMC,919.4,938.0,5,summer,nashik,27.6,20.2,3.1,82,33.4,20.8,0.0,58.0
2023-05-04,Azadpur APMC,979.0,938.0,5,summer,nashik,29.1,19.0,0.0,76,33.5,21.8,0.2,53.0
2023-05-06,Azadpur APMC,915.6,938.0,5,summer,nashik,34.4,20.0,0.1,57,30.9,19.2,1.1,61.0
2023-05-08,Azadpur APMC,143.9,938.0,5,summer,nashik,36.1,21.7,0.0,44,31.6,20.4,0.0,60.0
2023-05-09,Azadpur APMC,1498.5,938.0,5,summer,nashik,37.2,21.1,0.0,35,32.5,19.6,0.0,62.0
2023-05-10,Azadpur APMC,1094.7,938.0,5,summer,nashik,36.8,21.8,0.0,22,32.5,19.7,0.0,59.0
2023-05-11,Azadpur APMC,1283.1,938.0,5,summer,nashik,38.8,22.3,0.0,22,34.2,20.5,0.0,61.0
2023-05-12,Azadpur APMC,1305.8,938.0,5,summer,nashik,41.7,23.5,0.0,24,33.1,22.0,0.5,62.0
2023-05-13,Azadpur APMC,1714.1,938.0,5,summer,nashik,41.5,24.8,0.0,26,33.1,22.3,0.5,59.0
2023-05-15,Azadpur APMC,342.6,969.0,5,summer,nashik,40.2,24.6,0.0,26,37.4,24.1,0.1,51.0
2023-05-16,Azadpur APMC,1671.7,969.0,5,summer,nashik,38.9,26.4,0.0,28,39.4,23.5,0.0,41.0
2023-05-17,Azadpur APMC,602.5,969.0,5,summer,nashik,41.0,25.4,0.0,26,39.7,23.8,0.0,32.0
2023-05-18,Azadpur APMC,880.1,969.0,5,summer,nashik,38.0,24.1,0.0,40,39.3,22.9,0.0,34.0
2023-05-19,Azadpur APMC,632.9,1031.0,5,summer,nashik,38.2,25.5,0.0,36,38.5,24.1,0.0,41.0
2023-05-20,Azadpur APMC,923.3,1031.0,5,summer,nashik,40.3,24.2,0.0,30,37.2,23.2,0.0,52.0
2023-05-22,Azadpur APMC,331.8,1031.0,5,summer,nashik,42.6,29.3,0.0,20,35.2,22.6,0.0,61.0
2023-05-23,Azadpur APMC,1746.0,1031.0,5,summer,nashik,43.5,30.0,2.4,29,36.1,22.5,0.0,58.0
2023-05-24,Azadpur APMC,960.2,1031.0,5,summer,nashik,38.1,26.3,0.0,51,36.1,22.2,0.0,53.0
2023-05-25,Azadpur APMC,1052.0,1031.0,5,summer,nashik,33.3,23.9,0.7,65,37.9,21.8,0.0,45.0
2023-05-26,Azadpur APMC,636.3,1031.0,5,summer,nashik,33.8,22.7,0.0,60,36.5,21.9,0.0,52.0
2023-05-27,Azadpur APMC,968.5,1031.0,5,summer,nashik,33.4,21.0,15.4,67,36.3,21.9,0.0,58.0
2023-05-29,Azadpur APMC,145.8,1031.0,5,summer,nashik,33.2,22.6,2.8,74,37.5,22.2,0.0,46.0
2023-05-30,Azadpur APMC,930.1,1031.0,5,summer,nashik,33.5,22.7,0.5,69,36.5,22.9,0.0,57.0
2023-05-31,Azadpur APMC,783.2,1031.0,5,summer,nashik,30.1,21.8,2.3,78,35.4,22.7,0.0,62.0
2023-06-01,Azadpur APMC,875.0,1031.0,6,monsoon,nashik,33.0,19.9,0.0,69,34.6,22.9,0.0,63.0
2023-06-02,Azadpur APMC,916.4,1031.0,6,monsoon,nashik,32.5,22.1,1.6,60,34.5,22.4,0.0,64.0
2023-06-03,Azadpur APMC,1516.8,1031.0,6,monsoon,nashik,34.9,22.3,0.0,55,36.0,22.6,0.0,61.0
2023-06-05,Azadpur APMC,146.5,1031.0,6,monsoon,nashik,37.3,25.1,0.0,51,37.4,22.3,0.0,43.0
2023-06-06,Azadpur APMC,790.5,1031.0,6,monsoon,nashik,38.8,25.0,0.1,42,37.5,23.1,0.0,42.0
2023-06-07,Azadpur APMC,1622.3,1031.0,6,monsoon,nashik,38.4,25.1,0.0,37,37.4,23.6,0.0,38.0
2023-06-08,Azadpur APMC,1001.7,1031.0,6,monsoon,nashik,39.4,25.9,0.0,35,35.7,22.5,0.0,57.0
2023-06-09,Azadpur APMC,896.1,1031.0,6,monsoon,nashik,41.4,25.9,0.0,34,35.6,23.9,0.0,62.0
2023-06-10,Azadpur APMC,998.5,1031.0,6,monsoon,nashik,41.1,27.7,0.2,39,33.4,24.4,1.5,67.0
2023-06-12,Azadpur APMC,189.9,1031.0,6,monsoon,nashik,41.2,29.0,0.0,45,35.6,23.1,0.0,63.0
2023-06-13,Azadpur APMC,1257.4,1031.0,6,monsoon,nashik,42.3,30.2,0.0,35,35.7,22.8,0.0,61.0
2023-06-14,Azadpur APMC,701.4,1156.0,6,monsoon,nashik,41.0,30.7,0.1,36,36.1,23.6,0.0,60.0
2023-06-15,Azadpur APMC,1010.8,1156.0,6,monsoon,nashik,37.5,30.5,0.2,46,36.6,24.1,0.3,65.0
2023-06-16,Azadpur APMC,850.2,1156.0,6,monsoon,nashik,38.2,26.6,1.1,52,35.2,24.6,1.7,64.0
2023-06-17,Azadpur APMC,1437.0,1156.0,6,monsoon,nashik,39.4,27.6,0.3,52,35.2,24.1,1.9,58.0
2023-06-19,Azadpur APMC,202.3,1281.0,6,monsoon,nashik,32.1,28.1,7.2,70,33.2,23.3,1.5,65.0
2023-06-20,Azadpur APMC,926.3,1281.0,6,monsoon,nashik,36.8,27.2,4.3,66,32.5,23.3,0.8,73.0
2023-06-21,Azadpur APMC,1071.5,1281.0,6,monsoon,nashik,35.8,26.3,19.5,78,33.0,23.2,0.9,70.0
2023-06-22,Azadpur APMC,852.4,1144.0,6,monsoon,nashik,36.2,27.6,0.8,74,30.6,23.3,2.4,78.0
2023-06-23,Azadpur APMC,779.9,1144.0,6,monsoon,nashik,35.5,26.6,3.3,78,32.1,23.0,0.6,78.0
2023-06-24,Azadpur APMC,753.5,1144.0,6,monsoon,nashik,34.2,27.6,11.8,79,32.3,23.6,1.6,73.0
2023-06-26,Azadpur APMC,167.2,1144.0,6,monsoon,nashik,32.9,25.2,8.2,84,33.3,23.0,1.4,69.0
2023-06-27,Azadpur APMC,1242.2,1144.0,6,monsoon,nashik,33.6,25.6,5.2,83,33.0,23.0,1.8,69.0
2023-06-28,Azadpur APMC,1195.6,1144.0,6,monsoon,nashik,33.7,26.2,16.5,83,33.2,23.3,0.9,68.0
2023-06-30,Azadpur APMC,399.6,1144.0,6,monsoon,nashik,33.6,25.5,9.2,82,29.1,22.5,2.2,81.0
2023-07-01,Azadpur APMC,1375.3,1313.0,7,monsoon,nashik,33.0,23.9,1.7,81,28.2,22.1,2.6,85.0
2023-07-03,Azadpur APMC,98.1,1563.0,7,monsoon,nashik,36.5,27.3,6.4,74,25.2,21.8,7.7,92.0
2023-07-04,Azadpur APMC,1565.9,1563.0,7,monsoon,nashik,36.4,26.3,0.4,74,25.4,22.3,16.2,93.0
2023-07-05,Azadpur APMC,1181.8,1563.0,7,monsoon,nashik,33.1,24.8,11.1,82,24.5,22.1,13.9,92.0
2023-07-06,Azadpur APMC,1218.8,1563.0,7,monsoon,nashik,33.2,25.6,1.0,79,24.6,22.1,17.2,93.0
2023-07-08,Azadpur APMC,1647.7,1344.0,7,monsoon,nashik,29.5,26.1,36.0,90,27.0,21.9,6.1,90.0
2023-07-11,Azadpur APMC,1307.0,1344.0,7,monsoon,nashik,33.3,24.9,2.9,85,28.5,23.0,20.8,91.0
2023-07-12,Azadpur APMC,642.4,1344.0,7,monsoon,nashik,33.3,25.9,13.1,87,27.9,22.2,10.2,90.0
2023-07-13,Azadpur APMC,836.2,1344.0,7,monsoon,nashik,33.3,25.9,3.6,83,26.8,22.2,6.9,91.0
2023-07-14,Azadpur APMC,707.7,1344.0,7,monsoon,nashik,33.6,25.8,16.7,84,25.3,22.5,7.1,91.0
2023-07-15,Azadpur APMC,905.5,1344.0,7,monsoon,nashik,33.2,26.2,13.1,85,26.9,22.1,6.2,90.0
2023-07-17,Azadpur APMC,212.6,1500.0,7,monsoon,nashik,33.3,26.7,7.6,85,27.7,22.5,3.6,86.0
2023-07-18,Azadpur APMC,1509.1,1500.0,7,monsoon,nashik,31.5,25.6,18.0,87,26.8,22.1,5.4,89.0
2023-07-19,Azadpur APMC,1441.8,1500.0,7,monsoon,nashik,33.0,26.5,9.9,86,28.0,22.2,4.7,89.0
2023-07-20,Azadpur APMC,1286.4,1500.0,7,monsoon,nashik,35.2,27.3,27.9,80,27.2,22.1,15.6,89.0
2023-07-21,Azadpur APMC,1030.8,1500.0,7,monsoon,nashik,35.5,27.2,2.8,76,26.6,22.3,8.9,89.0
2023-07-22,Azadpur APMC,926.5,1500.0,7,monsoon,nashik,34.3,26.9,9.6,79,25.5,21.9,4.6,91.0
2023-07-24,Azadpur APMC,160.8,1425.0,7,monsoon,nashik,34.0,27.5,6.1,80,25.8,22.6,15.6,92.0
2023-07-25,Azadpur APMC,1041.5,1425.0,7,monsoon,nashik,34.2,25.9,14.4,82,25.6,22.6,10.8,91.0
2023-07-26,Azadpur APMC,1009.5,1425.0,7,monsoon,nashik,29.8,25.8,23.8,89,26.9,22.5,9.3,88.0
2023-07-27,Azadpur APMC,871.1,1425.0,7,monsoon,nashik,31.9,26.5,9.0,86,27.6,22.4,7.4,90.0
2023-07-29,Azadpur APMC,1004.1,1425.0,7,monsoon,nashik,31.4,25.1,6.4,84,27.0,22.0,9.9,90.0
2023-07-31,Azadpur APMC,101.8,1425.0,7,monsoon,nashik,33.7,25.6,1.1,79,26.9,22.3,6.3,89.0
2023-08-01,Azadpur APMC,1000.4,1456.0,8,monsoon,nashik,34.7,26.9,0.1,77,26.2,22.5,14.1,91.0
2023-08-02,Azadpur APMC,1000.4,1456.0,8,monsoon,nashik,34.9,27.5,2.4,79,25.4,22.7,16.9,91.0
2023-08-03,Azadpur APMC,807.8,1456.0,8,monsoon,nashik,34.0,26.6,13.5,82,24.9,22.2,18.1,92.0
2023-08-05,Azadpur APMC,1443.2,1488.0,8,monsoon,nashik,33.6,26.7,5.1,84,26.6,22.2,4.4,88.0
2023-08-07,Azadpur APMC,437.9,1488.0,8,monsoon,nashik,34.1,26.9,0.2,71,26.6,22.6,3.3,88.0
2023-08-08,Azadpur APMC,1645.0,1488.0,8,monsoon,nashik,34.2,26.5,0.0,70,26.4,22.0,4.5,88.0
2023-08-09,Azadpur APMC,818.9,1488.0,8,monsoon,nashik,34.6,26.9,0.0,69,25.9,22.3,2.8,88.0
2023-08-10,Azadpur APMC,890.7,1644.0,8,monsoon,nashik,34.1,26.9,0.4,71,26.5,22.5,1.8,90.0
2023-08-14,Azadpur APMC,274.7,1750.0,8,monsoon,nashik,33.7,26.5,0.2,69,27.3,21.9,1.1,85.0
2023-08-16,Azadpur APMC,23.9,1844.0,8,monsoon,nashik,36.4,26.1,0.0,68,26.5,22.2,2.1,87.0
2023-08-17,Azadpur APMC,1064.2,1844.0,8,monsoon,nashik,36.7,27.6,0.0,59,27.5,21.9,1.6,82.0
2023-08-18,Azadpur APMC,464.6,1875.0,8,monsoon,nashik,36.7,28.0,0.2,60,26.9,21.9,2.5,85.0
2023-08-19,Azadpur APMC,1572.2,1813.0,8,monsoon,nashik,34.6,26.6,7.3,74,26.8,21.8,4.2,86.0
2023-08-21,Azadpur APMC,112.7,1719.0,8,monsoon,nashik,36.9,28.3,0.9,68,26.2,21.7,1.5,86.0
2023-08-22,Azadpur APMC,1592.0,1719.0,8,monsoon,nashik,35.3,27.9,11.1,77,28.5,21.8,1.0,82.0
2023-08-23,Azadpur APMC,738.6,1719.0,8,monsoon,nashik,29.9,25.6,21.1,88,27.5,21.5,0.4,80.0
2023-08-24,Azadpur APMC,859.7,1844.0,8,monsoon,nashik,33.4,25.0,0.0,74,27.6,21.6,0.4,81.0
2023-08-25,Azadpur APMC,822.4,1844.0,8,monsoon,nashik,34.2,25.5,0.0,66,27.4,22.1,1.0,84.0
2023-08-26,Azadpur APMC,1000.8,1844.0,8,monsoon,nashik,34.5,26.8,0.0,63,27.1,22.0,4.5,84.0
2023-08-28,Azadpur APMC,189.1,1844.0,8,monsoon,nashik,34.7,26.5,1.7,63,27.8,21.7,3.5,87.0
2023-08-29,Azadpur APMC,1554.5,1844.0,8,monsoon,nashik,35.9,25.7,0.0,58,27.5,21.8,2.0,86.0
2023-08-30,Azadpur APMC,941.8,1844.0,8,monsoon,nashik,37.3,26.5,0.0,55,27.5,22.0,1.5,85.0
2023-08-31,Azadpur APMC,1078.0,1844.0,8,monsoon,nashik,37.3,25.9,0.0,57,27.2,22.1,3.9,88.0
2023-09-01,Azadpur APMC,656.0,1844.0,9,monsoon,nashik,38.4,27.1,0.0,52,26.2,21.9,4.4,89.0
2023-09-02,Azadpur APMC,1463.7,1844.0,9,monsoon,nashik,38.1,27.3,0.0,49,26.9,21.4,2.2,88.0
2023-09-04,Azadpur APMC,155.2,1969.0,9,monsoon,nashik,37.9,25.7,0.0,51,28.2,21.3,2.6,83.0
2023-09-05,Azadpur APMC,2066.9,1969.0,9,monsoon,nashik,36.4,26.9,4.8,65,29.8,20.6,0.4,80.0
2023-09-06,Azadpur APMC,1113.7,2156.0,9,monsoon,nashik,36.3,24.9,3.5,61,29.8,20.3,0.2,80.0
2023-09-07,Azadpur APMC,1747.4,2156.0,9,monsoon,nashik,39.0,27.6,0.0,57,30.8,20.9,0.2,77.0
2023-09-08,Azadpur APMC,1045.4,2156.0,9,monsoon,nashik,36.8,25.9,1.6,65,29.3,21.4,4.8,83.0
2023-09-09,Azadpur APMC,654.9,2156.0,9,monsoon,nashik,32.8,25.9,3.8,79,28.9,21.4,2.1,83.0
2023-09-11,Azadpur APMC,196.3,2156.0,9,monsoon,nashik,32.1,24.2,0.4,82,29.5,21.0,0.1,78.0
2023-09-14,Azadpur APMC,1070.9,2156.0,9,monsoon,nashik,34.1,26.7,7.0,82,24.8,22.1,20.2,93.0
2023-09-15,Azadpur APMC,1191.1,2156.0,9,monsoon,nashik,32.0,26.1,7.4,88,27.5,22.7,2.4,87.0
2023-09-16,Azadpur APMC,1110.6,1750.0,9,monsoon,nashik,31.6,26.4,8.4,84,28.2,22.2,0.8,86.0
2023-09-18,Azadpur APMC,255.3,1750.0,9,monsoon,nashik,31.6,24.8,0.6,81,28.2,21.4,0.3,81.0
2023-09-19,Azadpur APMC,596.5,1844.0,9,monsoon,nashik,33.0,24.9,0.2,78,27.7,21.5,1.3,84.0
2023-09-20,Azadpur APMC,608.2,1844.0,9,monsoon,nashik,33.1,25.7,0.5,77,28.0,22.2,1.9,84.0
2023-09-21,Azadpur APMC,803.5,1844.0,9,monsoon,nashik,33.1,26.0,4.2,82,27.6,21.7,1.2,85.0
2023-09-22,Azadpur APMC,868.0,1938.0,9,monsoon,nashik,33.0,25.4,0.5,81,24.0,22.3,7.8,93.0
2023-09-23,Azadpur APMC,1233.8,1938.0,9,monsoon,nashik,32.3,25.7,1.0,84,25.9,21.8,2.2,91.0
2023-09-25,Azadpur APMC,400.2,1938.0,9,monsoon,nashik,32.7,24.8,0.0,78,26.9,21.5,3.0,90.0
2023-09-26,Azadpur APMC,1949.8,1906.0,9,monsoon,nashik,32.9,25.2,0.0,75,27.5,21.9,5.3,91.0
2023-09-27,Azadpur APMC,726.2,1875.0,9,monsoon,nashik,33.2,23.5,0.0,70,28.7,22.3,10.2,89.0
2023-09-28,Azadpur APMC,1401.5,1875.0,9,monsoon,nashik,33.0,20.6,0.0,66,26.6,22.2,17.0,93.0
2023-09-29,Azadpur APMC,1159.9,1750.0,9,monsoon,nashik,33.1,20.8,0.0,66,28.2,21.6,12.5,90.0
2023-09-30,Azadpur APMC,1094.1,1750.0,9,monsoon,nashik,34.7,22.4,0.0,61,26.6,22.1,7.1,90.0
2023-10-03,Azadpur APMC,302.3,1913.0,10,post_monsoon,nashik,34.1,19.3,0.0,45,29.0,21.5,20.0,90.0
2023-10-04,Azadpur APMC,1088.2,1913.0,10,post_monsoon,nashik,34.0,18.8,0.0,56,29.1,21.5,2.5,86.0
2023-10-05,Azadpur APMC,546.6,1913.0,10,post_monsoon,nashik,34.4,20.0,0.0,54,29.2,20.9,11.5,87.0
2023-10-06,Azadpur APMC,831.4,2094.0,10,post_monsoon,nashik,35.4,19.0,0.0,54,31.1,21.5,0.2,78.0
2023-10-07,Azadpur APMC,1444.6,2094.0,10,post_monsoon,nashik,35.3,21.2,0.0,63,31.2,21.4,0.0,67.0
2023-10-09,Azadpur APMC,169.6,2094.0,10,post_monsoon,nashik,35.6,24.4,0.0,58,29.5,21.7,0.0,79.0
2023-10-10,Azadpur APMC,1873.3,2094.0,10,post_monsoon,nashik,34.1,23.7,0.4,57,30.3,21.0,0.0,75.0
2023-10-11,Azadpur APMC,935.6,2094.0,10,post_monsoon,nashik,33.8,21.2,0.0,58,30.1,20.2,0.0,76.0
2023-10-12,Azadpur APMC,1273.2,2019.0,10,post_monsoon,nashik,33.3,18.4,0.0,56,30.1,19.3,0.0,75.0
2023-10-13,Azadpur APMC,1321.8,2019.0,10,post_monsoon,nashik,34.9,20.5,0.0,57,30.4,19.3,0.0,72.0
2023-10-14,Azadpur APMC,1245.5,2019.0,10,post_monsoon,nashik,35.2,22.0,0.0,56,30.8,19.3,0.0,69.0
2023-10-16,Azadpur APMC,370.6,2019.0,10,post_monsoon,nashik,28.9,20.0,3.3,66,30.9,19.5,0.0,64.0
2023-10-17,Azadpur APMC,1118.6,2019.0,10,post_monsoon,nashik,28.5,19.0,2.6,72,31.1,19.7,0.0,68.0
2023-10-18,Azadpur APMC,537.8,2019.0,10,post_monsoon,nashik,29.1,17.3,0.0,66,31.9,20.7,0.0,63.0
2023-10-19,Azadpur APMC,547.2,1813.0,10,post_monsoon,nashik,28.6,16.8,0.0,64,31.7,20.7,0.0,62.0
2023-10-20,Azadpur APMC,919.5,1813.0,10,post_monsoon,nashik,29.2,17.1,0.0,65,31.6,20.5,0.0,57.0
2023-10-21,Azadpur APMC,759.0,1813.0,10,post_monsoon,nashik,29.7,16.9,0.0,64,30.5,20.4,0.1,62.0
2023-10-24,Azadpur APMC,505.1,1813.0,10,post_monsoon,nashik,30.7,17.6,0.0,61,30.0,19.7,0.0,64.0
2023-10-25,Azadpur APMC,722.1,1813.0,10,post_monsoon,nashik,30.9,17.0,0.0,61,31.6,20.0,0.0,55.0
2023-10-26,Azadpur APMC,1028.9,1813.0,10,post_monsoon,nashik,30.7,16.7,0.0,59,31.3,20.4,0.0,54.0
2023-10-28,Azadpur APMC,943.1,4406.0,10,post_monsoon,nashik,30.0,17.9,0.0,56,31.0,19.1,0.0,58.0
2023-10-30,Azadpur APMC,192.8,4625.0,10,post_monsoon,nashik,31.7,18.0,0.0,68,31.1,18.9,0.0,53.0
2023-10-31,Azadpur APMC,2480.9,4625.0,10,post_monsoon,nashik,30.9,19.0,0.0,69,30.9,18.7,0.0,52.0
2023-11-01,Azadpur APMC,1023.1,3500.0,11,post_monsoon,nashik,30.4,19.1,0.0,67,30.6,17.9,0.0,47.0
2023-11-02,Azadpur APMC,757.1,3688.0,11,post_monsoon,nashik,30.4,18.7,0.0,68,30.3,16.8,0.0,44.0
2023-11-03,Azadpur APMC,1226.8,3688.0,11,post_monsoon,nashik,28.5,17.7,0.6,71,30.2,16.9,0.0,46.0
2023-11-04,Azadpur APMC,953.7,3063.0,11,post_monsoon,nashik,29.6,15.7,0.0,68,30.5,16.9,0.0,47.0
2023-11-06,Azadpur APMC,270.7,3063.0,11,post_monsoon,nashik,29.4,15.2,0.0,63,30.5,18.4,0.0,50.0
2023-11-07,Azadpur APMC,1399.2,3063.0,11,post_monsoon,nashik,29.9,16.0,0.0,67,30.0,17.6,0.0,54.0
2023-11-08,Azadpur APMC,764.0,3063.0,11,post_monsoon,nashik,29.5,16.9,0.0,68,29.8,17.9,0.0,56.0
2023-11-09,Azadpur APMC,959.1,3063.0,11,post_monsoon,nashik,29.2,16.6,0.0,68,30.4,17.7,0.0,52.0
2023-11-10,Azadpur APMC,290.3,3344.0,11,post_monsoon,nashik,26.1,16.8,1.6,76,30.9,17.6,0.0,50.0
2023-11-11,Azadpur APMC,1492.0,3344.0,11,post_monsoon,nashik,25.1,14.9,0.0,78,30.8,18.9,0.0,48.0
2023-11-13,Azadpur APMC,197.2,3344.0,11,post_monsoon,nashik,25.3,13.1,0.0,75,30.3,17.9,0.0,47.0
2023-11-14,Azadpur APMC,284.8,3219.0,11,post_monsoon,nashik,25.1,14.3,0.0,73,30.8,19.3,0.0,50.0
2023-11-15,Azadpur APMC,688.7,3219.0,11,post_monsoon,nashik,25.6,12.8,0.0,74,31.0,19.7,0.0,55.0
2023-11-16,Azadpur APMC,303.7,3219.0,11,post_monsoon,nashik,26.0,13.3,0.0,72,30.6,19.3,3.4,68.0
2023-11-17,Azadpur APMC,724.2,3219.0,11,post_monsoon,nashik,26.7,14.8,0.0,74,32.1,19.0,0.0,61.0
2023-11-18,Azadpur APMC,639.2,3375.0,11,post_monsoon,nashik,26.1,14.2,0.0,73,31.5,19.1,0.0,52.0
2023-11-20,Azadpur APMC,30.0,3563.0,11,post_monsoon,nashik,25.4,13.7,0.0,69,30.3,18.3,0.0,49.0
2023-11-21,Azadpur APMC,552.7,3563.0,11,post_monsoon,nashik,25.3,13.3,0.0,72,29.3,17.5,0.0,49.0
2023-11-22,Azadpur APMC,572.3,3563.0,11,post_monsoon,nashik,24.9,12.8,0.0,68,29.0,16.6,0.0,51.0
2023-11-23,Azadpur APMC,540.4,3563.0,11,post_monsoon,nashik,24.6,11.0,0.0,72,28.6,16.1,0.0,56.0
2023-11-24,Azadpur APMC,450.1,3563.0,11,post_monsoon,nashik,25.0,13.8,0.0,72,29.1,17.1,0.0,58.0
2023-11-25,Azadpur APMC,1136.3,3563.0,11,post_monsoon,nashik,25.0,11.8,0.0,70,30.6,17.0,0.0,59.0
2023-11-27,Azadpur APMC,221.0,3563.0,11,post_monsoon,nashik,24.2,15.5,2.5,77,29.3,19.2,0.0,56.0
2023-11-28,Azadpur APMC,803.0,3750.0,11,post_monsoon,nashik,20.4,15.4,2.8,87,28.8,16.3,0.0,58.0
2023-11-29,Azadpur APMC,756.7,3750.0,11,post_monsoon,nashik,24.4,14.0,0.2,81,29.0,17.1,0.0,62.0
2023-11-30,Azadpur APMC,715.4,3906.0,11,post_monsoon,nashik,21.2,14.3,1.5,86,29.2,19.1,0.0,70.0
2023-12-01,Azadpur APMC,1305.3,3906.0,12,winter,nashik,24.0,14.3,0.7,82,29.1,19.0,0.1,71.0
2023-12-02,Azadpur APMC,1129.2,3906.0,12,winter,nashik,24.1,13.7,0.0,79,28.1,19.1,15.1,79.0
2023-12-04,Azadpur APMC,89.4,3188.0,12,winter,nashik,22.8,14.2,0.0,73,27.0,18.2,1.4,82.0
2023-12-05,Azadpur APMC,937.9,3188.0,12,winter,nashik,23.2,12.1,0.0,75,26.9,17.6,0.1,82.0
2023-12-06,Azadpur APMC,1147.9,3063.0,12,winter,nashik,23.5,11.6,0.0,77,27.6,16.7,1.3,83.0
2023-12-07,Azadpur APMC,1126.2,3063.0,12,winter,nashik,24.1,11.3,0.0,78,27.8,18.0,0.1,79.0
2023-12-08,Azadpur APMC,846.4,3063.0,12,winter,nashik,23.8,11.1,0.0,76,28.1,18.7,0.3,78.0
2023-12-09,Azadpur APMC,1043.7,3063.0,12,winter,nashik,23.4,10.1,0.0,72,28.6,18.6,0.1,78.0
2023-12-11,Azadpur APMC,415.0,2969.0,12,winter,nashik,21.9,8.6,0.0,70,27.5,18.3,0.1,77.0
2023-12-12,Azadpur APMC,1357.1,2969.0,12,winter,nashik,22.8,9.0,0.0,73,25.7,17.4,0.8,81.0
2023-12-13,Azadpur APMC,1261.3,2500.0,12,winter,nashik,22.7,9.7,0.0,70,26.2,16.9,0.2,76.0
2023-12-14,Azadpur APMC,1186.8,2281.0,12,winter,nashik,22.1,9.4,0.0,72,27.0,16.9,0.0,73.0
2023-12-15,Azadpur APMC,977.7,2281.0,12,winter,nashik,21.8,7.1,0.0,73,27.1,16.9,0.0,74.0
2023-12-16,Azadpur APMC,1008.4,2188.0,12,winter,nashik,22.3,7.9,0.0,71,27.4,16.7,0.0,72.0
2023-12-18,Azadpur APMC,292.5,2281.0,12,winter,nashik,21.6,8.8,0.0,69,28.0,15.4,0.0,71.0
2023-12-19,Azadpur APMC,1932.2,2281.0,12,winter,nashik,21.6,8.2,0.0,67,27.4,15.4,0.0,67.0
2023-12-20,Azadpur APMC,1070.7,2281.0,12,winter,nashik,20.5,7.2,0.0,73,27.1,16.3,0.0,66.0
2023-12-21,Azadpur APMC,1173.8,2281.0,12,winter,nashik,21.5,7.6,0.0,76,26.2,16.1,0.0,66.0
2023-12-22,Azadpur APMC,1390.3,1938.0,12,winter,nashik,21.2,6.8,0.0,78,25.9,14.2,0.0,64.0
2023-12-23,Azadpur APMC,1537.0,1875.0,12,winter,nashik,22.0,10.6,1.2,73,26.2,14.3,0.0,64.0
2023-12-26,Azadpur APMC,1826.7,1875.0,12,winter,nashik,22.3,9.3,0.0,78,25.9,14.6,0.0,56.0
2023-12-27,Azadpur APMC,1709.6,1531.0,12,winter,nashik,21.5,8.2,0.0,81,26.9,15.7,0.0,55.0
2023-12-28,Azadpur APMC,905.6,1406.0,12,winter,nashik,20.7,9.2,0.0,87,28.1,16.4,0.0,60.0
2023-12-29,Azadpur APMC,964.8,1406.0,12,winter,nashik,19.8,8.1,0.0,90,29.6,13.5,0.0,58.0
2023-12-30,Azadpur APMC,1046.6,1406.0,12,winter,nashik,18.4,9.0,0.0,91,29.2,16.0,0.0,51.0
2024-01-01,Azadpur APMC,300.8,1406.0,1,winter,nashik,16.1,6.3,0.0,87,30.0,15.9,0.0,53.0
2024-01-02,Azadpur APMC,1424.4,2125.0,1,winter,nashik,15.0,4.6,0.0,87,30.0,15.3,0.0,57.0
2024-01-03,Azadpur APMC,664.1,2375.0,1,winter,nashik,15.4,5.0,0.0,90,29.5,16.2,0.0,63.0
2024-01-04,Azadpur APMC,675.4,2375.0,1,winter,nashik,17.5,5.2,0.0,84,29.6,16.5,0.0,63.0
2024-01-05,Azadpur APMC,656.7,2375.0,1,winter,nashik,17.1,8.1,0.1,87,29.7,15.6,0.0,62.0
2024-01-06,Azadpur APMC,1152.9,1938.0,1,winter,nashik,16.9,6.6,0.0,84,29.1,16.3,0.0,60.0
2024-01-08,Azadpur APMC,413.8,1938.0,1,winter,nashik,18.4,6.2,0.0,88,29.0,15.7,0.0,65.0
2024-01-09,Azadpur APMC,1336.2,1938.0,1,winter,nashik,18.0,6.4,0.0,87,28.5,15.1,0.0,69.0
2024-01-10,Azadpur APMC,1346.4,2125.0,1,winter,nashik,15.9,4.5,0.0,86,28.3,15.3,0.0,66.0
2024-01-11,Azadpur APMC,1159.7,2125.0,1,winter,nashik,15.3,5.2,0.0,90,27.8,13.4,0.0,68.0
2024-01-12,Azadpur APMC,1217.4,1594.0,1,winter,nashik,17.4,5.3,0.0,88,26.9,15.9,0.5,71.0
2024-01-13,Azadpur APMC,1864.1,1750.0,1,winter,nashik,17.8,5.7,0.0,86,28.2,16.4,0.6,69.0
2024-01-15,Azadpur APMC,492.3,1750.0,1,winter,nashik,15.8,4.6,0.0,88,29.1,18.1,0.4,62.0
2024-01-16,Azadpur APMC,1821.7,1788.0,1,winter,nashik,17.0,3.5,0.0,87,27.8,17.5,6.0,76.0
2024-01-17,Azadpur APMC,1166.6,1531.0,1,winter,nashik,17.8,4.2,0.0,84,29.1,17.7,0.0,71.0
2024-01-18,Azadpur APMC,983.1,1500.0,1,winter,nashik,17.4,5.4,0.0,88,29.8,17.7,0.0,64.0
2024-01-19,Azadpur APMC,1055.8,1500.0,1,winter,nashik,16.4,6.2,0.0,90,30.6,16.5,0.0,64.0
2024-01-20,Azadpur APMC,1077.3,1500.0,1,winter,nashik,15.8,5.5,0.0,89,29.7,16.4,0.0,57.0
2024-01-22,Azadpur APMC,562.6,1594.0,1,winter,nashik,16.5,4.9,0.0,87,28.6,12.2,0.0,54.0
2024-01-23,Azadpur APMC,1996.7,1656.0,1,winter,nashik,17.2,5.0,0.0,89,27.7,13.0,0.0,60.0
2024-01-24,Azadpur APMC,1538.1,1656.0,1,winter,nashik,18.1,6.9,0.0,86,26.7,12.1,0.0,61.0
2024-01-25,Azadpur APMC,937.7,1250.0,1,winter,nashik,17.2,6.0,0.0,89,27.8,13.0,0.0,58.0
2024-01-27,Azadpur APMC,317.2,1313.0,1,winter,nashik,20.4,6.7,0.0,80,27.4,13.9,0.0,57.0
2024-01-29,Azadpur APMC,343.3,1313.0,1,winter,nashik,21.2,8.7,0.0,86,26.3,12.1,0.0,44.0
2024-01-30,Azadpur APMC,2061.7,1469.0,1,winter,nashik,20.3,9.8,0.0,91,25.9,11.3,0.0,40.0
2024-01-31,Azadpur APMC,941.1,1469.0,1,winter,nashik,19.9,10.3,6.7,92,26.9,12.0,0.0,43.0
2024-02-01,Azadpur APMC,850.6,1469.0,2,winter,nashik,21.0,11.9,33.0,86,29.4,12.8,0.0,43.0
2024-02-02,Azadpur APMC,973.6,1500.0,2,winter,nashik,19.2,8.8,0.0,85,29.4,13.3,0.0,50.0
2024-02-03,Azadpur APMC,1170.4,1500.0,2,winter,nashik,20.4,7.7,0.0,72,30.1,15.6,0.0,45.0
2024-02-05,Azadpur APMC,144.8,1500.0,2,winter,nashik,19.7,10.3,0.8,83,29.5,13.1,0.0,52.0
2024-02-06,Azadpur APMC,1679.2,1500.0,2,winter,nashik,18.6,7.4,0.0,77,29.5,13.8,0.0,53.0
2024-02-07,Azadpur APMC,726.9,1500.0,2,winter,nashik,18.3,7.3,0.0,69,26.9,13.1,0.0,57.0
2024-02-08,Azadpur APMC,763.2,1500.0,2,winter,nashik,19.0,8.0,0.0,67,27.9,13.7,0.0,58.0
2024-02-09,Azadpur APMC,736.4,1500.0,2,winter,nashik,20.4,7.7,0.0,69,30.5,14.9,0.0,52.0
2024-02-10,Azadpur APMC,1220.6,1500.0,2,winter,nashik,19.7,7.2,0.0,81,32.2,16.2,0.0,49.0
2024-02-12,Azadpur APMC,223.5,1563.0,2,winter,nashik,21.5,8.2,0.0,77,32.8,16.2,0.0,50.0
2024-02-13,Azadpur APMC,1646.7,1563.0,2,winter,nashik,21.0,8.8,0.0,76,31.5,15.9,0.0,56.0
2024-02-14,Azadpur APMC,1023.3,1438.0,2,winter,nashik,22.6,9.7,0.0,75,29.9,15.5,0.0,55.0
2024-02-15,Azadpur APMC,647.6,1438.0,2,winter,nashik,23.7,9.3,0.0,71,31.6,15.5,0.0,49.0
2024-02-16,Azadpur APMC,677.2,1594.0,2,winter,nashik,24.4,8.3,0.0,65,31.9,15.0,0.0,46.0
2024-02-17,Azadpur APMC,1319.7,1594.0,2,winter,nashik,24.6,8.9,0.0,62,31.3,13.6,0.0,44.0
2024-02-19,Azadpur APMC,100.7,1844.0,2,winter,nashik,27.2,14.9,0.0,61,31.5,15.3,0.0,34.0
2024-02-20,Azadpur APMC,1678.7,1906.0,2,winter,nashik,27.4,15.2,0.1,65,30.7,15.3,0.0,41.0
2024-02-21,Azadpur APMC,1115.0,1438.0,2,winter,nashik,26.1,12.2,0.0,58,32.1,15.0,0.0,44.0
2024-02-22,Azadpur APMC,955.6,1469.0,2,winter,nashik,24.2,11.1,0.0,51,33.2,18.6,0.0,43.0
2024-02-23,Azadpur APMC,654.5,1469.0,2,winter,nashik,23.0,9.1,0.0,46,33.9,18.7,0.0,36.0
2024-02-24,Azadpur APMC,670.8,1531.0,2,winter,nashik,23.1,9.5,0.0,45,33.2,17.1,0.0,34.0
2024-02-26,Azadpur APMC,475.8,1531.0,2,winter,nashik,24.5,11.3,0.0,45,31.6,17.3,0.0,40.0
2024-02-27,Azadpur APMC,1393.2,1563.0,2,winter,nashik,24.3,14.1,0.4,48,29.3,16.7,0.0,60.0
2024-02-28,Azadpur APMC,1119.9,1656.0,2,winter,nashik,24.3,11.2,0.0,58,28.5,17.5,0.0,58.0
2024-02-29,Azadpur APMC,1161.7,1625.0,2,winter,nashik,26.4,11.8,0.0,56,28.8,14.0,0.0,47.0
2024-03-01,Azadpur APMC,1021.2,1531.0,3,summer,nashik,26.6,13.3,0.7,60,29.5,13.4,0.0,30.0
2024-03-02,Azadpur APMC,1464.9,1531.0,3,summer,nashik,25.2,17.6,6.7,73,31.1,12.2,0.0,26.0
2024-03-04,Azadpur APMC,327.2,1625.0,3,summer,nashik,21.2,11.1,0.0,66,33.2,18.9,0.1,40.0
2024-03-05,Azadpur APMC,1706.8,1625.0,3,summer,nashik,20.5,8.5,0.0,61,32.9,19.8,0.0,40.0
2024-03-06,Azadpur APMC,802.6,1531.0,3,summer,nashik,21.0,8.8,0.0,63,34.5,19.8,0.0,37.0
2024-03-07,Azadpur APMC,1296.4,1531.0,3,summer,nashik,23.8,9.9,0.0,61,34.0,21.0,0.0,41.0
2024-03-08,Azadpur APMC,925.1,1625.0,3,summer,nashik,25.1,10.6,0.0,58,31.4,18.9,0.6,48.0
2024-03-09,Azadpur APMC,1218.9,1625.0,3,summer,nashik,25.1,11.0,0.0,55,28.5,16.8,0.0,66.0
2024-03-11,Azadpur APMC,27.8,1719.0,3,summer,nashik,29.3,15.3,0.0,51,32.7,13.8,0.0,30.0
2024-03-13,Azadpur APMC,1082.8,1813.0,3,summer,nashik,29.2,13.5,0.0,54,32.9,15.4,0.0,29.0
2024-03-14,Azadpur APMC,1194.7,1813.0,3,summer,nashik,29.0,14.0,0.0,54,33.0,16.7,0.0,28.0
2024-03-16,Azadpur APMC,935.9,1813.0,3,summer,nashik,27.6,12.3,0.0,45,35.0,18.7,0.0,22.0
2024-03-18,Azadpur APMC,328.0,1813.0,3,summer,nashik,28.4,13.1,0.0,48,35.0,18.8,0.0,33.0
2024-03-19,Azadpur APMC,1279.9,1719.0,3,summer,nashik,29.9,13.2,0.0,47,33.2,18.9,0.0,38.0
2024-03-20,Azadpur APMC,1172.1,1719.0,3,summer,nashik,32.1,14.4,0.0,44,33.0,16.8,0.0,35.0
2024-03-21,Azadpur APMC,1743.4,1488.0,3,summer,nashik,29.4,17.2,0.0,54,33.5,14.7,0.0,35.0
2024-03-22,Azadpur APMC,1121.0,1469.0,3,summer,nashik,32.6,18.0,0.0,52,34.7,15.3,0.0,40.0
2024-03-23,Azadpur APMC,1071.9,1469.0,3,summer,nashik,33.9,18.5,0.0,46,35.0,16.8,0.0,34.0
2024-03-25,Azadpur APMC,24.8,1469.0,3,summer,nashik,33.0,16.8,0.0,48,33.9,18.0,0.0,29.0
2024-03-26,Azadpur APMC,320.6,1469.0,3,summer,nashik,33.5,18.1,0.0,44,35.1,20.8,0.0,18.0
2024-03-27,Azadpur APMC,831.1,1469.0,3,summer,nashik,36.2,21.2,0.0,41,35.3,19.4,0.0,21.0
2024-03-28,Azadpur APMC,464.0,1594.0,3,summer,nashik,36.8,22.1,0.0,42,36.9,18.4,0.0,27.0
2024-03-29,Azadpur APMC,625.7,1594.0,3,summer,nashik,36.1,21.4,1.3,47,37.1,18.2,0.0,29.0
2024-04-03,Azadpur APMC,709.4,1719.0,4,summer,nashik,35.6,20.9,0.0,26,39.6,22.4,0.0,36.0
2024-04-04,Azadpur APMC,893.4,1719.0,4,summer,nashik,36.3,21.0,0.0,26,37.9,22.8,0.0,37.0
2024-04-05,Azadpur APMC,706.3,1719.0,4,summer,nashik,35.9,21.1,0.0,24,37.7,22.9,0.0,34.0
2024-04-06,Azadpur APMC,1246.7,1719.0,4,summer,nashik,35.1,19.9,0.0,21,37.7,22.7,0.0,29.0
2024-04-08,Azadpur APMC,410.6,1406.0,4,summer,nashik,36.9,18.6,0.0,22,38.6,19.7,0.0,28.0
2024-04-09,Azadpur APMC,2448.6,1406.0,4,summer,nashik,37.7,18.6,0.0,19,38.7,20.0,0.0,31.0
2024-04-10,Azadpur APMC,742.3,1406.0,4,summer,nashik,37.7,19.9,0.0,21,37.0,21.8,0.0,30.0
2024-04-11,Azadpur APMC,560.1,1406.0,4,summer,nashik,38.1,21.4,0.0,21,37.5,20.9,0.0,30.0
2024-04-12,Azadpur APMC,74.9,1406.0,4,summer,nashik,38.6,22.4,0.0,22,36.9,24.2,0.0,25.0
2024-04-13,Azadpur APMC,890.1,1406.0,4,summer,nashik,38.6,24.9,2.4,28,35.9,22.4,0.0,25.0
2024-04-15,Azadpur APMC,245.0,1406.0,4,summer,nashik,36.2,22.0,0.0,51,38.1,20.2,0.0,33.0
2024-04-16,Azadpur APMC,962.4,1500.0,4,summer,nashik,35.7,23.2,0.0,37,38.4,21.0,0.0,33.0
2024-04-17,Azadpur APMC,493.1,1500.0,4,summer,nashik,35.6,22.1,0.0,27,37.5,22.4,0.0,38.0
2024-04-18,Azadpur APMC,556.6,1625.0,4,summer,nashik,37.9,23.4,0.0,24,36.3,23.9,0.0,35.0
2024-04-19,Azadpur APMC,701.4,1625.0,4,summer,nashik,38.3,24.6,0.0,30,36.4,20.2,0.0,33.0
2024-04-20,Azadpur APMC,629.4,1625.0,4,summer,nashik,36.4,22.0,0.0,28,37.8,19.8,0.0,46.0
2024-04-22,Azadpur APMC,136.3,1625.0,4,summer,nashik,37.2,24.4,0.1,25,39.5,26.4,0.0,29.0
2024-04-23,Azadpur APMC,1927.1,1656.0,4,summer,nashik,37.9,22.7,0.0,28,40.6,26.8,0.0,29.0
2024-04-24,Azadpur APMC,943.1,1656.0,4,summer,nashik,37.1,20.8,0.0,30,40.9,25.0,0.0,36.0
2024-04-25,Azadpur APMC,1172.5,1688.0,4,summer,nashik,38.3,21.4,0.0,26,39.0,24.8,0.0,30.0
2024-04-26,Azadpur APMC,960.3,1688.0,4,summer,nashik,39.4,23.4,0.0,23,37.8,25.1,0.0,35.0
2024-04-27,Azadpur APMC,1232.4,1531.0,4,summer,nashik,38.1,25.7,0.0,27,37.2,23.2,0.6,33.0
2024-04-29,Azadpur APMC,275.2,1563.0,4,summer,nashik,38.1,23.5,0.0,27,38.8,22.4,0.0,28.0
2024-04-30,Azadpur APMC,1135.1,1563.0,4,summer,nashik,36.3,23.2,0.0,26,37.7,22.0,0.0,32.0
2024-05-01,Azadpur APMC,756.1,1563.0,5,summer,nashik,32.6,20.4,0.0,23,38.9,23.2,0.0,33.0
2024-05-02,Azadpur APMC,565.8,1594.0,5,summer,nashik,35.1,19.2,0.0,27,38.1,25.3,0.0,32.0
2024-05-03,Azadpur APMC,713.6,1500.0,5,summer,nashik,38.2,20.2,0.0,23,39.6,25.0,0.0,29.0
2024-05-04,Azadpur APMC,1055.5,1500.0,5,summer,nashik,40.7,26.4,0.0,19,40.3,26.1,0.0,25.0
2024-05-06,Azadpur APMC,311.7,1969.0,5,summer,nashik,40.7,25.7,0.0,22,39.4,24.9,0.0,21.0
2024-05-07,Azadpur APMC,1664.9,1969.0,5,summer,nashik,41.4,26.9,0.0,27,37.9,24.7,0.0,25.0
2024-05-08,Azadpur APMC,1428.6,1969.0,5,summer,nashik,39.6,26.8,0.0,39,37.9,22.1,0.0,26.0
2024-05-09,Azadpur APMC,1241.3,2063.0,5,summer,nashik,39.6,26.3,0.0,37,38.6,19.8,0.0,28.0
2024-05-10,Azadpur APMC,1228.5,2063.0,5,summer,nashik,39.0,26.0,0.8,42,38.5,20.9,0.0,34.0
2024-05-11,Azadpur APMC,1365.2,2063.0,5,summer,nashik,38.7,26.2,0.7,44,38.1,23.6,0.0,40.0
2024-05-13,Azadpur APMC,89.9,2063.0,5,summer,nashik,40.8,26.8,0.0,30,38.1,22.9,0.0,50.0
2024-05-14,Azadpur APMC,1004.3,1531.0,5,summer,nashik,40.7,24.7,0.0,24,38.1,20.9,0.0,55.0
2024-05-15,Azadpur APMC,529.4,1531.0,5,summer,nashik,42.5,24.4,0.0,22,37.0,23.3,0.1,50.0
2024-05-16,Azadpur APMC,586.9,1531.0,5,summer,nashik,42.5,25.5,0.0,20,36.4,23.9,5.0,57.0
2024-05-17,Azadpur APMC,970.3,1531.0,5,summer,nashik,44.2,26.7,0.0,19,38.7,24.0,0.4,45.0
2024-05-18,Azadpur APMC,1020.6,1531.0,5,summer,nashik,44.3,27.2,0.0,20,37.1,24.6,0.8,46.0
2024-05-20,Azadpur APMC,54.8,1531.0,5,summer,nashik,44.2,29.3,0.0,19,38.0,23.9,1.5,51.0
2024-05-21,Azadpur APMC,1152.2,1531.0,5,summer,nashik,43.0,28.7,0.0,27,37.6,24.2,0.0,42.0
2024-05-22,Azadpur APMC,971.8,1531.0,5,summer,nashik,42.2,30.0,0.2,35,37.4,24.1,0.9,42.0
2024-05-23,Azadpur APMC,866.0,1531.0,5,summer,nashik,41.3,30.7,0.0,35,37.9,25.2,0.0,41.0
2024-05-24,Azadpur APMC,965.4,1531.0,5,summer,nashik,40.8,30.7,0.0,35,39.5,23.5,0.1,48.0
2024-05-25,Azadpur APMC,50.2,1531.0,5,summer,nashik,44.8,30.8,0.0,27,39.3,24.5,0.0,49.0
2024-05-27,Azadpur APMC,343.5,1531.0,5,summer,nashik,46.0,29.9,0.0,20,40.6,24.1,0.0,45.0
2024-05-28,Azadpur APMC,1413.7,1531.0,5,summer,nashik,46.4,28.6,0.0,16,40.7,24.9,0.0,41.0
2024-05-29,Azadpur APMC,840.2,1531.0,5,summer,nashik,46.0,31.1,0.0,18,40.0,26.1,0.0,52.0
2024-05-30,Azadpur APMC,842.9,1531.0,5,summer,nashik,46.3,32.6,0.0,16,39.0,25.3,0.0,48.0
2024-05-31,Azadpur APMC,974.1,1625.0,5,summer,nashik,46.1,28.2,0.0,14,37.2,24.5,0.0,60.0
2024-06-01,Azadpur APMC,1013.7,1625.0,6,monsoon,nashik,44.5,30.4,0.0,17,36.5,25.0,0.0,64.0
2024-06-03,Azadpur APMC,66.5,1625.0,6,monsoon,nashik,44.7,29.6,0.0,24,35.2,24.8,0.0,66.0
2024-06-04,Azadpur APMC,1157.1,1750.0,6,monsoon,nashik,43.5,30.8,0.0,18,34.8,23.7,0.0,67.0
2024-06-06,Azadpur APMC,780.9,1750.0,6,monsoon,nashik,41.0,27.6,0.0,31,36.7,23.7,0.0,61.0
2024-06-07,Azadpur APMC,1062.1,1719.0,6,monsoon,nashik,42.4,28.5,0.0,31,36.4,23.7,0.0,62.0
2024-06-08,Azadpur APMC,1472.5,1719.0,6,monsoon,nashik,40.1,27.9,0.0,28,36.3,24.2,0.0,59.0
2024-06-10,Azadpur APMC,157.2,1781.0,6,monsoon,nashik,43.2,28.1,0.0,18,33.3,24.3,6.6,69.0
2024-06-11,Azadpur APMC,1330.1,1781.0,6,monsoon,nashik,43.5,28.9,0.0,19,33.9,24.5,3.8,71.0
2024-06-12,Azadpur APMC,753.8,1750.0,6,monsoon,nashik,44.5,28.2,0.0,18,35.3,24.0,0.9,70.0
2024-06-13,Azadpur APMC,1121.2,1750.0,6,monsoon,nashik,45.1,29.3,0.0,20,35.1,23.9,6.2,75.0
2024-06-14,Azadpur APMC,1338.8,2219.0,6,monsoon,nashik,43.7,32.7,0.0,27,30.2,23.3,18.0,78.0
2024-06-15,Azadpur APMC,1107.7,2219.0,6,monsoon,nashik,43.6,32.2,0.0,27,30.5,23.9,2.7,78.0
2024-06-18,Azadpur APMC,488.5,2094.0,6,monsoon,nashik,44.4,34.1,0.0,24,30.3,23.3,1.9,82.0
2024-06-19,Azadpur APMC,872.3,2094.0,6,monsoon,nashik,41.1,34.4,1.4,35,30.2,23.1,1.3,81.0
2024-06-20,Azadpur APMC,736.8,2156.0,6,monsoon,nashik,38.8,25.6,2.4,46,29.0,22.5,0.9,81.0
2024-06-21,Azadpur APMC,946.6,2156.0,6,monsoon,nashik,38.0,25.3,1.5,54,31.0,22.8,4.4,79.0
2024-06-22,Azadpur APMC,1053.5,2156.0,6,monsoon,nashik,38.1,29.6,0.0,54,32.1,22.8,5.2,77.0
2024-06-24,Azadpur APMC,214.9,2156.0,6,monsoon,nashik,39.2,30.9,0.7,55,29.2,23.0,6.4,85.0
2024-06-25,Azadpur APMC,1396.8,2156.0,6,monsoon,nashik,37.0,29.7,2.3,62,28.1,23.1,2.6,86.0
2024-06-26,Azadpur APMC,1064.8,2156.0,6,monsoon,nashik,33.9,27.3,11.3,75,27.5,22.9,6.8,89.0
2024-06-27,Azadpur APMC,1061.4,2156.0,6,monsoon,nashik,30.2,25.9,7.9,86,29.6,22.9,2.3,84.0
2024-06-28,Azadpur APMC,1107.6,2156.0,6,monsoon,nashik,30.9,25.9,14.3,86,30.2,22.9,0.8,82.0
2024-06-29,Azadpur APMC,996.2,2156.0,6,monsoon,nashik,32.6,26.6,7.9,82,29.9,23.0,20.6,87.0
2024-07-01,Azadpur APMC,233.6,2156.0,7,monsoon,nashik,34.6,26.0,11.7,80,30.5,23.2,10.5,84.0
2024-07-02,Azadpur APMC,951.4,2563.0,7,monsoon,nashik,33.6,26.3,15.6,84,29.6,23.1,6.3,86.0
2024-07-03,Azadpur APMC,717.4,2813.0,7,monsoon,nashik,33.2,26.2,5.6,83,28.0,23.1,8.5,89.0
2024-07-04,Azadpur APMC,826.3,2813.0,7,monsoon,nashik,31.7,25.6,7.2,84,26.6,22.9,14.6,91.0
2024-07-05,Azadpur APMC,1014.9,2813.0,7,monsoon,nashik,30.1,26.3,1.0,86,28.2,22.7,2.6,88.0
2024-07-06,Azadpur APMC,1603.1,2813.0,7,monsoon,nashik,32.7,26.0,0.8,83,26.9,22.8,5.7,91.0
2024-07-08,Azadpur APMC,153.8,2813.0,7,monsoon,nashik,33.0,25.2,0.1,78,27.2,22.5,6.9,90.0
2024-07-09,Azadpur APMC,1114.7,2813.0,7,monsoon,nashik,32.6,26.1,11.7,82,27.3,22.4,3.3,92.0
2024-07-10,Azadpur APMC,892.3,2813.0,7,monsoon,nashik,34.1,26.7,9.3,81,26.8,22.7,3.9,90.0
2024-07-11,Azadpur APMC,651.0,2813.0,7,monsoon,nashik,36.4,27.2,1.3,78,26.6,22.4,5.3,90.0
2024-07-12,Azadpur APMC,775.4,2813.0,7,monsoon,nashik,35.4,26.6,0.8,76,26.3,22.0,15.2,91.0
2024-07-13,Azadpur APMC,770.2,2813.0,7,monsoon,nashik,34.0,25.4,6.5,79,28.1,22.3,2.7,87.0
2024-07-15,Azadpur APMC,127.3,2688.0,7,monsoon,nashik,33.1,25.1,2.6,78,29.5,21.8,24.7,89.0
2024-07-16,Azadpur APMC,1223.4,2688.0,7,monsoon,nashik,34.1,25.9,20.3,79,27.9,22.0,3.9,88.0
2024-07-17,Azadpur APMC,397.7,2688.0,7,monsoon,nashik,34.5,28.1,0.0,78,26.5,21.4,26.1,92.0
2024-07-18,Azadpur APMC,630.4,2656.0,7,monsoon,nashik,34.6,27.6,3.4,78,26.4,22.7,14.0,91.0
2024-07-19,Azadpur APMC,706.2,2750.0,7,monsoon,nashik,34.5,27.6,0.7,79,25.7,22.7,46.9,94.0
2024-07-20,Azadpur APMC,1091.2,2844.0,7,monsoon,nashik,35.1,27.1,0.2,77,26.4,22.2,1.5,90.0
2024-07-22,Azadpur APMC,183.8,2844.0,7,monsoon,nashik,34.7,27.7,5.9,79,28.9,22.1,3.7,86.0
2024-07-23,Azadpur APMC,1364.8,2844.0,7,monsoon,nashik,34.8,27.1,5.2,81,27.6,22.0,4.5,90.0
2024-07-24,Azadpur APMC,831.3,2781.0,7,monsoon,nashik,33.6,26.6,8.0,82,26.2,22.9,5.8,90.0
2024-07-25,Azadpur APMC,588.8,2781.0,7,monsoon,nashik,34.8,27.4,0.5,76,26.0,22.5,9.8,90.0
2024-07-26,Azadpur APMC,478.6,2813.0,7,monsoon,nashik,33.3,27.7,10.2,81,26.3,22.6,4.8,90.0
2024-07-27,Azadpur APMC,842.7,2781.0,7,monsoon,nashik,34.3,28.2,2.3,79,26.1,22.9,8.7,92.0
2024-07-29,Azadpur APMC,80.4,2813.0,7,monsoon,nashik,36.4,28.4,0.1,70,24.4,23.0,21.1,94.0
2024-07-30,Azadpur APMC,1144.1,2813.0,7,monsoon,nashik,37.4,29.3,0.0,67,24.3,22.7,39.1,94.0
2024-07-31,Azadpur APMC,737.7,2906.0,7,monsoon,nashik,37.4,27.0,97.6,77,24.3,22.1,29.6,92.0
2024-08-01,Azadpur APMC,666.1,2906.0,8,monsoon,nashik,31.4,25.8,31.0,84,25.9,22.3,6.6,90.0
2024-08-02,Azadpur APMC,940.1,3000.0,8,monsoon,nashik,32.2,25.7,3.3,84,25.4,22.5,7.2,91.0
2024-08-03,Azadpur APMC,677.9,3000.0,8,monsoon,nashik,32.3,26.2,1.4,83,25.1,22.6,17.5,93.0
2024-08-05,Azadpur APMC,211.9,2844.0,8,monsoon,nashik,32.7,26.6,0.8,78,27.2,22.1,3.6,90.0
2024-08-06,Azadpur APMC,1500.2,2969.0,8,monsoon,nashik,32.0,26.4,0.1,78,27.1,22.3,8.6,90.0
2024-08-07,Azadpur APMC,1033.4,2969.0,8,monsoon,nashik,30.0,25.8,14.9,86,26.8,22.7,6.1,90.0
2024-08-08,Azadpur APMC,793.3,2969.0,8,monsoon,nashik,31.7,25.8,9.6,86,25.8,22.1,10.3,89.0
2024-08-09,Azadpur APMC,804.8,2969.0,8,monsoon,nashik,31.9,25.4,35.7,86,25.9,22.1,14.8,92.0
2024-08-10,Azadpur APMC,808.1,2969.0,8,monsoon,nashik,31.3,25.1,12.4,86,24.6,22.3,17.8,93.0
2024-08-12,Azadpur APMC,162.2,2969.0,8,monsoon,nashik,29.9,25.8,11.7,90,26.9,22.3,3.2,87.0
2024-08-13,Azadpur APMC,1352.7,2969.0,8,monsoon,nashik,30.5,25.5,7.0,89,27.4,22.4,3.2,86.0
2024-08-14,Azadpur APMC,1467.5,2844.0,8,monsoon,nashik,30.3,26.1,8.0,88,26.6,22.1,2.9,87.0
2024-08-16,Azadpur APMC,231.6,2813.0,8,monsoon,nashik,32.4,25.7,10.6,87,27.8,22.0,3.9,87.0
2024-08-17,Azadpur APMC,1486.9,2813.0,8,monsoon,nashik,31.9,25.9,8.2,85,26.2,22.2,2.1,86.0
2024-08-19,Azadpur APMC,140.5,2813.0,8,monsoon,nashik,33.0,26.6,1.3,82,28.3,21.9,3.4,83.0
2024-08-20,Azadpur APMC,752.8,3063.0,8,monsoon,nashik,31.6,26.4,6.5,86,28.4,21.4,1.3,84.0
2024-08-21,Azadpur APMC,819.8,3000.0,8,monsoon,nashik,32.0,25.4,1.5,84,28.5,21.8,1.7,84.0
2024-08-22,Azadpur APMC,596.3,3219.0,8,monsoon,nashik,32.7,24.8,6.2,85,28.4,21.7,1.8,83.0
2024-08-23,Azadpur APMC,871.4,3219.0,8,monsoon,nashik,31.2,24.8,0.4,86,29.6,21.3,2.7,84.0
2024-08-24,Azadpur APMC,864.0,3438.0,8,monsoon,nashik,31.9,25.7,7.9,84,29.3,23.3,16.1,89.0
2024-08-26,Azadpur APMC,243.3,3438.0,8,monsoon,nashik,32.1,26.2,4.5,83,27.8,22.7,28.7,92.0
2024-08-27,Azadpur APMC,1158.3,3438.0,8,monsoon,nashik,31.4,24.5,12.8,85,29.3,21.7,17.5,89.0
2024-08-28,Azadpur APMC,1168.4,3438.0,8,monsoon,nashik,30.5,24.4,8.5,86,29.5,22.2,23.9,90.0
2024-08-29,Azadpur APMC,933.0,3438.0,8,monsoon,nashik,31.1,24.6,28.6,86,28.5,22.8,10.8,89.0
2024-08-30,Azadpur APMC,875.2,3344.0,8,monsoon,nashik,31.4,25.2,7.2,87,24.5,22.0,21.2,94.0
2024-08-31,Azadpur APMC,1090.5,3344.0,8,monsoon,nashik,33.4,26.0,0.0,80,24.0,21.9,27.0,93.0
2024-09-02,Azadpur APMC,246.0,3406.0,9,monsoon,nashik,31.6,25.2,7.0,84,25.3,20.6,6.8,92.0
2024-09-03,Azadpur APMC,1013.3,3469.0,9,monsoon,nashik,31.8,25.5,18.5,86,24.8,21.2,10.3,94.0
2024-09-04,Azadpur APMC,589.1,3469.0,9,monsoon,nashik,30.8,24.6,0.4,86,26.5,21.4,4.6,91.0
2024-09-05,Azadpur APMC,850.0,3531.0,9,monsoon,nashik,31.7,25.0,2.9,84,27.3,21.8,1.7,89.0
2024-09-06,Azadpur APMC,1167.7,3531.0,9,monsoon,nashik,30.8,24.4,13.9,88,27.5,21.8,1.4,85.0
2024-09-07,Azadpur APMC,775.9,3531.0,9,monsoon,nashik,30.3,24.3,27.0,87,27.8,21.4,0.5,84.0
2024-09-09,Azadpur APMC,96.3,3531.0,9,monsoon,nashik,32.8,25.6,3.1,81,26.3,21.5,4.1,90.0
2024-09-10,Azadpur APMC,916.1,3625.0,9,monsoon,nashik,30.5,24.9,10.4,89,26.8,22.1,2.4,87.0
2024-09-11,Azadpur APMC,817.0,3625.0,9,monsoon,nashik,31.6,25.4,27.7,89,26.1,22.3,8.0,90.0
2024-09-12,Azadpur APMC,804.3,3625.0,9,monsoon,nashik,27.5,24.1,100.9,89,27.2,22.4,4.6,88.0
2024-09-13,Azadpur APMC,1170.0,3625.0,9,monsoon,nashik,30.7,23.5,54.6,89,27.5,22.3,2.6,87.0
2024-09-14,Azadpur APMC,1088.0,3625.0,9,monsoon,nashik,29.9,23.0,5.7,84,27.7,22.1,1.9,86.0
2024-09-16,Azadpur APMC,238.3,3625.0,9,monsoon,nashik,32.4,23.7,0.0,74,27.7,22.1,1.6,85.0
2024-09-17,Azadpur APMC,1612.7,3938.0,9,monsoon,nashik,31.7,23.7,0.0,76,27.8,22.0,1.6,86.0
2024-09-18,Azadpur APMC,901.5,3875.0,9,monsoon,nashik,28.1,23.1,48.4,86,26.2,21.7,0.9,88.0
2024-09-19,Azadpur APMC,820.6,3875.0,9,monsoon,nashik,29.8,23.0,3.3,85,26.1,21.3,2.0,85.0
2024-09-20,Azadpur APMC,590.2,3875.0,9,monsoon,nashik,31.4,24.2,0.1,81,25.8,20.7,2.3,87.0
2024-09-21,Azadpur APMC,787.5,4000.0,9,monsoon,nashik,31.8,25.0,0.3,79,26.2,20.7,1.3,86.0
2024-09-23,Azadpur APMC,217.1,4000.0,9,monsoon,nashik,33.5,25.2,0.0,79,27.6,19.1,1.0,82.0
2024-09-24,Azadpur APMC,1372.6,4031.0,9,monsoon,nashik,33.6,25.3,0.0,77,28.0,19.6,0.3,81.0
2024-09-25,Azadpur APMC,1111.0,4063.0,9,monsoon,nashik,33.1,26.4,0.4,82,28.9,20.4,7.6,84.0
2024-09-26,Azadpur APMC,1054.7,4063.0,9,monsoon,nashik,31.4,25.3,0.4,82,28.6,20.9,1.3,85.0
2024-09-27,Azadpur APMC,1449.5,3844.0,9,monsoon,nashik,31.0,25.0,1.3,81,28.9,21.3,0.2,82.0
2024-09-28,Azadpur APMC,1355.4,3688.0,9,monsoon,nashik,30.6,23.1,0.0,81,28.7,21.2,3.6,86.0
2024-09-30,Azadpur APMC,106.4,3281.0,9,monsoon,nashik,33.0,23.6,0.0,78,29.8,21.9,12.4,88.0
2024-10-01,Azadpur APMC,1530.4,3281.0,10,post_monsoon,nashik,33.6,23.9,0.0,77,27.9,22.0,39.5,92.0
2024-10-03,Azadpur APMC,289.9,3531.0,10,post_monsoon,nashik,34.4,24.3,0.0,67,24.8,22.0,11.3,94.0
2024-10-04,Azadpur APMC,1299.6,3531.0,10,post_monsoon,nashik,33.9,23.9,0.0,69,26.8,22.0,46.7,89.0
2024-10-05,Azadpur APMC,220.3,3531.0,10,post_monsoon,nashik,34.1,24.1,0.0,67,27.8,21.5,1.3,89.0
2024-10-07,Azadpur APMC,127.4,3750.0,10,post_monsoon,nashik,32.9,22.3,0.0,68,30.9,21.1,0.2,82.0
2024-10-08,Azadpur APMC,1925.6,3500.0,10,post_monsoon,nashik,33.2,22.2,0.0,68,31.0,21.5,2.5,83.0
2024-10-09,Azadpur APMC,861.9,3500.0,10,post_monsoon,nashik,32.9,20.9,0.0,64,29.7,22.1,0.4,84.0
2024-10-10,Azadpur APMC,713.2,3500.0,10,post_monsoon,nashik,33.2,21.9,0.0,57,28.6,21.5,1.0,86.0
2024-10-11,Azadpur APMC,938.4,3500.0,10,post_monsoon,nashik,32.5,19.3,0.0,52,29.1,20.7,0.2,81.0
2024-10-12,Azadpur APMC,902.9,3500.0,10,post_monsoon,nashik,32.8,19.3,0.0,56,29.0,20.2,2.2,82.0
2024-10-14,Azadpur APMC,330.3,3500.0,10,post_monsoon,nashik,32.4,21.0,0.0,54,30.4,21.1,0.0,68.0
2024-10-15,Azadpur APMC,1930.4,3500.0,10,post_monsoon,nashik,32.7,19.3,0.0,55,29.2,22.1,9.1,83.0
2024-10-16,Azadpur APMC,868.6,3625.0,10,post_monsoon,nashik,33.0,19.3,0.0,55,28.0,21.1,8.9,86.0
2024-10-17,Azadpur APMC,686.9,3625.0,10,post_monsoon,nashik,33.7,21.1,0.0,59,28.4,21.5,12.3,89.0
2024-10-18,Azadpur APMC,1325.4,3625.0,10,post_monsoon,nashik,34.1,20.9,0.0,60,29.1,21.4,7.1,88.0
2024-10-19,Azadpur APMC,1596.3,3250.0,10,post_monsoon,nashik,34.4,21.8,0.0,60,29.3,21.3,5.7,88.0
2024-10-21,Azadpur APMC,543.3,3469.0,10,post_monsoon,nashik,32.8,21.1,0.0,66,29.3,21.1,0.4,85.0
2024-10-22,Azadpur APMC,2530.1,3188.0,10,post_monsoon,nashik,31.9,20.8,0.0,66,29.5,21.0,1.0,84.0
2024-10-23,Azadpur APMC,1118.1,3313.0,10,post_monsoon,nashik,32.8,20.5,0.0,61,27.1,21.7,0.0,84.0
2024-10-24,Azadpur APMC,1207.2,3313.0,10,post_monsoon,nashik,33.1,20.2,0.0,59,29.6,22.3,6.4,83.0
2024-10-25,Azadpur APMC,818.0,3156.0,10,post_monsoon,nashik,32.7,19.0,0.0,59,29.0,21.3,14.9,89.0
2024-10-26,Azadpur APMC,1023.8,3156.0,10,post_monsoon,nashik,32.0,19.3,0.0,62,27.3,20.8,19.7,90.0
2024-10-28,Azadpur APMC,169.8,3156.0,10,post_monsoon,nashik,31.9,21.3,0.0,68,28.9,20.3,0.9,86.0
2024-10-29,Azadpur APMC,1152.2,3031.0,10,post_monsoon,nashik,33.5,21.0,0.0,68,29.1,20.8,0.2,82.0
2024-10-30,Azadpur APMC,826.0,3031.0,10,post_monsoon,nashik,34.8,21.9,0.0,63,28.0,19.3,0.0,77.0
2024-11-01,Azadpur APMC,1203.8,2969.0,11,post_monsoon,nashik,32.7,19.4,0.0,52,29.5,17.5,0.0,70.0
2024-11-02,Azadpur APMC,768.9,2969.0,11,post_monsoon,nashik,32.0,17.9,0.0,55,30.5,17.2,0.0,68.0
2024-11-04,Azadpur APMC,305.0,3063.0,11,post_monsoon,nashik,30.7,17.4,0.0,64,31.0,19.8,0.0,64.0
2024-11-05,Azadpur APMC,1014.8,3188.0,11,post_monsoon,nashik,29.6,18.5,0.0,71,30.1,19.1,0.0,68.0
2024-11-06,Azadpur APMC,195.2,3281.0,11,post_monsoon,nashik,30.3,18.5,0.0,68,30.4,19.7,0.0,66.0
2024-11-07,Azadpur APMC,958.4,3281.0,11,post_monsoon,nashik,30.2,19.5,0.0,66,30.4,19.5,0.0,62.0
2024-11-08,Azadpur APMC,774.8,3188.0,11,post_monsoon,nashik,30.6,19.5,0.0,65,30.1,18.3,0.0,58.0
2024-11-09,Azadpur APMC,1436.4,3188.0,11,post_monsoon,nashik,31.0,20.0,0.0,65,30.4,18.1,0.0,63.0
2024-11-11,Azadpur APMC,335.5,3188.0,11,post_monsoon,nashik,29.9,19.3,0.0,73,29.8,18.3,0.0,61.0
2024-11-13,Azadpur APMC,2047.4,3000.0,11,post_monsoon,nashik,30.1,18.7,0.0,58,29.7,15.9,0.0,60.0
2024-11-18,Azadpur APMC,486.3,3594.0,11,post_monsoon,nashik,26.4,15.6,0.0,61,28.7,15.9,0.0,55.0
2024-11-19,Azadpur APMC,2169.7,3469.0,11,post_monsoon,nashik,25.9,13.7,0.0,54,29.4,16.5,0.0,50.0
2024-11-20,Azadpur APMC,1563.3,3469.0,11,post_monsoon,nashik,26.0,13.2,0.0,52,30.1,17.4,0.0,55.0
2024-11-21,Azadpur APMC,1399.0,3438.0,11,post_monsoon,nashik,25.8,13.1,0.0,53,30.9,19.6,0.0,57.0
2024-11-22,Azadpur APMC,1492.1,3438.0,11,post_monsoon,nashik,26.3,13.7,0.0,56,31.4,19.6,0.0,57.0
2024-11-23,Azadpur APMC,1483.2,3438.0,11,post_monsoon,nashik,27.5,14.2,0.0,54,30.3,19.1,0.0,55.0
2024-11-25,Azadpur APMC,534.8,3594.0,11,post_monsoon,nashik,25.9,14.9,0.0,59,28.2,16.3,0.0,50.0
2024-11-26,Azadpur APMC,1761.6,3594.0,11,post_monsoon,nashik,25.6,13.6,0.0,57,27.8,16.1,0.0,51.0
2024-11-27,Azadpur APMC,1441.4,3594.0,11,post_monsoon,nashik,25.9,13.2,0.0,52,28.2,16.1,0.0,53.0
2024-11-28,Azadpur APMC,1066.1,3594.0,11,post_monsoon,nashik,25.4,12.6,0.0,54,28.4,15.2,0.0,55.0
2024-11-29,Azadpur APMC,978.3,3594.0,11,post_monsoon,nashik,24.4,12.2,0.0,63,29.1,16.0,0.0,53.0
2024-11-30,Azadpur APMC,1123.0,3594.0,11,post_monsoon,nashik,24.8,12.2,0.0,63,28.4,16.3,0.0,55.0
2024-12-02,Azadpur APMC,411.2,3563.0,12,winter,nashik,25.7,13.4,0.0,61,27.8,14.7,0.0,49.0
2024-12-03,Azadpur APMC,1279.5,3563.0,12,winter,nashik,26.4,13.3,0.0,58,27.2,14.3,0.0,48.0
2024-12-04,Azadpur APMC,951.8,3500.0,12,winter,nashik,25.6,15.1,0.0,50,27.6,14.6,0.0,42.0
2024-12-05,Azadpur APMC,1135.0,3417.0,12,winter,nashik,23.6,11.6,0.0,46,27.0,14.1,0.0,45.0
2024-12-06,Azadpur APMC,928.9,3417.0,12,winter,nashik,23.6,11.1,0.0,48,27.1,13.7,0.0,48.0
2024-12-07,Azadpur APMC,1288.4,3417.0,12,winter,nashik,23.0,9.5,0.0,47,28.7,15.3,0.0,57.0
2024-12-09,Azadpur APMC,295.7,3083.0,12,winter,nashik,20.3,10.8,0.0,66,29.7,20.0,0.7,67.0
2024-12-10,Azadpur APMC,1593.8,3208.0,12,winter,nashik,20.2,9.5,0.0,54,29.8,21.4,0.3,72.0
2024-12-11,Azadpur APMC,1300.5,3000.0,12,winter,nashik,20.3,8.1,0.0,48,29.8,20.4,0.8,76.0
2024-12-12,Azadpur APMC,1103.4,2917.0,12,winter,nashik,20.6,7.2,0.0,53,30.9,20.5,0.0,71.0
2024-12-13,Azadpur APMC,1205.8,2917.0,12,winter,nashik,20.5,9.1,0.0,48,29.6,18.2,0.0,61.0
2024-12-14,Azadpur APMC,1092.9,2917.0,12,winter,nashik,20.7,8.5,0.0,45,27.7,15.0,0.0,49.0
2024-12-16,Azadpur APMC,418.2,2917.0,12,winter,nashik,20.9,6.6,0.0,70,25.9,12.8,0.0,51.0
2024-12-17,Azadpur APMC,1932.3,2917.0,12,winter,nashik,20.4,7.3,0.0,75,27.6,13.9,0.0,57.0
2024-12-18,Azadpur APMC,1656.5,1750.0,12,winter,nashik,21.0,7.3,0.0,70,27.8,14.6,0.0,61.0
2024-12-19,Azadpur APMC,1336.7,1708.0,12,winter,nashik,21.1,7.7,0.0,63,26.1,14.2,0.0,57.0
2024-12-20,Azadpur APMC,1451.2,1708.0,12,winter,nashik,23.0,9.9,0.0,65,26.1,12.7,0.0,52.0
2024-12-21,Azadpur APMC,1666.8,1708.0,12,winter,nashik,22.1,8.7,0.0,66,26.8,13.0,0.0,49.0
2024-12-23,Azadpur APMC,365.2,1708.0,12,winter,nashik,18.2,11.3,0.6,68,28.7,12.9,0.0,45.0
2024-12-24,Azadpur APMC,2403.8,1583.0,12,winter,nashik,18.7,11.3,2.5,78,28.8,13.6,0.0,48.0
2024-12-25,Azadpur APMC,1184.6,1583.0,12,winter,nashik,20.6,10.1,0.0,78,29.1,13.0,0.0,47.0
2024-12-26,Azadpur APMC,1082.2,1583.0,12,winter,nashik,22.5,9.7,0.0,70,28.4,14.9,0.0,59.0
2024-12-27,Azadpur APMC,1011.4,1583.0,12,winter,nashik,16.8,14.1,31.9,85,29.1,15.9,0.0,62.0
2024-12-28,Azadpur APMC,1214.6,1833.0,12,winter,nashik,18.2,12.1,2.9,89,28.1,15.1,0.0,77.0
2024-12-30,Azadpur APMC,391.5,1833.0,12,winter,nashik,18.3,9.5,0.0,87,26.9,16.8,0.0,70.0
2024-12-31,Azadpur APMC,1348.1,1833.0,12,winter,nashik,16.0,7.6,0.0,89,28.6,17.2,0.0,68.0
2025-01-03,Azadpur APMC,968.5,1833.0,1,winter,nashik,19.5,8.2,0.0,89,26.6,19.1,1.0,75.0
2025-01-04,Azadpur APMC,1445.8,1833.0,1,winter,nashik,20.9,8.0,0.0,90,27.6,17.4,0.1,75.0
2025-01-06,Azadpur APMC,182.7,1833.0,1,winter,nashik,18.1,9.3,4.3,89,29.0,18.1,0.0,72.0
2025-01-07,Azadpur APMC,608.9,1833.0,1,winter,nashik,17.7,10.2,0.0,88,28.6,17.7,0.0,71.0
2025-01-08,Azadpur APMC,264.6,1792.0,1,winter,nashik,18.4,8.5,0.0,76,29.7,15.7,0.0,64.0
2025-01-09,Azadpur APMC,464.3,1792.0,1,winter,nashik,18.6,7.3,0.0,79,29.3,15.6,0.0,54.0
2025-01-10,Azadpur APMC,1187.6,1792.0,1,winter,nashik,17.8,8.0,0.0,86,29.5,14.6,0.0,46.0
2025-01-11,Azadpur APMC,816.5,1792.0,1,winter,nashik,16.8,7.6,7.6,88,29.5,15.8,0.0,45.0
2025-01-13,Azadpur APMC,252.9,1792.0,1,winter,nashik,19.2,8.0,0.0,86,26.8,15.0,0.0,60.0
2025-01-14,Azadpur APMC,1120.4,1792.0,1,winter,nashik,18.4,7.8,0.0,84,27.0,13.1,0.0,60.0
2025-01-15,Azadpur APMC,807.3,1792.0,1,winter,nashik,18.4,8.7,2.9,87,27.6,13.3,0.0,54.0
2025-01-16,Azadpur APMC,704.2,1938.0,1,winter,nashik,18.2,11.2,1.3,83,27.8,13.2,0.0,49.0
2025-01-17,Azadpur APMC,682.1,1969.0,1,winter,nashik,19.0,8.7,0.0,81,28.2,14.7,0.0,58.0
2025-01-18,Azadpur APMC,648.6,1969.0,1,winter,nashik,17.8,7.6,0.0,88,28.2,15.4,0.0,61.0
2025-01-20,Azadpur APMC,436.4,1969.0,1,winter,nashik,22.0,11.2,0.0,83,29.8,15.1,0.0,63.0
2025-01-21,Azadpur APMC,1137.1,1969.0,1,winter,nashik,21.9,10.4,0.0,80,30.5,18.6,0.0,60.0
2025-01-22,Azadpur APMC,701.2,1969.0,1,winter,nashik,22.7,9.7,0.0,77,29.9,17.0,0.1,64.0
2025-01-23,Azadpur APMC,956.5,1969.0,1,winter,nashik,22.1,11.6,0.8,71,28.6,17.1,0.0,64.0
2025-01-24,Azadpur APMC,958.5,1969.0,1,winter,nashik,21.0,10.2,0.0,68,28.5,16.3,0.0,54.0
2025-01-25,Azadpur APMC,1582.4,2169.0,1,winter,nashik,20.8,9.0,0.0,65,29.7,15.5,0.0,50.0
2025-01-27,Azadpur APMC,136.8,2169.0,1,winter,nashik,21.5,7.3,0.0,65,30.4,15.9,0.0,49.0
2025-01-28,Azadpur APMC,636.4,2169.0,1,winter,nashik,22.7,7.8,0.0,60,31.4,16.5,0.0,51.0
2025-01-29,Azadpur APMC,521.6,2169.0,1,winter,nashik,24.5,9.6,0.0,62,30.7,17.0,0.0,53.0
2025-01-30,Azadpur APMC,523.2,2169.0,1,winter,nashik,25.4,11.2,0.0,65,30.8,17.0,0.0,54.0
2025-01-31,Azadpur APMC,731.8,2169.0,1,winter,nashik,26.5,12.4,0.0,66,32.4,17.5,0.0,57.0
2025-02-01,Azadpur APMC,812.3,2094.0,2,winter,nashik,25.9,12.4,0.0,63,32.9,17.9,0.0,55.0
2025-02-03,Azadpur APMC,291.5,2094.0,2,winter,nashik,22.8,10.5,1.0,67,33.8,18.3,0.0,45.0
2025-02-04,Azadpur APMC,1712.7,2000.0,2,winter,nashik,22.5,12.8,0.6,69,34.0,18.1,0.0,36.0
2025-02-06,Azadpur APMC,135.4,2000.0,2,winter,nashik,21.0,10.7,0.0,55,31.7,17.3,0.0,39.0
2025-02-07,Azadpur APMC,883.9,2000.0,2,winter,nashik,20.9,10.4,0.0,55,31.0,16.1,0.0,39.0
2025-02-08,Azadpur APMC,751.9,2000.0,2,winter,nashik,23.2,10.8,0.0,55,31.9,16.8,0.0,41.0
2025-02-10,Azadpur APMC,266.0,2000.0,2,winter,nashik,27.4,11.4,0.0,60,32.1,18.2,0.0,41.0
2025-02-11,Azadpur APMC,1063.4,2000.0,2,winter,nashik,28.2,11.8,0.0,62,30.4,16.8,0.0,35.0
2025-02-12,Azadpur APMC,818.5,2000.0,2,winter,nashik,25.3,13.6,0.0,52,30.9,17.2,0.0,46.0
2025-02-13,Azadpur APMC,596.2,2250.0,2,winter,nashik,23.5,13.5,0.0,48,32.6,17.8,0.0,48.0
2025-02-14,Azadpur APMC,861.4,2250.0,2,winter,nashik,24.7,12.3,0.0,43,33.2,18.5,0.0,47.0
2025-02-15,Azadpur APMC,961.0,2813.0,2,winter,nashik,25.3,13.0,0.0,49,33.4,19.5,0.0,44.0
2025-02-17,Azadpur APMC,174.3,2813.0,2,winter,nashik,28.8,15.5,0.0,54,33.6,19.3,0.0,35.0
2025-02-18,Azadpur APMC,1357.1,2625.0,2,winter,nashik,26.4,16.3,0.0,55,32.8,16.4,0.0,34.0
2025-02-19,Azadpur APMC,541.6,2625.0,2,winter,nashik,27.6,13.8,0.5,49,32.5,16.9,0.0,36.0
2025-02-20,Azadpur APMC,661.4,2625.0,2,winter,nashik,24.0,15.1,5.0,69,32.2,16.9,0.0,38.0
2025-02-21,Azadpur APMC,1175.8,2625.0,2,winter,nashik,24.7,13.6,0.3,73,33.6,18.0,0.0,31.0
2025-02-22,Azadpur APMC,1642.0,2813.0,2,winter,nashik,23.6,13.4,0.0,69,33.4,18.2,0.0,28.0
2025-02-24,Azadpur APMC,324.1,2813.0,2,winter,nashik,26.6,13.0,0.0,60,34.2,19.4,0.0,33.0
2025-02-26,Azadpur APMC,1201.4,2594.0,2,winter,nashik,30.8,18.4,0.0,50,32.9,18.4,0.0,32.0
2025-02-27,Azadpur APMC,819.1,2594.0,2,winter,nashik,23.1,18.8,2.8,70,33.3,19.3,0.0,27.0
2025-02-28,Azadpur APMC,1160.9,2594.0,2,winter,nashik,23.3,17.9,10.1,74,34.3,18.6,0.0,28.0
2025-03-01,Azadpur APMC,1293.9,2594.0,3,summer,nashik,24.0,15.3,7.8,82,34.1,19.5,0.0,28.0
2025-03-03,Azadpur APMC,414.5,2250.0,3,summer,nashik,27.1,12.5,0.0,59,33.4,18.9,0.0,30.0
2025-03-04,Azadpur APMC,969.1,2250.0,3,summer,nashik,24.6,15.1,0.0,60,33.8,19.7,0.0,32.0
2025-03-05,Azadpur APMC,681.3,2250.0,3,summer,nashik,22.8,12.5,0.0,46,34.9,20.4,0.0,33.0
2025-03-06,Azadpur APMC,978.6,2250.0,3,summer,nashik,26.7,12.6,0.0,41,36.0,20.8,0.0,34.0
2025-03-07,Azadpur APMC,471.1,2094.0,3,summer,nashik,28.6,12.4,0.0,44,35.8,21.9,0.0,34.0
2025-03-08,Azadpur APMC,757.6,2094.0,3,summer,nashik,30.2,14.4,0.0,43,34.3,20.9,0.0,31.0
2025-03-10,Azadpur APMC,246.7,2094.0,3,summer,nashik,32.4,19.6,0.0,43,35.0,20.3,0.0,31.0
2025-03-11,Azadpur APMC,2567.6,1563.0,3,summer,nashik,34.5,20.3,0.0,46,33.0,19.4,0.0,25.0
2025-03-12,Azadpur APMC,1277.2,1538.0,3,summer,nashik,32.9,19.5,0.0,50,34.2,16.6,0.0,18.0
2025-03-13,Azadpur APMC,1074.3,1538.0,3,summer,nashik,32.2,20.5,3.5,52,35.1,18.6,0.0,19.0
2025-03-15,Azadpur APMC,286.2,1538.0,3,summer,nashik,31.2,19.1,0.3,52,36.1,20.9,0.0,24.0
2025-03-17,Azadpur APMC,71.7,1538.0,3,summer,nashik,28.4,17.1,0.0,45,37.0,22.6,0.0,29.0
2025-03-18,Azadpur APMC,79.3,1625.0,3,summer,nashik,29.9,17.1,0.0,44,37.8,22.7,0.0,28.0
2025-03-19,Azadpur APMC,1086.2,1438.0,3,summer,nashik,32.1,17.9,0.0,39,37.4,22.7,0.0,28.0
2025-03-20,Azadpur APMC,1086.2,1438.0,3,summer,nashik,32.8,18.8,0.0,34,36.4,22.1,0.0,21.0
2025-03-21,Azadpur APMC,883.4,1438.0,3,summer,nashik,32.0,18.9,0.0,33,37.5,22.0,0.0,23.0
2025-03-22,Azadpur APMC,663.2,1531.0,3,summer,nashik,31.4,18.0,0.0,33,36.0,22.7,0.0,25.0
2025-03-24,Azadpur APMC,223.4,1531.0,3,summer,nashik,34.3,20.0,0.0,32,36.7,20.6,0.0,28.0
2025-03-25,Azadpur APMC,1159.9,1531.0,3,summer,nashik,36.8,21.0,0.0,32,36.5,20.8,0.0,24.0
2025-03-26,Azadpur APMC,1294.7,1625.0,3,summer,nashik,38.6,22.3,0.0,30,34.4,21.0,0.0,23.0
2025-03-27,Azadpur APMC,1305.0,1625.0,3,summer,nashik,36.5,23.7,0.0,27,33.9,20.6,0.0,28.0
2025-03-28,Azadpur APMC,1508.3,1625.0,3,summer,nashik,31.3,21.8,0.0,24,34.9,18.8,0.0,24.0
2025-03-29,Azadpur APMC,1273.0,1563.0,3,summer,nashik,29.3,16.2,0.0,21,36.0,20.0,0.0,21.0
2025-04-01,Azadpur APMC,639.1,1563.0,4,summer,nashik,33.8,19.1,0.0,19,37.2,22.1,0.0,31.0
2025-04-02,Azadpur APMC,889.3,1563.0,4,summer,nashik,35.8,18.7,0.0,20,34.9,21.3,0.0,37.0
2025-04-03,Azadpur APMC,570.1,1563.0,4,summer,nashik,37.9,20.5,0.0,18,37.4,20.9,0.0,36.0
2025-04-04,Azadpur APMC,492.7,1594.0,4,summer,nashik,37.2,22.3,0.0,17,37.9,23.4,0.0,18.0
2025-04-05,Azadpur APMC,593.8,1594.0,4,summer,nashik,35.5,21.8,0.0,22,39.0,24.1,0.0,18.0
2025-04-07,Azadpur APMC,178.2,1594.0,4,summer,nashik,40.3,24.4,0.0,23,38.3,25.4,0.1,25.0
2025-04-08,Azadpur APMC,870.1,1594.0,4,summer,nashik,40.2,25.7,0.0,23,37.1,24.4,1.2,40.0
2025-04-09,Azadpur APMC,870.9,1594.0,4,summer,nashik,41.0,26.4,0.0,26,35.9,22.1,5.9,48.0
2025-04-10,Azadpur APMC,1125.4,1594.0,4,summer,nashik,38.9,27.1,0.6,32,35.3,21.6,0.0,54.0
2025-04-11,Azadpur APMC,1563.9,1594.0,4,summer,nashik,34.6,22.4,11.3,58,38.2,21.9,0.0,26.0
2025-04-12,Azadpur APMC,1529.2,1594.0,4,summer,nashik,35.0,20.5,0.3,54,38.9,24.3,0.0,18.0
2025-04-14,Azadpur APMC,221.0,1594.0,4,summer,nashik,35.9,23.0,0.0,40,40.3,24.7,0.0,16.0
2025-04-15,Azadpur APMC,1711.6,1594.0,4,summer,nashik,37.2,25.2,0.0,34,40.1,26.5,0.0,18.0
2025-04-19,Azadpur APMC,942.4,1063.0,4,summer,nashik,40.4,27.7,0.0,41,36.5,21.0,0.0,48.0
2025-04-21,Azadpur APMC,117.5,1063.0,4,summer,nashik,40.5,26.3,0.0,25,38.5,24.7,0.0,25.0
2025-04-22,Azadpur APMC,1257.2,1063.0,4,summer,nashik,39.7,24.4,0.0,10,38.3,23.8,0.0,30.0
2025-04-23,Azadpur APMC,837.8,1094.0,4,summer,nashik,39.4,23.6,0.0,12,38.7,23.5,0.0,35.0
2025-04-24,Azadpur APMC,878.0,1094.0,4,summer,nashik,40.7,24.2,0.0,11,38.6,23.0,0.0,37.0
2025-04-25,Azadpur APMC,1250.0,1094.0,4,summer,nashik,41.4,25.5,0.0,13,37.7,24.6,0.0,33.0
2025-04-26,Azadpur APMC,914.9,1094.0,4,summer,nashik,42.4,26.3,0.0,13,36.9,22.6,0.0,37.0
2025-04-28,Azadpur APMC,112.6,1219.0,4,summer,nashik,41.4,26.7,0.0,20,41.2,24.2,0.0,27.0
2025-04-29,Azadpur APMC,1150.1,1219.0,4,summer,nashik,37.9,25.3,0.0,34,39.9,24.5,0.0,23.0
2025-04-30,Azadpur APMC,749.3,1156.0,4,summer,nashik,37.3,26.7,0.1,36,39.3,25.5,0.0,26.0
2025-05-01,Azadpur APMC,1045.1,1156.0,5,summer,nashik,37.7,26.4,0.0,36,38.4,24.0,0.0,29.0
2025-05-02,Azadpur APMC,976.3,1156.0,5,summer,nashik,28.8,21.8,14.6,66,37.6,24.3,0.0,29.0
2025-05-03,Azadpur APMC,1109.9,1156.0,5,summer,nashik,35.7,24.0,3.8,54,39.0,21.8,0.0,35.0
2025-05-05,Azadpur APMC,95.6,1156.0,5,summer,nashik,35.2,24.2,1.7,58,38.6,23.2,0.0,41.0
2025-05-06,Azadpur APMC,1142.5,938.0,5,summer,nashik,34.0,22.2,1.2,64,38.4,23.6,0.0,37.0
2025-05-07,Azadpur APMC,599.6,938.0,5,summer,nashik,32.1,23.7,2.7,65,39.8,25.6,0.0,28.0
2025-05-08,Azadpur APMC,599.6,938.0,5,summer,nashik,31.8,23.6,4.1,65,39.4,24.7,0.0,25.0
2025-05-09,Azadpur APMC,867.2,1125.0,5,summer,nashik,37.5,24.8,0.8,50,37.1,23.7,0.0,36.0
2025-05-10,Azadpur APMC,828.4,1125.0,5,summer,nashik,37.5,26.2,6.7,54,34.0,21.9,0.0,58.0
2025-05-12,Azadpur APMC,61.1,1125.0,5,summer,nashik,39.8,25.6,0.0,33,33.7,21.7,0.5,65.0
2025-05-13,Azadpur APMC,1842.2,1125.0,5,summer,nashik,41.4,28.8,0.0,24,32.6,21.4,0.8,68.0
2025-05-14,Azadpur APMC,1095.4,1125.0,5,summer,nashik,41.3,28.5,0.0,22,30.8,21.4,3.8,74.0
2025-05-15,Azadpur APMC,772.3,1125.0,5,summer,nashik,41.9,29.7,0.0,22,31.6,20.7,2.2,70.0
2025-05-16,Azadpur APMC,1152.1,1125.0,5,summer,nashik,42.8,28.4,0.0,24,34.4,21.7,0.0,68.0
2025-05-17,Azadpur APMC,1283.8,1063.0,5,summer,nashik,43.0,29.4,0.0,30,35.3,22.3,1.4,67.0
2025-05-19,Azadpur APMC,87.8,1063.0,5,summer,nashik,41.8,28.7,0.0,45,33.7,23.0,12.7,77.0
2025-05-20,Azadpur APMC,1236.9,1000.0,5,summer,nashik,42.5,28.5,0.0,44,32.6,22.4,1.9,80.0
2025-05-21,Azadpur APMC,608.2,1000.0,5,summer,nashik,43.0,30.3,0.0,45,32.2,23.3,3.7,80.0
2025-05-22,Azadpur APMC,791.2,1000.0,5,summer,nashik,37.4,25.1,0.0,55,31.9,23.0,19.6,84.0
2025-05-23,Azadpur APMC,851.7,1000.0,5,summer,nashik,38.6,26.7,0.0,51,31.6,23.1,4.3,80.0
2025-05-24,Azadpur APMC,939.0,1000.0,5,summer,nashik,38.0,28.9,0.0,47,32.6,22.9,4.1,78.0
2025-05-26,Azadpur APMC,100.1,1094.0,5,summer,nashik,35.7,24.3,0.9,65,31.9,24.1,15.0,83.0
2025-05-27,Azadpur APMC,1082.0,1063.0,5,summer,nashik,36.3,26.4,0.0,62,30.1,22.8,7.3,78.0
2025-05-28,Azadpur APMC,1082.0,1063.0,5,summer,nashik,39.6,27.7,0.0,54,28.1,22.5,2.4,82.0
2025-05-29,Azadpur APMC,977.4,1063.0,5,summer,nashik,41.0,28.1,0.0,47,28.2,23.1,0.0,81.0
2025-05-30,Azadpur APMC,1420.9,1063.0,5,summer,nashik,36.4,28.6,0.0,41,27.2,23.5,1.7,81.0
2025-05-31,Azadpur APMC,960.4,1063.0,5,summer,nashik,41.3,27.5,0.8,40,30.7,23.4,16.9,83.0
2025-06-02,Azadpur APMC,180.0,1063.0,6,monsoon,nashik,37.5,24.8,0.3,44,30.3,23.4,2.8,84.0
2025-06-04,Azadpur APMC,824.5,1063.0,6,monsoon,nashik,36.7,25.3,0.5,55,31.9,23.4,2.3,81.0
2025-06-05,Azadpur APMC,778.3,1188.0,6,monsoon,nashik,37.2,24.1,0.1,49,31.1,23.7,0.0,77.0
2025-06-06,Azadpur APMC,948.8,1188.0,6,monsoon,nashik,38.7,26.3,0.0,40,30.7,23.7,0.8,79.0
2025-06-07,Azadpur APMC,595.1,1188.0,6,monsoon,nashik,41.7,28.4,0.0,36,30.0,22.4,0.9,80.0
2025-06-09,Azadpur APMC,112.6,1125.0,6,monsoon,nashik,43.8,30.2,0.0,28,29.3,21.7,0.7,80.0
2025-06-10,Azadpur APMC,1508.4,1125.0,6,monsoon,nashik,43.2,30.5,0.0,22,28.6,21.3,5.1,85.0
2025-06-12,Azadpur APMC,958.4,1250.0,6,monsoon,nashik,43.6,31.6,0.6,44,32.0,21.5,6.7,79.0
2025-06-13,Azadpur APMC,897.5,1250.0,6,monsoon,nashik,41.2,31.9,0.0,47,30.8,22.5,1.7,81.0
2025-06-14,Azadpur APMC,919.4,1250.0,6,monsoon,nashik,43.3,31.0,0.0,46,31.3,23.1,1.0,78.0
2025-06-16,Azadpur APMC,125.3,1250.0,6,monsoon,nashik,32.5,25.2,21.2,78,31.6,22.8,0.0,74.0
2025-06-17,Azadpur APMC,1567.2,1250.0,6,monsoon,nashik,34.0,25.4,17.6,80,32.1,23.2,0.0,75.0
2025-06-18,Azadpur APMC,854.7,1344.0,6,monsoon,nashik,33.3,24.2,4.9,77,33.2,24.5,8.1,79.0
2025-06-19,Azadpur APMC,972.1,1344.0,6,monsoon,nashik,32.9,27.3,0.1,76,30.1,23.3,44.4,87.0
2025-06-20,Azadpur APMC,1002.6,1344.0,6,monsoon,nashik,32.0,25.8,1.8,83,32.3,23.0,36.9,86.0
2025-06-21,Azadpur APMC,1180.1,1344.0,6,monsoon,nashik,35.3,26.4,1.4,75,29.7,23.2,2.8,84.0
2025-06-23,Azadpur APMC,170.9,1344.0,6,monsoon,nashik,36.9,28.3,0.4,68,27.5,22.0,5.6,88.0
2025-06-24,Azadpur APMC,1526.0,1406.0,6,monsoon,nashik,37.1,27.9,0.6,71,27.6,22.2,20.9,91.0
2025-06-25,Azadpur APMC,896.1,1406.0,6,monsoon,nashik,32.4,26.9,14.0,83,24.9,21.9,17.6,93.0
2025-06-26,Azadpur APMC,543.7,1406.0,6,monsoon,nashik,34.7,26.2,19.2,76,28.2,22.2,2.5,87.0
2025-06-27,Azadpur APMC,678.7,1406.0,6,monsoon,nashik,33.8,27.8,2.2,75,26.2,21.8,6.8,89.0
2025-06-28,Azadpur APMC,968.3,1406.0,6,monsoon,nashik,36.7,25.9,5.0,72,26.9,21.9,5.3,90.0
2025-06-30,Azadpur APMC,235.5,1406.0,6,monsoon,nashik,32.1,25.5,23.3,87,25.2,22.2,14.9,92.0
2025-07-01,Azadpur APMC,1329.4,1406.0,7,monsoon,nashik,33.4,25.1,11.0,83,27.2,22.1,6.3,89.0
2025-07-02,Azadpur APMC,1112.4,1406.0,7,monsoon,nashik,33.1,27.1,3.3,80,25.2,21.9,14.1,94.0
2025-07-03,Azadpur APMC,1239.7,1406.0,7,monsoon,nashik,33.4,26.9,0.5,78,25.3,22.0,7.5,93.0
2025-07-04,Azadpur APMC,972.7,1406.0,7,monsoon,nashik,34.4,26.9,0.4,77,26.0,21.3,10.6,91.0
2025-07-05,Azadpur APMC,743.3,1406.0,7,monsoon,nashik,35.9,26.4,4.1,75,24.9,22.0,9.4,92.0
2025-07-07,Azadpur APMC,250.8,1406.0,7,monsoon,nashik,33.4,26.1,14.1,83,26.0,22.1,7.2,91.0
2025-07-08,Azadpur APMC,1010.1,1469.0,7,monsoon,nashik,34.3,27.2,0.1,76,26.1,22.2,9.6,90.0
2025-07-09,Azadpur APMC,726.0,1469.0,7,monsoon,nashik,32.0,27.0,9.3,81,26.7,21.5,7.7,89.0
2025-07-10,Azadpur APMC,927.6,1469.0,7,monsoon,nashik,29.9,26.0,2.2,85,25.5,21.7,5.8,92.0
2025-07-11,Azadpur APMC,919.6,1469.0,7,monsoon,nashik,31.9,25.9,0.8,81,26.6,22.3,11.4,91.0
2025-07-14,Azadpur APMC,234.6,1469.0,7,monsoon,nashik,30.9,26.1,16.9,84,25.6,21.7,5.9,92.0
2025-07-15,Azadpur APMC,1368.2,1500.0,7,monsoon,nashik,32.3,25.8,6.1,83,25.5,22.1,5.9,94.0
2025-07-16,Azadpur APMC,864.9,1500.0,7,monsoon,nashik,32.5,25.3,5.0,83,28.4,22.0,1.2,86.0
2025-07-17,Azadpur APMC,1163.9,1469.0,7,monsoon,nashik,31.2,26.9,2.1,82,27.9,22.2,1.9,86.0
2025-07-18,Azadpur APMC,1054.8,1469.0,7,monsoon,nashik,32.3,26.5,2.5,80,27.7,22.3,2.8,85.0
2025-07-19,Azadpur APMC,1074.8,1469.0,7,monsoon,nashik,32.7,25.9,0.1,76,27.3,22.4,4.7,87.0
2025-07-21,Azadpur APMC,144.5,1469.0,7,monsoon,nashik,31.5,26.8,0.9,78,27.8,22.3,4.8,87.0
2025-07-22,Azadpur APMC,1057.1,1469.0,7,monsoon,nashik,34.5,26.2,0.3,75,28.5,22.5,2.6,85.0
2025-07-23,Azadpur APMC,932.2,1469.0,7,monsoon,nashik,33.5,27.2,4.0,78,28.9,22.3,0.6,83.0
2025-07-24,Azadpur APMC,609.0,1469.0,7,monsoon,nashik,35.6,26.3,1.1,72,27.8,22.0,0.2,83.0
2025-07-25,Azadpur APMC,595.7,1469.0,7,monsoon,nashik,36.4,26.7,0.0,67,28.5,22.2,1.7,84.0
2025-07-26,Azadpur APMC,967.8,1313.0,7,monsoon,nashik,36.0,27.4,2.8,72,27.7,21.9,3.4,86.0
2025-07-28,Azadpur APMC,215.9,1313.0,7,monsoon,nashik,37.5,28.6,0.4,65,26.8,22.3,2.0,88.0
2025-07-29,Azadpur APMC,1243.6,1313.0,7,monsoon,nashik,32.4,27.5,7.3,81,26.3,22.2,6.7,89.0
2025-07-30,Azadpur APMC,774.2,1313.0,7,monsoon,nashik,32.0,26.2,17.1,87,26.5,21.5,4.0,89.0
2025-07-31,Azadpur APMC,990.3,1313.0,7,monsoon,nashik,31.5,25.5,22.2,88,25.6,22.4,13.2,92.0
2025-08-01,Azadpur APMC,1016.4,1313.0,8,monsoon,nashik,32.0,25.7,6.8,85,25.0,22.4,9.3,93.0
2025-08-02,Azadpur APMC,1316.4,1313.0,8,monsoon,nashik,32.8,26.1,1.8,78,24.5,22.0,13.9,92.0
2025-08-04,Azadpur APMC,183.4,1313.0,8,monsoon,nashik,31.3,26.2,0.6,81,24.4,21.8,8.4,93.0
2025-08-06,Azadpur APMC,920.1,1313.0,8,monsoon,nashik,32.2,26.4,0.7,80,27.0,22.0,2.5,89.0
2025-08-07,Azadpur APMC,877.4,1313.0,8,monsoon,nashik,34.1,26.2,0.0,72,27.3,21.8,2.3,86.0
2025-08-08,Azadpur APMC,727.5,1313.0,8,monsoon,nashik,33.3,26.6,0.0,70,27.3,22.0,2.2,87.0
2025-08-09,Azadpur APMC,1052.2,1313.0,8,monsoon,nashik,30.9,26.4,10.8,84,27.8,21.7,1.8,85.0
2025-08-11,Azadpur APMC,152.3,1500.0,8,monsoon,nashik,34.0,26.7,2.9,77,28.5,21.5,1.7,83.0
2025-08-12,Azadpur APMC,1342.7,1500.0,8,monsoon,nashik,33.4,26.9,0.7,78,29.3,21.5,1.4,82.0
2025-08-13,Azadpur APMC,787.7,1500.0,8,monsoon,nashik,33.7,27.1,0.0,74,28.9,21.9,7.2,84.0
2025-08-14,Azadpur APMC,958.2,1500.0,8,monsoon,nashik,29.7,26.3,8.2,88,27.2,21.9,5.3,87.0
2025-08-16,Azadpur APMC,188.8,1500.0,8,monsoon,nashik,31.2,26.5,9.9,87,27.8,21.7,1.7,86.0
2025-08-18,Azadpur APMC,244.2,1500.0,8,monsoon,nashik,32.0,27.3,11.6,83,27.2,21.7,1.9,85.0
2025-08-19,Azadpur APMC,1346.1,1500.0,8,monsoon,nashik,32.0,26.8,5.9,81,27.8,21.8,5.7,89.0
2025-08-20,Azadpur APMC,1023.6,1500.0,8,monsoon,nashik,32.7,26.8,5.7,78,27.3,22.0,10.9,89.0
2025-08-21,Azadpur APMC,1147.3,1500.0,8,monsoon,nashik,33.8,25.3,15.2,76,27.1,21.9,8.8,90.0
2025-08-22,Azadpur APMC,1248.8,1406.0,8,monsoon,nashik,34.7,25.8,2.3,73,26.4,21.8,11.5,91.0
2025-08-23,Azadpur APMC,1208.9,1406.0,8,monsoon,nashik,32.6,25.9,9.6,83,27.8,21.5,4.6,88.0
2025-08-25,Azadpur APMC,226.3,1406.0,8,monsoon,nashik,29.5,24.7,11.6,88,26.7,22.1,22.7,93.0
2025-08-26,Azadpur APMC,1660.3,1406.0,8,monsoon,nashik,30.1,25.3,6.1,88,23.8,22.3,10.0,93.0
2025-08-27,Azadpur APMC,1017.0,1281.0,8,monsoon,nashik,32.7,25.4,1.1,85,26.3,22.0,9.8,91.0
2025-08-28,Azadpur APMC,1070.8,1281.0,8,monsoon,nashik,32.6,25.7,10.3,85,25.8,21.8,5.7,89.0
2025-08-29,Azadpur APMC,954.1,1281.0,8,monsoon,nashik,31.7,25.1,9.1,87,25.0,21.3,7.2,90.0
2025-08-30,Azadpur APMC,1259.5,1281.0,8,monsoon,nashik,31.9,26.2,3.3,83,25.7,21.4,6.9,90.0
2025-09-01,Azadpur APMC,198.7,1281.0,9,monsoon,nashik,29.1,24.3,31.6,92,27.0,21.8,7.0,90.0
2025-09-02,Azadpur APMC,943.1,1281.0,9,monsoon,nashik,27.0,24.0,30.0,92,26.1,22.0,6.4,89.0
2025-09-03,Azadpur APMC,1207.6,1281.0,9,monsoon,nashik,29.2,24.2,21.0,88,26.4,21.8,11.7,91.0
2025-09-04,Azadpur APMC,980.2,1281.0,9,monsoon,nashik,31.7,23.9,10.1,86,26.8,21.5,14.3,91.0
2025-09-05,Azadpur APMC,1003.6,1281.0,9,monsoon,nashik,31.2,25.6,5.2,84,27.3,21.7,4.8,89.0
2025-09-06,Azadpur APMC,1099.1,1281.0,9,monsoon,nashik,31.6,24.6,9.3,85,27.2,21.7,1.9,88.0
2025-09-08,Azadpur APMC,287.6,1281.0,9,monsoon,nashik,32.1,25.2,0.7,82,26.6,21.8,1.6,87.0
2025-09-09,Azadpur APMC,1252.1,1281.0,9,monsoon,nashik,32.5,25.9,0.5,76,26.4,21.9,3.2,87.0
2025-09-10,Azadpur APMC,1122.5,1281.0,9,monsoon,nashik,33.3,25.7,0.0,73,24.6,21.2,10.2,92.0
2025-09-11,Azadpur APMC,868.5,1281.0,9,monsoon,nashik,33.1,25.0,0.0,68,26.2,22.0,10.1,91.0
2025-09-12,Azadpur APMC,1248.8,1063.0,9,monsoon,nashik,33.9,25.0,0.2,65,24.0,20.9,43.4,94.0
2025-09-13,Azadpur APMC,1211.2,1063.0,9,monsoon,nashik,35.6,26.8,0.3,58,25.7,20.9,6.5,90.0
2025-09-15,Azadpur APMC,251.6,1063.0,9,monsoon,nashik,36.8,28.0,0.0,52,28.1,20.3,0.1,83.0
2025-09-16,Azadpur APMC,1500.8,1063.0,9,monsoon,nashik,37.0,27.8,0.0,54,28.7,19.4,1.4,81.0
2025-09-18,Azadpur APMC,1393.8,1063.0,9,monsoon,nashik,35.1,25.5,2.2,65,26.2,20.2,0.9,85.0
2025-09-19,Azadpur APMC,874.8,1063.0,9,monsoon,nashik,35.4,27.3,0.8,61,28.2,21.1,17.6,89.0
2025-09-20,Azadpur APMC,628.2,1063.0,9,monsoon,nashik,36.3,27.0,0.0,55,28.3,21.8,31.3,90.0
2025-09-22,Azadpur APMC,89.5,1063.0,9,monsoon,nashik,37.1,26.6,0.0,49,26.5,21.5,4.1,89.0
2025-09-24,Azadpur APMC,243.8,1063.0,9,monsoon,nashik,36.3,26.2,0.0,49,27.8,21.7,10.7,89.0
2025-09-26,Azadpur APMC,462.8,1063.0,9,monsoon,nashik,37.0,25.8,0.0,53,27.1,21.7,5.3,90.0
2025-09-27,Azadpur APMC,859.6,1063.0,9,monsoon,nashik,38.5,26.9,0.4,54,28.1,22.1,2.0,88.0
2025-09-29,Azadpur APMC,224.6,1063.0,9,monsoon,nashik,36.9,28.2,0.2,56,27.1,21.5,1.8,87.0
2025-09-30,Azadpur APMC,1108.9,1063.0,9,monsoon,nashik,34.2,24.9,7.3,68,27.2,21.1,1.5,85.0
2025-10-01,Azadpur APMC,750.1,1063.0,10,post_monsoon,nashik,33.1,24.0,3.1,76,28.2,20.7,1.3,83.0
2025-10-03,Azadpur APMC,648.4,1063.0,10,post_monsoon,nashik,33.7,24.8,0.7,72,28.0,22.2,12.6,88.0
2025-10-06,Azadpur APMC,176.2,1063.0,10,post_monsoon,nashik,29.3,22.4,17.7,84,26.9,20.5,1.0,87.0
2025-10-07,Azadpur APMC,1142.5,1063.0,10,post_monsoon,nashik,28.8,20.9,6.7,86,27.3,20.8,0.4,85.0
2025-10-08,Azadpur APMC,755.9,1063.0,10,post_monsoon,nashik,26.2,20.4,0.7,86,27.7,20.5,2.3,85.0
2025-10-09,Azadpur APMC,1049.8,1063.0,10,post_monsoon,nashik,28.4,20.5,0.1,75,28.7,21.1,1.4,86.0
2025-10-10,Azadpur APMC,1857.4,1063.0,10,post_monsoon,nashik,28.6,19.4,0.0,68,28.6,21.3,2.7,87.0
2025-10-11,Azadpur APMC,1640.8,1063.0,10,post_monsoon,nashik,29.0,19.4,0.0,69,26.8,20.7,1.9,87.0
2025-10-13,Azadpur APMC,349.6,1063.0,10,post_monsoon,nashik,31.7,20.6,0.0,58,27.1,19.9,2.2,87.0
2025-10-14,Azadpur APMC,2141.2,1063.0,10,post_monsoon,nashik,31.8,21.0,0.0,53,28.2,19.7,0.1,79.0
2025-10-15,Azadpur APMC,1634.3,1063.0,10,post_monsoon,nashik,31.9,21.1,0.0,50,28.6,19.7,0.0,70.0
2025-10-16,Azadpur APMC,733.8,1063.0,10,post_monsoon,nashik,31.5,20.2,0.0,53,29.0,19.0,0.0,67.0
2025-10-17,Azadpur APMC,722.6,1063.0,10,post_monsoon,nashik,32.2,20.3,0.0,55,28.8,19.0,0.0,67.0
2025-10-18,Azadpur APMC,1312.6,1063.0,10,post_monsoon,nashik,33.3,21.7,0.0,55,29.0,18.8,0.0,63.0
2025-10-21,Azadpur APMC,684.1,1063.0,10,post_monsoon,nashik,31.0,23.4,0.6,59,30.4,19.4,0.2,61.0
2025-10-23,Azadpur APMC,449.4,1063.0,10,post_monsoon,nashik,31.8,20.7,0.0,46,31.1,21.8,0.1,67.0
2025-10-24,Azadpur APMC,1438.1,1063.0,10,post_monsoon,nashik,32.2,20.0,0.0,46,30.9,21.8,0.3,69.0
2025-10-25,Azadpur APMC,506.7,1063.0,10,post_monsoon,nashik,31.9,20.2,0.0,45,29.8,21.9,0.5,68.0
2025-10-27,Azadpur APMC,123.8,1063.0,10,post_monsoon,nashik,30.6,19.9,0.0,54,30.0,21.0,2.6,72.0
2025-10-28,Azadpur APMC,1060.1,1063.0,10,post_monsoon,nashik,27.5,21.7,0.0,68,30.5,21.9,0.7,77.0
2025-10-29,Azadpur APMC,797.1,1063.0,10,post_monsoon,nashik,29.3,20.1,0.0,67,31.2,22.7,0.0,71.0
2025-10-30,Azadpur APMC,705.8,1063.0,10,post_monsoon,nashik,27.8,22.6,0.0,73,30.1,22.1,3.6,76.0
2025-10-31,Azadpur APMC,1618.8,1063.0,10,post_monsoon,nashik,30.6,21.7,0.2,73,29.4,21.3,11.8,88.0
2025-11-01,Azadpur APMC,2051.0,1063.0,11,post_monsoon,nashik,31.1,20.6,0.0,61,27.9,21.2,29.6,91.0
2025-11-03,Azadpur APMC,477.6,1063.0,11,post_monsoon,nashik,30.7,17.8,0.0,52,28.4,21.5,3.6,86.0
2025-11-04,Azadpur APMC,1637.9,1068.0,11,post_monsoon,nashik,29.8,18.6,0.0,59,26.4,21.4,6.9,89.0
2025-11-05,Azadpur APMC,1985.6,1063.0,11,post_monsoon,nashik,29.5,19.4,0.0,61,25.2,21.1,4.0,88.0
2025-11-06,Azadpur APMC,1345.1,1063.0,11,post_monsoon,nashik,26.7,16.1,0.0,45,27.9,19.7,1.3,88.0
2025-11-10,Azadpur APMC,301.1,1063.0,11,post_monsoon,nashik,27.4,13.6,0.0,46,26.6,20.4,0.6,84.0
2025-12-01,Azadpur APMC,501.1,1225.0,12,winter,nashik,24.5,9.8,0.0,50,29.7,19.3,0.0,62.0
2025-12-02,Azadpur APMC,1748.1,1719.0,12,winter,nashik,25.5,12.7,0.0,56,29.8,18.5,0.0,58.0
2025-12-03,Azadpur APMC,941.0,1719.0,12,winter,nashik,23.0,10.2,0.0,55,28.4,17.8,0.0,58.0
2025-12-04,Azadpur APMC,1145.7,1719.0,12,winter,nashik,22.1,9.4,0.0,56,27.8,17.5,0.0,64.0
2025-12-05,Azadpur APMC,1278.7,1719.0,12,winter,nashik,22.1,8.3,0.0,56,26.7,15.8,0.0,53.0
2025-12-06,Azadpur APMC,893.2,984.0,12,winter,nashik,23.8,10.1,0.0,53,26.5,14.6,0.0,49.0
2025-12-08,Azadpur APMC,288.4,984.0,12,winter,nashik,25.4,11.7,0.0,53,27.0,14.0,0.0,56.0
2025-12-09,Azadpur APMC,1299.0,1054.0,12,winter,nashik,24.6,11.7,0.0,54,27.0,13.8,0.0,60.0
2025-12-10,Azadpur APMC,963.0,1054.0,12,winter,nashik,24.3,11.7,0.0,57,27.2,15.3,0.0,61.0
2025-12-11,Azadpur APMC,809.5,1054.0,12,winter,nashik,24.8,10.5,0.0,61,27.4,15.1,0.0,62.0
2025-12-15,Azadpur APMC,402.0,1054.0,12,winter,nashik,23.4,10.3,0.0,74,27.9,13.3,0.0,42.0
2025-12-16,Azadpur APMC,1325.2,1786.0,12,winter,nashik,23.5,11.6,0.0,69,27.7,13.6,0.0,41.0
2025-12-17,Azadpur APMC,958.1,1786.0,12,winter,nashik,23.9,11.4,0.0,71,27.0,12.8,0.0,44.0
2025-12-18,Azadpur APMC,1354.9,1786.0,12,winter,nashik,22.6,11.1,0.0,76,27.4,13.5,0.0,44.0
2025-12-19,Azadpur APMC,1010.3,1786.0,12,winter,nashik,22.0,10.5,0.0,78,28.5,13.6,0.0,45.0
2025-12-20,Azadpur APMC,669.9,1786.0,12,winter,nashik,22.0,9.3,0.0,77,28.2,14.5,0.0,49.0
2025-12-22,Azadpur APMC,435.8,1461.0,12,winter,nashik,21.7,11.6,0.0,81,27.4,13.3,0.0,52.0
2025-12-23,Azadpur APMC,1229.0,1461.0,12,winter,nashik,23.2,11.5,0.0,80,28.7,13.7,0.0,57.0
2025-12-24,Azadpur APMC,985.3,1461.0,12,winter,nashik,21.4,11.6,0.0,68,28.9,14.1,0.0,51.0
2025-12-25,Azadpur APMC,987.6,1461.0,12,winter,nashik,21.5,9.2,0.0,63,29.0,13.8,0.0,43.0
2025-12-26,Azadpur APMC,1365.7,1461.0,12,winter,nashik,20.9,9.9,0.0,70,28.4,13.8,0.0,40.0
2025-12-27,Azadpur APMC,1122.4,1461.0,12,winter,nashik,20.5,9.3,0.0,77,26.5,13.6,0.0,41.0
2025-12-29,Azadpur APMC,482.7,1461.0,12,winter,nashik,19.7,10.5,0.0,82,27.8,13.7,0.0,47.0
2025-12-30,Azadpur APMC,1301.7,1429.0,12,winter,nashik,20.5,9.7,0.0,79,26.8,13.8,0.0,46.0
2025-12-31,Azadpur APMC,775.4,1429.0,12,winter,nashik,19.3,9.0,0.0,84,26.9,13.8,0.0,45.0
2026-01-01,Azadpur APMC,1193.3,1429.0,1,winter,nashik,16.9,10.7,2.5,90,26.9,13.1,0.0,50.0
2026-01-02,Azadpur APMC,1055.9,1661.0,1,winter,nashik,17.6,11.4,0.0,78,27.4,13.9,0.0,48.0
2026-01-03,Azadpur APMC,788.0,1643.0,1,winter,nashik,17.4,10.9,0.0,77,27.3,13.5,0.0,51.0
2026-01-05,Azadpur APMC,621.2,1643.0,1,winter,nashik,17.5,8.5,0.0,79,28.3,12.9,0.0,50.0
2026-01-06,Azadpur APMC,1102.8,1643.0,1,winter,nashik,17.2,8.4,0.0,84,27.1,13.5,0.0,58.0
2026-01-07,Azadpur APMC,983.4,1679.0,1,winter,nashik,15.6,7.3,0.0,89,26.3,14.8,0.0,66.0
2026-01-08,Azadpur APMC,1070.1,1679.0,1,winter,nashik,14.4,7.3,0.0,88,27.7,15.0,0.0,64.0
2026-01-09,Azadpur APMC,973.0,1393.0,1,winter,nashik,17.4,7.1,0.4,83,28.1,15.8,0.0,60.0
2026-01-12,Azadpur APMC,324.3,1393.0,1,winter,nashik,17.3,4.4,0.0,71,27.5,15.0,0.0,57.0
2026-01-13,Azadpur APMC,1690.5,1393.0,1,winter,nashik,18.2,4.5,0.0,78,27.9,14.2,0.0,45.0
2026-01-14,Azadpur APMC,990.8,1393.0,1,winter,nashik,17.1,5.5,0.0,79,26.9,14.3,0.0,36.0
2026-01-15,Azadpur APMC,778.7,1393.0,1,winter,nashik,17.6,5.7,0.0,79,26.3,13.1,0.0,35.0
2026-01-16,Azadpur APMC,988.4,1393.0,1,winter,nashik,20.3,5.5,0.0,71,26.1,13.5,0.0,44.0
2026-01-17,Azadpur APMC,1037.4,1393.0,1,winter,nashik,22.4,7.1,0.0,73,26.3,13.2,0.0,45.0
2026-01-19,Azadpur APMC,339.3,1393.0,1,winter,nashik,24.8,10.1,0.0,66,28.5,16.6,0.2,55.0
2026-01-20,Azadpur APMC,1234.5,1386.0,1,winter,nashik,24.2,9.4,0.0,64,28.2,17.6,0.1,59.0
2026-01-21,Azadpur APMC,798.5,1386.0,1,winter,nashik,23.2,9.3,0.0,66,27.5,14.7,0.0,54.0
2026-01-22,Azadpur APMC,821.6,1482.0,1,winter,nashik,25.4,9.4,0.0,62,29.8,15.0,0.0,55.0
2026-01-23,Azadpur APMC,863.0,1482.0,1,winter,nashik,17.6,12.9,29.7,83,29.0,15.6,0.0,53.0
2026-01-24,Azadpur APMC,1318.0,1500.0,1,winter,nashik,16.4,9.0,0.0,69,26.4,15.7,0.0,57.0
2026-01-27,Azadpur APMC,705.3,1500.0,1,winter,nashik,19.7,10.8,12.8,82,28.1,15.3,0.0,55.0
2026-01-28,Azadpur APMC,2004.3,1500.0,1,winter,nashik,18.4,11.8,1.0,85,27.9,16.1,0.0,48.0
2026-01-29,Azadpur APMC,1389.2,1500.0,1,winter,nashik,18.4,9.8,0.0,87,27.1,16.0,0.0,61.0
2026-01-30,Azadpur APMC,1205.7,1500.0,1,winter,nashik,19.5,9.2,0.0,83,27.1,14.4,0.0,66.0
2026-01-31,Azadpur APMC,1205.7,1500.0,1,winter,nashik,20.0,8.8,0.0,86,27.1,14.8,0.0,62.0
2026-02-02,Azadpur APMC,446.2,1357.0,2,winter,nashik,20.1,12.5,0.0,88,26.6,17.8,1.0,67.0
2026-02-03,Azadpur APMC,1075.3,1357.0,2,winter,nashik,19.7,10.3,0.0,83,26.8,14.2,0.0,60.0
2026-02-04,Azadpur APMC,906.4,1357.0,2,winter,nashik,20.3,10.4,0.0,78,27.9,15.5,0.0,57.0
2026-02-05,Azadpur APMC,566.7,1357.0,2,winter,nashik,21.4,9.9,0.0,73,28.8,17.2,0.0,62.0
2026-02-06,Azadpur APMC,797.4,1357.0,2,winter,nashik,22.7,10.8,0.0,69,29.2,17.6,0.0,61.0
2026-02-07,Azadpur APMC,1303.5,1396.0,2,winter,nashik,23.7,12.4,0.0,69,28.7,16.4,0.0,57.0
2026-02-09,Azadpur APMC,481.9,1396.0,2,winter,nashik,24.7,10.6,0.0,59,28.8,16.3,0.0,48.0
2026-02-10,Azadpur APMC,1651.7,1396.0,2,winter,nashik,27.6,11.9,0.0,58,28.7,16.9,0.0,51.0
2026-02-11,Azadpur APMC,626.0,1396.0,2,winter,nashik,26.8,14.6,0.0,59,28.8,16.7,0.0,48.0
2026-02-12,Azadpur APMC,709.4,1388.0,2,winter,nashik,25.0,12.6,0.0,55,28.6,16.9,0.0,46.0
2026-02-13,Azadpur APMC,825.8,1388.0,2,winter,nashik,25.5,12.3,0.0,53,28.9,16.4,0.0,47.0
2026-02-16,Azadpur APMC,549.5,1388.0,2,winter,nashik,30.2,13.4,0.0,52,30.6,16.9,0.0,49.0
2026-02-17,Azadpur APMC,1170.8,1388.0,2,winter,nashik,29.9,16.4,0.0,52,30.5,18.0,0.0,47.0
2026-02-18,Azadpur APMC,987.3,1388.0,2,winter,nashik,23.6,16.3,0.2,72,30.8,18.2,0.0,41.0
2026-02-19,Azadpur APMC,1726.0,1388.0,2,winter,nashik,26.5,13.7,0.0,67,30.8,17.6,0.0,44.0
2026-02-20,Azadpur APMC,769.8,1388.0,2,winter,nashik,28.0,14.7,0.0,63,30.6,17.1,0.0,43.0
2026-02-21,Azadpur APMC,1262.5,1388.0,2,winter,nashik,27.4,15.0,0.0,61,30.9,17.7,0.0,42.0
2026-02-23,Azadpur APMC,187.4,1388.0,2,winter,nashik,29.4,15.3,0.0,54,30.4,18.9,0.0,48.0
2026-02-24,Azadpur APMC,1707.4,1388.0,2,winter,nashik,29.4,15.9,0.0,54,30.0,18.4,0.0,55.0
2026-02-25,Azadpur APMC,1149.1,1388.0,2,winter,nashik,29.3,15.1,0.0,47,30.3,18.8,0.0,54.0
2026-02-26,Azadpur APMC,898.5,1219.0,2,winter,nashik,30.0,15.6,0.0,45,32.2,19.1,0.0,48.0
2026-02-27,Azadpur APMC,1197.5,1219.0,2,winter,nashik,31.1,16.3,0.0,42,32.7,19.0,0.0,46.0
2026-02-28,Azadpur APMC,934.4,1219.0,2,winter,nashik,31.7,21.4,0.0,43,32.4,18.6,0.0,37.0
2026-03-02,Azadpur APMC,380.2,1250.0,3,summer,nashik,30.8,17.3,0.0,45,31.9,19.0,0.0,35.0
2026-03-03,Azadpur APMC,1603.3,1250.0,3,summer,nashik,31.5,17.8,0.0,42,31.9,19.3,0.0,39.0
2026-03-05,Azadpur APMC,657.1,1250.0,3,summer,nashik,34.0,21.0,0.0,46,29.0,16.5,0.0,56.0
2026-03-06,Azadpur APMC,1249.6,1250.0,3,summer,nashik,34.6,19.5,0.0,46,29.1,16.3,0.0,58.0
2026-03-09,Azadpur APMC,115.5,1294.0,3,summer,nashik,35.4,20.7,0.0,49,33.8,19.6,0.0,40.0
2026-03-10,Azadpur APMC,1306.3,1344.0,3,summer,nashik,35.3,22.0,0.0,54,34.7,19.7,0.0,34.0
2026-03-11,Azadpur APMC,407.1,1344.0,3,summer,nashik,36.5,20.8,0.0,41,34.9,20.6,0.0,31.0
2026-03-12,Azadpur APMC,865.2,1344.0,3,summer,nashik,36.0,20.8,0.0,34,34.6,20.3,0.0,32.0
2026-03-13,Azadpur APMC,1060.2,1344.0,3,summer,nashik,32.6,21.2,0.0,45,35.5,19.8,0.0,34.0
2026-03-16,Azadpur APMC,614.6,1344.0,3,summer,nashik,30.9,17.4,0.0,49,36.4,21.0,0.0,24.0
2026-03-17,Azadpur APMC,2396.6,1344.0,3,summer,nashik,31.3,17.0,0.0,53,36.1,22.0,0.0,26.0
2026-03-19,Azadpur APMC,1119.5,1344.0,3,summer,nashik,27.2,18.2,3.1,67,36.1,21.6,0.0,23.0
2026-03-20,Azadpur APMC,1135.6,1344.0,3,summer,nashik,20.5,16.4,2.6,87,35.2,21.5,0.0,25.0
2026-03-24,Azadpur APMC,1318.5,1219.0,3,summer,nashik,29.5,18.2,0.0,64,33.7,19.0,0.0,47.0
2026-03-26,Azadpur APMC,380.1,1219.0,3,summer,nashik,34.3,20.7,0.0,48,30.7,17.9,0.0,53.0
2026-03-27,Azadpur APMC,380.1,1219.0,3,summer,nashik,29.0,21.4,0.3,52,31.9,18.3,0.0,37.0
2026-03-28,Azadpur APMC,820.5,1219.0,3,summer,nashik,32.8,20.3,0.0,47,33.1,19.8,0.0,31.0
2026-03-30,Azadpur APMC,372.9,1219.0,3,summer,nashik,35.2,22.2,0.0,49,35.2,21.6,0.0,32.0
2026-04-01,Azadpur APMC,1605.2,1200.0,4,summer,nashik,33.3,19.7,0.0,50,36.1,22.1,0.0,36.0
2026-04-03,Azadpur APMC,1232.4,1200.0,4,summer,nashik,32.4,22.5,0.7,53,35.4,21.8,0.0,37.0
2026-04-04,Azadpur APMC,1274.1,1200.0,4,summer,nashik,30.4,21.4,0.7,61,33.7,21.6,0.1,56.0
2026-04-06,Azadpur APMC,218.6,1200.0,4,summer,nashik,31.5,21.1,0.0,38,33.7,20.9,0.0,52.0
2026-04-07,Azadpur APMC,1163.6,1200.0,4,summer,nashik,29.1,18.2,9.0,56,34.2,21.5,0.0,55.0
2026-04-08,Azadpur APMC,770.0,1200.0,4,summer,nashik,25.6,17.1,2.4,72,34.3,21.3,2.2,63.0
2026-04-09,Azadpur APMC,688.7,1200.0,4,summer,nashik,28.6,16.2,0.0,61,33.4,19.6,0.0,58.0
2026-04-10,Azadpur APMC,900.6,1225.0,4,summer,nashik,31.2,17.7,0.0,43,30.5,19.3,0.1,62.0
2026-04-13,Azadpur APMC,207.9,1225.0,4,summer,nashik,34.7,21.3,0.0,30,31.9,19.2,0.0,59.0
2026-04-14,Azadpur APMC,2226.1,1225.0,4,summer,nashik,37.7,22.6,0.0,28,32.4,20.9,0.1,65.0
2026-04-15,Azadpur APMC,1247.6,1225.0,4,summer,nashik,38.7,23.3,0.0,24,32.2,20.4,0.0,55.0
2026-04-16,Azadpur APMC,1578.8,1225.0,4,summer,nashik,39.9,25.0,0.0,25,35.4,21.0,0.0,34.0
2026-04-17,Azadpur APMC,1354.0,1225.0,4,summer,nashik,40.9,26.9,0.0,26,38.5,22.8,0.0,36.0
2026-04-18,Azadpur APMC,1179.7,1225.0,4,summer,nashik,40.3,24.4,0.0,31,38.9,23.0,0.0,32.0
2026-04-20,Azadpur APMC,92.4,1100.0,4,summer,nashik,39.3,25.3,0.0,25,38.2,22.7,0.0,37.0
2026-04-21,Azadpur APMC,1019.2,1100.0,4,summer,nashik,38.8,25.4,0.0,19,38.1,22.7,0.0,29.0
2026-04-22,Azadpur APMC,767.3,1100.0,4,summer,nashik,40.5,25.4,0.0,23,37.2,21.3,0.0,29.0
2026-04-23,Azadpur APMC,669.6,1100.0,4,summer,nashik,41.3,27.5,0.0,20,38.0,22.0,0.0,32.0
2026-04-24,Azadpur APMC,659.5,1100.0,4,summer,nashik,42.1,27.8,0.0,24,39.5,24.8,0.0,25.0
2026-04-25,Azadpur APMC,610.2,1100.0,4,summer,nashik,42.3,28.9,0.0,24,39.0,24.5,0.0,31.0
2026-04-28,Azadpur APMC,1079.3,1100.0,4,summer,nashik,37.2,29.3,0.3,32,38.2,25.1,0.0,28.0
2026-04-29,Azadpur APMC,540.0,1100.0,4,summer,nashik,37.3,27.2,0.0,37,38.7,24.7,0.0,28.0
2026-04-30,Azadpur APMC,841.1,1100.0,4,summer,nashik,37.7,25.5,0.0,41,38.1,25.2,0.0,28.0
2026-05-01,Azadpur APMC,5.6,1100.0,5,summer,nashik,36.0,23.1,0.0,50,40.4,24.8,0.0,25.0
2026-05-02,Azadpur APMC,1013.8,1100.0,5,summer,nashik,35.8,26.4,0.2,42,40.3,27.0,0.0,20.0
2026-05-04,Azadpur APMC,340.5,1100.0,5,summer,nashik,30.3,21.4,4.8,64,38.5,25.5,0.0,35.0
2026-05-05,Azadpur APMC,1754.3,1100.0,5,summer,nashik,30.1,22.8,0.6,64,37.9,24.8,0.0,34.0
2026-05-06,Azadpur APMC,1107.6,1100.0,5,summer,nashik,34.4,21.7,0.0,48,36.5,23.1,0.0,44.0
2026-05-07,Azadpur APMC,1018.4,1100.0,5,summer,nashik,30.4,23.7,0.0,51,35.5,22.9,0.0,61.0
2026-05-08,Azadpur APMC,998.2,1080.0,5,summer,nashik,34.1,22.2,0.4,56,36.2,22.6,0.0,62.0
2026-05-11,Azadpur APMC,211.1,1080.0,5,summer,nashik,37.8,27.6,0.0,42,35.9,22.6,0.0,60.0
2026-05-12,Azadpur APMC,1872.2,1080.0,5,summer,nashik,39.0,28.2,6.6,46,35.9,22.3,0.0,54.0
2026-05-13,Azadpur APMC,751.2,1080.0,5,summer,nashik,39.5,27.2,0.2,46,37.1,24.5,0.0,43.0
2026-05-14,Azadpur APMC,654.8,1080.0,5,summer,nashik,39.7,27.0,0.3,38,37.6,24.1,0.0,42.0
2026-05-15,Azadpur APMC,546.7,1080.0,5,summer,nashik,40.2,28.0,0.0,32,39.1,25.0,0.0,28.0
2026-05-16,Azadpur APMC,793.2,1080.0,5,summer,nashik,40.6,28.8,0.0,29,40.5,25.0,0.0,29.0
2026-05-18,Azadpur APMC,164.7,1080.0,5,summer,nashik,43.6,30.2,0.0,25,40.9,26.5,0.0,30.0
2026-05-19,Azadpur APMC,1521.7,1080.0,5,summer,nashik,44.6,31.6,0.0,18,39.0,26.0,0.5,41.0
2026-05-20,Azadpur APMC,708.8,1080.0,5,summer,nashik,43.9,32.4,0.0,19,38.0,24.7,0.0,46.0
2026-05-21,Azadpur APMC,1076.2,1080.0,5,summer,nashik,43.1,33.4,0.0,21,36.2,25.3,0.0,46.0
2026-05-22,Azadpur APMC,610.1,1080.0,5,summer,nashik,42.4,32.3,0.0,19,37.6,23.4,0.0,54.0
2026-05-23,Azadpur APMC,211.1,1100.0,5,summer,nashik,41.5,31.9,0.0,22,37.7,24.4,0.0,39.0
2026-05-25,Azadpur APMC,593.1,1100.0,5,summer,nashik,43.3,32.9,0.1,18,37.0,25.2,0.1,46.0
2026-05-26,Azadpur APMC,2219.2,1100.0,5,summer,nashik,43.0,32.1,0.0,17,36.0,23.2,1.3,62.0
2026-05-27,Azadpur APMC,1071.0,1100.0,5,summer,nashik,43.7,31.5,0.0,17,35.4,24.4,0.3,61.0
2026-05-28,Azadpur APMC,828.6,1100.0,5,summer,nashik,40.7,29.8,1.2,37,36.7,25.1,1.2,63.0
2026-05-29,Azadpur APMC,547.0,1100.0,5,summer,nashik,34.4,26.5,1.1,54,34.7,25.0,4.0,67.0
2026-05-30,Azadpur APMC,1492.3,1100.0,5,summer,nashik,35.5,24.3,4.9,64,33.6,24.9,4.3,71.0
2026-06-01,Azadpur APMC,126.1,1075.0,6,monsoon,nashik,33.5,25.0,0.7,58,34.8,24.6,0.1,68.0
2026-06-02,Azadpur APMC,795.6,1075.0,6,monsoon,nashik,36.7,25.3,0.5,50,36.1,24.7,0.0,64.0
2026-06-03,Azadpur APMC,700.4,1075.0,6,monsoon,nashik,38.5,29.5,0.1,42,35.8,24.0,0.0,64.0
2026-06-04,Azadpur APMC,585.9,1075.0,6,monsoon,nashik,39.7,26.6,0.8,43,35.5,23.8,0.0,65.0
2026-06-05,Azadpur APMC,1118.2,1075.0,6,monsoon,nashik,34.6,25.3,2.6,59,35.1,24.6,0.1,66.0
2026-06-06,Azadpur APMC,1341.1,1075.0,6,monsoon,nashik,40.0,28.7,0.1,43,34.6,24.8,1.8,66.0
2026-06-08,Azadpur APMC,420.7,1075.0,6,monsoon,nashik,41.9,30.2,0.0,33,35.0,24.0,2.0,66.0
2026-06-09,Azadpur APMC,1901.3,1075.0,6,monsoon,nashik,43.2,32.1,0.0,27,35.4,23.5,3.2,67.0
2026-06-10,Azadpur APMC,1191.8,1450.0,6,monsoon,nashik,43.8,31.9,0.4,28,34.8,23.4,4.8,68.0
2026-06-11,Azadpur APMC,728.2,1450.0,6,monsoon,nashik,36.9,26.8,0.6,48,34.7,24.5,0.5,67.0
2026-06-12,Azadpur APMC,886.7,1450.0,6,monsoon,nashik,32.5,23.2,6.0,74,35.4,24.6,0.1,63.0
2026-06-15,Azadpur APMC,218.0,1450.0,6,monsoon,nashik,36.6,27.5,0.8,52,34.4,24.5,0.0,66.0
2026-06-16,Azadpur APMC,1345.8,1450.0,6,monsoon,nashik,32.6,26.0,0.2,61,35.0,24.3,0.1,66.0
2026-06-17,Azadpur APMC,637.9,1450.0,6,monsoon,nashik,37.3,25.0,0.0,53,34.9,24.4,0.0,67.0
2026-06-18,Azadpur APMC,757.5,1450.0,6,monsoon,nashik,39.2,29.7,0.1,42,34.9,24.6,0.1,68.0
2026-06-19,Azadpur APMC,1043.6,1450.0,6,monsoon,nashik,38.5,28.3,0.0,41,34.5,24.3,0.4,67.0
2026-06-20,Azadpur APMC,1200.5,1450.0,6,monsoon,nashik,38.4,30.8,0.3,41,34.3,24.4,0.7,65.0
2026-06-22,Azadpur APMC,224.1,1450.0,6,monsoon,nashik,36.8,28.8,1.3,40,34.1,23.8,0.4,63.0
2026-06-23,Azadpur APMC,1708.7,1450.0,6,monsoon,nashik,39.0,30.3,0.9,41,33.9,24.2,0.1,64.0
2026-06-24,Azadpur APMC,702.7,1450.0,6,monsoon,nashik,38.2,29.5,0.6,44,33.3,23.8,0.4,62.0
2026-06-25,Azadpur APMC,763.0,1450.0,6,monsoon,nashik,39.1,29.5,2.2,43,33.7,23.5,0.2,61.0
2026-06-26,Azadpur APMC,848.4,1450.0,6,monsoon,nashik,41.0,31.1,0.5,42,34.3,23.5,2.2,63.0
2026-06-29,Azadpur APMC,275.4,1450.0,6,monsoon,nashik,41.6,32.9,1.4,38,30.1,22.7,11.0,84.0
2026-06-30,Azadpur APMC,1298.3,1450.0,6,monsoon,nashik,39.6,30.6,4.3,52,26.7,21.9,2.5,84.0
2026-07-01,Azadpur APMC,1021.5,1406.0,7,monsoon,nashik,33.3,27.7,0.9,72,29.9,22.6,2.8,77.0
2026-07-02,Azadpur APMC,855.9,1406.0,7,monsoon,nashik,32.1,26.0,5.9,76,31.3,23.2,0.9,77.0
2026-07-03,Azadpur APMC,732.0,1406.0,7,monsoon,nashik,35.8,27.4,0.1,68,32.0,23.3,0.2,74.0
2026-07-04,Azadpur APMC,1232.7,1406.0,7,monsoon,nashik,36.3,29.8,1.0,64,31.7,23.9,0.6,77.0
2026-07-06,Azadpur APMC,3017.7,1406.0,7,monsoon,nashik,36.5,27.0,0.5,71,28.0,23.0,7.2,87.0
2026-07-07,Azadpur APMC,1983.7,1406.0,7,monsoon,nashik,33.0,26.6,9.5,84,26.8,22.8,27.3,93.0
2026-07-08,Azadpur APMC,839.5,2375.0,7,monsoon,nashik,29.4,26.2,12.2,91,26.9,22.2,10.5,92.0
2026-07-09,Azadpur APMC,767.2,2375.0,7,monsoon,nashik,29.1,25.2,103.3,91,24.7,22.3,13.6,95.0
2026-07-10,Azadpur APMC,937.8,2375.0,7,monsoon,nashik,33.1,25.5,1.1,80,24.8,22.3,21.6,95.0
2026-07-13,Azadpur APMC,232.7,2375.0,7,monsoon,nashik,35.8,28.5,0.2,64,24.5,23.0,92.7,96.0
2026-07-14,Azadpur APMC,1369.1,2375.0,7,monsoon,nashik,36.4,26.0,1.4,70,26.1,22.9,27.0,93.0
2026-07-15,Azadpur APMC,944.8,2375.0,7,monsoon,nashik,36.6,25.1,3.1,66,28.6,23.5,1.2,85.0
2026-07-16,Azadpur APMC,1094.1,2375.0,7,monsoon,nashik,37.5,29.8,0.0,54,29.0,23.1,0.7,81.0
2026-07-17,Azadpur APMC,1270.5,2375.0,7,monsoon,nashik,37.3,31.2,0.3,55,29.1,23.1,0.1,81.0
2026-07-18,Azadpur APMC,1082.7,2375.0,7,monsoon,nashik,36.6,30.9,0.0,54,29.7,22.9,0.1,81.0
2026-07-20,Azadpur APMC,37.8,2438.0,7,monsoon,nashik,32.2,26.6,33.0,86,29.1,22.3,0.2,79.0
2026-07-21,Azadpur APMC,1036.1,2438.0,7,monsoon,nashik,29.9,26.0,12.8,89,28.1,22.3,1.8,84.0
2026-07-22,Azadpur APMC,561.3,2438.0,7,monsoon,nashik,32.0,25.8,6.9,83,28.3,22.4,1.2,83.0
2026-07-23,Azadpur APMC,899.5,2438.0,7,monsoon,nashik,32.3,26.4,9.9,82,27.3,23.0,16.9,90.0
2026-07-24,Azadpur APMC,1244.1,2438.0,7,monsoon,nashik,31.3,25.8,9.2,83,26.6,22.5,8.3,88.0
2026-07-25,Azadpur APMC,1240.4,2438.0,7,monsoon,nashik,32.8,27.3,2.5,79,26.0,22.1,16.9,92.0
2021-03-01,Keshopur APMC,120.24,3000.0,3,summer,nashik,27.4,13.9,0.0,47,30.8,17.2,0.0,46.0
2021-03-02,Keshopur APMC,110.7,3000.0,3,summer,nashik,27.6,14.4,0.0,42,31.4,17.1,0.0,46.0
2021-03-04,Keshopur APMC,48.07,2800.0,3,summer,nashik,31.0,15.1,0.0,49,31.7,17.3,0.0,44.0
2021-03-05,Keshopur APMC,104.97,3000.0,3,summer,nashik,30.2,15.5,0.0,45,31.9,16.3,0.0,43.0
2021-03-06,Keshopur APMC,104.16,3000.0,3,summer,nashik,30.7,15.1,0.0,44,32.9,17.2,0.0,46.0
2021-03-07,Keshopur APMC,92.1,1900.0,3,summer,nashik,33.2,15.3,0.0,44,33.1,19.7,0.0,43.0
2021-03-08,Keshopur APMC,102.67,1700.0,3,summer,nashik,31.1,19.3,0.0,51,33.1,17.4,0.0,43.0
2021-03-09,Keshopur APMC,5.1,1700.0,3,summer,nashik,31.9,18.3,0.1,59,33.1,16.5,0.0,36.0
2021-03-11,Keshopur APMC,3.5,1800.0,3,summer,nashik,32.5,17.1,0.0,53,33.4,17.4,0.0,33.0
2021-03-12,Keshopur APMC,47.82,1600.0,3,summer,nashik,29.9,17.9,0.9,56,33.6,17.7,0.0,35.0
2021-03-13,Keshopur APMC,97.94,1500.0,3,summer,nashik,30.1,16.0,0.0,62,33.1,18.5,0.0,33.0
2021-03-14,Keshopur APMC,95.46,1500.0,3,summer,nashik,30.2,16.1,0.0,51,33.4,16.4,0.0,33.0
2021-03-15,Keshopur APMC,174.26,1500.0,3,summer,nashik,31.7,17.5,0.0,52,33.5,17.5,0.0,37.0
2021-03-16,Keshopur APMC,113.0,1400.0,3,summer,nashik,32.3,17.0,0.0,49,33.6,18.7,0.0,37.0
2021-03-18,Keshopur APMC,6.46,1400.0,3,summer,nashik,32.6,17.4,0.0,49,33.5,17.6,0.0,34.0
2021-03-19,Keshopur APMC,69.22,1500.0,3,summer,nashik,31.7,19.4,0.0,52,33.3,18.5,0.0,37.0
2021-03-22,Keshopur APMC,140.57,1250.0,3,summer,nashik,33.2,18.7,0.3,49,34.3,20.3,0.0,31.0
2021-03-23,Keshopur APMC,94.22,1300.0,3,summer,nashik,32.1,19.8,0.5,49,34.4,20.7,0.0,30.0
2021-03-25,Keshopur APMC,19.2,1400.0,3,summer,nashik,30.7,16.7,0.0,40,33.3,20.3,0.0,33.0
2022-01-01,Keshopur APMC,82.66,2600.0,1,winter,nashik,18.1,5.2,0.0,78,27.1,13.5,0.0,72.0
2022-01-02,Keshopur APMC,90.74,2400.0,1,winter,nashik,18.8,6.3,0.0,79,26.7,13.0,0.0,72.0
2022-01-03,Keshopur APMC,247.95,2400.0,1,winter,nashik,20.1,7.0,0.0,77,27.6,13.1,0.0,67.0
2022-01-06,Keshopur APMC,42.42,2300.0,1,winter,nashik,18.7,12.6,0.8,84,26.0,14.6,0.0,77.0
2022-01-07,Keshopur APMC,70.33,2300.0,1,winter,nashik,19.8,12.4,1.3,86,26.4,14.1,0.0,75.0
2022-01-08,Keshopur APMC,95.35,2300.0,1,winter,nashik,17.2,14.0,31.1,90,25.9,15.0,0.2,78.0
2022-01-09,Keshopur APMC,120.87,2300.0,1,winter,nashik,16.9,10.4,2.1,90,26.5,15.5,0.0,72.0
2022-01-10,Keshopur APMC,112.55,2500.0,1,winter,nashik,16.8,7.9,0.0,84,27.0,15.2,0.0,69.0
2022-01-11,Keshopur APMC,76.47,2400.0,1,winter,nashik,17.3,7.2,0.0,81,27.2,14.5,0.0,70.0
2022-01-13,Keshopur APMC,69.59,2500.0,1,winter,nashik,17.4,7.1,0.0,78,27.0,14.4,0.0,77.0
2022-01-14,Keshopur APMC,117.15,2500.0,1,winter,nashik,16.5,6.5,0.0,83,23.6,14.0,1.8,81.0
2022-01-15,Keshopur APMC,114.5,2300.0,1,winter,nashik,16.7,5.6,0.0,88,23.1,12.6,1.0,67.0
2022-01-16,Keshopur APMC,175.54,2400.0,1,winter,nashik,15.6,5.7,0.0,88,22.7,8.8,0.0,66.0
2022-01-17,Keshopur APMC,114.0,2300.0,1,winter,nashik,14.0,4.1,0.0,87,23.6,12.5,0.0,72.0
2022-01-18,Keshopur APMC,116.72,2300.0,1,winter,nashik,16.0,5.2,0.0,89,23.0,11.4,0.0,73.0
2022-01-20,Keshopur APMC,61.08,2500.0,1,winter,nashik,18.0,9.1,0.0,87,23.7,12.3,0.2,75.0
2022-01-21,Keshopur APMC,101.44,2600.0,1,winter,nashik,18.4,7.6,0.0,86,24.1,12.9,0.0,74.0
2022-01-22,Keshopur APMC,86.93,2600.0,1,winter,nashik,16.1,11.9,22.2,84,25.7,12.5,0.0,72.0
2022-01-23,Keshopur APMC,113.08,2700.0,1,winter,nashik,16.4,8.8,5.0,86,26.3,13.6,0.0,74.0
2022-01-24,Keshopur APMC,118.54,2700.0,1,winter,nashik,16.3,6.8,0.5,84,26.6,13.8,0.0,72.0
2022-01-27,Keshopur APMC,15.39,2800.0,1,winter,nashik,17.8,6.8,0.0,76,27.5,14.8,0.0,67.0
2022-01-28,Keshopur APMC,60.7,3000.0,1,winter,nashik,17.9,7.0,0.0,74,24.2,15.4,0.7,79.0
2022-01-29,Keshopur APMC,51.2,2800.0,1,winter,nashik,19.5,6.3,0.0,76,20.6,11.4,0.1,68.0
2022-01-30,Keshopur APMC,55.55,2800.0,1,winter,nashik,20.2,8.6,0.0,75,21.0,8.0,0.0,57.0
2022-01-31,Keshopur APMC,102.4,2500.0,1,winter,nashik,20.8,8.1,0.0,81,22.3,7.1,0.0,55.0
2022-02-01,Keshopur APMC,92.57,2500.0,2,winter,nashik,20.7,8.6,0.0,87,23.6,8.4,0.0,59.0
2022-02-03,Keshopur APMC,29.34,3000.0,2,winter,nashik,14.9,9.5,11.1,85,25.1,10.3,0.0,55.0
2022-02-04,Keshopur APMC,71.7,2600.0,2,winter,nashik,16.3,7.9,0.0,84,26.2,9.7,0.0,54.0
2022-02-05,Keshopur APMC,84.47,2400.0,2,winter,nashik,16.6,6.0,0.0,85,28.0,9.8,0.0,53.0
2022-02-06,Keshopur APMC,41.85,2500.0,2,winter,nashik,20.5,7.1,0.0,77,28.5,11.8,0.0,50.0
2022-02-07,Keshopur APMC,65.39,2500.0,2,winter,nashik,22.4,8.8,0.0,78,28.5,11.6,0.0,54.0
2022-02-08,Keshopur APMC,100.72,2500.0,2,winter,nashik,22.2,10.8,0.5,82,30.1,13.4,0.0,51.0
2022-02-10,Keshopur APMC,3.5,2500.0,2,winter,nashik,20.2,8.5,0.0,77,25.6,13.8,0.0,68.0
2022-02-11,Keshopur APMC,70.0,2400.0,2,winter,nashik,20.2,9.7,0.0,68,27.1,10.3,0.0,56.0
2022-02-12,Keshopur APMC,50.06,2600.0,2,winter,nashik,21.2,9.1,0.0,70,29.2,12.1,0.0,49.0
2022-02-13,Keshopur APMC,87.58,2750.0,2,winter,nashik,22.3,8.4,0.0,71,29.0,13.0,0.0,55.0
2022-02-14,Keshopur APMC,13.13,3000.0,2,winter,nashik,23.1,9.6,0.0,71,28.4,13.0,0.0,65.0
2022-02-15,Keshopur APMC,126.52,2800.0,2,winter,nashik,23.3,11.1,0.0,68,26.3,12.1,0.0,64.0
2022-02-17,Keshopur APMC,126.52,2800.0,2,winter,nashik,24.1,10.1,0.0,66,27.7,13.7,0.0,48.0
2022-02-18,Keshopur APMC,97.42,2800.0,2,winter,nashik,25.0,10.2,0.0,64,28.6,12.8,0.0,47.0
2022-02-19,Keshopur APMC,104.05,2900.0,2,winter,nashik,24.2,10.5,0.0,64,29.3,13.0,0.0,46.0
2022-02-20,Keshopur APMC,101.63,2900.0,2,winter,nashik,24.0,12.2,0.0,60,28.8,14.2,0.0,46.0
2022-02-21,Keshopur APMC,25.54,3000.0,2,winter,nashik,24.5,10.5,0.0,56,28.9,13.6,0.0,42.0
2022-02-22,Keshopur APMC,148.09,2900.0,2,winter,nashik,25.9,11.8,0.0,57,27.5,13.8,0.0,53.0
2022-02-24,Keshopur APMC,5.2,2900.0,2,winter,nashik,25.2,12.5,0.0,72,30.2,15.4,0.0,57.0
2022-02-25,Keshopur APMC,138.13,2900.0,2,winter,nashik,25.3,12.2,0.3,68,31.4,16.8,0.0,54.0
2022-02-26,Keshopur APMC,94.3,3000.0,2,winter,nashik,23.5,14.2,2.4,70,30.8,16.7,0.0,37.0
2022-02-27,Keshopur APMC,156.62,3000.0,2,winter,nashik,23.3,12.2,0.2,66,31.3,16.5,0.0,31.0
2022-02-28,Keshopur APMC,129.04,3000.0,2,winter,nashik,23.0,10.7,0.0,65,33.5,14.9,0.0,39.0
2022-03-01,Keshopur APMC,90.71,3000.0,3,summer,nashik,24.6,10.4,0.0,66,34.2,16.2,0.0,39.0
2022-03-03,Keshopur APMC,30.4,2900.0,3,summer,nashik,27.2,13.6,0.3,65,32.1,15.2,0.0,34.0
2022-03-04,Keshopur APMC,110.22,3000.0,3,summer,nashik,25.4,13.4,0.0,69,33.2,15.9,0.0,33.0
2022-03-06,Keshopur APMC,61.92,3050.0,3,summer,nashik,26.5,13.5,0.0,62,33.1,16.5,0.0,33.0
2022-03-07,Keshopur APMC,65.17,3100.0,3,summer,nashik,28.4,14.6,0.0,59,32.5,15.4,0.0,34.0
2022-03-08,Keshopur APMC,52.95,3000.0,3,summer,nashik,30.2,14.0,0.0,55,33.1,17.5,0.0,31.0
2022-03-11,Keshopur APMC,133.58,3200.0,3,summer,nashik,29.4,15.6,0.0,57,32.9,17.3,0.0,34.0
2022-03-14,Keshopur APMC,113.53,3100.0,3,summer,nashik,32.2,16.4,0.0,64,31.9,21.0,0.1,47.0
2022-03-15,Keshopur APMC,153.78,3100.0,3,summer,nashik,34.0,18.6,0.0,63,30.3,19.3,0.7,51.0
2022-03-20,Keshopur APMC,118.49,3200.0,3,summer,nashik,36.7,22.0,0.0,45,35.3,18.5,0.0,25.0
2022-03-21,Keshopur APMC,113.56,3100.0,3,summer,nashik,36.6,20.9,0.0,44,36.3,18.4,0.0,29.0
2022-03-22,Keshopur APMC,138.93,3200.0,3,summer,nashik,35.7,20.9,0.0,43,37.4,20.3,0.0,24.0
2022-03-25,Keshopur APMC,63.0,3100.0,3,summer,nashik,35.2,19.7,0.0,31,37.8,20.3,0.0,23.0
2022-03-26,Keshopur APMC,48.3,3200.0,3,summer,nashik,35.4,19.3,0.0,31,33.7,20.6,0.0,35.0
2022-03-27,Keshopur APMC,105.25,3100.0,3,summer,nashik,36.9,19.6,0.0,28,36.2,19.4,0.0,32.0
2022-03-28,Keshopur APMC,81.09,3200.0,3,summer,nashik,38.2,19.7,0.0,29,36.8,24.7,0.0,19.0
2022-03-29,Keshopur APMC,137.65,3200.0,3,summer,nashik,39.0,19.4,0.0,27,37.3,21.6,0.0,19.0
2022-03-31,Keshopur APMC,35.01,3200.0,3,summer,nashik,39.4,21.3,0.0,38,38.1,20.2,0.0,35.0
2022-04-01,Keshopur APMC,172.32,3300.0,4,summer,nashik,36.3,21.4,0.0,26,38.7,22.4,0.0,36.0
2022-04-02,Keshopur APMC,43.79,2500.0,4,summer,nashik,37.8,20.0,0.0,23,38.9,20.9,0.0,40.0
2022-04-03,Keshopur APMC,124.28,2500.0,4,summer,nashik,39.1,21.5,0.0,19,38.8,23.7,0.0,32.0
2022-04-04,Keshopur APMC,92.99,2900.0,4,summer,nashik,38.3,20.7,0.0,18,37.6,20.7,0.0,29.0
2022-04-05,Keshopur APMC,11.65,2800.0,4,summer,nashik,38.8,20.6,0.0,21,37.5,20.8,0.0,21.0
2022-04-08,Keshopur APMC,63.4,2000.0,4,summer,nashik,41.3,22.3,0.0,16,38.3,19.0,0.0,31.0
2022-04-09,Keshopur APMC,98.93,2000.0,4,summer,nashik,42.0,22.2,0.0,17,38.9,19.6,0.0,36.0
2022-04-10,Keshopur APMC,44.04,2000.0,4,summer,nashik,41.4,23.4,0.0,16,39.7,21.0,0.0,35.0
2022-04-11,Keshopur APMC,84.05,2000.0,4,summer,nashik,41.9,23.9,0.0,19,39.8,22.3,0.0,42.0
2022-04-15,Keshopur APMC,199.36,1300.0,4,summer,nashik,39.4,24.3,0.0,22,39.1,22.0,0.0,42.0
2022-04-16,Keshopur APMC,187.67,1400.0,4,summer,nashik,39.7,22.8,0.0,20,37.4,22.6,0.0,40.0
2022-04-17,Keshopur APMC,156.82,1200.0,4,summer,nashik,40.6,23.1,0.0,22,38.8,22.0,0.0,32.0
2022-04-18,Keshopur APMC,113.37,1200.0,4,summer,nashik,41.6,23.8,0.0,23,39.3,22.0,0.0,26.0
2022-04-19,Keshopur APMC,44.93,1200.0,4,summer,nashik,42.2,24.6,0.0,18,39.5,22.6,0.0,24.0
2022-04-21,Keshopur APMC,3.5,1400.0,4,summer,nashik,37.0,26.4,0.0,24,37.1,21.1,0.0,45.0
2022-04-22,Keshopur APMC,78.7,1400.0,4,summer,nashik,38.4,23.2,0.0,29,37.5,19.5,0.0,31.0
2022-04-23,Keshopur APMC,102.82,1400.0,4,summer,nashik,39.3,23.5,0.0,20,37.7,20.5,0.0,37.0
2022-04-24,Keshopur APMC,187.71,1400.0,4,summer,nashik,40.0,23.4,0.0,21,37.7,21.0,0.0,34.0
2022-04-25,Keshopur APMC,161.33,1400.0,4,summer,nashik,40.8,24.4,0.0,21,38.1,22.6,0.0,39.0
2022-04-26,Keshopur APMC,103.78,1300.0,4,summer,nashik,41.0,24.2,0.0,21,36.4,22.0,0.5,37.0
2022-04-28,Keshopur APMC,40.9,1200.0,4,summer,nashik,43.3,25.6,0.0,17,38.7,24.3,0.0,28.0
2022-04-29,Keshopur APMC,186.8,1200.0,4,summer,nashik,43.8,26.5,0.0,14,39.0,24.1,0.0,23.0
2022-04-30,Keshopur APMC,109.46,1100.0,4,summer,nashik,43.4,27.9,0.0,14,39.7,24.0,0.0,31.0
2022-05-01,Keshopur APMC,131.83,1100.0,5,summer,nashik,41.4,26.8,0.0,32,39.7,22.2,0.0,28.0
2022-05-02,Keshopur APMC,103.01,1100.0,5,summer,nashik,40.6,26.3,0.0,38,38.8,23.4,0.0,24.0
2022-05-03,Keshopur APMC,50.93,1200.0,5,summer,nashik,39.2,26.9,0.0,42,40.2,23.7,0.0,20.0
2022-05-05,Keshopur APMC,10.6,1200.0,5,summer,nashik,38.4,23.4,0.0,47,38.3,23.6,0.0,38.0
2022-05-08,Keshopur APMC,83.44,1100.0,5,summer,nashik,41.4,26.0,0.0,35,37.2,22.7,0.0,56.0
2022-05-09,Keshopur APMC,100.34,1300.0,5,summer,nashik,40.2,27.5,0.0,44,37.5,22.4,0.0,54.0
2022-05-10,Keshopur APMC,118.74,1300.0,5,summer,nashik,39.7,28.2,0.0,45,37.5,22.2,0.0,50.0
2022-05-12,Keshopur APMC,41.33,1400.0,5,summer,nashik,43.1,28.8,0.0,41,37.8,20.8,0.0,42.0
2022-05-13,Keshopur APMC,285.92,1400.0,5,summer,nashik,44.2,28.2,0.0,41,38.9,22.3,0.0,37.0
2022-05-14,Keshopur APMC,195.61,1400.0,5,summer,nashik,44.6,27.4,0.0,27,40.0,22.5,0.0,34.0
2022-05-15,Keshopur APMC,114.93,1150.0,5,summer,nashik,45.6,28.6,0.0,17,39.2,23.8,0.0,39.0
2022-05-16,Keshopur APMC,262.79,1100.0,5,summer,nashik,42.0,31.5,0.0,23,39.1,23.8,0.3,50.0
2022-05-17,Keshopur APMC,126.27,1100.0,5,summer,nashik,38.8,28.2,0.0,42,40.0,24.3,0.0,53.0
2022-05-19,Keshopur APMC,5.6,1300.0,5,summer,nashik,43.9,27.3,0.0,29,37.0,23.2,0.0,60.0
2022-05-20,Keshopur APMC,217.11,1100.0,5,summer,nashik,45.5,28.8,0.0,23,36.7,22.4,0.0,58.0
2022-05-24,Keshopur APMC,86.56,1200.0,5,summer,nashik,32.4,21.5,0.0,70,37.6,21.8,0.0,53.0
2022-05-26,Keshopur APMC,27.7,1200.0,5,summer,nashik,35.1,23.4,0.0,61,36.0,23.5,0.0,61.0
2022-05-27,Keshopur APMC,168.12,1200.0,5,summer,nashik,37.9,25.0,0.0,57,34.4,23.0,0.0,63.0
2022-05-28,Keshopur APMC,68.8,1300.0,5,summer,nashik,39.7,26.3,0.0,54,33.5,23.2,0.0,66.0
2022-05-29,Keshopur APMC,100.7,1200.0,5,summer,nashik,40.9,26.2,0.0,51,34.2,23.4,0.0,66.0
2022-05-30,Keshopur APMC,89.65,1100.0,5,summer,nashik,41.1,27.3,0.3,48,34.0,23.4,0.7,66.0
2022-05-31,Keshopur APMC,86.7,1200.0,5,summer,nashik,40.1,25.6,0.0,43,34.9,22.6,0.0,63.0
2022-06-02,Keshopur APMC,13.45,1100.0,6,monsoon,nashik,42.8,27.9,0.0,28,33.8,22.4,0.0,63.0
2022-06-03,Keshopur APMC,145.1,1100.0,6,monsoon,nashik,43.2,26.8,0.0,23,33.8,22.4,0.0,64.0
2022-06-04,Keshopur APMC,132.84,1100.0,6,monsoon,nashik,44.2,27.0,0.0,21,32.9,22.8,0.0,65.0
2022-06-05,Keshopur APMC,94.5,1100.0,6,monsoon,nashik,43.4,28.4,0.0,20,33.7,22.7,0.0,66.0
2022-06-06,Keshopur APMC,43.2,1200.0,6,monsoon,nashik,42.9,27.5,0.0,18,34.8,22.8,0.1,65.0
2022-06-07,Keshopur APMC,88.04,1400.0,6,monsoon,nashik,43.9,29.2,0.0,22,35.5,22.9,0.3,64.0
2022-06-10,Keshopur APMC,172.84,1300.0,6,monsoon,nashik,42.8,30.5,0.0,22,35.9,22.4,0.0,56.0
2022-06-11,Keshopur APMC,125.12,1400.0,6,monsoon,nashik,43.5,30.9,0.0,22,37.0,22.5,0.1,59.0
2022-06-12,Keshopur APMC,136.85,1300.0,6,monsoon,nashik,43.1,29.4,0.0,24,35.8,23.7,1.4,61.0
2022-06-13,Keshopur APMC,152.09,1500.0,6,monsoon,nashik,43.4,31.5,0.0,26,34.3,22.5,1.8,62.0
2022-06-14,Keshopur APMC,104.42,1300.0,6,monsoon,nashik,39.0,31.1,0.0,39,35.4,23.5,3.6,66.0
2022-06-15,Keshopur APMC,2.15,1400.0,6,monsoon,nashik,42.4,29.6,0.0,39,36.2,24.4,6.1,68.0
2022-06-16,Keshopur APMC,2.15,1400.0,6,monsoon,nashik,37.6,31.0,1.9,45,32.8,23.8,4.3,75.0
2022-06-17,Keshopur APMC,99.32,1400.0,6,monsoon,nashik,36.4,24.2,6.4,65,32.1,22.7,12.7,83.0
2022-06-18,Keshopur APMC,59.71,1500.0,6,monsoon,nashik,33.7,24.5,4.0,67,30.3,22.1,2.1,80.0
2022-06-19,Keshopur APMC,164.9,1500.0,6,monsoon,nashik,32.5,24.0,6.9,79,31.6,22.4,2.5,75.0
2022-06-23,Keshopur APMC,65.6,1500.0,6,monsoon,nashik,37.1,25.9,0.0,55,31.4,23.0,2.8,76.0
2022-06-24,Keshopur APMC,93.45,1600.0,6,monsoon,nashik,38.2,23.6,0.0,46,31.4,23.0,1.1,73.0
2022-06-25,Keshopur APMC,86.69,1600.0,6,monsoon,nashik,39.3,24.8,0.0,38,29.4,23.1,2.6,81.0
2022-06-26,Keshopur APMC,56.3,1600.0,6,monsoon,nashik,40.0,29.0,0.0,49,28.5,22.6,3.4,84.0
2022-06-27,Keshopur APMC,53.74,1700.0,6,monsoon,nashik,39.3,30.7,0.1,52,29.2,21.9,3.9,84.0
2022-06-28,Keshopur APMC,66.97,1700.0,6,monsoon,nashik,41.1,27.9,3.2,56,31.7,22.0,19.7,83.0
2022-06-29,Keshopur APMC,100.7,1200.0,6,monsoon,nashik,42.1,29.5,0.0,58,29.9,21.9,18.8,85.0
2022-06-30,Keshopur APMC,124.43,1800.0,6,monsoon,nashik,30.9,26.4,1.4,79,29.4,22.3,14.3,89.0
2022-07-01,Keshopur APMC,141.78,1600.0,7,monsoon,nashik,31.5,25.0,1.3,83,29.0,21.3,9.3,84.0
2022-07-02,Keshopur APMC,131.87,1650.0,7,monsoon,nashik,34.7,26.3,2.4,77,29.5,21.4,1.6,85.0
2022-07-03,Keshopur APMC,124.24,1700.0,7,monsoon,nashik,34.0,25.4,7.8,82,28.4,22.3,17.3,88.0
2022-07-04,Keshopur APMC,61.83,1700.0,7,monsoon,nashik,34.9,26.1,19.4,78,28.0,22.2,4.7,87.0
2022-07-05,Keshopur APMC,76.86,1600.0,7,monsoon,nashik,36.2,27.3,0.2,74,28.3,22.4,8.0,86.0
2022-07-07,Keshopur APMC,5.8,1600.0,7,monsoon,nashik,35.1,27.4,0.2,73,26.2,21.8,3.5,89.0
2022-07-08,Keshopur APMC,241.99,1700.0,7,monsoon,nashik,36.6,28.6,0.3,67,25.5,22.1,3.8,91.0
2022-07-09,Keshopur APMC,69.08,1600.0,7,monsoon,nashik,33.6,28.2,1.3,73,27.5,22.0,3.1,87.0
2022-07-10,Keshopur APMC,129.25,1700.0,7,monsoon,nashik,32.8,27.0,4.6,79,25.9,21.9,3.5,90.0
2022-07-11,Keshopur APMC,5.85,1600.0,7,monsoon,nashik,34.6,27.2,0.1,75,24.8,22.2,6.2,92.0
2022-07-12,Keshopur APMC,125.16,1700.0,7,monsoon,nashik,34.6,28.3,0.8,75,26.5,21.6,2.2,89.0
2022-07-14,Keshopur APMC,11.1,1600.0,7,monsoon,nashik,34.2,27.7,13.9,80,24.5,21.7,11.3,93.0
2022-07-15,Keshopur APMC,120.09,1600.0,7,monsoon,nashik,35.6,28.6,4.3,72,25.2,21.0,16.3,91.0
2022-07-16,Keshopur APMC,194.41,1800.0,7,monsoon,nashik,32.8,27.5,14.0,79,24.6,21.2,23.1,91.0
2022-07-17,Keshopur APMC,79.58,1900.0,7,monsoon,nashik,33.7,26.1,10.6,83,23.1,21.2,38.9,94.0
2022-07-18,Keshopur APMC,60.85,1700.0,7,monsoon,nashik,35.3,26.3,4.9,78,23.5,21.2,42.9,93.0
2022-07-19,Keshopur APMC,160.74,1500.0,7,monsoon,nashik,35.1,26.8,1.6,78,23.6,21.4,58.3,93.0
2022-07-21,Keshopur APMC,39.75,1600.0,7,monsoon,nashik,30.5,24.7,16.2,84,24.9,22.2,9.7,92.0
2022-07-22,Keshopur APMC,242.56,1600.0,7,monsoon,nashik,31.3,25.1,3.0,86,26.5,22.2,8.5,90.0
2022-07-23,Keshopur APMC,174.25,1600.0,7,monsoon,nashik,30.4,25.1,14.3,86,27.2,22.6,2.4,87.0
2022-07-24,Keshopur APMC,132.23,1200.0,7,monsoon,nashik,33.1,25.7,6.7,81,23.6,21.5,15.5,93.0
2022-07-25,Keshopur APMC,121.42,1100.0,7,monsoon,nashik,32.7,25.7,8.3,80,25.1,21.8,7.1,91.0
2022-07-26,Keshopur APMC,61.86,1300.0,7,monsoon,nashik,31.5,25.4,2.0,81,26.9,21.7,3.0,88.0
2022-07-28,Keshopur APMC,3.5,1300.0,7,monsoon,nashik,31.4,25.2,20.5,85,27.6,21.8,1.3,84.0
2022-07-29,Keshopur APMC,115.0,1300.0,7,monsoon,nashik,30.1,25.0,8.8,87,25.6,22.0,6.5,88.0
2022-07-30,Keshopur APMC,119.3,1300.0,7,monsoon,nashik,31.4,25.5,4.1,85,23.8,21.9,19.2,92.0
2022-08-02,Keshopur APMC,196.09,1500.0,8,monsoon,nashik,33.5,25.8,0.3,79,27.7,21.1,7.7,89.0
2022-08-04,Keshopur APMC,4.8,1400.0,8,monsoon,nashik,31.5,26.6,0.9,86,29.4,21.8,2.6,85.0
2022-08-05,Keshopur APMC,257.25,1500.0,8,monsoon,nashik,30.7,24.8,7.2,86,28.9,21.4,1.4,84.0
2022-08-06,Keshopur APMC,92.38,1400.0,8,monsoon,nashik,32.7,25.5,2.3,83,28.4,21.2,1.4,82.0
2022-08-07,Keshopur APMC,83.97,1500.0,8,monsoon,nashik,30.7,25.2,21.5,86,28.2,21.6,1.2,84.0
2022-08-08,Keshopur APMC,88.03,1500.0,8,monsoon,nashik,33.4,25.0,0.1,81,27.6,21.9,1.5,83.0
2022-08-09,Keshopur APMC,90.79,1500.0,8,monsoon,nashik,33.8,27.4,0.2,78,29.7,22.1,6.4,85.0
2022-08-11,Keshopur APMC,29.11,1600.0,8,monsoon,nashik,28.7,26.4,4.3,83,27.4,22.2,39.9,91.0
2022-08-12,Keshopur APMC,166.19,1500.0,8,monsoon,nashik,33.9,25.1,0.0,74,28.1,21.9,13.0,89.0
2022-08-13,Keshopur APMC,174.43,1600.0,8,monsoon,nashik,33.5,26.3,0.4,76,28.6,22.1,25.2,88.0
2022-08-14,Keshopur APMC,108.35,1600.0,8,monsoon,nashik,32.9,26.1,9.9,85,27.2,22.2,12.8,89.0
2022-08-15,Keshopur APMC,50.55,1650.0,8,monsoon,nashik,31.0,25.9,0.3,82,25.5,22.5,3.4,91.0
2022-08-16,Keshopur APMC,59.28,1600.0,8,monsoon,nashik,30.7,25.7,8.7,80,25.5,22.3,9.1,91.0
2022-08-18,Keshopur APMC,21.83,1800.0,8,monsoon,nashik,33.5,25.5,0.5,75,25.2,21.8,8.4,91.0
2022-08-19,Keshopur APMC,141.5,1600.0,8,monsoon,nashik,34.1,26.5,0.5,73,26.0,21.3,10.3,90.0
2022-08-20,Keshopur APMC,88.57,1700.0,8,monsoon,nashik,30.4,24.8,4.2,82,26.6,22.0,5.9,88.0
2022-08-21,Keshopur APMC,121.0,1700.0,8,monsoon,nashik,33.6,25.6,0.4,76,24.5,21.5,8.5,92.0
2022-08-22,Keshopur APMC,234.74,1600.0,8,monsoon,nashik,33.1,25.9,6.2,77,23.9,21.6,16.8,93.0
2022-08-23,Keshopur APMC,270.73,1600.0,8,monsoon,nashik,33.8,26.2,1.8,70,25.0,21.6,6.3,91.0
2022-08-25,Keshopur APMC,12.5,1600.0,8,monsoon,nashik,34.1,25.3,0.6,73,26.8,21.5,2.3,88.0
2022-08-26,Keshopur APMC,251.65,1600.0,8,monsoon,nashik,35.3,26.6,0.6,64,26.9,21.8,1.7,86.0
2022-08-27,Keshopur APMC,157.35,1600.0,8,monsoon,nashik,35.6,27.6,1.6,60,26.7,21.7,2.1,87.0
2022-08-28,Keshopur APMC,205.34,1400.0,8,monsoon,nashik,36.3,27.6,0.1,54,24.2,21.9,2.9,91.0
2022-08-29,Keshopur APMC,187.87,1400.0,8,monsoon,nashik,35.4,27.7,1.5,59,25.1,22.0,2.7,89.0
2022-08-30,Keshopur APMC,187.32,1400.0,8,monsoon,nashik,37.3,26.6,0.0,66,26.0,21.6,3.2,89.0
2022-09-01,Keshopur APMC,9.35,1400.0,9,monsoon,nashik,37.7,28.0,0.1,59,27.5,21.1,2.8,84.0
2022-09-02,Keshopur APMC,146.65,1400.0,9,monsoon,nashik,37.5,28.0,0.0,57,27.4,20.4,1.0,83.0
2022-09-03,Keshopur APMC,176.0,1500.0,9,monsoon,nashik,38.4,27.8,0.0,50,28.0,20.3,1.0,81.0
2022-09-04,Keshopur APMC,89.42,1500.0,9,monsoon,nashik,37.7,27.9,0.0,49,29.7,19.8,0.1,80.0
2022-09-05,Keshopur APMC,166.51,1400.0,9,monsoon,nashik,37.1,27.3,0.0,51,29.9,20.8,10.6,84.0
2022-09-06,Keshopur APMC,146.77,1500.0,9,monsoon,nashik,37.9,27.7,0.4,51,29.8,22.0,5.3,87.0
2022-09-08,Keshopur APMC,5.5,1300.0,9,monsoon,nashik,37.0,27.2,0.0,53,30.1,21.5,1.0,84.0
2022-09-09,Keshopur APMC,206.6,1500.0,9,monsoon,nashik,35.3,27.9,0.2,61,30.2,21.5,3.2,87.0
2022-09-10,Keshopur APMC,94.67,1500.0,9,monsoon,nashik,34.5,25.2,0.6,68,27.8,22.9,9.6,89.0
2022-09-11,Keshopur APMC,115.3,1500.0,9,monsoon,nashik,33.4,24.1,2.8,70,27.5,21.8,1.9,87.0
2022-09-12,Keshopur APMC,164.97,1600.0,9,monsoon,nashik,34.8,26.8,0.2,66,28.3,21.8,1.5,87.0
2022-09-13,Keshopur APMC,47.48,1500.0,9,monsoon,nashik,34.7,25.0,4.1,67,29.4,21.2,9.7,88.0
2022-09-15,Keshopur APMC,73.32,1400.0,9,monsoon,nashik,30.7,24.6,13.6,85,29.3,21.9,8.4,89.0
2022-09-16,Keshopur APMC,131.51,1500.0,9,monsoon,nashik,30.7,23.6,5.8,84,29.5,21.6,26.5,90.0
2022-09-17,Keshopur APMC,108.25,1200.0,9,monsoon,nashik,33.5,24.0,0.5,80,29.2,21.5,16.9,89.0
2022-09-18,Keshopur APMC,196.18,1300.0,9,monsoon,nashik,33.0,23.5,0.1,81,26.6,22.1,14.0,90.0
2022-09-19,Keshopur APMC,149.68,1400.0,9,monsoon,nashik,33.3,25.0,0.0,77,26.2,21.9,10.9,93.0
2022-09-20,Keshopur APMC,125.01,1300.0,9,monsoon,nashik,31.8,24.3,7.8,84,25.1,22.1,3.1,91.0
2022-09-22,Keshopur APMC,31.94,1500.0,9,monsoon,nashik,27.5,24.0,35.3,90,23.4,21.6,56.6,94.0
2022-09-23,Keshopur APMC,86.52,1500.0,9,monsoon,nashik,28.5,23.8,52.0,92,25.3,21.0,8.0,91.0
2022-09-24,Keshopur APMC,64.19,1500.0,9,monsoon,nashik,27.6,23.4,35.7,92,24.9,20.7,29.1,92.0
2022-09-25,Keshopur APMC,100.22,1400.0,9,monsoon,nashik,30.7,23.6,0.6,84,25.4,21.0,14.0,90.0
2022-09-26,Keshopur APMC,46.95,1400.0,9,monsoon,nashik,30.8,23.0,0.2,85,25.7,20.8,0.9,89.0
2022-09-27,Keshopur APMC,64.29,1400.0,9,monsoon,nashik,31.4,22.7,0.2,80,27.3,20.5,0.8,85.0
2022-09-29,Keshopur APMC,1.65,1700.0,9,monsoon,nashik,31.8,23.0,0.0,78,26.5,20.3,0.9,84.0
2022-09-30,Keshopur APMC,40.23,1500.0,9,monsoon,nashik,31.9,23.1,0.0,77,27.8,20.5,2.0,86.0
2022-10-01,Keshopur APMC,5.0,1700.0,10,post_monsoon,nashik,32.7,23.4,0.0,73,27.9,20.3,0.8,84.0
2022-10-02,Keshopur APMC,46.3,1600.0,10,post_monsoon,nashik,33.2,22.9,0.0,70,26.0,20.0,1.5,89.0
2022-10-03,Keshopur APMC,33.43,1600.0,10,post_monsoon,nashik,33.3,22.8,0.0,65,27.9,20.2,3.7,87.0
2022-10-04,Keshopur APMC,226.6,1700.0,10,post_monsoon,nashik,32.7,22.6,0.0,70,27.9,19.7,11.4,90.0
2022-10-05,Keshopur APMC,26.72,1700.0,10,post_monsoon,nashik,31.7,22.8,0.1,78,28.4,20.1,2.3,88.0
2022-10-06,Keshopur APMC,11.55,1700.0,10,post_monsoon,nashik,30.8,23.1,0.0,76,29.1,19.9,1.4,86.0
2022-10-07,Keshopur APMC,125.58,1800.0,10,post_monsoon,nashik,26.2,22.8,1.1,83,28.7,20.5,1.7,87.0
2022-10-08,Keshopur APMC,110.78,1800.0,10,post_monsoon,nashik,23.7,21.8,37.7,92,27.6,20.1,2.3,85.0
2022-10-09,Keshopur APMC,86.57,1800.0,10,post_monsoon,nashik,25.1,21.1,36.8,91,28.1,20.1,0.1,82.0
2022-10-10,Keshopur APMC,85.06,1800.0,10,post_monsoon,nashik,27.5,21.3,1.1,88,28.4,20.7,0.3,83.0
2022-10-11,Keshopur APMC,144.12,2400.0,10,post_monsoon,nashik,26.8,20.9,2.4,88,28.3,21.0,0.4,80.0
2022-10-12,Keshopur APMC,146.38,2400.0,10,post_monsoon,nashik,28.4,20.2,0.0,84,28.6,21.5,8.9,80.0
2022-10-13,Keshopur APMC,7.9,2400.0,10,post_monsoon,nashik,29.2,19.4,0.0,75,24.0,21.1,14.0,94.0
2022-10-14,Keshopur APMC,245.39,2700.0,10,post_monsoon,nashik,29.5,18.8,0.0,71,25.1,21.0,5.1,91.0
2022-10-15,Keshopur APMC,103.0,2500.0,10,post_monsoon,nashik,29.8,18.4,0.0,70,27.6,21.3,1.0,87.0
2022-10-16,Keshopur APMC,173.42,2100.0,10,post_monsoon,nashik,30.0,18.8,0.0,70,28.9,20.2,9.6,88.0
2022-10-17,Keshopur APMC,112.01,1900.0,10,post_monsoon,nashik,30.4,18.4,0.0,66,28.5,20.9,5.6,89.0
2022-10-18,Keshopur APMC,79.41,1900.0,10,post_monsoon,nashik,30.6,18.0,0.0,64,27.7,20.3,2.6,88.0
2022-10-19,Keshopur APMC,67.45,2000.0,10,post_monsoon,nashik,30.2,19.0,0.0,66,28.9,20.4,1.2,83.0
2022-10-20,Keshopur APMC,12.7,2000.0,10,post_monsoon,nashik,30.4,18.6,0.0,66,28.6,20.2,8.0,83.0
2022-10-21,Keshopur APMC,191.99,2000.0,10,post_monsoon,nashik,30.0,17.6,0.0,65,27.7,19.0,0.0,68.0
2022-10-22,Keshopur APMC,133.5,1800.0,10,post_monsoon,nashik,29.2,18.1,0.0,69,29.0,17.2,0.0,67.0
2022-10-23,Keshopur APMC,170.8,2000.0,10,post_monsoon,nashik,28.7,16.1,0.0,65,28.4,21.4,17.3,86.0
2022-10-24,Keshopur APMC,64.31,2000.0,10,post_monsoon,nashik,29.7,16.4,0.0,64,27.3,20.7,4.9,89.0
2022-10-25,Keshopur APMC,97.23,2000.0,10,post_monsoon,nashik,29.6,15.7,0.0,61,27.3,20.4,2.9,88.0
2022-10-26,Keshopur APMC,19.0,1900.0,10,post_monsoon,nashik,29.8,16.0,0.0,65,27.4,19.8,0.5,88.0
2022-10-27,Keshopur APMC,34.5,1900.0,10,post_monsoon,nashik,30.1,17.7,0.0,64,27.5,20.1,4.2,88.0
2022-10-28,Keshopur APMC,103.9,1900.0,10,post_monsoon,nashik,29.9,17.1,0.0,67,27.5,18.5,0.0,75.0
2022-10-29,Keshopur APMC,86.95,2100.0,10,post_monsoon,nashik,29.4,17.1,0.0,64,27.2,15.5,0.0,65.0
2022-10-31,Keshopur APMC,32.85,2100.0,10,post_monsoon,nashik,29.4,16.0,0.0,66,28.1,15.4,0.0,61.0
2022-11-01,Keshopur APMC,67.25,2000.0,11,post_monsoon,nashik,30.3,18.1,0.0,68,27.7,14.8,0.0,60.0
2022-11-02,Keshopur APMC,57.95,2100.0,11,post_monsoon,nashik,29.2,17.6,0.0,73,27.5,16.1,0.0,62.0
2022-11-03,Keshopur APMC,41.65,2200.0,11,post_monsoon,nashik,30.6,17.8,0.0,69,27.2,15.9,0.0,63.0
2022-11-04,Keshopur APMC,126.86,2200.0,11,post_monsoon,nashik,30.5,20.2,0.0,67,27.7,16.0,0.0,62.0
2022-11-05,Keshopur APMC,198.85,2000.0,11,post_monsoon,nashik,29.9,19.4,0.0,78,27.6,14.9,0.0,60.0
2022-11-06,Keshopur APMC,82.46,2200.0,11,post_monsoon,nashik,29.3,18.9,0.0,79,27.5,16.5,0.0,54.0
2022-11-07,Keshopur APMC,100.27,2200.0,11,post_monsoon,nashik,30.4,18.6,0.0,74,27.0,13.8,0.0,62.0
2022-11-08,Keshopur APMC,71.72,2200.0,11,post_monsoon,nashik,28.7,17.8,7.9,76,28.5,14.0,0.0,59.0
2022-11-09,Keshopur APMC,100.72,2100.0,11,post_monsoon,nashik,26.9,17.0,0.5,73,29.7,14.7,0.0,55.0
2022-11-10,Keshopur APMC,95.05,2200.0,11,post_monsoon,nashik,25.8,18.1,0.0,76,28.9,15.0,0.0,55.0
2022-11-11,Keshopur APMC,112.6,2100.0,11,post_monsoon,nashik,26.2,15.3,0.0,69,29.6,14.8,0.0,58.0
2022-11-12,Keshopur APMC,113.87,2100.0,11,post_monsoon,nashik,26.3,15.0,0.0,64,29.7,15.2,0.0,54.0
2022-11-13,Keshopur APMC,83.73,2200.0,11,post_monsoon,nashik,26.6,14.1,0.0,65,29.7,17.1,0.0,48.0
2022-11-14,Keshopur APMC,101.92,2300.0,11,post_monsoon,nashik,27.7,15.4,0.0,65,29.9,16.0,0.0,51.0
2022-11-15,Keshopur APMC,126.23,2000.0,11,post_monsoon,nashik,26.5,15.6,0.0,68,29.4,15.7,0.0,55.0
2022-11-16,Keshopur APMC,66.94,1700.0,11,post_monsoon,nashik,25.2,15.3,0.0,64,28.2,14.8,0.0,55.0
2022-11-17,Keshopur APMC,12.25,1800.0,11,post_monsoon,nashik,24.4,13.1,0.0,65,28.6,14.5,0.0,57.0
2022-11-18,Keshopur APMC,116.32,1800.0,11,post_monsoon,nashik,24.3,11.4,0.0,63,28.3,15.3,0.0,61.0
2022-11-19,Keshopur APMC,153.41,1800.0,11,post_monsoon,nashik,24.2,12.3,0.0,61,28.4,16.1,0.0,62.0
2022-11-20,Keshopur APMC,134.15,2200.0,11,post_monsoon,nashik,25.3,11.3,0.0,66,29.0,15.6,0.0,65.0
2022-11-21,Keshopur APMC,90.63,2100.0,11,post_monsoon,nashik,25.7,11.8,0.0,63,29.3,16.3,0.0,63.0
2022-11-22,Keshopur APMC,145.91,1900.0,11,post_monsoon,nashik,25.3,11.8,0.0,60,28.4,15.4,0.0,63.0
2022-11-23,Keshopur APMC,29.98,2200.0,11,post_monsoon,nashik,25.2,10.7,0.0,56,28.2,14.5,0.0,52.0
2022-11-24,Keshopur APMC,7.78,1900.0,11,post_monsoon,nashik,25.2,11.1,0.0,59,26.7,13.3,0.0,48.0
2022-11-25,Keshopur APMC,181.04,2200.0,11,post_monsoon,nashik,24.8,11.6,0.0,60,25.8,12.9,0.0,50.0
2022-11-26,Keshopur APMC,41.46,1700.0,11,post_monsoon,nashik,25.1,10.7,0.0,61,26.0,10.9,0.0,51.0
2022-11-27,Keshopur APMC,91.88,1700.0,11,post_monsoon,nashik,24.7,10.1,0.0,69,25.9,11.8,0.0,55.0
2022-11-28,Keshopur APMC,57.17,1500.0,11,post_monsoon,nashik,24.2,9.9,0.0,65,27.4,10.9,0.0,60.0
2022-11-29,Keshopur APMC,7.02,1500.0,11,post_monsoon,nashik,24.0,9.8,0.0,70,28.3,13.8,0.0,58.0
2022-11-30,Keshopur APMC,100.75,1500.0,11,post_monsoon,nashik,24.0,10.9,0.0,74,28.4,13.2,0.0,59.0
2022-12-01,Keshopur APMC,30.3,1400.0,12,winter,nashik,23.7,10.5,0.0,75,29.5,15.3,0.0,59.0
2022-12-02,Keshopur APMC,67.01,2000.0,12,winter,nashik,23.4,10.1,0.0,74,30.0,16.5,0.0,60.0
2022-12-05,Keshopur APMC,99.27,1500.0,12,winter,nashik,22.3,9.9,0.0,76,29.1,15.4,0.0,61.0
2022-12-06,Keshopur APMC,35.43,1500.0,12,winter,nashik,22.9,10.7,0.0,71,28.9,16.0,0.0,59.0
2022-12-07,Keshopur APMC,105.73,1500.0,12,winter,nashik,23.2,11.2,0.0,70,28.4,15.2,0.0,54.0
2022-12-08,Keshopur APMC,100.03,1400.0,12,winter,nashik,22.8,10.4,0.0,76,29.0,14.2,0.0,55.0
2022-12-09,Keshopur APMC,130.11,1500.0,12,winter,nashik,23.4,9.8,0.0,78,29.4,13.7,0.0,62.0
2022-12-10,Keshopur APMC,173.5,1600.0,12,winter,nashik,25.1,10.7,0.0,73,29.0,18.0,0.0,66.0
2022-12-11,Keshopur APMC,33.0,1400.0,12,winter,nashik,25.2,10.9,0.0,72,29.6,18.8,0.2,71.0
2022-12-12,Keshopur APMC,47.12,2000.0,12,winter,nashik,24.7,10.8,0.0,66,30.4,18.9,0.0,64.0
2022-12-13,Keshopur APMC,93.54,2200.0,12,winter,nashik,24.5,10.6,0.0,58,28.9,16.9,0.0,66.0
2022-12-14,Keshopur APMC,66.88,2000.0,12,winter,nashik,22.2,10.6,0.0,60,27.2,15.7,0.0,63.0
2022-12-15,Keshopur APMC,7.67,2000.0,12,winter,nashik,21.7,8.2,0.0,63,26.4,12.5,0.0,49.0
2022-12-16,Keshopur APMC,106.95,1900.0,12,winter,nashik,21.1,8.0,0.0,71,27.2,11.5,0.0,52.0
2022-12-17,Keshopur APMC,142.71,2100.0,12,winter,nashik,21.6,7.7,0.0,73,28.7,14.2,0.0,62.0
2022-12-18,Keshopur APMC,70.55,2200.0,12,winter,nashik,21.3,7.5,0.0,79,28.7,19.1,0.3,75.0
2022-12-19,Keshopur APMC,48.33,2000.0,12,winter,nashik,21.3,8.0,0.0,82,29.1,19.2,0.3,75.0
2022-12-20,Keshopur APMC,37.99,1500.0,12,winter,nashik,20.7,8.1,0.0,79,29.9,20.1,5.2,79.0
2022-12-22,Keshopur APMC,15.05,1400.0,12,winter,nashik,20.4,7.7,0.0,82,29.0,18.2,0.0,75.0
2022-12-23,Keshopur APMC,35.0,1500.0,12,winter,nashik,18.8,7.1,0.0,85,29.0,18.1,0.0,73.0
2022-12-24,Keshopur APMC,60.1,1700.0,12,winter,nashik,18.9,8.4,0.0,77,28.8,18.1,0.0,67.0
2022-12-25,Keshopur APMC,61.8,1800.0,12,winter,nashik,17.1,5.5,0.0,84,27.7,16.2,0.0,63.0
2022-12-26,Keshopur APMC,51.47,1800.0,12,winter,nashik,18.4,6.0,0.0,85,28.8,15.1,0.0,58.0
2023-01-09,Keshopur APMC,66.54,1800.0,1,winter,nashik,17.1,5.6,0.0,91,28.5,12.4,0.0,62.0
2023-01-10,Keshopur APMC,180.2,1800.0,1,winter,nashik,18.2,7.3,0.0,91,27.1,13.8,0.0,71.0
2023-01-21,Keshopur APMC,70.3,1800.0,1,winter,nashik,20.3,7.0,0.0,80,27.6,10.8,0.0,62.0
2023-01-22,Keshopur APMC,109.1,1700.0,1,winter,nashik,21.5,8.2,0.0,74,28.2,11.0,0.0,62.0
2023-01-23,Keshopur APMC,104.66,1800.0,1,winter,nashik,22.7,8.5,0.0,65,28.9,11.1,0.0,61.0
2023-01-24,Keshopur APMC,109.03,1800.0,1,winter,nashik,20.9,12.1,6.3,83,28.6,11.6,0.0,62.0
2023-01-25,Keshopur APMC,102.74,2000.0,1,winter,nashik,21.0,12.3,0.8,85,30.1,12.2,0.0,60.0
2023-01-27,Keshopur APMC,21.6,2100.0,1,winter,nashik,18.6,7.4,0.0,71,28.7,13.4,0.0,51.0
2023-01-28,Keshopur APMC,148.8,2100.0,1,winter,nashik,20.6,6.0,0.0,71,27.4,12.0,0.0,50.0
2023-01-29,Keshopur APMC,134.71,2200.0,1,winter,nashik,16.4,7.7,2.9,86,27.5,13.2,0.0,54.0
2023-01-30,Keshopur APMC,137.16,1800.0,1,winter,nashik,16.4,10.5,26.0,86,27.6,12.0,0.0,59.0
2023-02-03,Keshopur APMC,135.18,1700.0,2,winter,nashik,22.4,9.1,0.0,71,30.2,16.1,0.0,57.0
2023-02-04,Keshopur APMC,90.09,1700.0,2,winter,nashik,22.8,10.0,0.0,69,28.7,14.7,0.0,71.0
2023-02-05,Keshopur APMC,127.47,1600.0,2,winter,nashik,23.3,10.5,0.0,65,28.6,15.8,0.3,73.0
2023-02-06,Keshopur APMC,100.48,1600.0,2,winter,nashik,25.3,10.5,0.5,70,28.9,16.2,0.0,64.0
2023-02-14,Keshopur APMC,190.73,1400.0,2,winter,nashik,23.9,10.0,0.0,47,31.6,14.0,0.0,47.0
2023-02-16,Keshopur APMC,17.65,1500.0,2,winter,nashik,26.4,11.2,0.0,71,33.8,16.7,0.0,34.0
2023-02-17,Keshopur APMC,225.32,1400.0,2,winter,nashik,26.9,12.8,0.0,76,32.8,14.8,0.0,34.0
2023-02-18,Keshopur APMC,198.26,1400.0,2,winter,nashik,26.5,12.6,0.0,77,31.6,12.3,0.0,42.0
2023-02-19,Keshopur APMC,97.99,1400.0,2,winter,nashik,28.3,13.9,0.0,70,31.4,13.5,0.0,39.0
2023-02-20,Keshopur APMC,191.86,1400.0,2,winter,nashik,31.1,15.1,0.0,62,31.8,13.3,0.0,34.0
2023-02-21,Keshopur APMC,141.71,1100.0,2,winter,nashik,29.6,15.6,0.0,57,33.3,14.1,0.0,29.0
2023-02-23,Keshopur APMC,8.8,1150.0,2,winter,nashik,28.1,13.5,0.0,53,34.3,15.2,0.0,29.0
2023-02-24,Keshopur APMC,26.4,1250.0,2,winter,nashik,28.3,12.2,0.0,51,33.1,15.3,0.0,31.0
2023-02-25,Keshopur APMC,54.6,1300.0,2,winter,nashik,28.5,13.0,0.0,54,33.5,14.1,0.0,31.0
2023-02-28,Keshopur APMC,26.29,1350.0,2,winter,nashik,29.4,14.7,0.0,49,34.2,14.8,0.0,28.0
2023-03-02,Keshopur APMC,1.2,1300.0,3,summer,nashik,30.3,15.9,0.0,54,33.7,16.9,0.0,28.0
2023-03-03,Keshopur APMC,207.59,1200.0,3,summer,nashik,31.1,16.8,0.0,54,33.7,16.0,0.0,28.0
2023-03-07,Keshopur APMC,54.54,1300.0,3,summer,nashik,29.1,15.2,0.0,50,33.2,16.6,0.0,28.0
2023-03-10,Keshopur APMC,101.55,1300.0,3,summer,nashik,29.8,15.5,0.0,56,35.1,18.7,0.0,31.0
2023-03-17,Keshopur APMC,163.71,1650.0,3,summer,nashik,29.1,19.9,0.7,56,33.1,17.7,0.0,36.0
2023-03-18,Keshopur APMC,207.7,1350.0,3,summer,nashik,26.5,17.5,0.7,76,33.5,17.6,0.0,38.0
2023-03-19,Keshopur APMC,162.37,1400.0,3,summer,nashik,25.2,16.1,0.5,82,32.8,19.6,0.1,36.0
2023-03-20,Keshopur APMC,125.62,1500.0,3,summer,nashik,23.5,16.3,24.6,86,32.2,18.9,0.0,37.0
2023-03-30,Keshopur APMC,11.25,1400.0,3,summer,nashik,30.8,17.5,12.4,71,31.3,15.9,0.0,62.0
2023-03-31,Keshopur APMC,117.29,1600.0,3,summer,nashik,23.8,17.2,6.0,83,31.0,14.6,0.0,57.0
2023-04-01,Keshopur APMC,136.38,1500.0,4,summer,nashik,25.3,15.9,1.2,81,30.4,14.4,0.0,49.0
2023-04-17,Keshopur APMC,111.4,1100.0,4,summer,nashik,39.2,24.7,0.0,25,36.3,21.5,0.0,42.0
2023-04-18,Keshopur APMC,166.75,1100.0,4,summer,nashik,39.1,25.0,0.0,24,36.9,22.7,0.0,36.0
2023-04-20,Keshopur APMC,3.3,1100.0,4,summer,nashik,34.6,23.2,0.0,44,36.9,22.5,0.0,36.0
2023-04-21,Keshopur APMC,31.73,1150.0,4,summer,nashik,35.1,22.7,0.0,34,36.7,22.0,0.0,40.0
2023-04-25,Keshopur APMC,77.81,1100.0,4,summer,nashik,33.3,20.5,0.0,37,37.8,23.2,0.0,31.0
2023-04-27,Keshopur APMC,29.86,1100.0,4,summer,nashik,36.4,23.2,0.0,31,35.1,20.5,0.0,37.0
2023-04-29,Keshopur APMC,72.95,1100.0,4,summer,nashik,33.1,22.2,1.3,50,33.3,20.0,0.0,48.0
2023-04-30,Keshopur APMC,112.13,1050.0,4,summer,nashik,30.1,21.6,1.5,63,35.5,19.8,0.0,32.0
2023-05-01,Keshopur APMC,112.13,1050.0,5,summer,nashik,26.8,19.8,4.5,81,36.0,21.8,0.0,30.0
2023-05-06,Keshopur APMC,118.09,1150.0,5,summer,nashik,34.4,20.0,0.1,57,30.9,19.2,1.1,61.0
2023-05-12,Keshopur APMC,236.01,1250.0,5,summer,nashik,41.7,23.5,0.0,24,33.1,22.0,0.5,62.0
2023-05-13,Keshopur APMC,200.62,1200.0,5,summer,nashik,41.5,24.8,0.0,26,33.1,22.3,0.5,59.0
2023-05-14,Keshopur APMC,198.35,1200.0,5,summer,nashik,40.0,26.2,0.0,29,34.9,23.7,0.1,52.0
2023-05-15,Keshopur APMC,30.99,1200.0,5,summer,nashik,40.2,24.6,0.0,26,37.4,24.1,0.1,51.0
2023-05-18,Keshopur APMC,83.75,1050.0,5,summer,nashik,38.0,24.1,0.0,40,39.3,22.9,0.0,34.0
2023-05-19,Keshopur APMC,158.8,1200.0,5,summer,nashik,38.2,25.5,0.0,36,38.5,24.1,0.0,41.0
2023-05-20,Keshopur APMC,178.63,1150.0,5,summer,nashik,40.3,24.2,0.0,30,37.2,23.2,0.0,52.0
2023-05-21,Keshopur APMC,63.5,1150.0,5,summer,nashik,43.0,25.3,0.0,23,35.8,22.6,0.0,61.0
2023-05-25,Keshopur APMC,4.75,1200.0,5,summer,nashik,33.3,23.9,0.7,65,37.9,21.8,0.0,45.0
2023-05-26,Keshopur APMC,125.92,1200.0,5,summer,nashik,33.8,22.7,0.0,60,36.5,21.9,0.0,52.0
2023-05-27,Keshopur APMC,150.01,1200.0,5,summer,nashik,33.4,21.0,15.4,67,36.3,21.9,0.0,58.0
2023-05-28,Keshopur APMC,165.94,1350.0,5,summer,nashik,33.3,23.9,0.6,71,36.3,22.3,0.0,53.0
2023-05-29,Keshopur APMC,177.45,1350.0,5,summer,nashik,33.2,22.6,2.8,74,37.5,22.2,0.0,46.0
2023-05-30,Keshopur APMC,170.78,1350.0,5,summer,nashik,33.5,22.7,0.5,69,36.5,22.9,0.0,57.0
2023-06-01,Keshopur APMC,3.0,1350.0,6,monsoon,nashik,33.0,19.9,0.0,69,34.6,22.9,0.0,63.0
2023-06-02,Keshopur APMC,261.67,1200.0,6,monsoon,nashik,32.5,22.1,1.6,60,34.5,22.4,0.0,64.0
2023-06-03,Keshopur APMC,152.34,1250.0,6,monsoon,nashik,34.9,22.3,0.0,55,36.0,22.6,0.0,61.0
2023-06-04,Keshopur APMC,82.52,1300.0,6,monsoon,nashik,35.9,23.5,0.2,58,37.5,23.4,0.0,54.0
2023-06-10,Keshopur APMC,97.17,1500.0,6,monsoon,nashik,41.1,27.7,0.2,39,33.4,24.4,1.5,67.0
2023-06-11,Keshopur APMC,75.2,1500.0,6,monsoon,nashik,39.3,28.2,0.0,46,33.8,23.3,0.2,68.0
2023-06-12,Keshopur APMC,84.76,1500.0,6,monsoon,nashik,41.2,29.0,0.0,45,35.6,23.1,0.0,63.0
2023-06-13,Keshopur APMC,107.18,1500.0,6,monsoon,nashik,42.3,30.2,0.0,35,35.7,22.8,0.0,61.0
2023-06-29,Keshopur APMC,12.3,1400.0,6,monsoon,nashik,32.1,26.3,18.4,83,32.4,23.3,1.9,71.0
2023-06-30,Keshopur APMC,74.64,1700.0,6,monsoon,nashik,33.6,25.5,9.2,82,29.1,22.5,2.2,81.0
2023-07-01,Keshopur APMC,175.08,1700.0,7,monsoon,nashik,33.0,23.9,1.7,81,28.2,22.1,2.6,85.0
2023-07-15,Keshopur APMC,150.15,1700.0,7,monsoon,nashik,33.2,26.2,13.1,85,26.9,22.1,6.2,90.0
2023-07-16,Keshopur APMC,104.01,1650.0,7,monsoon,nashik,33.1,25.4,16.3,85,27.0,22.1,3.1,86.0
2023-07-17,Keshopur APMC,191.75,1700.0,7,monsoon,nashik,33.3,26.7,7.6,85,27.7,22.5,3.6,86.0
2023-07-18,Keshopur APMC,105.09,1700.0,7,monsoon,nashik,31.5,25.6,18.0,87,26.8,22.1,5.4,89.0
2023-07-20,Keshopur APMC,86.5,1700.0,7,monsoon,nashik,35.2,27.3,27.9,80,27.2,22.1,15.6,89.0
2023-07-28,Keshopur APMC,181.02,1600.0,7,monsoon,nashik,32.7,26.4,18.7,87,25.6,22.4,16.8,92.0
2023-07-29,Keshopur APMC,102.7,1600.0,7,monsoon,nashik,31.4,25.1,6.4,84,27.0,22.0,9.9,90.0
2023-07-30,Keshopur APMC,95.38,1600.0,7,monsoon,nashik,33.3,24.9,1.8,81,26.3,22.5,8.3,90.0
2023-07-31,Keshopur APMC,92.6,1600.0,7,monsoon,nashik,33.7,25.6,1.1,79,26.9,22.3,6.3,89.0
2023-08-01,Keshopur APMC,79.51,1700.0,8,monsoon,nashik,34.7,26.9,0.1,77,26.2,22.5,14.1,91.0
2023-08-03,Keshopur APMC,18.35,1700.0,8,monsoon,nashik,34.0,26.6,13.5,82,24.9,22.2,18.1,92.0
2023-08-04,Keshopur APMC,143.05,1700.0,8,monsoon,nashik,31.8,26.2,9.5,87,24.8,22.2,4.4,91.0
2023-08-05,Keshopur APMC,160.1,1700.0,8,monsoon,nashik,33.6,26.7,5.1,84,26.6,22.2,4.4,88.0
2023-08-06,Keshopur APMC,93.43,1850.0,8,monsoon,nashik,34.8,26.3,3.0,76,26.9,22.2,4.4,89.0
2023-08-07,Keshopur APMC,135.6,1750.0,8,monsoon,nashik,34.1,26.9,0.2,71,26.6,22.6,3.3,88.0
2023-08-10,Keshopur APMC,115.55,1950.0,8,monsoon,nashik,34.1,26.9,0.4,71,26.5,22.5,1.8,90.0
2023-08-11,Keshopur APMC,167.16,1800.0,8,monsoon,nashik,34.6,27.2,0.7,69,26.6,22.1,3.7,90.0
2023-08-12,Keshopur APMC,34.65,2550.0,8,monsoon,nashik,35.8,27.7,0.0,59,26.4,22.1,2.4,88.0
2023-08-13,Keshopur APMC,89.92,2650.0,8,monsoon,nashik,35.6,27.4,0.5,63,27.4,22.0,1.2,86.0
2023-08-21,Keshopur APMC,41.81,2600.0,8,monsoon,nashik,36.9,28.3,0.9,68,26.2,21.7,1.5,86.0
2023-09-15,Keshopur APMC,124.37,2200.0,9,monsoon,nashik,32.0,26.1,7.4,88,27.5,22.7,2.4,87.0
2023-09-16,Keshopur APMC,137.26,2150.0,9,monsoon,nashik,31.6,26.4,8.4,84,28.2,22.2,0.8,86.0
2023-09-17,Keshopur APMC,96.58,2150.0,9,monsoon,nashik,31.5,25.2,6.3,87,27.4,22.1,1.6,86.0
2023-09-18,Keshopur APMC,74.27,2200.0,9,monsoon,nashik,31.6,24.8,0.6,81,28.2,21.4,0.3,81.0
2023-09-19,Keshopur APMC,124.24,2300.0,9,monsoon,nashik,33.0,24.9,0.2,78,27.7,21.5,1.3,84.0
2023-09-22,Keshopur APMC,122.92,2300.0,9,monsoon,nashik,33.0,25.4,0.5,81,24.0,22.3,7.8,93.0
2023-09-23,Keshopur APMC,135.23,2350.0,9,monsoon,nashik,32.3,25.7,1.0,84,25.9,21.8,2.2,91.0
2023-09-24,Keshopur APMC,165.7,2400.0,9,monsoon,nashik,32.6,25.5,0.7,82,26.8,21.2,4.9,90.0
2023-09-29,Keshopur APMC,33.72,2350.0,9,monsoon,nashik,33.1,20.8,0.0,66,28.2,21.6,12.5,90.0
2023-09-30,Keshopur APMC,121.75,2450.0,9,monsoon,nashik,34.7,22.4,0.0,61,26.6,22.1,7.1,90.0
2023-10-05,Keshopur APMC,59.66,2450.0,10,post_monsoon,nashik,34.4,20.0,0.0,54,29.2,20.9,11.5,87.0
2023-10-06,Keshopur APMC,62.98,2400.0,10,post_monsoon,nashik,35.4,19.0,0.0,54,31.1,21.5,0.2,78.0
2023-10-07,Keshopur APMC,98.31,2550.0,10,post_monsoon,nashik,35.3,21.2,0.0,63,31.2,21.4,0.0,67.0
2023-10-08,Keshopur APMC,51.1,2550.0,10,post_monsoon,nashik,35.6,24.0,0.0,62,28.5,22.0,0.9,83.0
2023-10-09,Keshopur APMC,172.41,2500.0,10,post_monsoon,nashik,35.6,24.4,0.0,58,29.5,21.7,0.0,79.0
2023-10-12,Keshopur APMC,64.35,2500.0,10,post_monsoon,nashik,33.3,18.4,0.0,56,30.1,19.3,0.0,75.0
2023-10-13,Keshopur APMC,62.03,2450.0,10,post_monsoon,nashik,34.9,20.5,0.0,57,30.4,19.3,0.0,72.0
2023-10-16,Keshopur APMC,88.79,2450.0,10,post_monsoon,nashik,28.9,20.0,3.3,66,30.9,19.5,0.0,64.0
2023-10-20,Keshopur APMC,52.11,3400.0,10,post_monsoon,nashik,29.2,17.1,0.0,65,31.6,20.5,0.0,57.0
2023-10-21,Keshopur APMC,54.54,3000.0,10,post_monsoon,nashik,29.7,16.9,0.0,64,30.5,20.4,0.1,62.0
2023-10-22,Keshopur APMC,48.66,2800.0,10,post_monsoon,nashik,30.3,17.2,0.0,63,30.3,20.0,0.0,65.0
2023-10-26,Keshopur APMC,68.99,5300.0,10,post_monsoon,nashik,30.7,16.7,0.0,59,31.3,20.4,0.0,54.0
2023-10-27,Keshopur APMC,52.16,5400.0,10,post_monsoon,nashik,30.4,16.0,0.0,55,30.4,20.4,0.3,66.0
2023-11-03,Keshopur APMC,113.71,3800.0,11,post_monsoon,nashik,28.5,17.7,0.6,71,30.2,16.9,0.0,46.0
2023-11-04,Keshopur APMC,27.3,3800.0,11,post_monsoon,nashik,29.6,15.7,0.0,68,30.5,16.9,0.0,47.0
2023-11-06,Keshopur APMC,83.43,4200.0,11,post_monsoon,nashik,29.4,15.2,0.0,63,30.5,18.4,0.0,50.0
2023-11-09,Keshopur APMC,9.75,4200.0,11,post_monsoon,nashik,29.2,16.6,0.0,68,30.4,17.7,0.0,52.0
2023-11-13,Keshopur APMC,28.65,4200.0,11,post_monsoon,nashik,25.3,13.1,0.0,75,30.3,17.9,0.0,47.0
2023-11-14,Keshopur APMC,42.62,4100.0,11,post_monsoon,nashik,25.1,14.3,0.0,73,30.8,19.3,0.0,50.0
2023-11-17,Keshopur APMC,89.8,4200.0,11,post_monsoon,nashik,26.7,14.8,0.0,74,32.1,19.0,0.0,61.0
2023-11-23,Keshopur APMC,114.71,3800.0,11,post_monsoon,nashik,24.6,11.0,0.0,72,28.6,16.1,0.0,56.0
2023-11-24,Keshopur APMC,95.06,3500.0,11,post_monsoon,nashik,25.0,13.8,0.0,72,29.1,17.1,0.0,58.0
2023-11-25,Keshopur APMC,56.79,3400.0,11,post_monsoon,nashik,25.0,11.8,0.0,70,30.6,17.0,0.0,59.0
2023-11-26,Keshopur APMC,35.42,3400.0,11,post_monsoon,nashik,25.5,13.8,0.0,71,30.3,20.7,0.0,56.0
2023-11-30,Keshopur APMC,56.87,4600.0,11,post_monsoon,nashik,21.2,14.3,1.5,86,29.2,19.1,0.0,70.0
2023-12-01,Keshopur APMC,131.78,4500.0,12,winter,nashik,24.0,14.3,0.7,82,29.1,19.0,0.1,71.0
2023-12-02,Keshopur APMC,60.61,4600.0,12,winter,nashik,24.1,13.7,0.0,79,28.1,19.1,15.1,79.0
2023-12-03,Keshopur APMC,62.93,4100.0,12,winter,nashik,24.3,12.3,0.7,77,25.9,18.4,4.4,87.0
2023-12-04,Keshopur APMC,48.94,4000.0,12,winter,nashik,22.8,14.2,0.0,73,27.0,18.2,1.4,82.0
2023-12-05,Keshopur APMC,52.75,3700.0,12,winter,nashik,23.2,12.1,0.0,75,26.9,17.6,0.1,82.0
2023-12-07,Keshopur APMC,35.86,3900.0,12,winter,nashik,24.1,11.3,0.0,78,27.8,18.0,0.1,79.0
2023-12-08,Keshopur APMC,58.5,4000.0,12,winter,nashik,23.8,11.1,0.0,76,28.1,18.7,0.3,78.0
2023-12-10,Keshopur APMC,130.35,3700.0,12,winter,nashik,22.6,10.6,0.0,70,28.0,19.1,0.0,76.0
2023-12-11,Keshopur APMC,77.41,3600.0,12,winter,nashik,21.9,8.6,0.0,70,27.5,18.3,0.1,77.0
2023-12-14,Keshopur APMC,35.4,3600.0,12,winter,nashik,22.1,9.4,0.0,72,27.0,16.9,0.0,73.0
2023-12-15,Keshopur APMC,86.42,3700.0,12,winter,nashik,21.8,7.1,0.0,73,27.1,16.9,0.0,74.0
2023-12-16,Keshopur APMC,73.18,3400.0,12,winter,nashik,22.3,7.9,0.0,71,27.4,16.7,0.0,72.0
2023-12-17,Keshopur APMC,44.25,2600.0,12,winter,nashik,22.5,8.8,0.0,68,28.4,16.7,0.0,68.0
2023-12-18,Keshopur APMC,58.34,2600.0,12,winter,nashik,21.6,8.8,0.0,69,28.0,15.4,0.0,71.0
2023-12-19,Keshopur APMC,36.46,2600.0,12,winter,nashik,21.6,8.2,0.0,67,27.4,15.4,0.0,67.0
2023-12-21,Keshopur APMC,95.23,2500.0,12,winter,nashik,21.5,7.6,0.0,76,26.2,16.1,0.0,66.0
2023-12-22,Keshopur APMC,31.25,2200.0,12,winter,nashik,21.2,6.8,0.0,78,25.9,14.2,0.0,64.0
2023-12-23,Keshopur APMC,127.09,2000.0,12,winter,nashik,22.0,10.6,1.2,73,26.2,14.3,0.0,64.0
2023-12-24,Keshopur APMC,97.7,2000.0,12,winter,nashik,22.7,9.5,0.0,78,25.7,15.3,0.0,64.0
2023-12-26,Keshopur APMC,92.1,1900.0,12,winter,nashik,22.3,9.3,0.0,78,25.9,14.6,0.0,56.0
2023-12-28,Keshopur APMC,28.25,2000.0,12,winter,nashik,20.7,9.2,0.0,87,28.1,16.4,0.0,60.0
2023-12-29,Keshopur APMC,38.72,2000.0,12,winter,nashik,19.8,8.1,0.0,90,29.6,13.5,0.0,58.0
2023-12-30,Keshopur APMC,54.08,2000.0,12,winter,nashik,18.4,9.0,0.0,91,29.2,16.0,0.0,51.0
2023-12-31,Keshopur APMC,22.7,2200.0,12,winter,nashik,18.4,8.3,0.0,86,29.4,15.7,0.0,58.0
2024-01-01,Keshopur APMC,95.18,2100.0,1,winter,nashik,16.1,6.3,0.0,87,30.0,15.9,0.0,53.0
2024-01-02,Keshopur APMC,66.11,2800.0,1,winter,nashik,15.0,4.6,0.0,87,30.0,15.3,0.0,57.0
2024-01-04,Keshopur APMC,26.5,2700.0,1,winter,nashik,17.5,5.2,0.0,84,29.6,16.5,0.0,63.0
2024-01-05,Keshopur APMC,94.92,2700.0,1,winter,nashik,17.1,8.1,0.1,87,29.7,15.6,0.0,62.0
2024-01-06,Keshopur APMC,88.54,2400.0,1,winter,nashik,16.9,6.6,0.0,84,29.1,16.3,0.0,60.0
2024-01-07,Keshopur APMC,89.75,2350.0,1,winter,nashik,17.4,6.7,0.0,81,28.7,16.0,0.0,64.0
2024-01-09,Keshopur APMC,85.9,2600.0,1,winter,nashik,18.0,6.4,0.0,87,28.5,15.1,0.0,69.0
2024-01-12,Keshopur APMC,79.92,2300.0,1,winter,nashik,17.4,5.3,0.0,88,26.9,15.9,0.5,71.0
2024-01-13,Keshopur APMC,148.53,2400.0,1,winter,nashik,17.8,5.7,0.0,86,28.2,16.4,0.6,69.0
2024-01-14,Keshopur APMC,109.68,2400.0,1,winter,nashik,17.7,4.5,0.0,87,29.2,17.0,0.0,64.0
2024-01-19,Keshopur APMC,135.57,2100.0,1,winter,nashik,16.4,6.2,0.0,90,30.6,16.5,0.0,64.0
2024-01-20,Keshopur APMC,146.26,2100.0,1,winter,nashik,15.8,5.5,0.0,89,29.7,16.4,0.0,57.0
2024-01-25,Keshopur APMC,167.92,2000.0,1,winter,nashik,17.2,6.0,0.0,89,27.8,13.0,0.0,58.0
2024-01-29,Keshopur APMC,179.46,2000.0,1,winter,nashik,21.2,8.7,0.0,86,26.3,12.1,0.0,44.0
2024-01-30,Keshopur APMC,64.46,2100.0,1,winter,nashik,20.3,9.8,0.0,91,25.9,11.3,0.0,40.0
2024-02-01,Keshopur APMC,142.13,2000.0,2,winter,nashik,21.0,11.9,33.0,86,29.4,12.8,0.0,43.0
2024-02-02,Keshopur APMC,143.51,1900.0,2,winter,nashik,19.2,8.8,0.0,85,29.4,13.3,0.0,50.0
2024-02-03,Keshopur APMC,143.26,1800.0,2,winter,nashik,20.4,7.7,0.0,72,30.1,15.6,0.0,45.0
2024-02-04,Keshopur APMC,86.96,1800.0,2,winter,nashik,21.1,12.6,4.3,86,29.3,14.2,0.0,43.0
2024-02-10,Keshopur APMC,81.41,1750.0,2,winter,nashik,19.7,7.2,0.0,81,32.2,16.2,0.0,49.0
2024-02-11,Keshopur APMC,118.4,1700.0,2,winter,nashik,21.4,7.9,0.0,77,32.1,16.3,0.0,49.0
2024-02-12,Keshopur APMC,99.27,1600.0,2,winter,nashik,21.5,8.2,0.0,77,32.8,16.2,0.0,50.0
2024-02-19,Keshopur APMC,98.83,1700.0,2,winter,nashik,27.2,14.9,0.0,61,31.5,15.3,0.0,34.0
2024-02-20,Keshopur APMC,63.2,2300.0,2,winter,nashik,27.4,15.2,0.1,65,30.7,15.3,0.0,41.0
2024-02-22,Keshopur APMC,39.05,2400.0,2,winter,nashik,24.2,11.1,0.0,51,33.2,18.6,0.0,43.0
2024-02-29,Keshopur APMC,115.2,2400.0,2,winter,nashik,26.4,11.8,0.0,56,28.8,14.0,0.0,47.0
2024-03-02,Keshopur APMC,183.98,2300.0,3,summer,nashik,25.2,17.6,6.7,73,31.1,12.2,0.0,26.0
2024-03-07,Keshopur APMC,27.32,2200.0,3,summer,nashik,23.8,9.9,0.0,61,34.0,21.0,0.0,41.0
2024-03-08,Keshopur APMC,236.74,2200.0,3,summer,nashik,25.1,10.6,0.0,58,31.4,18.9,0.6,48.0
2024-03-10,Keshopur APMC,50.59,2100.0,3,summer,nashik,26.3,11.3,0.0,56,30.4,12.8,0.0,42.0
2024-03-11,Keshopur APMC,195.85,2100.0,3,summer,nashik,29.3,15.3,0.0,51,32.7,13.8,0.0,30.0
2024-03-12,Keshopur APMC,54.05,2100.0,3,summer,nashik,29.2,13.9,0.0,49,32.9,15.2,0.0,28.0
2024-03-14,Keshopur APMC,41.44,2200.0,3,summer,nashik,29.0,14.0,0.0,54,33.0,16.7,0.0,28.0
2024-03-15,Keshopur APMC,52.62,2100.0,3,summer,nashik,27.4,13.9,0.0,44,34.8,16.8,0.0,29.0
2024-03-28,Keshopur APMC,36.95,1900.0,3,summer,nashik,36.8,22.1,0.0,42,36.9,18.4,0.0,27.0
2024-04-06,Keshopur APMC,131.15,1900.0,4,summer,nashik,35.1,19.9,0.0,21,37.7,22.7,0.0,29.0
2024-04-07,Keshopur APMC,157.74,1900.0,4,summer,nashik,35.4,17.5,0.0,21,38.1,21.7,0.0,25.0
2024-04-08,Keshopur APMC,87.69,1850.0,4,summer,nashik,36.9,18.6,0.0,22,38.6,19.7,0.0,28.0
2024-04-09,Keshopur APMC,73.54,1800.0,4,summer,nashik,37.7,18.6,0.0,19,38.7,20.0,0.0,31.0
2024-04-14,Keshopur APMC,20.75,1900.0,4,summer,nashik,33.6,22.5,0.2,48,37.4,19.6,0.0,21.0
2024-04-15,Keshopur APMC,35.13,1800.0,4,summer,nashik,36.2,22.0,0.0,51,38.1,20.2,0.0,33.0
2024-04-18,Keshopur APMC,18.99,1900.0,4,summer,nashik,37.9,23.4,0.0,24,36.3,23.9,0.0,35.0
2024-04-19,Keshopur APMC,165.47,1800.0,4,summer,nashik,38.3,24.6,0.0,30,36.4,20.2,0.0,33.0
2024-04-20,Keshopur APMC,73.23,1800.0,4,summer,nashik,36.4,22.0,0.0,28,37.8,19.8,0.0,46.0
2024-04-25,Keshopur APMC,56.76,1700.0,4,summer,nashik,38.3,21.4,0.0,26,39.0,24.8,0.0,30.0
2024-04-26,Keshopur APMC,266.64,1700.0,4,summer,nashik,39.4,23.4,0.0,23,37.8,25.1,0.0,35.0
2024-04-27,Keshopur APMC,94.39,1800.0,4,summer,nashik,38.1,25.7,0.0,27,37.2,23.2,0.6,33.0
2024-04-28,Keshopur APMC,69.95,1800.0,4,summer,nashik,37.6,23.3,0.0,28,36.4,23.9,0.1,33.0
2024-04-29,Keshopur APMC,53.8,1800.0,4,summer,nashik,38.1,23.5,0.0,27,38.8,22.4,0.0,28.0
2024-04-30,Keshopur APMC,37.11,1750.0,4,summer,nashik,36.3,23.2,0.0,26,37.7,22.0,0.0,32.0
2024-05-02,Keshopur APMC,46.83,1900.0,5,summer,nashik,35.1,19.2,0.0,27,38.1,25.3,0.0,32.0
2024-05-03,Keshopur APMC,149.65,1800.0,5,summer,nashik,38.2,20.2,0.0,23,39.6,25.0,0.0,29.0
2024-05-04,Keshopur APMC,114.33,1800.0,5,summer,nashik,40.7,26.4,0.0,19,40.3,26.1,0.0,25.0
2024-05-05,Keshopur APMC,71.8,1900.0,5,summer,nashik,41.1,24.7,0.0,21,40.1,25.2,0.0,25.0
2024-05-06,Keshopur APMC,118.94,2150.0,5,summer,nashik,40.7,25.7,0.0,22,39.4,24.9,0.0,21.0
2024-05-07,Keshopur APMC,205.55,2200.0,5,summer,nashik,41.4,26.9,0.0,27,37.9,24.7,0.0,25.0
2024-05-13,Keshopur APMC,62.85,1700.0,5,summer,nashik,40.8,26.8,0.0,30,38.1,22.9,0.0,50.0
2024-05-14,Keshopur APMC,107.26,1700.0,5,summer,nashik,40.7,24.7,0.0,24,38.1,20.9,0.0,55.0
2024-05-16,Keshopur APMC,17.91,1600.0,5,summer,nashik,42.5,25.5,0.0,20,36.4,23.9,5.0,57.0
2024-05-17,Keshopur APMC,46.55,1900.0,5,summer,nashik,44.2,26.7,0.0,19,38.7,24.0,0.4,45.0
2024-05-18,Keshopur APMC,60.66,1800.0,5,summer,nashik,44.3,27.2,0.0,20,37.1,24.6,0.8,46.0
2024-05-19,Keshopur APMC,91.15,1800.0,5,summer,nashik,45.4,27.8,0.0,16,34.3,23.9,0.6,57.0
2024-05-20,Keshopur APMC,151.82,1700.0,5,summer,nashik,44.2,29.3,0.0,19,38.0,23.9,1.5,51.0
2024-05-21,Keshopur APMC,210.87,1700.0,5,summer,nashik,43.0,28.7,0.0,27,37.6,24.2,0.0,42.0
2024-05-23,Keshopur APMC,74.55,1800.0,5,summer,nashik,41.3,30.7,0.0,35,37.9,25.2,0.0,41.0
2024-05-24,Keshopur APMC,111.03,1700.0,5,summer,nashik,40.8,30.7,0.0,35,39.5,23.5,0.1,48.0
2024-05-26,Keshopur APMC,51.27,1800.0,5,summer,nashik,46.3,29.3,0.0,18,39.6,24.9,0.0,46.0
2024-05-27,Keshopur APMC,138.73,1800.0,5,summer,nashik,46.0,29.9,0.0,20,40.6,24.1,0.0,45.0
2024-05-28,Keshopur APMC,120.71,1800.0,5,summer,nashik,46.4,28.6,0.0,16,40.7,24.9,0.0,41.0
2024-05-30,Keshopur APMC,55.45,1700.0,5,summer,nashik,46.3,32.6,0.0,16,39.0,25.3,0.0,48.0
2024-06-01,Keshopur APMC,128.5,1700.0,6,monsoon,nashik,44.5,30.4,0.0,17,36.5,25.0,0.0,64.0
2024-06-02,Keshopur APMC,149.2,2150.0,6,monsoon,nashik,41.9,30.6,0.0,25,34.0,25.3,0.3,69.0
2024-06-03,Keshopur APMC,30.25,1750.0,6,monsoon,nashik,44.7,29.6,0.0,24,35.2,24.8,0.0,66.0
2024-06-04,Keshopur APMC,86.14,2100.0,6,monsoon,nashik,43.5,30.8,0.0,18,34.8,23.7,0.0,67.0
2024-06-06,Keshopur APMC,95.05,2000.0,6,monsoon,nashik,41.0,27.6,0.0,31,36.7,23.7,0.0,61.0
2024-06-07,Keshopur APMC,151.72,2300.0,6,monsoon,nashik,42.4,28.5,0.0,31,36.4,23.7,0.0,62.0
2024-06-08,Keshopur APMC,151.31,2200.0,6,monsoon,nashik,40.1,27.9,0.0,28,36.3,24.2,0.0,59.0
2024-06-09,Keshopur APMC,88.3,2600.0,6,monsoon,nashik,42.5,27.7,0.0,23,35.1,24.2,2.4,62.0
2024-06-11,Keshopur APMC,221.31,2800.0,6,monsoon,nashik,43.5,28.9,0.0,19,33.9,24.5,3.8,71.0
2024-06-13,Keshopur APMC,105.79,2600.0,6,monsoon,nashik,45.1,29.3,0.0,20,35.1,23.9,6.2,75.0
2024-06-14,Keshopur APMC,110.75,2400.0,6,monsoon,nashik,43.7,32.7,0.0,27,30.2,23.3,18.0,78.0
2024-06-15,Keshopur APMC,136.78,2600.0,6,monsoon,nashik,43.6,32.2,0.0,27,30.5,23.9,2.7,78.0
2024-06-21,Keshopur APMC,136.53,3000.0,6,monsoon,nashik,38.0,25.3,1.5,54,31.0,22.8,4.4,79.0
2024-06-22,Keshopur APMC,78.46,3000.0,6,monsoon,nashik,38.1,29.6,0.0,54,32.1,22.8,5.2,77.0
2024-06-23,Keshopur APMC,193.01,3000.0,6,monsoon,nashik,39.2,30.0,0.0,52,31.5,23.2,13.4,82.0
2024-06-24,Keshopur APMC,134.88,3200.0,6,monsoon,nashik,39.2,30.9,0.7,55,29.2,23.0,6.4,85.0
2024-06-25,Keshopur APMC,82.77,3300.0,6,monsoon,nashik,37.0,29.7,2.3,62,28.1,23.1,2.6,86.0
2024-06-30,Keshopur APMC,115.15,3200.0,6,monsoon,nashik,34.7,26.6,12.7,78,29.6,22.7,19.8,88.0
2024-07-01,Keshopur APMC,24.59,3200.0,7,monsoon,nashik,34.6,26.0,11.7,80,30.5,23.2,10.5,84.0
2024-07-08,Keshopur APMC,81.17,3100.0,7,monsoon,nashik,33.0,25.2,0.1,78,27.2,22.5,6.9,90.0
2024-07-11,Keshopur APMC,35.22,3000.0,7,monsoon,nashik,36.4,27.2,1.3,78,26.6,22.4,5.3,90.0
2024-07-16,Keshopur APMC,133.63,3000.0,7,monsoon,nashik,34.1,25.9,20.3,79,27.9,22.0,3.9,88.0
2024-07-18,Keshopur APMC,40.64,3000.0,7,monsoon,nashik,34.6,27.6,3.4,78,26.4,22.7,14.0,91.0
2024-07-19,Keshopur APMC,75.05,3000.0,7,monsoon,nashik,34.5,27.6,0.7,79,25.7,22.7,46.9,94.0
2024-07-20,Keshopur APMC,152.22,3000.0,7,monsoon,nashik,35.1,27.1,0.2,77,26.4,22.2,1.5,90.0
2024-07-21,Keshopur APMC,235.62,3100.0,7,monsoon,nashik,34.9,27.3,1.7,79,27.7,22.2,3.2,87.0
2024-07-22,Keshopur APMC,123.38,3100.0,7,monsoon,nashik,34.7,27.7,5.9,79,28.9,22.1,3.7,86.0
2024-08-02,Keshopur APMC,68.39,3200.0,8,monsoon,nashik,32.2,25.7,3.3,84,25.4,22.5,7.2,91.0
2024-08-03,Keshopur APMC,169.18,3200.0,8,monsoon,nashik,32.3,26.2,1.4,83,25.1,22.6,17.5,93.0
2024-08-22,Keshopur APMC,79.45,3400.0,8,monsoon,nashik,32.7,24.8,6.2,85,28.4,21.7,1.8,83.0
2024-08-23,Keshopur APMC,96.94,3600.0,8,monsoon,nashik,31.2,24.8,0.4,86,29.6,21.3,2.7,84.0
2024-09-05,Keshopur APMC,82.89,3400.0,9,monsoon,nashik,31.7,25.0,2.9,84,27.3,21.8,1.7,89.0
2024-09-07,Keshopur APMC,66.75,4300.0,9,monsoon,nashik,30.3,24.3,27.0,87,27.8,21.4,0.5,84.0
2024-09-08,Keshopur APMC,227.1,4200.0,9,monsoon,nashik,31.4,24.6,9.9,87,23.6,21.3,19.8,94.0
2024-09-09,Keshopur APMC,93.57,4250.0,9,monsoon,nashik,32.8,25.6,3.1,81,26.3,21.5,4.1,90.0
2024-09-16,Keshopur APMC,53.3,3500.0,9,monsoon,nashik,32.4,23.7,0.0,74,27.7,22.1,1.6,85.0
2024-09-19,Keshopur APMC,69.32,4350.0,9,monsoon,nashik,29.8,23.0,3.3,85,26.1,21.3,2.0,85.0
2024-09-20,Keshopur APMC,64.8,4200.0,9,monsoon,nashik,31.4,24.2,0.1,81,25.8,20.7,2.3,87.0
2024-09-21,Keshopur APMC,106.06,4300.0,9,monsoon,nashik,31.8,25.0,0.3,79,26.2,20.7,1.3,86.0
2024-09-23,Keshopur APMC,51.61,4400.0,9,monsoon,nashik,33.5,25.2,0.0,79,27.6,19.1,1.0,82.0
2024-09-24,Keshopur APMC,184.67,4450.0,9,monsoon,nashik,33.6,25.3,0.0,77,28.0,19.6,0.3,81.0
2024-09-26,Keshopur APMC,316.0,4550.0,9,monsoon,nashik,31.4,25.3,0.4,82,28.6,20.9,1.3,85.0
2024-09-28,Keshopur APMC,142.0,4500.0,9,monsoon,nashik,30.6,23.1,0.0,81,28.7,21.2,3.6,86.0
2024-09-29,Keshopur APMC,167.82,4700.0,9,monsoon,nashik,30.8,22.9,0.2,83,28.3,22.4,10.0,89.0
2024-09-30,Keshopur APMC,58.63,4500.0,9,monsoon,nashik,33.0,23.6,0.0,78,29.8,21.9,12.4,88.0
2024-10-03,Keshopur APMC,29.5,4450.0,10,post_monsoon,nashik,34.4,24.3,0.0,67,24.8,22.0,11.3,94.0
2024-10-04,Keshopur APMC,66.99,4200.0,10,post_monsoon,nashik,33.9,23.9,0.0,69,26.8,22.0,46.7,89.0
2024-10-05,Keshopur APMC,25.41,4300.0,10,post_monsoon,nashik,34.1,24.1,0.0,67,27.8,21.5,1.3,89.0
2024-10-06,Keshopur APMC,7.6,4300.0,10,post_monsoon,nashik,34.2,23.6,0.0,65,28.5,21.3,1.7,87.0
2024-10-07,Keshopur APMC,6.5,4200.0,10,post_monsoon,nashik,32.9,22.3,0.0,68,30.9,21.1,0.2,82.0
2024-10-08,Keshopur APMC,29.28,4000.0,10,post_monsoon,nashik,33.2,22.2,0.0,68,31.0,21.5,2.5,83.0
2024-10-10,Keshopur APMC,15.21,4100.0,10,post_monsoon,nashik,33.2,21.9,0.0,57,28.6,21.5,1.0,86.0
2024-10-11,Keshopur APMC,156.83,4100.0,10,post_monsoon,nashik,32.5,19.3,0.0,52,29.1,20.7,0.2,81.0
2024-10-12,Keshopur APMC,69.84,4000.0,10,post_monsoon,nashik,32.8,19.3,0.0,56,29.0,20.2,2.2,82.0
2024-10-13,Keshopur APMC,66.32,4000.0,10,post_monsoon,nashik,32.8,19.9,0.0,53,30.2,21.5,0.2,74.0
2024-10-15,Keshopur APMC,101.98,3900.0,10,post_monsoon,nashik,32.7,19.3,0.0,55,29.2,22.1,9.1,83.0
2024-10-17,Keshopur APMC,40.95,3900.0,10,post_monsoon,nashik,33.7,21.1,0.0,59,28.4,21.5,12.3,89.0
2024-10-18,Keshopur APMC,186.12,3900.0,10,post_monsoon,nashik,34.1,20.9,0.0,60,29.1,21.4,7.1,88.0
2024-10-19,Keshopur APMC,284.08,4000.0,10,post_monsoon,nashik,34.4,21.8,0.0,60,29.3,21.3,5.7,88.0
2024-10-20,Keshopur APMC,140.5,4100.0,10,post_monsoon,nashik,33.6,21.3,0.0,64,29.4,20.9,2.3,87.0
2024-10-21,Keshopur APMC,120.18,3900.0,10,post_monsoon,nashik,32.8,21.1,0.0,66,29.3,21.1,0.4,85.0
2024-10-22,Keshopur APMC,26.52,3950.0,10,post_monsoon,nashik,31.9,20.8,0.0,66,29.5,21.0,1.0,84.0
2024-10-24,Keshopur APMC,11.45,4000.0,10,post_monsoon,nashik,33.1,20.2,0.0,59,29.6,22.3,6.4,83.0
2024-10-25,Keshopur APMC,91.42,4000.0,10,post_monsoon,nashik,32.7,19.0,0.0,59,29.0,21.3,14.9,89.0
2024-10-26,Keshopur APMC,67.65,3950.0,10,post_monsoon,nashik,32.0,19.3,0.0,62,27.3,20.8,19.7,90.0
2024-10-27,Keshopur APMC,108.59,4000.0,10,post_monsoon,nashik,31.6,20.5,0.0,70,27.7,20.3,12.2,88.0
2024-10-28,Keshopur APMC,41.38,4000.0,10,post_monsoon,nashik,31.9,21.3,0.0,68,28.9,20.3,0.9,86.0
2024-10-31,Keshopur APMC,43.77,3950.0,10,post_monsoon,nashik,33.3,21.1,0.0,61,29.4,18.2,0.0,65.0
2024-11-01,Keshopur APMC,126.34,3950.0,11,post_monsoon,nashik,32.7,19.4,0.0,52,29.5,17.5,0.0,70.0
2024-11-02,Keshopur APMC,124.68,3850.0,11,post_monsoon,nashik,32.0,17.9,0.0,55,30.5,17.2,0.0,68.0
2024-11-03,Keshopur APMC,613.95,3900.0,11,post_monsoon,nashik,31.7,18.5,0.0,56,31.4,18.1,0.0,67.0
2024-11-04,Keshopur APMC,49.01,4400.0,11,post_monsoon,nashik,30.7,17.4,0.0,64,31.0,19.8,0.0,64.0
2024-11-05,Keshopur APMC,10.2,4500.0,11,post_monsoon,nashik,29.6,18.5,0.0,71,30.1,19.1,0.0,68.0
2024-11-07,Keshopur APMC,26.69,4400.0,11,post_monsoon,nashik,30.2,19.5,0.0,66,30.4,19.5,0.0,62.0
2024-11-08,Keshopur APMC,65.75,3900.0,11,post_monsoon,nashik,30.6,19.5,0.0,65,30.1,18.3,0.0,58.0
2024-11-09,Keshopur APMC,133.22,4000.0,11,post_monsoon,nashik,31.0,20.0,0.0,65,30.4,18.1,0.0,63.0
2024-11-10,Keshopur APMC,115.78,3850.0,11,post_monsoon,nashik,30.6,19.5,0.0,70,30.2,18.5,0.0,61.0
2024-11-11,Keshopur APMC,138.03,3500.0,11,post_monsoon,nashik,29.9,19.3,0.0,73,29.8,18.3,0.0,61.0
2024-11-12,Keshopur APMC,119.98,3900.0,11,post_monsoon,nashik,31.5,19.7,0.0,60,30.5,18.2,0.0,57.0
2024-11-14,Keshopur APMC,13.8,3500.0,11,post_monsoon,nashik,29.9,18.4,0.0,58,30.2,16.9,0.0,62.0
2024-11-17,Keshopur APMC,69.72,2800.0,11,post_monsoon,nashik,28.4,17.6,0.0,60,28.7,15.9,0.0,54.0
2024-11-18,Keshopur APMC,24.3,2800.0,11,post_monsoon,nashik,26.4,15.6,0.0,61,28.7,15.9,0.0,55.0
2024-11-19,Keshopur APMC,62.4,2900.0,11,post_monsoon,nashik,25.9,13.7,0.0,54,29.4,16.5,0.0,50.0
2024-11-21,Keshopur APMC,72.13,2800.0,11,post_monsoon,nashik,25.8,13.1,0.0,53,30.9,19.6,0.0,57.0
2024-11-22,Keshopur APMC,65.6,2900.0,11,post_monsoon,nashik,26.3,13.7,0.0,56,31.4,19.6,0.0,57.0
2024-11-23,Keshopur APMC,116.92,3000.0,11,post_monsoon,nashik,27.5,14.2,0.0,54,30.3,19.1,0.0,55.0
2024-11-24,Keshopur APMC,73.59,3750.0,11,post_monsoon,nashik,27.7,15.7,0.0,50,29.0,17.6,0.0,49.0
2024-11-25,Keshopur APMC,83.75,3000.0,11,post_monsoon,nashik,25.9,14.9,0.0,59,28.2,16.3,0.0,50.0
2024-11-26,Keshopur APMC,71.2,3000.0,11,post_monsoon,nashik,25.6,13.6,0.0,57,27.8,16.1,0.0,51.0
2024-11-28,Keshopur APMC,28.88,3100.0,11,post_monsoon,nashik,25.4,12.6,0.0,54,28.4,15.2,0.0,55.0
2024-11-29,Keshopur APMC,49.52,3100.0,11,post_monsoon,nashik,24.4,12.2,0.0,63,29.1,16.0,0.0,53.0
2024-11-30,Keshopur APMC,35.6,3500.0,11,post_monsoon,nashik,24.8,12.2,0.0,63,28.4,16.3,0.0,55.0
2024-12-02,Keshopur APMC,46.01,3500.0,12,winter,nashik,25.7,13.4,0.0,61,27.8,14.7,0.0,49.0
2024-12-03,Keshopur APMC,39.02,3500.0,12,winter,nashik,26.4,13.3,0.0,58,27.2,14.3,0.0,48.0
2024-12-05,Keshopur APMC,37.08,4000.0,12,winter,nashik,23.6,11.6,0.0,46,27.0,14.1,0.0,45.0
2024-12-06,Keshopur APMC,41.8,4000.0,12,winter,nashik,23.6,11.1,0.0,48,27.1,13.7,0.0,48.0
2024-12-07,Keshopur APMC,46.83,3400.0,12,winter,nashik,23.0,9.5,0.0,47,28.7,15.3,0.0,57.0
2024-12-08,Keshopur APMC,41.5,3500.0,12,winter,nashik,22.5,11.2,0.6,54,29.1,18.4,0.0,61.0
2024-12-09,Keshopur APMC,58.69,3400.0,12,winter,nashik,20.3,10.8,0.0,66,29.7,20.0,0.7,67.0
2024-12-10,Keshopur APMC,62.48,3400.0,12,winter,nashik,20.2,9.5,0.0,54,29.8,21.4,0.3,72.0
2024-12-12,Keshopur APMC,25.19,3500.0,12,winter,nashik,20.6,7.2,0.0,53,30.9,20.5,0.0,71.0
2024-12-13,Keshopur APMC,64.29,3500.0,12,winter,nashik,20.5,9.1,0.0,48,29.6,18.2,0.0,61.0
2024-12-14,Keshopur APMC,71.78,3400.0,12,winter,nashik,20.7,8.5,0.0,45,27.7,15.0,0.0,49.0
2024-12-15,Keshopur APMC,48.07,3500.0,12,winter,nashik,20.7,7.0,0.0,54,26.0,13.0,0.0,49.0
2024-12-16,Keshopur APMC,84.53,3400.0,12,winter,nashik,20.9,6.6,0.0,70,25.9,12.8,0.0,51.0
2024-12-17,Keshopur APMC,180.79,3400.0,12,winter,nashik,20.4,7.3,0.0,75,27.6,13.9,0.0,57.0
2024-12-19,Keshopur APMC,143.25,3500.0,12,winter,nashik,21.1,7.7,0.0,63,26.1,14.2,0.0,57.0
2024-12-20,Keshopur APMC,167.48,3400.0,12,winter,nashik,23.0,9.9,0.0,65,26.1,12.7,0.0,52.0
2024-12-21,Keshopur APMC,133.37,3500.0,12,winter,nashik,22.1,8.7,0.0,66,26.8,13.0,0.0,49.0
2024-12-22,Keshopur APMC,124.95,3500.0,12,winter,nashik,22.6,9.9,0.0,61,27.3,13.1,0.0,44.0
2024-12-23,Keshopur APMC,46.61,3400.0,12,winter,nashik,18.2,11.3,0.6,68,28.7,12.9,0.0,45.0
2024-12-26,Keshopur APMC,55.98,2400.0,12,winter,nashik,22.5,9.7,0.0,70,28.4,14.9,0.0,59.0
2024-12-27,Keshopur APMC,100.04,2000.0,12,winter,nashik,16.8,14.1,31.9,85,29.1,15.9,0.0,62.0
2024-12-28,Keshopur APMC,69.45,2350.0,12,winter,nashik,18.2,12.1,2.9,89,28.1,15.1,0.0,77.0
2024-12-29,Keshopur APMC,60.99,2500.0,12,winter,nashik,18.4,10.7,0.0,86,26.8,17.6,0.2,77.0
2024-12-30,Keshopur APMC,86.92,2700.0,12,winter,nashik,18.3,9.5,0.0,87,26.9,16.8,0.0,70.0
2024-12-31,Keshopur APMC,69.79,2500.0,12,winter,nashik,16.0,7.6,0.0,89,28.6,17.2,0.0,68.0
2025-01-03,Keshopur APMC,182.49,2500.0,1,winter,nashik,19.5,8.2,0.0,89,26.6,19.1,1.0,75.0
2025-01-05,Keshopur APMC,83.88,2600.0,1,winter,nashik,18.2,8.9,0.0,89,29.2,18.2,0.0,73.0
2025-01-06,Keshopur APMC,36.64,2500.0,1,winter,nashik,18.1,9.3,4.3,89,29.0,18.1,0.0,72.0
2025-01-07,Keshopur APMC,78.36,2400.0,1,winter,nashik,17.7,10.2,0.0,88,28.6,17.7,0.0,71.0
2025-01-09,Keshopur APMC,6.2,2500.0,1,winter,nashik,18.6,7.3,0.0,79,29.3,15.6,0.0,54.0
2025-01-10,Keshopur APMC,97.82,2200.0,1,winter,nashik,17.8,8.0,0.0,86,29.5,14.6,0.0,46.0
2025-01-11,Keshopur APMC,185.69,2200.0,1,winter,nashik,16.8,7.6,7.6,88,29.5,15.8,0.0,45.0
2025-01-12,Keshopur APMC,129.17,2000.0,1,winter,nashik,18.2,10.0,0.7,87,28.9,15.5,0.0,56.0
2025-01-13,Keshopur APMC,93.39,2000.0,1,winter,nashik,19.2,8.0,0.0,86,26.8,15.0,0.0,60.0
2025-01-14,Keshopur APMC,82.93,2200.0,1,winter,nashik,18.4,7.8,0.0,84,27.0,13.1,0.0,60.0
2025-01-16,Keshopur APMC,69.77,2300.0,1,winter,nashik,18.2,11.2,1.3,83,27.8,13.2,0.0,49.0
2025-01-17,Keshopur APMC,35.15,2300.0,1,winter,nashik,19.0,8.7,0.0,81,28.2,14.7,0.0,58.0
2025-01-18,Keshopur APMC,21.12,2000.0,1,winter,nashik,17.8,7.6,0.0,88,28.2,15.4,0.0,61.0
2025-01-19,Keshopur APMC,25.91,2600.0,1,winter,nashik,21.2,8.7,0.0,86,27.7,15.5,0.0,67.0
2025-01-20,Keshopur APMC,85.16,2400.0,1,winter,nashik,22.0,11.2,0.0,83,29.8,15.1,0.0,63.0
2025-01-21,Keshopur APMC,74.14,2700.0,1,winter,nashik,21.9,10.4,0.0,80,30.5,18.6,0.0,60.0
2025-01-23,Keshopur APMC,39.33,2600.0,1,winter,nashik,22.1,11.6,0.8,71,28.6,17.1,0.0,64.0
2025-01-24,Keshopur APMC,40.49,2500.0,1,winter,nashik,21.0,10.2,0.0,68,28.5,16.3,0.0,54.0
2025-01-25,Keshopur APMC,248.02,2500.0,1,winter,nashik,20.8,9.0,0.0,65,29.7,15.5,0.0,50.0
2025-01-27,Keshopur APMC,5.66,2400.0,1,winter,nashik,21.5,7.3,0.0,65,30.4,15.9,0.0,49.0
2025-01-28,Keshopur APMC,129.36,2500.0,1,winter,nashik,22.7,7.8,0.0,60,31.4,16.5,0.0,51.0
2025-01-30,Keshopur APMC,16.21,2400.0,1,winter,nashik,25.4,11.2,0.0,65,30.8,17.0,0.0,54.0
2025-01-31,Keshopur APMC,157.38,2500.0,1,winter,nashik,26.5,12.4,0.0,66,32.4,17.5,0.0,57.0
2025-02-01,Keshopur APMC,111.95,2500.0,2,winter,nashik,25.9,12.4,0.0,63,32.9,17.9,0.0,55.0
2025-02-02,Keshopur APMC,148.2,2400.0,2,winter,nashik,23.7,13.4,0.0,71,33.3,17.8,0.0,49.0
2025-02-03,Keshopur APMC,59.18,2400.0,2,winter,nashik,22.8,10.5,1.0,67,33.8,18.3,0.0,45.0
2025-02-13,Keshopur APMC,154.16,2700.0,2,winter,nashik,23.5,13.5,0.0,48,32.6,17.8,0.0,48.0
2025-02-14,Keshopur APMC,76.58,3000.0,2,winter,nashik,24.7,12.3,0.0,43,33.2,18.5,0.0,47.0
2025-02-15,Keshopur APMC,134.13,3000.0,2,winter,nashik,25.3,13.0,0.0,49,33.4,19.5,0.0,44.0
2025-02-16,Keshopur APMC,74.85,3300.0,2,winter,nashik,27.2,13.2,0.0,53,33.9,20.2,0.0,36.0
2025-02-17,Keshopur APMC,173.33,3350.0,2,winter,nashik,28.8,15.5,0.0,54,33.6,19.3,0.0,35.0
2025-02-18,Keshopur APMC,60.88,3200.0,2,winter,nashik,26.4,16.3,0.0,55,32.8,16.4,0.0,34.0
2025-02-20,Keshopur APMC,36.36,3200.0,2,winter,nashik,24.0,15.1,5.0,69,32.2,16.9,0.0,38.0
2025-02-21,Keshopur APMC,120.99,3000.0,2,winter,nashik,24.7,13.6,0.3,73,33.6,18.0,0.0,31.0
2025-02-22,Keshopur APMC,189.88,2800.0,2,winter,nashik,23.6,13.4,0.0,69,33.4,18.2,0.0,28.0
2025-02-23,Keshopur APMC,221.52,2800.0,2,winter,nashik,24.9,13.0,0.0,65,34.1,19.2,0.0,28.0
2025-02-24,Keshopur APMC,131.59,2800.0,2,winter,nashik,26.6,13.0,0.0,60,34.2,19.4,0.0,33.0
2025-02-27,Keshopur APMC,22.35,2800.0,2,winter,nashik,23.1,18.8,2.8,70,33.3,19.3,0.0,27.0
2025-02-28,Keshopur APMC,72.95,2850.0,2,winter,nashik,23.3,17.9,10.1,74,34.3,18.6,0.0,28.0
2025-03-01,Keshopur APMC,119.44,2700.0,3,summer,nashik,24.0,15.3,7.8,82,34.1,19.5,0.0,28.0
2025-03-03,Keshopur APMC,95.38,2650.0,3,summer,nashik,27.1,12.5,0.0,59,33.4,18.9,0.0,30.0
2025-03-04,Keshopur APMC,94.46,2700.0,3,summer,nashik,24.6,15.1,0.0,60,33.8,19.7,0.0,32.0
2025-03-06,Keshopur APMC,56.47,2300.0,3,summer,nashik,26.7,12.6,0.0,41,36.0,20.8,0.0,34.0
2025-03-07,Keshopur APMC,144.33,2400.0,3,summer,nashik,28.6,12.4,0.0,44,35.8,21.9,0.0,34.0
2025-03-08,Keshopur APMC,146.98,2300.0,3,summer,nashik,30.2,14.4,0.0,43,34.3,20.9,0.0,31.0
2025-03-09,Keshopur APMC,192.01,2400.0,3,summer,nashik,32.6,17.1,0.0,42,35.3,20.3,0.0,28.0
2025-03-10,Keshopur APMC,166.25,2350.0,3,summer,nashik,32.4,19.6,0.0,43,35.0,20.3,0.0,31.0
2025-03-11,Keshopur APMC,146.05,2200.0,3,summer,nashik,34.5,20.3,0.0,46,33.0,19.4,0.0,25.0
2025-03-13,Keshopur APMC,81.32,2350.0,3,summer,nashik,32.2,20.5,3.5,52,35.1,18.6,0.0,19.0
2025-03-14,Keshopur APMC,117.86,2400.0,3,summer,nashik,34.1,19.6,0.0,48,36.1,19.2,0.0,20.0
2025-03-15,Keshopur APMC,49.75,2200.0,3,summer,nashik,31.2,19.1,0.3,52,36.1,20.9,0.0,24.0
2025-03-16,Keshopur APMC,156.38,2300.0,3,summer,nashik,29.9,18.2,0.0,49,36.4,21.7,0.0,27.0
2025-03-17,Keshopur APMC,59.08,2000.0,3,summer,nashik,28.4,17.1,0.0,45,37.0,22.6,0.0,29.0
2025-03-18,Keshopur APMC,78.91,2000.0,3,summer,nashik,29.9,17.1,0.0,44,37.8,22.7,0.0,28.0
2025-03-20,Keshopur APMC,76.1,2100.0,3,summer,nashik,32.8,18.8,0.0,34,36.4,22.1,0.0,21.0
2025-03-21,Keshopur APMC,47.62,2200.0,3,summer,nashik,32.0,18.9,0.0,33,37.5,22.0,0.0,23.0
2025-03-22,Keshopur APMC,110.84,2300.0,3,summer,nashik,31.4,18.0,0.0,33,36.0,22.7,0.0,25.0
2025-03-23,Keshopur APMC,36.45,2250.0,3,summer,nashik,32.9,19.0,0.0,34,34.7,23.2,0.0,26.0
2025-03-24,Keshopur APMC,159.77,2150.0,3,summer,nashik,34.3,20.0,0.0,32,36.7,20.6,0.0,28.0
2025-03-25,Keshopur APMC,103.86,2200.0,3,summer,nashik,36.8,21.0,0.0,32,36.5,20.8,0.0,24.0
2025-03-27,Keshopur APMC,55.27,2300.0,3,summer,nashik,36.5,23.7,0.0,27,33.9,20.6,0.0,28.0
2025-03-28,Keshopur APMC,195.03,2000.0,3,summer,nashik,31.3,21.8,0.0,24,34.9,18.8,0.0,24.0
2025-03-29,Keshopur APMC,91.38,1700.0,3,summer,nashik,29.3,16.2,0.0,21,36.0,20.0,0.0,21.0
2025-03-30,Keshopur APMC,80.56,1800.0,3,summer,nashik,31.9,17.6,0.0,21,36.5,22.3,0.0,23.0
2025-04-01,Keshopur APMC,22.1,2100.0,4,summer,nashik,33.8,19.1,0.0,19,37.2,22.1,0.0,31.0
2025-04-03,Keshopur APMC,59.19,1900.0,4,summer,nashik,37.9,20.5,0.0,18,37.4,20.9,0.0,36.0
2025-04-04,Keshopur APMC,60.98,1800.0,4,summer,nashik,37.2,22.3,0.0,17,37.9,23.4,0.0,18.0
2025-04-05,Keshopur APMC,89.37,1800.0,4,summer,nashik,35.5,21.8,0.0,22,39.0,24.1,0.0,18.0
2025-04-06,Keshopur APMC,122.63,1800.0,4,summer,nashik,38.3,21.8,0.0,22,38.8,26.8,0.0,19.0
2025-04-07,Keshopur APMC,52.84,1600.0,4,summer,nashik,40.3,24.4,0.0,23,38.3,25.4,0.1,25.0
2025-04-08,Keshopur APMC,64.12,1600.0,4,summer,nashik,40.2,25.7,0.0,23,37.1,24.4,1.2,40.0
2025-04-10,Keshopur APMC,70.05,1650.0,4,summer,nashik,38.9,27.1,0.6,32,35.3,21.6,0.0,54.0
2025-04-11,Keshopur APMC,147.03,1600.0,4,summer,nashik,34.6,22.4,11.3,58,38.2,21.9,0.0,26.0
2025-04-12,Keshopur APMC,182.47,1800.0,4,summer,nashik,35.0,20.5,0.3,54,38.9,24.3,0.0,18.0
2025-04-13,Keshopur APMC,123.04,1650.0,4,summer,nashik,36.1,21.5,0.0,44,40.2,23.0,0.0,20.0
2025-04-14,Keshopur APMC,128.92,1600.0,4,summer,nashik,35.9,23.0,0.0,40,40.3,24.7,0.0,16.0
2025-04-15,Keshopur APMC,179.38,1500.0,4,summer,nashik,37.2,25.2,0.0,34,40.1,26.5,0.0,18.0
2025-04-17,Keshopur APMC,35.14,1400.0,4,summer,nashik,40.8,26.3,0.0,32,36.2,22.9,0.0,34.0
2025-04-18,Keshopur APMC,39.8,1300.0,4,summer,nashik,41.4,26.2,0.0,40,35.5,20.9,0.0,53.0
2025-04-19,Keshopur APMC,86.0,1450.0,4,summer,nashik,40.4,27.7,0.0,41,36.5,21.0,0.0,48.0
2025-04-20,Keshopur APMC,121.6,1400.0,4,summer,nashik,39.4,27.5,0.0,38,37.4,23.1,0.0,29.0
2025-04-21,Keshopur APMC,76.53,1400.0,4,summer,nashik,40.5,26.3,0.0,25,38.5,24.7,0.0,25.0
2025-04-22,Keshopur APMC,157.56,1400.0,4,summer,nashik,39.7,24.4,0.0,10,38.3,23.8,0.0,30.0
2025-04-24,Keshopur APMC,66.21,1200.0,4,summer,nashik,40.7,24.2,0.0,11,38.6,23.0,0.0,37.0
2025-04-25,Keshopur APMC,114.71,1200.0,4,summer,nashik,41.4,25.5,0.0,13,37.7,24.6,0.0,33.0
2025-04-26,Keshopur APMC,165.4,1200.0,4,summer,nashik,42.4,26.3,0.0,13,36.9,22.6,0.0,37.0
2025-04-27,Keshopur APMC,62.73,1400.0,4,summer,nashik,41.3,29.0,0.0,14,38.5,22.5,0.0,36.0
2025-04-28,Keshopur APMC,154.09,1400.0,4,summer,nashik,41.4,26.7,0.0,20,41.2,24.2,0.0,27.0
2025-04-29,Keshopur APMC,72.45,1400.0,4,summer,nashik,37.9,25.3,0.0,34,39.9,24.5,0.0,23.0
2025-05-01,Keshopur APMC,156.44,1000.0,5,summer,nashik,37.7,26.4,0.0,36,38.4,24.0,0.0,29.0
2025-05-02,Keshopur APMC,185.23,1100.0,5,summer,nashik,28.8,21.8,14.6,66,37.6,24.3,0.0,29.0
2025-05-03,Keshopur APMC,98.72,1200.0,5,summer,nashik,35.7,24.0,3.8,54,39.0,21.8,0.0,35.0
2025-05-04,Keshopur APMC,120.3,1000.0,5,summer,nashik,34.7,24.9,0.5,49,38.6,22.9,0.0,36.0
2025-05-05,Keshopur APMC,117.16,1000.0,5,summer,nashik,35.2,24.2,1.7,58,38.6,23.2,0.0,41.0
2025-05-06,Keshopur APMC,33.71,1000.0,5,summer,nashik,34.0,22.2,1.2,64,38.4,23.6,0.0,37.0
2025-05-08,Keshopur APMC,35.95,1100.0,5,summer,nashik,31.8,23.6,4.1,65,39.4,24.7,0.0,25.0
2025-05-09,Keshopur APMC,110.24,1100.0,5,summer,nashik,37.5,24.8,0.8,50,37.1,23.7,0.0,36.0
2025-05-10,Keshopur APMC,140.69,1250.0,5,summer,nashik,37.5,26.2,6.7,54,34.0,21.9,0.0,58.0
2025-05-11,Keshopur APMC,177.52,1275.0,5,summer,nashik,38.3,25.1,0.0,49,35.5,22.4,0.1,59.0
2025-05-12,Keshopur APMC,153.59,1250.0,5,summer,nashik,39.8,25.6,0.0,33,33.7,21.7,0.5,65.0
2025-05-13,Keshopur APMC,204.14,1000.0,5,summer,nashik,41.4,28.8,0.0,24,32.6,21.4,0.8,68.0
2025-05-15,Keshopur APMC,24.55,950.0,5,summer,nashik,41.9,29.7,0.0,22,31.6,20.7,2.2,70.0
2025-05-16,Keshopur APMC,110.74,900.0,5,summer,nashik,42.8,28.4,0.0,24,34.4,21.7,0.0,68.0
2025-05-17,Keshopur APMC,139.54,950.0,5,summer,nashik,43.0,29.4,0.0,30,35.3,22.3,1.4,67.0
2025-05-18,Keshopur APMC,115.86,950.0,5,summer,nashik,42.2,28.6,0.0,33,36.1,23.2,5.6,70.0
2025-05-19,Keshopur APMC,68.89,1000.0,5,summer,nashik,41.8,28.7,0.0,45,33.7,23.0,12.7,77.0
2025-05-20,Keshopur APMC,77.97,800.0,5,summer,nashik,42.5,28.5,0.0,44,32.6,22.4,1.9,80.0
2025-05-22,Keshopur APMC,31.67,850.0,5,summer,nashik,37.4,25.1,0.0,55,31.9,23.0,19.6,84.0
2025-05-23,Keshopur APMC,161.19,800.0,5,summer,nashik,38.6,26.7,0.0,51,31.6,23.1,4.3,80.0
2025-05-24,Keshopur APMC,70.17,800.0,5,summer,nashik,38.0,28.9,0.0,47,32.6,22.9,4.1,78.0
2025-05-25,Keshopur APMC,202.2,1100.0,5,summer,nashik,31.6,22.9,0.9,67,32.6,23.3,7.4,81.0
2025-05-26,Keshopur APMC,91.69,900.0,5,summer,nashik,35.7,24.3,0.9,65,31.9,24.1,15.0,83.0
2025-05-27,Keshopur APMC,104.3,1100.0,5,summer,nashik,36.3,26.4,0.0,62,30.1,22.8,7.3,78.0
2025-05-29,Keshopur APMC,29.3,1100.0,5,summer,nashik,41.0,28.1,0.0,47,28.2,23.1,0.0,81.0
2025-05-30,Keshopur APMC,29.3,1100.0,5,summer,nashik,36.4,28.6,0.0,41,27.2,23.5,1.7,81.0
2025-05-31,Keshopur APMC,106.34,1100.0,5,summer,nashik,41.3,27.5,0.8,40,30.7,23.4,16.9,83.0
2025-06-01,Keshopur APMC,106.41,1200.0,6,monsoon,nashik,37.3,27.3,3.1,47,33.1,23.8,3.3,80.0
2025-06-02,Keshopur APMC,114.1,1050.0,6,monsoon,nashik,37.5,24.8,0.3,44,30.3,23.4,2.8,84.0
2025-06-05,Keshopur APMC,93.71,1200.0,6,monsoon,nashik,37.2,24.1,0.1,49,31.1,23.7,0.0,77.0
2025-06-06,Keshopur APMC,97.39,1200.0,6,monsoon,nashik,38.7,26.3,0.0,40,30.7,23.7,0.8,79.0
2025-06-07,Keshopur APMC,89.67,1300.0,6,monsoon,nashik,41.7,28.4,0.0,36,30.0,22.4,0.9,80.0
2025-06-08,Keshopur APMC,85.47,1350.0,6,monsoon,nashik,43.0,29.9,0.0,35,30.0,22.2,0.3,79.0
2025-06-09,Keshopur APMC,108.23,1200.0,6,monsoon,nashik,43.8,30.2,0.0,28,29.3,21.7,0.7,80.0
2025-06-10,Keshopur APMC,140.43,1350.0,6,monsoon,nashik,43.2,30.5,0.0,22,28.6,21.3,5.1,85.0
2025-06-12,Keshopur APMC,68.53,1350.0,6,monsoon,nashik,43.6,31.6,0.6,44,32.0,21.5,6.7,79.0
2025-06-13,Keshopur APMC,132.51,1300.0,6,monsoon,nashik,41.2,31.9,0.0,47,30.8,22.5,1.7,81.0
2025-06-14,Keshopur APMC,107.89,1300.0,6,monsoon,nashik,43.3,31.0,0.0,46,31.3,23.1,1.0,78.0
2025-06-15,Keshopur APMC,194.6,1300.0,6,monsoon,nashik,38.7,30.8,0.3,49,31.7,23.4,0.0,76.0
2025-06-16,Keshopur APMC,132.96,1750.0,6,monsoon,nashik,32.5,25.2,21.2,78,31.6,22.8,0.0,74.0
2025-06-17,Keshopur APMC,191.89,1700.0,6,monsoon,nashik,34.0,25.4,17.6,80,32.1,23.2,0.0,75.0
2025-06-19,Keshopur APMC,31.45,1750.0,6,monsoon,nashik,32.9,27.3,0.1,76,30.1,23.3,44.4,87.0
2025-06-20,Keshopur APMC,117.86,1800.0,6,monsoon,nashik,32.0,25.8,1.8,83,32.3,23.0,36.9,86.0
2025-06-21,Keshopur APMC,217.92,1850.0,6,monsoon,nashik,35.3,26.4,1.4,75,29.7,23.2,2.8,84.0
2025-06-22,Keshopur APMC,102.47,1800.0,6,monsoon,nashik,34.9,28.4,3.4,72,26.3,22.8,9.4,93.0
2025-06-23,Keshopur APMC,149.3,2150.0,6,monsoon,nashik,36.9,28.3,0.4,68,27.5,22.0,5.6,88.0
2025-06-24,Keshopur APMC,67.41,2000.0,6,monsoon,nashik,37.1,27.9,0.6,71,27.6,22.2,20.9,91.0
2025-06-26,Keshopur APMC,38.92,2000.0,6,monsoon,nashik,34.7,26.2,19.2,76,28.2,22.2,2.5,87.0
2025-06-27,Keshopur APMC,155.99,2000.0,6,monsoon,nashik,33.8,27.8,2.2,75,26.2,21.8,6.8,89.0
2025-06-28,Keshopur APMC,162.22,2300.0,6,monsoon,nashik,36.7,25.9,5.0,72,26.9,21.9,5.3,90.0
2025-06-29,Keshopur APMC,146.92,2400.0,6,monsoon,nashik,33.8,26.3,13.9,78,25.8,22.0,8.6,92.0
2025-06-30,Keshopur APMC,123.13,1800.0,6,monsoon,nashik,32.1,25.5,23.3,87,25.2,22.2,14.9,92.0
2025-07-01,Keshopur APMC,103.26,1800.0,7,monsoon,nashik,33.4,25.1,11.0,83,27.2,22.1,6.3,89.0
2025-07-03,Keshopur APMC,62.08,1800.0,7,monsoon,nashik,33.4,26.9,0.5,78,25.3,22.0,7.5,93.0
2025-07-04,Keshopur APMC,111.3,1800.0,7,monsoon,nashik,34.4,26.9,0.4,77,26.0,21.3,10.6,91.0
2025-07-05,Keshopur APMC,116.57,1800.0,7,monsoon,nashik,35.9,26.4,4.1,75,24.9,22.0,9.4,92.0
2025-07-06,Keshopur APMC,194.32,1600.0,7,monsoon,nashik,35.8,27.1,8.3,74,26.6,21.6,5.1,90.0
2025-07-07,Keshopur APMC,60.52,1850.0,7,monsoon,nashik,33.4,26.1,14.1,83,26.0,22.1,7.2,91.0
2025-07-10,Keshopur APMC,39.48,1850.0,7,monsoon,nashik,29.9,26.0,2.2,85,25.5,21.7,5.8,92.0
2025-07-11,Keshopur APMC,113.49,1850.0,7,monsoon,nashik,31.9,25.9,0.8,81,26.6,22.3,11.4,91.0
2025-07-12,Keshopur APMC,151.02,1850.0,7,monsoon,nashik,33.9,26.5,2.6,79,24.0,22.1,22.2,94.0
2025-07-13,Keshopur APMC,69.38,1900.0,7,monsoon,nashik,32.7,26.5,17.5,86,23.4,21.8,7.9,94.0
2025-07-14,Keshopur APMC,131.57,1850.0,7,monsoon,nashik,30.9,26.1,16.9,84,25.6,21.7,5.9,92.0
2025-07-15,Keshopur APMC,176.59,1800.0,7,monsoon,nashik,32.3,25.8,6.1,83,25.5,22.1,5.9,94.0
2025-07-17,Keshopur APMC,61.55,1600.0,7,monsoon,nashik,31.2,26.9,2.1,82,27.9,22.2,1.9,86.0
2025-07-18,Keshopur APMC,245.79,1650.0,7,monsoon,nashik,32.3,26.5,2.5,80,27.7,22.3,2.8,85.0
2025-07-19,Keshopur APMC,124.46,1650.0,7,monsoon,nashik,32.7,25.9,0.1,76,27.3,22.4,4.7,87.0
2025-07-20,Keshopur APMC,91.81,1800.0,7,monsoon,nashik,34.5,26.3,0.0,72,26.5,22.2,12.3,90.0
2025-07-21,Keshopur APMC,113.74,1750.0,7,monsoon,nashik,31.5,26.8,0.9,78,27.8,22.3,4.8,87.0
2025-07-24,Keshopur APMC,72.25,1650.0,7,monsoon,nashik,35.6,26.3,1.1,72,27.8,22.0,0.2,83.0
2025-07-25,Keshopur APMC,133.85,1650.0,7,monsoon,nashik,36.4,26.7,0.0,67,28.5,22.2,1.7,84.0
2025-07-26,Keshopur APMC,146.17,1600.0,7,monsoon,nashik,36.0,27.4,2.8,72,27.7,21.9,3.4,86.0
2025-07-27,Keshopur APMC,133.69,1650.0,7,monsoon,nashik,36.7,29.2,1.3,67,27.1,22.3,19.4,91.0
2025-07-28,Keshopur APMC,153.95,1650.0,7,monsoon,nashik,37.5,28.6,0.4,65,26.8,22.3,2.0,88.0
2025-07-29,Keshopur APMC,94.67,1650.0,7,monsoon,nashik,32.4,27.5,7.3,81,26.3,22.2,6.7,89.0
2025-07-31,Keshopur APMC,21.8,2000.0,7,monsoon,nashik,31.5,25.5,22.2,88,25.6,22.4,13.2,92.0
2025-08-01,Keshopur APMC,104.72,1650.0,8,monsoon,nashik,32.0,25.7,6.8,85,25.0,22.4,9.3,93.0
2025-08-02,Keshopur APMC,130.67,1650.0,8,monsoon,nashik,32.8,26.1,1.8,78,24.5,22.0,13.9,92.0
2025-08-03,Keshopur APMC,195.2,1700.0,8,monsoon,nashik,33.3,27.0,0.5,77,25.3,21.8,8.5,91.0
2025-08-04,Keshopur APMC,133.41,1750.0,8,monsoon,nashik,31.3,26.2,0.6,81,24.4,21.8,8.4,93.0
2025-08-05,Keshopur APMC,155.68,1700.0,8,monsoon,nashik,29.9,27.1,9.0,84,25.7,22.2,2.2,91.0
2025-08-07,Keshopur APMC,72.55,1800.0,8,monsoon,nashik,34.1,26.2,0.0,72,27.3,21.8,2.3,86.0
2025-08-08,Keshopur APMC,80.61,1650.0,8,monsoon,nashik,33.3,26.6,0.0,70,27.3,22.0,2.2,87.0
2025-08-09,Keshopur APMC,93.55,1500.0,8,monsoon,nashik,30.9,26.4,10.8,84,27.8,21.7,1.8,85.0
2025-08-10,Keshopur APMC,118.99,1450.0,8,monsoon,nashik,32.5,26.2,1.2,82,28.1,21.9,0.9,84.0
2025-08-11,Keshopur APMC,98.42,1500.0,8,monsoon,nashik,34.0,26.7,2.9,77,28.5,21.5,1.7,83.0
2025-08-12,Keshopur APMC,124.35,1700.0,8,monsoon,nashik,33.4,26.9,0.7,78,29.3,21.5,1.4,82.0
2025-08-14,Keshopur APMC,22.41,1600.0,8,monsoon,nashik,29.7,26.3,8.2,88,27.2,21.9,5.3,87.0
2025-08-16,Keshopur APMC,8.0,1650.0,8,monsoon,nashik,31.2,26.5,9.9,87,27.8,21.7,1.7,86.0
2025-08-17,Keshopur APMC,153.15,1650.0,8,monsoon,nashik,32.2,27.4,2.8,86,27.5,21.7,1.9,87.0
2025-08-18,Keshopur APMC,75.34,1650.0,8,monsoon,nashik,32.0,27.3,11.6,83,27.2,21.7,1.9,85.0
2025-08-19,Keshopur APMC,78.06,1700.0,8,monsoon,nashik,32.0,26.8,5.9,81,27.8,21.8,5.7,89.0
2025-08-21,Keshopur APMC,117.18,1650.0,8,monsoon,nashik,33.8,25.3,15.2,76,27.1,21.9,8.8,90.0
2025-08-22,Keshopur APMC,255.91,1700.0,8,monsoon,nashik,34.7,25.8,2.3,73,26.4,21.8,11.5,91.0
2025-08-23,Keshopur APMC,156.0,1550.0,8,monsoon,nashik,32.6,25.9,9.6,83,27.8,21.5,4.6,88.0
2025-08-24,Keshopur APMC,163.91,1550.0,8,monsoon,nashik,31.4,26.1,14.8,86,26.8,22.0,20.7,93.0
2025-08-25,Keshopur APMC,78.25,1600.0,8,monsoon,nashik,29.5,24.7,11.6,88,26.7,22.1,22.7,93.0
2025-08-26,Keshopur APMC,114.85,1500.0,8,monsoon,nashik,30.1,25.3,6.1,88,23.8,22.3,10.0,93.0
2025-08-28,Keshopur APMC,114.85,1500.0,8,monsoon,nashik,32.6,25.7,10.3,85,25.8,21.8,5.7,89.0
2025-08-29,Keshopur APMC,183.11,1700.0,8,monsoon,nashik,31.7,25.1,9.1,87,25.0,21.3,7.2,90.0
2025-08-30,Keshopur APMC,141.43,1500.0,8,monsoon,nashik,31.9,26.2,3.3,83,25.7,21.4,6.9,90.0
2025-08-31,Keshopur APMC,147.23,1500.0,8,monsoon,nashik,30.2,24.7,14.8,90,23.7,21.4,13.8,94.0
2025-09-01,Keshopur APMC,131.18,1600.0,9,monsoon,nashik,29.1,24.3,31.6,92,27.0,21.8,7.0,90.0
2025-09-02,Keshopur APMC,107.8,1600.0,9,monsoon,nashik,27.0,24.0,30.0,92,26.1,22.0,6.4,89.0
2025-09-04,Keshopur APMC,32.9,1650.0,9,monsoon,nashik,31.7,23.9,10.1,86,26.8,21.5,14.3,91.0
2025-09-05,Keshopur APMC,243.77,1600.0,9,monsoon,nashik,31.2,25.6,5.2,84,27.3,21.7,4.8,89.0
2025-09-06,Keshopur APMC,142.04,1700.0,9,monsoon,nashik,31.6,24.6,9.3,85,27.2,21.7,1.9,88.0
2025-09-07,Keshopur APMC,91.31,1650.0,9,monsoon,nashik,32.1,24.9,4.3,85,25.2,22.0,6.4,91.0
2025-09-08,Keshopur APMC,95.2,1550.0,9,monsoon,nashik,32.1,25.2,0.7,82,26.6,21.8,1.6,87.0
2025-09-09,Keshopur APMC,90.5,1550.0,9,monsoon,nashik,32.5,25.9,0.5,76,26.4,21.9,3.2,87.0
2025-09-11,Keshopur APMC,63.25,1600.0,9,monsoon,nashik,33.1,25.0,0.0,68,26.2,22.0,10.1,91.0
2025-09-12,Keshopur APMC,167.72,1400.0,9,monsoon,nashik,33.9,25.0,0.2,65,24.0,20.9,43.4,94.0
2025-09-13,Keshopur APMC,109.98,1500.0,9,monsoon,nashik,35.6,26.8,0.3,58,25.7,20.9,6.5,90.0
2025-09-14,Keshopur APMC,176.24,1600.0,9,monsoon,nashik,36.6,27.7,0.0,54,26.6,20.8,2.1,88.0
2025-09-15,Keshopur APMC,80.76,1300.0,9,monsoon,nashik,36.8,28.0,0.0,52,28.1,20.3,0.1,83.0
2025-09-16,Keshopur APMC,105.91,1350.0,9,monsoon,nashik,37.0,27.8,0.0,54,28.7,19.4,1.4,81.0
2025-09-18,Keshopur APMC,46.95,1100.0,9,monsoon,nashik,35.1,25.5,2.2,65,26.2,20.2,0.9,85.0
2025-09-19,Keshopur APMC,201.46,1250.0,9,monsoon,nashik,35.4,27.3,0.8,61,28.2,21.1,17.6,89.0
2025-09-20,Keshopur APMC,97.31,1300.0,9,monsoon,nashik,36.3,27.0,0.0,55,28.3,21.8,31.3,90.0
2025-09-21,Keshopur APMC,89.17,1150.0,9,monsoon,nashik,36.5,26.0,0.0,53,28.7,21.7,11.1,89.0
2025-09-22,Keshopur APMC,84.33,1200.0,9,monsoon,nashik,37.1,26.6,0.0,49,26.5,21.5,4.1,89.0
2025-09-23,Keshopur APMC,94.41,1250.0,9,monsoon,nashik,36.8,26.6,0.0,47,28.4,21.3,5.7,89.0
2025-09-25,Keshopur APMC,20.05,1100.0,9,monsoon,nashik,36.3,26.2,0.0,51,27.3,21.7,8.0,90.0
2025-09-26,Keshopur APMC,1.05,1000.0,9,monsoon,nashik,37.0,25.8,0.0,53,27.1,21.7,5.3,90.0
2025-09-28,Keshopur APMC,102.88,1100.0,9,monsoon,nashik,37.0,29.2,0.0,56,26.6,22.0,4.0,90.0
2025-09-29,Keshopur APMC,35.77,1200.0,9,monsoon,nashik,36.9,28.2,0.2,56,27.1,21.5,1.8,87.0
2025-09-30,Keshopur APMC,121.31,1250.0,9,monsoon,nashik,34.2,24.9,7.3,68,27.2,21.1,1.5,85.0
2025-10-03,Keshopur APMC,63.68,1450.0,10,post_monsoon,nashik,33.7,24.8,0.7,72,28.0,22.2,12.6,88.0
2025-10-04,Keshopur APMC,212.17,1400.0,10,post_monsoon,nashik,34.5,26.4,0.1,62,23.6,21.6,82.9,95.0
2025-10-05,Keshopur APMC,190.78,1500.0,10,post_monsoon,nashik,34.2,24.9,0.0,61,24.3,20.6,3.4,91.0
2025-10-06,Keshopur APMC,91.89,1600.0,10,post_monsoon,nashik,29.3,22.4,17.7,84,26.9,20.5,1.0,87.0
2025-10-09,Keshopur APMC,97.91,1600.0,10,post_monsoon,nashik,28.4,20.5,0.1,75,28.7,21.1,1.4,86.0
2025-10-10,Keshopur APMC,297.72,1600.0,10,post_monsoon,nashik,28.6,19.4,0.0,68,28.6,21.3,2.7,87.0
2025-10-11,Keshopur APMC,275.32,1650.0,10,post_monsoon,nashik,29.0,19.4,0.0,69,26.8,20.7,1.9,87.0
2025-10-13,Keshopur APMC,140.18,1600.0,10,post_monsoon,nashik,31.7,20.6,0.0,58,27.1,19.9,2.2,87.0
2025-10-14,Keshopur APMC,164.77,1600.0,10,post_monsoon,nashik,31.8,21.0,0.0,53,28.2,19.7,0.1,79.0
2025-10-16,Keshopur APMC,62.77,1400.0,10,post_monsoon,nashik,31.5,20.2,0.0,53,29.0,19.0,0.0,67.0
2025-10-17,Keshopur APMC,183.29,1450.0,10,post_monsoon,nashik,32.2,20.3,0.0,55,28.8,19.0,0.0,67.0
2025-10-18,Keshopur APMC,108.79,1500.0,10,post_monsoon,nashik,33.3,21.7,0.0,55,29.0,18.8,0.0,63.0
2025-10-20,Keshopur APMC,108.1,1600.0,10,post_monsoon,nashik,33.2,22.5,0.0,52,30.2,18.5,0.0,54.0
2025-10-21,Keshopur APMC,38.56,1550.0,10,post_monsoon,nashik,31.0,23.4,0.6,59,30.4,19.4,0.2,61.0
2025-10-23,Keshopur APMC,60.35,1600.0,10,post_monsoon,nashik,31.8,20.7,0.0,46,31.1,21.8,0.1,67.0
2025-10-24,Keshopur APMC,139.52,1300.0,10,post_monsoon,nashik,32.2,20.0,0.0,46,30.9,21.8,0.3,69.0
2025-10-25,Keshopur APMC,101.15,1450.0,10,post_monsoon,nashik,31.9,20.2,0.0,45,29.8,21.9,0.5,68.0
2025-10-26,Keshopur APMC,105.79,1600.0,10,post_monsoon,nashik,32.1,19.4,0.0,46,30.2,21.1,0.0,63.0
2025-10-27,Keshopur APMC,154.52,1500.0,10,post_monsoon,nashik,30.6,19.9,0.0,54,30.0,21.0,2.6,72.0
2025-10-28,Keshopur APMC,79.33,1300.0,10,post_monsoon,nashik,27.5,21.7,0.0,68,30.5,21.9,0.7,77.0
2025-10-30,Keshopur APMC,114.8,1400.0,10,post_monsoon,nashik,27.8,22.6,0.0,73,30.1,22.1,3.6,76.0
2025-10-31,Keshopur APMC,111.39,1450.0,10,post_monsoon,nashik,30.6,21.7,0.2,73,29.4,21.3,11.8,88.0
2025-11-01,Keshopur APMC,341.54,1400.0,11,post_monsoon,nashik,31.1,20.6,0.0,61,27.9,21.2,29.6,91.0
2025-11-02,Keshopur APMC,172.84,1350.0,11,post_monsoon,nashik,29.5,19.2,0.0,59,28.6,21.2,19.8,88.0
2025-11-03,Keshopur APMC,140.08,1600.0,11,post_monsoon,nashik,30.7,17.8,0.0,52,28.4,21.5,3.6,86.0
2025-11-04,Keshopur APMC,172.22,1650.0,11,post_monsoon,nashik,29.8,18.6,0.0,59,26.4,21.4,6.9,89.0
2025-11-08,Keshopur APMC,80.34,1600.0,11,post_monsoon,nashik,27.1,13.9,0.0,44,27.5,21.2,1.6,89.0
2025-11-09,Keshopur APMC,112.98,1450.0,11,post_monsoon,nashik,27.1,13.8,0.0,47,27.7,21.2,0.5,86.0
2025-11-10,Keshopur APMC,156.32,1350.0,11,post_monsoon,nashik,27.4,13.6,0.0,46,26.6,20.4,0.6,84.0
2025-11-11,Keshopur APMC,70.17,1350.0,11,post_monsoon,nashik,27.5,13.3,0.0,48,28.0,19.7,0.0,77.0
2025-11-13,Keshopur APMC,93.83,1300.0,11,post_monsoon,nashik,26.3,12.8,0.0,53,27.8,16.7,0.0,61.0
2025-11-14,Keshopur APMC,52.85,1300.0,11,post_monsoon,nashik,26.1,13.0,0.0,52,28.4,16.5,0.0,59.0
2025-11-15,Keshopur APMC,113.98,1300.0,11,post_monsoon,nashik,26.7,12.4,0.0,52,27.8,15.5,0.0,53.0
2025-11-16,Keshopur APMC,116.54,1450.0,11,post_monsoon,nashik,27.0,12.1,0.0,50,27.6,14.9,0.0,50.0
2025-11-17,Keshopur APMC,144.07,1300.0,11,post_monsoon,nashik,26.3,12.0,0.0,51,27.6,14.8,0.0,49.0
2025-11-18,Keshopur APMC,163.11,1200.0,11,post_monsoon,nashik,26.1,13.2,0.0,59,27.6,14.8,0.0,50.0
2025-11-20,Keshopur APMC,24.95,1300.0,11,post_monsoon,nashik,26.5,13.9,0.0,63,27.6,14.7,0.0,54.0
2025-11-23,Keshopur APMC,72.75,1300.0,11,post_monsoon,nashik,26.1,13.4,0.0,57,26.5,14.1,0.0,53.0
2025-11-24,Keshopur APMC,21.8,1000.0,11,post_monsoon,nashik,25.0,12.3,0.0,59,26.3,12.5,0.0,53.0
2025-11-27,Keshopur APMC,76.4,1250.0,11,post_monsoon,nashik,24.5,11.8,0.0,58,28.5,14.7,0.0,61.0
2025-11-28,Keshopur APMC,215.79,1200.0,11,post_monsoon,nashik,25.6,11.6,0.0,61,30.6,17.1,0.0,62.0
2025-11-30,Keshopur APMC,158.62,1200.0,11,post_monsoon,nashik,23.7,11.3,0.0,50,29.8,19.5,0.0,67.0
2025-12-01,Keshopur APMC,30.12,1000.0,12,winter,nashik,24.5,9.8,0.0,50,29.7,19.3,0.0,62.0
2025-12-02,Keshopur APMC,103.25,1250.0,12,winter,nashik,25.5,12.7,0.0,56,29.8,18.5,0.0,58.0
2025-12-04,Keshopur APMC,56.58,1200.0,12,winter,nashik,22.1,9.4,0.0,56,27.8,17.5,0.0,64.0
2025-12-05,Keshopur APMC,90.04,1200.0,12,winter,nashik,22.1,8.3,0.0,56,26.7,15.8,0.0,53.0
2025-12-06,Keshopur APMC,64.23,1200.0,12,winter,nashik,23.8,10.1,0.0,53,26.5,14.6,0.0,49.0
2025-12-07,Keshopur APMC,66.9,1200.0,12,winter,nashik,24.4,10.7,0.0,56,27.0,14.2,0.0,51.0
2025-12-08,Keshopur APMC,32.15,1300.0,12,winter,nashik,25.4,11.7,0.0,53,27.0,14.0,0.0,56.0
2025-12-09,Keshopur APMC,48.19,1200.0,12,winter,nashik,24.6,11.7,0.0,54,27.0,13.8,0.0,60.0
2025-12-11,Keshopur APMC,27.9,2000.0,12,winter,nashik,24.8,10.5,0.0,61,27.4,15.1,0.0,62.0
2025-12-12,Keshopur APMC,90.4,2350.0,12,winter,nashik,24.5,10.1,0.0,64,26.7,14.3,0.0,58.0
2025-12-14,Keshopur APMC,152.47,2300.0,12,winter,nashik,24.3,11.6,0.0,69,27.8,14.1,0.0,49.0
2025-12-15,Keshopur APMC,89.74,2250.0,12,winter,nashik,23.4,10.3,0.0,74,27.9,13.3,0.0,42.0
2025-12-16,Keshopur APMC,50.69,2300.0,12,winter,nashik,23.5,11.6,0.0,69,27.7,13.6,0.0,41.0
2025-12-18,Keshopur APMC,61.61,1950.0,12,winter,nashik,22.6,11.1,0.0,76,27.4,13.5,0.0,44.0
2025-12-19,Keshopur APMC,121.39,1600.0,12,winter,nashik,22.0,10.5,0.0,78,28.5,13.6,0.0,45.0
2025-12-20,Keshopur APMC,109.38,1950.0,12,winter,nashik,22.0,9.3,0.0,77,28.2,14.5,0.0,49.0
2025-12-21,Keshopur APMC,73.7,1750.0,12,winter,nashik,20.7,10.7,0.0,81,27.4,13.9,0.0,48.0
2025-12-22,Keshopur APMC,40.75,1600.0,12,winter,nashik,21.7,11.6,0.0,81,27.4,13.3,0.0,52.0
2025-12-23,Keshopur APMC,26.65,1300.0,12,winter,nashik,23.2,11.5,0.0,80,28.7,13.7,0.0,57.0
2025-12-26,Keshopur APMC,157.43,1700.0,12,winter,nashik,20.9,9.9,0.0,70,28.4,13.8,0.0,40.0
2025-12-27,Keshopur APMC,110.07,1850.0,12,winter,nashik,20.5,9.3,0.0,77,26.5,13.6,0.0,41.0
2026-01-01,Keshopur APMC,77.24,1850.0,1,winter,nashik,16.9,10.7,2.5,90,26.9,13.1,0.0,50.0
2026-01-02,Keshopur APMC,53.74,1950.0,1,winter,nashik,17.6,11.4,0.0,78,27.4,13.9,0.0,48.0
2026-01-03,Keshopur APMC,85.91,2150.0,1,winter,nashik,17.4,10.9,0.0,77,27.3,13.5,0.0,51.0
2026-01-04,Keshopur APMC,83.08,2200.0,1,winter,nashik,17.2,8.6,0.0,79,27.1,13.3,0.0,49.0
2026-01-05,Keshopur APMC,87.23,2150.0,1,winter,nashik,17.5,8.5,0.0,79,28.3,12.9,0.0,50.0
2026-01-06,Keshopur APMC,132.22,1950.0,1,winter,nashik,17.2,8.4,0.0,84,27.1,13.5,0.0,58.0
2026-01-08,Keshopur APMC,46.8,2150.0,1,winter,nashik,14.4,7.3,0.0,88,27.7,15.0,0.0,64.0
2026-01-11,Keshopur APMC,26.35,2250.0,1,winter,nashik,16.5,5.6,0.0,77,26.9,16.1,0.0,64.0
2026-01-12,Keshopur APMC,100.24,1950.0,1,winter,nashik,17.3,4.4,0.0,71,27.5,15.0,0.0,57.0
2026-01-13,Keshopur APMC,110.42,1800.0,1,winter,nashik,18.2,4.5,0.0,78,27.9,14.2,0.0,45.0
2026-01-15,Keshopur APMC,81.62,2000.0,1,winter,nashik,17.6,5.7,0.0,79,26.3,13.1,0.0,35.0
2026-01-16,Keshopur APMC,113.11,1900.0,1,winter,nashik,20.3,5.5,0.0,71,26.1,13.5,0.0,44.0
2026-01-17,Keshopur APMC,117.19,1750.0,1,winter,nashik,22.4,7.1,0.0,73,26.3,13.2,0.0,45.0
2026-01-18,Keshopur APMC,92.3,1600.0,1,winter,nashik,22.3,8.0,0.0,78,28.0,14.0,0.0,49.0
2026-01-19,Keshopur APMC,72.81,1600.0,1,winter,nashik,24.8,10.1,0.0,66,28.5,16.6,0.2,55.0
2026-01-20,Keshopur APMC,62.17,1600.0,1,winter,nashik,24.2,9.4,0.0,64,28.2,17.6,0.1,59.0
2026-01-22,Keshopur APMC,114.97,1700.0,1,winter,nashik,25.4,9.4,0.0,62,29.8,15.0,0.0,55.0
2026-01-23,Keshopur APMC,175.63,2000.0,1,winter,nashik,17.6,12.9,29.7,83,29.0,15.6,0.0,53.0
2026-01-24,Keshopur APMC,154.25,1650.0,1,winter,nashik,16.4,9.0,0.0,69,26.4,15.7,0.0,57.0
2026-01-29,Keshopur APMC,72.36,1700.0,1,winter,nashik,18.4,9.8,0.0,87,27.1,16.0,0.0,61.0
2026-01-30,Keshopur APMC,165.75,1700.0,1,winter,nashik,19.5,9.2,0.0,83,27.1,14.4,0.0,66.0
2026-01-31,Keshopur APMC,159.98,1600.0,1,winter,nashik,20.0,8.8,0.0,86,27.1,14.8,0.0,62.0
2026-02-01,Keshopur APMC,37.16,1800.0,2,winter,nashik,21.0,12.3,2.7,82,29.2,15.3,0.0,56.0
2026-02-02,Keshopur APMC,139.99,1600.0,2,winter,nashik,20.1,12.5,0.0,88,26.6,17.8,1.0,67.0
2026-02-03,Keshopur APMC,102.03,1700.0,2,winter,nashik,19.7,10.3,0.0,83,26.8,14.2,0.0,60.0
2026-02-05,Keshopur APMC,68.43,1600.0,2,winter,nashik,21.4,9.9,0.0,73,28.8,17.2,0.0,62.0
2026-02-06,Keshopur APMC,144.79,1750.0,2,winter,nashik,22.7,10.8,0.0,69,29.2,17.6,0.0,61.0
2026-02-07,Keshopur APMC,70.08,1800.0,2,winter,nashik,23.7,12.4,0.0,69,28.7,16.4,0.0,57.0
2026-02-08,Keshopur APMC,166.62,1400.0,2,winter,nashik,22.9,11.2,0.0,62,28.5,16.5,0.0,46.0
2026-02-09,Keshopur APMC,42.6,1600.0,2,winter,nashik,24.7,10.6,0.0,59,28.8,16.3,0.0,48.0
2026-02-10,Keshopur APMC,71.05,1600.0,2,winter,nashik,27.6,11.9,0.0,58,28.7,16.9,0.0,51.0
2026-02-12,Keshopur APMC,40.15,1900.0,2,winter,nashik,25.0,12.6,0.0,55,28.6,16.9,0.0,46.0
2026-02-13,Keshopur APMC,60.65,1750.0,2,winter,nashik,25.5,12.3,0.0,53,28.9,16.4,0.0,47.0
2026-02-14,Keshopur APMC,212.05,1800.0,2,winter,nashik,27.0,12.4,0.0,53,29.3,16.1,0.0,48.0
2026-02-15,Keshopur APMC,81.35,1850.0,2,winter,nashik,28.2,13.4,0.0,54,30.7,16.1,0.0,48.0
2026-02-16,Keshopur APMC,94.95,1750.0,2,winter,nashik,30.2,13.4,0.0,52,30.6,16.9,0.0,49.0
2026-02-19,Keshopur APMC,45.85,1750.0,2,winter,nashik,26.5,13.7,0.0,67,30.8,17.6,0.0,44.0
2026-02-20,Keshopur APMC,144.66,1700.0,2,winter,nashik,28.0,14.7,0.0,63,30.6,17.1,0.0,43.0
2026-02-21,Keshopur APMC,79.75,1600.0,2,winter,nashik,27.4,15.0,0.0,61,30.9,17.7,0.0,42.0
2026-02-22,Keshopur APMC,157.95,1650.0,2,winter,nashik,28.6,14.6,0.0,56,31.0,18.3,0.0,43.0
2026-02-23,Keshopur APMC,129.7,1750.0,2,winter,nashik,29.4,15.3,0.0,54,30.4,18.9,0.0,48.0
2026-02-24,Keshopur APMC,92.29,1600.0,2,winter,nashik,29.4,15.9,0.0,54,30.0,18.4,0.0,55.0
2026-02-26,Keshopur APMC,71.8,1750.0,2,winter,nashik,30.0,15.6,0.0,45,32.2,19.1,0.0,48.0
2026-02-27,Keshopur APMC,101.25,1750.0,2,winter,nashik,31.1,16.3,0.0,42,32.7,19.0,0.0,46.0
2026-03-02,Keshopur APMC,119.66,1750.0,3,summer,nashik,30.8,17.3,0.0,45,31.9,19.0,0.0,35.0
2026-03-03,Keshopur APMC,114.3,1800.0,3,summer,nashik,31.5,17.8,0.0,42,31.9,19.3,0.0,39.0
2026-03-06,Keshopur APMC,10.6,1750.0,3,summer,nashik,34.6,19.5,0.0,46,29.1,16.3,0.0,58.0
2026-03-07,Keshopur APMC,59.3,1900.0,3,summer,nashik,35.5,20.4,0.0,52,32.0,16.2,0.0,52.0
2026-03-08,Keshopur APMC,84.0,1650.0,3,summer,nashik,36.0,21.6,0.0,46,33.4,18.2,0.0,53.0
2026-03-09,Keshopur APMC,59.4,1700.0,3,summer,nashik,35.4,20.7,0.0,49,33.8,19.6,0.0,40.0
2026-03-10,Keshopur APMC,80.9,1600.0,3,summer,nashik,35.3,22.0,0.0,54,34.7,19.7,0.0,34.0
2026-03-12,Keshopur APMC,44.4,1900.0,3,summer,nashik,36.0,20.8,0.0,34,34.6,20.3,0.0,32.0
2026-03-13,Keshopur APMC,176.7,1750.0,3,summer,nashik,32.6,21.2,0.0,45,35.5,19.8,0.0,34.0
2026-03-14,Keshopur APMC,116.6,1800.0,3,summer,nashik,33.0,19.7,0.0,35,36.7,21.0,0.0,27.0
2026-03-15,Keshopur APMC,55.3,1750.0,3,summer,nashik,27.7,18.8,2.1,54,36.1,20.9,0.0,24.0
2026-03-16,Keshopur APMC,166.7,1800.0,3,summer,nashik,30.9,17.4,0.0,49,36.4,21.0,0.0,24.0
2026-03-19,Keshopur APMC,135.0,1800.0,3,summer,nashik,27.2,18.2,3.1,67,36.1,21.6,0.0,23.0
2026-03-20,Keshopur APMC,83.2,1700.0,3,summer,nashik,20.5,16.4,2.6,87,35.2,21.5,0.0,25.0
2026-03-21,Keshopur APMC,30.2,1800.0,3,summer,nashik,25.5,15.0,0.0,78,33.7,21.0,0.0,31.0
2026-03-22,Keshopur APMC,4.6,1750.0,3,summer,nashik,27.1,15.9,0.0,67,32.9,19.3,0.0,43.0
2026-03-23,Keshopur APMC,135.4,1800.0,3,summer,nashik,26.7,17.9,6.3,72,33.6,18.8,0.0,42.0
2026-03-24,Keshopur APMC,63.7,1900.0,3,summer,nashik,29.5,18.2,0.0,64,33.7,19.0,0.0,47.0
2026-03-26,Keshopur APMC,22.8,1950.0,3,summer,nashik,34.3,20.7,0.0,48,30.7,17.9,0.0,53.0
2026-03-27,Keshopur APMC,138.3,1900.0,3,summer,nashik,29.0,21.4,0.3,52,31.9,18.3,0.0,37.0
2026-03-28,Keshopur APMC,41.3,1950.0,3,summer,nashik,32.8,20.3,0.0,47,33.1,19.8,0.0,31.0
2026-03-29,Keshopur APMC,152.4,1900.0,3,summer,nashik,34.6,22.6,0.2,48,34.7,21.2,0.0,32.0
2026-03-30,Keshopur APMC,86.3,1950.0,3,summer,nashik,35.2,22.2,0.0,49,35.2,21.6,0.0,32.0
2026-03-31,Keshopur APMC,69.5,2000.0,3,summer,nashik,34.0,21.2,1.0,55,34.5,21.9,0.0,34.0
2026-04-02,Keshopur APMC,80.8,1850.0,4,summer,nashik,34.9,21.8,0.0,43,36.2,24.4,0.0,28.0
2026-04-03,Keshopur APMC,69.3,1900.0,4,summer,nashik,32.4,22.5,0.7,53,35.4,21.8,0.0,37.0
2026-04-04,Keshopur APMC,91.4,1750.0,4,summer,nashik,30.4,21.4,0.7,61,33.7,21.6,0.1,56.0
2026-04-05,Keshopur APMC,104.5,1800.0,4,summer,nashik,30.0,20.2,0.3,50,34.9,20.7,0.1,49.0
2026-04-06,Keshopur APMC,187.42,1400.0,4,summer,nashik,31.5,21.1,0.0,38,33.7,20.9,0.0,52.0
2026-04-07,Keshopur APMC,98.0,1400.0,4,summer,nashik,29.1,18.2,9.0,56,34.2,21.5,0.0,55.0
2026-04-09,Keshopur APMC,47.7,1400.0,4,summer,nashik,28.6,16.2,0.0,61,33.4,19.6,0.0,58.0
2026-04-10,Keshopur APMC,144.94,1300.0,4,summer,nashik,31.2,17.7,0.0,43,30.5,19.3,0.1,62.0
2026-04-12,Keshopur APMC,158.4,1250.0,4,summer,nashik,33.9,22.2,0.0,34,31.3,18.6,0.0,61.0
2026-04-13,Keshopur APMC,73.6,1400.0,4,summer,nashik,34.7,21.3,0.0,30,31.9,19.2,0.0,59.0
2026-04-14,Keshopur APMC,169.2,1500.0,4,summer,nashik,37.7,22.6,0.0,28,32.4,20.9,0.1,65.0
2026-04-16,Keshopur APMC,57.1,1650.0,4,summer,nashik,39.9,25.0,0.0,25,35.4,21.0,0.0,34.0
2026-04-18,Keshopur APMC,225.7,1650.0,4,summer,nashik,40.3,24.4,0.0,31,38.9,23.0,0.0,32.0
2026-04-19,Keshopur APMC,58.98,1700.0,4,summer,nashik,40.0,25.6,0.0,24,38.0,22.5,0.0,37.0
2026-04-20,Keshopur APMC,135.9,1600.0,4,summer,nashik,39.3,25.3,0.0,25,38.2,22.7,0.0,37.0
2026-04-21,Keshopur APMC,165.7,1600.0,4,summer,nashik,38.8,25.4,0.0,19,38.1,22.7,0.0,29.0
2026-04-23,Keshopur APMC,2.5,1450.0,4,summer,nashik,41.3,27.5,0.0,20,38.0,22.0,0.0,32.0
2026-04-24,Keshopur APMC,103.98,1250.0,4,summer,nashik,42.1,27.8,0.0,24,39.5,24.8,0.0,25.0
2026-04-25,Keshopur APMC,92.6,1150.0,4,summer,nashik,42.3,28.9,0.0,24,39.0,24.5,0.0,31.0
2026-04-30,Keshopur APMC,96.81,1200.0,4,summer,nashik,37.7,25.5,0.0,41,38.1,25.2,0.0,28.0
2026-05-01,Keshopur APMC,2223.0,1150.0,5,summer,nashik,36.0,23.1,0.0,50,40.4,24.8,0.0,25.0
2026-05-02,Keshopur APMC,196.57,1150.0,5,summer,nashik,35.8,26.4,0.2,42,40.3,27.0,0.0,20.0
2026-05-03,Keshopur APMC,144.03,1500.0,5,summer,nashik,34.4,26.1,0.0,44,38.7,24.9,0.0,39.0
2026-05-04,Keshopur APMC,82.05,1450.0,5,summer,nashik,30.3,21.4,4.8,64,38.5,25.5,0.0,35.0
2026-05-05,Keshopur APMC,108.74,1500.0,5,summer,nashik,30.1,22.8,0.6,64,37.9,24.8,0.0,34.0
2026-05-07,Keshopur APMC,84.7,1500.0,5,summer,nashik,30.4,23.7,0.0,51,35.5,22.9,0.0,61.0
2026-05-08,Keshopur APMC,144.6,1450.0,5,summer,nashik,34.1,22.2,0.4,56,36.2,22.6,0.0,62.0
2026-05-09,Keshopur APMC,135.7,1300.0,5,summer,nashik,35.5,24.7,0.0,47,36.2,22.8,0.0,58.0
2026-05-10,Keshopur APMC,68.93,1350.0,5,summer,nashik,37.7,26.5,0.0,44,35.3,22.4,0.0,62.0
2026-05-11,Keshopur APMC,93.99,1350.0,5,summer,nashik,37.8,27.6,0.0,42,35.9,22.6,0.0,60.0
2026-05-12,Keshopur APMC,144.95,1300.0,5,summer,nashik,39.0,28.2,6.6,46,35.9,22.3,0.0,54.0
2026-05-14,Keshopur APMC,153.4,1400.0,5,summer,nashik,39.7,27.0,0.3,38,37.6,24.1,0.0,42.0
2026-05-15,Keshopur APMC,145.52,1250.0,5,summer,nashik,40.2,28.0,0.0,32,39.1,25.0,0.0,28.0
2026-05-16,Keshopur APMC,138.24,1250.0,5,summer,nashik,40.6,28.8,0.0,29,40.5,25.0,0.0,29.0
2026-05-17,Keshopur APMC,59.7,1250.0,5,summer,nashik,41.4,30.0,0.0,26,41.2,27.2,0.0,25.0
2026-05-18,Keshopur APMC,59.5,1250.0,5,summer,nashik,43.6,30.2,0.0,25,40.9,26.5,0.0,30.0
2026-05-19,Keshopur APMC,125.95,1350.0,5,summer,nashik,44.6,31.6,0.0,18,39.0,26.0,0.5,41.0
2026-05-21,Keshopur APMC,26.09,1400.0,5,summer,nashik,43.1,33.4,0.0,21,36.2,25.3,0.0,46.0
2026-05-22,Keshopur APMC,88.09,1350.0,5,summer,nashik,42.4,32.3,0.0,19,37.6,23.4,0.0,54.0
2026-05-23,Keshopur APMC,59.21,1450.0,5,summer,nashik,41.5,31.9,0.0,22,37.7,24.4,0.0,39.0
2026-05-24,Keshopur APMC,70.98,1200.0,5,summer,nashik,42.5,30.5,0.0,20,39.2,24.8,0.0,39.0
2026-05-25,Keshopur APMC,144.3,1200.0,5,summer,nashik,43.3,32.9,0.1,18,37.0,25.2,0.1,46.0
2026-05-26,Keshopur APMC,104.66,1200.0,5,summer,nashik,43.0,32.1,0.0,17,36.0,23.2,1.3,62.0
2026-05-29,Keshopur APMC,18.2,1350.0,5,summer,nashik,34.4,26.5,1.1,54,34.7,25.0,4.0,67.0
2026-05-30,Keshopur APMC,155.61,1300.0,5,summer,nashik,35.5,24.3,4.9,64,33.6,24.9,4.3,71.0
2026-06-01,Keshopur APMC,51.1,1450.0,6,monsoon,nashik,33.5,25.0,0.7,58,34.8,24.6,0.1,68.0
2026-06-02,Keshopur APMC,46.15,1450.0,6,monsoon,nashik,36.7,25.3,0.5,50,36.1,24.7,0.0,64.0
2026-06-04,Keshopur APMC,69.22,1500.0,6,monsoon,nashik,39.7,26.6,0.8,43,35.5,23.8,0.0,65.0
2026-06-05,Keshopur APMC,102.29,1650.0,6,monsoon,nashik,34.6,25.3,2.6,59,35.1,24.6,0.1,66.0
2026-06-06,Keshopur APMC,211.7,1900.0,6,monsoon,nashik,40.0,28.7,0.1,43,34.6,24.8,1.8,66.0
2026-06-07,Keshopur APMC,2155.0,1700.0,6,monsoon,nashik,40.4,29.0,0.6,43,35.6,24.3,0.1,64.0
2026-06-08,Keshopur APMC,99.96,1750.0,6,monsoon,nashik,41.9,30.2,0.0,33,35.0,24.0,2.0,66.0
2026-06-09,Keshopur APMC,145.96,1750.0,6,monsoon,nashik,43.2,32.1,0.0,27,35.4,23.5,3.2,67.0
2026-06-11,Keshopur APMC,75.05,2100.0,6,monsoon,nashik,36.9,26.8,0.6,48,34.7,24.5,0.5,67.0
2026-06-12,Keshopur APMC,128.3,2000.0,6,monsoon,nashik,32.5,23.2,6.0,74,35.4,24.6,0.1,63.0
2026-06-13,Keshopur APMC,88.87,2200.0,6,monsoon,nashik,34.4,25.1,0.2,67,35.1,24.5,0.0,63.0
2026-06-15,Keshopur APMC,72.19,2250.0,6,monsoon,nashik,36.6,27.5,0.8,52,34.4,24.5,0.0,66.0
2026-06-16,Keshopur APMC,160.37,2150.0,6,monsoon,nashik,32.6,26.0,0.2,61,35.0,24.3,0.1,66.0
2026-06-18,Keshopur APMC,110.52,2200.0,6,monsoon,nashik,39.2,29.7,0.1,42,34.9,24.6,0.1,68.0
2026-06-19,Keshopur APMC,91.41,2150.0,6,monsoon,nashik,38.5,28.3,0.0,41,34.5,24.3,0.4,67.0
2026-06-20,Keshopur APMC,152.27,1950.0,6,monsoon,nashik,38.4,30.8,0.3,41,34.3,24.4,0.7,65.0
2026-06-21,Keshopur APMC,115.92,1900.0,6,monsoon,nashik,39.1,30.0,0.0,38,33.8,24.1,0.7,65.0
2026-06-22,Keshopur APMC,232.39,1900.0,6,monsoon,nashik,36.8,28.8,1.3,40,34.1,23.8,0.4,63.0
2026-06-23,Keshopur APMC,78.9,2000.0,6,monsoon,nashik,39.0,30.3,0.9,41,33.9,24.2,0.1,64.0
2026-06-25,Keshopur APMC,13.25,1900.0,6,monsoon,nashik,39.1,29.5,2.2,43,33.7,23.5,0.2,61.0
2026-06-26,Keshopur APMC,61.49,2100.0,6,monsoon,nashik,41.0,31.1,0.5,42,34.3,23.5,2.2,63.0
2026-06-27,Keshopur APMC,65.4,2100.0,6,monsoon,nashik,40.7,29.5,1.2,41,34.5,23.9,3.2,64.0
2026-06-28,Keshopur APMC,221.99,2150.0,6,monsoon,nashik,42.0,30.4,0.2,41,31.0,23.8,9.8,76.0
2026-06-29,Keshopur APMC,88.28,2200.0,6,monsoon,nashik,41.6,32.9,1.4,38,30.1,22.7,11.0,84.0
2026-06-30,Keshopur APMC,131.05,2250.0,6,monsoon,nashik,39.6,30.6,4.3,52,26.7,21.9,2.5,84.0
2026-07-02,Keshopur APMC,65.4,2400.0,7,monsoon,nashik,32.1,26.0,5.9,76,31.3,23.2,0.9,77.0
2026-07-03,Keshopur APMC,175.3,2350.0,7,monsoon,nashik,35.8,27.4,0.1,68,32.0,23.3,0.2,74.0
2026-07-04,Keshopur APMC,208.67,2350.0,7,monsoon,nashik,36.3,29.8,1.0,64,31.7,23.9,0.6,77.0
2026-07-05,Keshopur APMC,210.0,2250.0,7,monsoon,nashik,34.9,29.1,2.4,75,29.3,23.5,1.2,80.0
2026-07-06,Keshopur APMC,53.63,2350.0,7,monsoon,nashik,36.5,27.0,0.5,71,28.0,23.0,7.2,87.0
2026-07-09,Keshopur APMC,76.23,2500.0,7,monsoon,nashik,29.1,25.2,103.3,91,24.7,22.3,13.6,95.0
2026-07-10,Keshopur APMC,175.47,2500.0,7,monsoon,nashik,33.1,25.5,1.1,80,24.8,22.3,21.6,95.0
2026-07-12,Keshopur APMC,133.18,2450.0,7,monsoon,nashik,35.2,28.9,1.5,68,25.4,23.0,42.1,95.0
2026-07-13,Keshopur APMC,111.15,2450.0,7,monsoon,nashik,35.8,28.5,0.2,64,24.5,23.0,92.7,96.0
2026-07-14,Keshopur APMC,196.84,2300.0,7,monsoon,nashik,36.4,26.0,1.4,70,26.1,22.9,27.0,93.0
2026-07-16,Keshopur APMC,61.98,2300.0,7,monsoon,nashik,37.5,29.8,0.0,54,29.0,23.1,0.7,81.0
2026-07-17,Keshopur APMC,144.01,2450.0,7,monsoon,nashik,37.3,31.2,0.3,55,29.1,23.1,0.1,81.0
2026-07-18,Keshopur APMC,113.03,2400.0,7,monsoon,nashik,36.6,30.9,0.0,54,29.7,22.9,0.1,81.0
2026-07-19,Keshopur APMC,146.52,2550.0,7,monsoon,nashik,37.1,29.9,2.8,62,29.4,22.8,0.0,79.0
2026-07-20,Keshopur APMC,74.46,2400.0,7,monsoon,nashik,32.2,26.6,33.0,86,29.1,22.3,0.2,79.0
2026-07-21,Keshopur APMC,89.14,2400.0,7,monsoon,nashik,29.9,26.0,12.8,89,28.1,22.3,1.8,84.0
2026-07-24,Keshopur APMC,101.95,2400.0,7,monsoon,nashik,31.3,25.8,9.2,83,26.6,22.5,8.3,88.0
2026-07-25,Keshopur APMC,105.28,2450.0,7,monsoon,nashik,32.8,27.3,2.5,79,26.0,22.1,16.9,92.0
2021-01-01,Shahdara APMC,134.95,2300.0,1,winter,nashik,17.9,3.2,0.0,78,32.2,27.2,1.5,78.0
2021-01-02,Shahdara APMC,106.2,2500.0,1,winter,nashik,17.9,9.8,2.7,75,32.2,27.2,1.5,78.0
2021-01-03,Shahdara APMC,127.4,2500.0,1,winter,nashik,20.8,12.1,12.2,84,20.2,5.0,0.0,69.0
2021-01-04,Shahdara APMC,80.75,2600.0,1,winter,nashik,22.3,12.5,5.3,88,20.9,10.4,1.1,71.0
2021-01-05,Shahdara APMC,151.15,2800.0,1,winter,nashik,21.5,14.5,2.5,85,20.9,10.4,1.1,71.0
2021-01-06,Shahdara APMC,117.64,2650.0,1,winter,nashik,21.6,14.7,2.5,87,25.0,14.6,0.9,81.0
2021-01-07,Shahdara APMC,142.5,2700.0,1,winter,nashik,19.3,11.1,0.0,87,28.4,16.8,0.0,70.0
2021-01-08,Shahdara APMC,131.8,3450.0,1,winter,nashik,18.8,9.3,0.0,88,28.1,17.7,0.6,77.0
2021-01-09,Shahdara APMC,194.13,3550.0,1,winter,nashik,19.7,10.9,0.0,83,28.3,17.0,0.0,73.0
2021-01-10,Shahdara APMC,138.8,3550.0,1,winter,nashik,17.4,8.5,0.0,78,26.4,17.3,1.4,77.0
2021-01-11,Shahdara APMC,205.8,2650.0,1,winter,nashik,17.7,7.1,0.0,82,26.0,18.0,1.1,82.0
2021-01-12,Shahdara APMC,186.87,3000.0,1,winter,nashik,18.0,6.4,0.0,81,26.9,17.5,0.5,79.0
2021-01-13,Shahdara APMC,245.04,2250.0,1,winter,nashik,18.1,5.4,0.0,80,26.7,18.1,2.1,83.0
2021-01-14,Shahdara APMC,158.92,2100.0,1,winter,nashik,18.5,4.9,0.0,81,26.4,19.4,5.3,86.0
2021-01-16,Shahdara APMC,169.2,2150.0,1,winter,nashik,16.7,5.3,0.0,89,28.7,19.0,1.0,83.0
2021-01-17,Shahdara APMC,62.87,2150.0,1,winter,nashik,18.7,6.7,0.0,85,28.9,18.4,0.0,75.0
2021-01-18,Shahdara APMC,68.74,1800.0,1,winter,nashik,17.9,10.3,2.5,86,29.3,17.0,0.0,71.0
2021-01-19,Shahdara APMC,109.57,1800.0,1,winter,nashik,20.6,9.6,0.0,88,28.7,16.5,0.0,68.0
2021-01-20,Shahdara APMC,167.05,1800.0,1,winter,nashik,19.8,9.9,0.0,85,29.4,14.3,0.0,65.0
2021-01-21,Shahdara APMC,103.95,2000.0,1,winter,nashik,20.1,9.1,0.0,79,29.3,15.6,0.0,68.0
2021-01-25,Shahdara APMC,108.45,2500.0,1,winter,nashik,18.2,6.2,0.0,82,30.3,17.2,0.0,58.0
2021-01-26,Shahdara APMC,38.45,2500.0,1,winter,nashik,18.1,6.8,0.0,79,29.8,15.7,0.0,56.0
2021-01-27,Shahdara APMC,103.26,2500.0,1,winter,nashik,18.6,6.3,0.0,76,29.4,12.2,0.0,62.0
2021-01-28,Shahdara APMC,206.5,2400.0,1,winter,nashik,17.9,5.0,0.0,78,29.3,14.2,0.0,66.0
2021-01-29,Shahdara APMC,151.4,2450.0,1,winter,nashik,18.4,5.7,0.0,76,30.6,15.2,0.0,62.0
2021-01-30,Shahdara APMC,109.2,2500.0,1,winter,nashik,18.9,6.3,0.0,71,29.8,14.6,0.0,60.0
2021-01-31,Shahdara APMC,108.92,2500.0,1,winter,nashik,20.1,4.8,0.0,68,30.0,11.6,0.0,58.0
2021-02-01,Shahdara APMC,216.05,3200.0,2,winter,nashik,21.9,7.0,0.0,75,29.4,12.3,0.0,58.0
2021-02-02,Shahdara APMC,166.75,3450.0,2,winter,nashik,22.9,7.3,0.0,75,29.0,13.4,0.0,64.0
2021-02-03,Shahdara APMC,103.55,4150.0,2,winter,nashik,23.5,11.8,0.1,75,29.4,12.7,0.0,61.0
2021-02-04,Shahdara APMC,135.5,3700.0,2,winter,nashik,21.1,11.1,8.3,81,27.5,12.5,0.0,63.0
2021-02-05,Shahdara APMC,260.55,3300.0,2,winter,nashik,19.5,8.6,0.0,84,27.6,13.3,0.0,55.0
2021-02-06,Shahdara APMC,159.98,2900.0,2,winter,nashik,19.8,8.6,0.0,75,28.0,13.1,0.0,57.0
2021-02-07,Shahdara APMC,76.55,2900.0,2,winter,nashik,21.1,9.4,0.0,74,28.5,13.8,0.0,56.0
2021-02-08,Shahdara APMC,139.23,2900.0,2,winter,nashik,22.2,8.5,0.0,77,28.9,14.3,0.0,49.0
2021-02-10,Shahdara APMC,161.24,3400.0,2,winter,nashik,24.8,12.1,0.0,74,28.4,14.0,0.0,50.0
2021-02-12,Shahdara APMC,259.02,3700.0,2,winter,nashik,24.1,11.5,0.0,78,26.8,13.0,0.0,52.0
2021-02-13,Shahdara APMC,163.7,3700.0,2,winter,nashik,23.6,11.3,0.0,80,27.2,12.8,0.0,48.0
2021-02-14,Shahdara APMC,117.1,3750.0,2,winter,nashik,25.3,11.0,0.0,73,28.2,11.9,0.0,42.0
2021-02-15,Shahdara APMC,131.15,3800.0,2,winter,nashik,26.7,12.4,0.4,70,29.0,11.4,0.0,42.0
2021-02-16,Shahdara APMC,55.82,3800.0,2,winter,nashik,26.4,12.4,0.0,71,29.8,13.8,0.0,44.0
2021-02-17,Shahdara APMC,137.8,3600.0,2,winter,nashik,25.2,12.1,0.0,72,29.8,13.5,0.0,46.0
2021-02-18,Shahdara APMC,122.15,3700.0,2,winter,nashik,25.1,11.3,0.0,73,30.5,14.1,0.0,45.0
2021-02-19,Shahdara APMC,169.35,3400.0,2,winter,nashik,25.2,11.1,0.0,75,30.6,14.8,0.0,46.0
2021-02-20,Shahdara APMC,208.6,3450.0,2,winter,nashik,25.6,11.6,0.0,70,30.4,17.0,0.0,44.0
2021-02-21,Shahdara APMC,278.55,3450.0,2,winter,nashik,25.8,11.4,0.0,68,29.8,17.0,0.0,50.0
2021-02-22,Shahdara APMC,234.85,3550.0,2,winter,nashik,27.3,12.4,0.0,68,29.5,16.5,0.0,53.0
2021-02-24,Shahdara APMC,57.95,3200.0,2,winter,nashik,29.9,13.3,0.0,61,29.4,17.6,1.5,58.0
2021-02-25,Shahdara APMC,119.95,3000.0,2,winter,nashik,30.2,13.9,0.0,61,26.4,16.2,0.1,59.0
2021-02-26,Shahdara APMC,103.9,2600.0,2,winter,nashik,30.7,15.1,0.0,59,27.6,14.4,0.0,55.0
2021-02-27,Shahdara APMC,214.4,3050.0,2,winter,nashik,30.2,18.5,0.0,44,28.7,15.9,0.0,50.0
2021-02-28,Shahdara APMC,327.25,3050.0,2,winter,nashik,29.9,17.0,0.0,50,29.9,16.2,0.0,56.0
2021-03-01,Shahdara APMC,159.2,3000.0,3,summer,nashik,27.4,13.9,0.0,47,30.8,17.2,0.0,46.0
2021-03-02,Shahdara APMC,223.85,2750.0,3,summer,nashik,27.6,14.4,0.0,42,31.4,17.1,0.0,46.0
2021-03-03,Shahdara APMC,290.1,2000.0,3,summer,nashik,29.3,14.3,0.0,42,32.1,16.9,0.0,47.0
2021-03-04,Shahdara APMC,405.75,2200.0,3,summer,nashik,31.0,15.1,0.0,49,31.7,17.3,0.0,44.0
2021-03-05,Shahdara APMC,299.65,2200.0,3,summer,nashik,30.2,15.5,0.0,45,31.9,16.3,0.0,43.0
2021-03-06,Shahdara APMC,116.75,1900.0,3,summer,nashik,30.7,15.1,0.0,44,32.9,17.2,0.0,46.0
2021-03-07,Shahdara APMC,267.05,2000.0,3,summer,nashik,33.2,15.3,0.0,44,33.1,19.7,0.0,43.0
2021-03-08,Shahdara APMC,106.8,1700.0,3,summer,nashik,31.1,19.3,0.0,51,33.1,17.4,0.0,43.0
2021-03-09,Shahdara APMC,191.84,1800.0,3,summer,nashik,31.9,18.3,0.1,59,33.1,16.5,0.0,36.0
2021-03-11,Shahdara APMC,235.53,1600.0,3,summer,nashik,32.5,17.1,0.0,53,33.4,17.4,0.0,33.0
2021-03-13,Shahdara APMC,383.72,1600.0,3,summer,nashik,30.1,16.0,0.0,62,33.1,18.5,0.0,33.0
2021-03-14,Shahdara APMC,234.1,1700.0,3,summer,nashik,30.2,16.1,0.0,51,33.4,16.4,0.0,33.0
2021-03-15,Shahdara APMC,172.7,1650.0,3,summer,nashik,31.7,17.5,0.0,52,33.5,17.5,0.0,37.0
2021-03-17,Shahdara APMC,178.6,1650.0,3,summer,nashik,32.9,17.0,0.0,44,32.5,18.2,0.0,41.0
2021-03-18,Shahdara APMC,210.5,1600.0,3,summer,nashik,32.6,17.4,0.0,49,33.5,17.6,0.0,34.0
2021-03-19,Shahdara APMC,270.0,1650.0,3,summer,nashik,31.7,19.4,0.0,52,33.3,18.5,0.0,37.0
2021-03-20,Shahdara APMC,247.85,1300.0,3,summer,nashik,32.9,17.3,0.0,45,33.8,18.5,0.0,33.0
2021-03-21,Shahdara APMC,293.89,1300.0,3,summer,nashik,33.8,17.8,0.0,44,33.8,19.1,0.0,37.0
2021-03-22,Shahdara APMC,247.09,1300.0,3,summer,nashik,33.2,18.7,0.3,49,34.3,20.3,0.0,31.0
2021-03-23,Shahdara APMC,252.95,1250.0,3,summer,nashik,32.1,19.8,0.5,49,34.4,20.7,0.0,30.0
2021-03-25,Shahdara APMC,303.26,1250.0,3,summer,nashik,30.7,16.7,0.0,40,33.3,20.3,0.0,33.0
2021-03-26,Shahdara APMC,240.2,1250.0,3,summer,nashik,31.2,16.2,0.0,46,33.8,18.4,0.0,37.0
2021-03-31,Shahdara APMC,238.5,1250.0,3,summer,nashik,34.4,21.6,0.0,23,34.9,18.9,0.0,28.0
2021-04-03,Shahdara APMC,253.78,1150.0,4,summer,nashik,33.9,15.8,0.0,20,37.0,21.1,0.0,23.0
2021-04-04,Shahdara APMC,451.25,1150.0,4,summer,nashik,35.3,17.5,0.0,23,37.7,19.3,0.0,28.0
2021-04-05,Shahdara APMC,353.46,1100.0,4,summer,nashik,37.8,19.2,0.0,28,35.5,20.8,0.0,27.0
2021-04-07,Shahdara APMC,310.9,1050.0,4,summer,nashik,35.6,21.4,0.0,31,35.3,20.3,0.0,42.0
2021-04-08,Shahdara APMC,378.0,1150.0,4,summer,nashik,33.9,20.3,0.0,26,35.2,18.7,0.0,52.0
2021-04-10,Shahdara APMC,356.8,1100.0,4,summer,nashik,36.3,19.3,0.0,19,36.2,20.2,0.0,54.0
2021-04-11,Shahdara APMC,240.1,1050.0,4,summer,nashik,37.4,20.8,0.0,20,37.1,20.5,0.0,48.0
2021-04-12,Shahdara APMC,293.9,1100.0,4,summer,nashik,38.0,20.4,0.0,21,37.9,21.9,0.0,32.0
2021-04-13,Shahdara APMC,184.16,1150.0,4,summer,nashik,38.1,21.3,0.0,24,37.7,20.9,0.0,28.0
2021-04-14,Shahdara APMC,192.2,1150.0,4,summer,nashik,38.6,22.5,0.0,23,36.7,21.0,0.0,32.0
2021-04-16,Shahdara APMC,52.5,1000.0,4,summer,nashik,38.7,23.0,2.8,32,37.5,21.0,0.0,29.0
2021-04-18,Shahdara APMC,78.1,1000.0,4,summer,nashik,35.4,21.5,0.0,31,36.4,22.5,0.0,34.0
2021-04-19,Shahdara APMC,176.7,1100.0,4,summer,nashik,37.2,21.3,0.0,31,35.6,23.4,0.0,30.0
2021-04-20,Shahdara APMC,248.25,1150.0,4,summer,nashik,33.7,22.0,0.0,29,34.0,22.2,0.1,35.0
2021-04-21,Shahdara APMC,213.8,1100.0,4,summer,nashik,31.7,19.0,0.1,41,35.5,21.2,0.0,33.0
2021-04-22,Shahdara APMC,174.7,1200.0,4,summer,nashik,32.8,20.1,0.0,42,36.0,21.9,0.0,31.0
2021-04-25,Shahdara APMC,205.45,1150.0,4,summer,nashik,36.6,20.9,0.0,28,36.1,21.4,0.0,35.0
2021-04-26,Shahdara APMC,289.35,1200.0,4,summer,nashik,38.8,20.9,0.0,26,35.0,21.8,0.0,41.0
2021-04-27,Shahdara APMC,183.9,1200.0,4,summer,nashik,41.1,23.6,0.0,24,34.2,21.4,0.0,48.0
2021-04-28,Shahdara APMC,164.5,1150.0,4,summer,nashik,41.5,24.7,0.0,21,36.3,20.9,0.0,40.0
2021-04-29,Shahdara APMC,248.0,1350.0,4,summer,nashik,40.9,25.0,0.0,23,36.0,22.6,0.0,31.0
2021-04-30,Shahdara APMC,141.3,1399.0,4,summer,nashik,39.1,24.6,0.0,29,37.0,18.8,0.0,37.0
2021-05-01,Shahdara APMC,251.3,1200.0,5,summer,nashik,39.6,25.2,0.0,31,37.9,22.4,0.0,32.0
2021-05-02,Shahdara APMC,174.35,1200.0,5,summer,nashik,38.8,26.1,0.0,32,36.2,23.4,0.0,31.0
2021-05-03,Shahdara APMC,263.5,1350.0,5,summer,nashik,37.0,25.4,0.0,33,36.7,22.0,0.0,41.0
2021-05-04,Shahdara APMC,165.6,1250.0,5,summer,nashik,40.1,26.0,0.0,31,36.2,22.4,0.0,39.0
2021-05-05,Shahdara APMC,202.0,1350.0,5,summer,nashik,37.8,26.1,0.0,39,38.1,22.7,1.0,44.0
2021-05-06,Shahdara APMC,248.5,1350.0,5,summer,nashik,39.2,24.1,7.6,53,37.2,23.0,0.7,48.0
2021-05-07,Shahdara APMC,410.45,1350.0,5,summer,nashik,34.6,22.0,1.9,56,33.3,24.0,0.7,47.0
2021-05-09,Shahdara APMC,120.9,1350.0,5,summer,nashik,37.7,25.3,0.0,40,35.6,21.3,0.0,49.0
2021-05-10,Shahdara APMC,605.6,1400.0,5,summer,nashik,36.0,25.0,0.3,42,36.4,21.8,0.0,43.0
2021-05-11,Shahdara APMC,213.2,1450.0,5,summer,nashik,38.8,25.1,0.1,41,35.8,23.0,0.0,37.0
2021-05-12,Shahdara APMC,319.55,1450.0,5,summer,nashik,35.2,24.6,0.0,46,35.8,23.0,0.0,39.0
2021-05-13,Shahdara APMC,59.8,1400.0,5,summer,nashik,31.3,22.5,2.2,59,37.6,24.2,0.0,45.0
2021-05-14,Shahdara APMC,191.5,1350.0,5,summer,nashik,36.0,22.8,0.0,46,37.6,23.6,0.0,40.0
2021-05-16,Shahdara APMC,146.5,1350.0,5,summer,nashik,38.4,23.9,0.0,38,37.4,23.0,0.0,48.0
2021-05-17,Shahdara APMC,284.85,1350.0,5,summer,nashik,37.1,26.2,0.0,36,35.8,22.5,0.0,49.0
2021-05-18,Shahdara APMC,387.3,1350.0,5,summer,nashik,30.8,24.5,1.2,57,36.3,22.0,0.0,57.0
2021-05-19,Shahdara APMC,240.3,1250.0,5,summer,nashik,24.4,21.0,95.5,85,35.1,21.6,0.0,58.0
2021-05-20,Shahdara APMC,91.9,1450.0,5,summer,nashik,29.7,20.6,33.7,78,37.5,21.8,0.0,50.0
2021-05-21,Shahdara APMC,108.1,1450.0,5,summer,nashik,31.4,20.8,1.4,79,37.7,26.8,0.1,42.0
2021-05-22,Shahdara APMC,85.75,1350.0,5,summer,nashik,33.1,23.8,0.0,69,33.4,24.9,4.6,60.0
2021-05-23,Shahdara APMC,134.6,1400.0,5,summer,nashik,33.9,22.5,0.0,61,28.8,23.1,17.6,76.0
2021-05-24,Shahdara APMC,205.15,1450.0,5,summer,nashik,35.1,22.1,0.0,49,27.9,22.9,10.9,82.0
2021-05-26,Shahdara APMC,328.85,1400.0,5,summer,nashik,37.6,22.1,0.0,44,30.9,22.3,0.2,73.0
2021-05-27,Shahdara APMC,193.55,1400.0,5,summer,nashik,37.6,22.0,0.0,47,33.6,21.3,0.0,68.0
2021-05-28,Shahdara APMC,210.8,1400.0,5,summer,nashik,36.8,24.1,0.0,62,31.8,22.2,0.1,72.0
2021-05-30,Shahdara APMC,148.6,1450.0,5,summer,nashik,36.2,25.1,0.7,64,32.9,22.1,0.0,69.0
2021-06-01,Shahdara APMC,134.24,1350.0,6,monsoon,nashik,33.6,22.4,0.0,69,34.1,22.5,0.0,65.0
2021-06-02,Shahdara APMC,307.0,1350.0,6,monsoon,nashik,34.3,23.6,5.7,68,31.7,22.9,0.4,72.0
2021-06-03,Shahdara APMC,167.48,1700.0,6,monsoon,nashik,35.1,25.3,0.0,63,33.1,22.9,0.9,73.0
2021-06-04,Shahdara APMC,144.9,1700.0,6,monsoon,nashik,35.8,25.3,0.1,64,35.0,23.1,0.5,71.0
2021-06-05,Shahdara APMC,177.18,1500.0,6,monsoon,nashik,36.1,25.8,0.0,61,34.2,23.5,5.8,76.0
2021-06-08,Shahdara APMC,223.45,1750.0,6,monsoon,nashik,41.6,28.7,0.0,39,33.0,22.9,7.3,76.0
2021-06-09,Shahdara APMC,297.9,2000.0,6,monsoon,nashik,41.9,30.8,0.0,38,35.2,23.0,1.1,73.0
2021-06-10,Shahdara APMC,190.95,2000.0,6,monsoon,nashik,37.8,29.9,0.0,58,32.2,22.7,1.1,75.0
2021-06-12,Shahdara APMC,354.9,1900.0,6,monsoon,nashik,37.7,28.6,0.3,59,30.9,23.0,2.3,77.0
2021-06-13,Shahdara APMC,53.6,1700.0,6,monsoon,nashik,36.5,25.5,6.3,67,29.9,22.3,3.0,80.0
2021-06-15,Shahdara APMC,266.4,2000.0,6,monsoon,nashik,37.2,27.0,4.5,62,28.3,22.9,2.8,84.0
2021-06-16,Shahdara APMC,179.4,2000.0,6,monsoon,nashik,35.0,26.1,2.0,72,27.2,22.6,17.4,88.0
2021-06-17,Shahdara APMC,208.17,2000.0,6,monsoon,nashik,34.7,26.1,0.0,71,28.5,22.9,2.5,84.0
2021-06-18,Shahdara APMC,349.32,2000.0,6,monsoon,nashik,33.6,25.7,0.4,71,30.8,23.1,2.1,81.0
2021-06-20,Shahdara APMC,280.33,2050.0,6,monsoon,nashik,33.5,25.4,1.0,74,30.6,23.4,1.2,78.0
2021-06-21,Shahdara APMC,213.3,2050.0,6,monsoon,nashik,36.3,25.3,0.0,64,27.9,23.1,1.8,83.0
2021-06-22,Shahdara APMC,218.9,2150.0,6,monsoon,nashik,39.7,28.2,0.0,48,27.4,22.9,2.8,85.0
2021-06-23,Shahdara APMC,258.6,2150.0,6,monsoon,nashik,40.5,28.4,0.0,46,25.0,22.4,1.4,88.0
2021-06-24,Shahdara APMC,146.34,2100.0,6,monsoon,nashik,38.6,28.4,0.0,58,27.4,21.3,3.6,86.0
2021-06-25,Shahdara APMC,297.7,2250.0,6,monsoon,nashik,39.9,28.5,2.6,58,27.0,21.5,2.1,85.0
2021-06-26,Shahdara APMC,120.9,2200.0,6,monsoon,nashik,38.1,26.9,0.0,57,27.7,21.8,5.2,86.0
2021-06-27,Shahdara APMC,191.0,2150.0,6,monsoon,nashik,38.8,28.9,0.0,53,28.2,21.8,1.5,81.0
2021-06-28,Shahdara APMC,187.7,2100.0,6,monsoon,nashik,40.1,28.9,0.0,49,27.3,22.6,3.1,83.0
2021-07-01,Shahdara APMC,234.7,2000.0,7,monsoon,nashik,42.1,31.9,0.0,33,26.8,22.1,9.5,88.0
2021-07-02,Shahdara APMC,316.0,2050.0,7,monsoon,nashik,41.6,31.6,0.1,42,27.3,22.2,0.7,83.0
2021-07-03,Shahdara APMC,327.4,2100.0,7,monsoon,nashik,39.3,29.4,0.1,50,26.5,22.3,3.5,86.0
2021-07-04,Shahdara APMC,336.4,2100.0,7,monsoon,nashik,40.3,28.8,0.0,49,26.5,22.3,7.5,92.0
2021-07-06,Shahdara APMC,239.0,2100.0,7,monsoon,nashik,40.3,29.9,0.1,44,29.0,22.6,0.8,83.0
2021-07-07,Shahdara APMC,146.95,2100.0,7,monsoon,nashik,41.8,31.4,0.0,40,29.0,23.0,0.1,79.0
2021-07-08,Shahdara APMC,242.9,2250.0,7,monsoon,nashik,40.3,32.1,0.0,39,28.8,22.5,0.1,78.0
2021-07-09,Shahdara APMC,283.15,2150.0,7,monsoon,nashik,38.3,28.4,0.2,57,29.3,22.4,1.2,79.0
2021-07-10,Shahdara APMC,488.55,2150.0,7,monsoon,nashik,38.1,30.1,1.2,57,30.2,22.4,1.8,77.0
2021-07-11,Shahdara APMC,284.6,1800.0,7,monsoon,nashik,36.7,29.1,1.6,64,30.6,22.1,0.3,74.0
2021-07-12,Shahdara APMC,374.3,1850.0,7,monsoon,nashik,33.8,28.0,3.9,70,31.0,21.9,0.7,73.0
2021-07-14,Shahdara APMC,256.7,1900.0,7,monsoon,nashik,32.3,27.4,11.2,83,30.2,23.0,1.1,79.0
2021-07-15,Shahdara APMC,267.6,1450.0,7,monsoon,nashik,34.3,27.4,3.0,79,28.5,22.9,2.6,81.0
2021-07-21,Shahdara APMC,21.0,1800.0,7,monsoon,nashik,32.6,25.9,7.6,85,27.3,22.3,18.6,90.0
2021-07-22,Shahdara APMC,484.1,1850.0,7,monsoon,nashik,30.2,25.9,4.7,88,28.4,22.6,6.4,88.0
2021-07-24,Shahdara APMC,541.8,1850.0,7,monsoon,nashik,34.0,27.3,0.6,81,26.0,23.0,50.9,92.0
2021-07-25,Shahdara APMC,186.4,1850.0,7,monsoon,nashik,34.3,27.9,0.1,78,26.3,22.6,21.2,89.0
2021-07-26,Shahdara APMC,312.1,2000.0,7,monsoon,nashik,30.7,28.0,5.4,85,26.6,22.6,8.5,88.0
2021-07-27,Shahdara APMC,262.9,1950.0,7,monsoon,nashik,31.2,27.0,13.6,87,26.4,22.5,12.5,90.0
2021-07-28,Shahdara APMC,197.0,2150.0,7,monsoon,nashik,29.0,26.2,18.9,89,24.9,23.2,5.4,91.0
2021-07-29,Shahdara APMC,228.7,2000.0,7,monsoon,nashik,29.7,25.7,7.3,88,23.6,22.1,12.0,93.0
2021-07-30,Shahdara APMC,276.8,2050.0,7,monsoon,nashik,30.5,25.8,11.8,87,26.0,21.8,3.0,90.0
2021-08-01,Shahdara APMC,346.0,2000.0,8,monsoon,nashik,32.3,26.8,0.6,83,25.6,22.5,8.5,88.0
2021-08-05,Shahdara APMC,364.8,1800.0,8,monsoon,nashik,32.9,26.0,0.3,80,25.6,22.0,5.8,87.0
2021-08-06,Shahdara APMC,476.3,1650.0,8,monsoon,nashik,33.2,26.5,2.8,81,26.3,22.4,3.3,84.0
2021-08-07,Shahdara APMC,418.4,1800.0,8,monsoon,nashik,32.2,27.6,8.0,87,25.9,22.3,1.1,84.0
2021-08-09,Shahdara APMC,299.62,1850.0,8,monsoon,nashik,31.0,26.7,1.4,87,26.1,22.2,3.3,86.0
2021-08-10,Shahdara APMC,239.5,1850.0,8,monsoon,nashik,34.6,26.6,0.8,78,26.6,22.4,3.1,87.0
2021-08-11,Shahdara APMC,88.7,1900.0,8,monsoon,nashik,35.2,27.5,0.0,67,27.6,22.1,1.3,82.0
2021-08-14,Shahdara APMC,254.6,1750.0,8,monsoon,nashik,35.3,26.7,0.0,66,28.5,21.9,2.4,85.0
2021-08-15,Shahdara APMC,19.2,1800.0,8,monsoon,nashik,35.2,26.4,0.0,65,28.7,21.7,1.1,85.0
2021-08-16,Shahdara APMC,337.82,1550.0,8,monsoon,nashik,35.6,26.6,0.0,66,27.4,21.4,1.3,84.0
2021-08-22,Shahdara APMC,352.5,1600.0,8,monsoon,nashik,31.1,25.0,8.1,89,27.7,21.8,3.1,86.0
2021-08-23,Shahdara APMC,88.0,1700.0,8,monsoon,nashik,31.8,26.2,5.9,87,24.2,21.4,10.5,92.0
2021-08-24,Shahdara APMC,468.8,2125.0,8,monsoon,nashik,31.9,27.0,2.5,86,23.8,21.4,47.7,95.0
2021-08-25,Shahdara APMC,131.5,2050.0,8,monsoon,nashik,34.4,27.7,0.0,71,23.8,21.1,33.0,94.0
2021-08-26,Shahdara APMC,192.6,2000.0,8,monsoon,nashik,34.0,26.9,0.0,69,22.7,21.2,30.1,95.0
2021-08-27,Shahdara APMC,206.1,1950.0,8,monsoon,nashik,34.2,25.4,0.0,68,25.4,21.4,7.1,92.0
2021-08-31,Shahdara APMC,359.0,1800.0,8,monsoon,nashik,31.0,24.9,3.9,87,27.5,21.1,1.9,84.0
2021-09-01,Shahdara APMC,466.9,1800.0,9,monsoon,nashik,29.8,24.5,11.5,90,26.7,21.3,1.6,86.0
2021-09-02,Shahdara APMC,177.9,1950.0,9,monsoon,nashik,31.9,24.8,0.4,86,27.1,21.2,1.4,85.0
2021-09-03,Shahdara APMC,417.95,1950.0,9,monsoon,nashik,31.1,25.3,8.2,88,28.3,20.6,0.2,82.0
2021-09-05,Shahdara APMC,139.55,1850.0,9,monsoon,nashik,31.6,25.8,5.7,86,24.9,21.8,6.0,90.0
2021-09-06,Shahdara APMC,292.8,1800.0,9,monsoon,nashik,32.2,26.6,2.6,84,23.9,21.6,39.9,95.0
2021-09-07,Shahdara APMC,140.2,1800.0,9,monsoon,nashik,30.6,26.2,7.1,88,26.4,21.8,1.4,89.0
2021-09-08,Shahdara APMC,197.9,1450.0,9,monsoon,nashik,30.6,26.1,1.6,81,26.8,22.0,1.1,87.0
2021-09-09,Shahdara APMC,201.79,1500.0,9,monsoon,nashik,31.0,25.2,3.9,84,27.4,21.8,1.5,87.0
2021-09-11,Shahdara APMC,152.3,1650.0,9,monsoon,nashik,28.8,24.2,15.3,90,25.9,22.0,5.1,91.0
2021-09-12,Shahdara APMC,167.6,1650.0,9,monsoon,nashik,29.0,24.8,8.1,90,27.2,21.6,9.1,90.0
2021-09-13,Shahdara APMC,263.6,1400.0,9,monsoon,nashik,31.6,25.7,7.2,87,26.1,22.2,14.9,93.0
2021-09-14,Shahdara APMC,149.6,1400.0,9,monsoon,nashik,31.2,25.9,1.3,84,25.4,21.9,25.8,93.0
2021-09-15,Shahdara APMC,149.6,1300.0,9,monsoon,nashik,32.2,25.4,0.0,79,26.3,22.2,6.5,88.0
2021-09-16,Shahdara APMC,170.85,1550.0,9,monsoon,nashik,32.8,25.4,3.4,78,26.2,22.3,4.4,88.0
2021-09-17,Shahdara APMC,210.2,1600.0,9,monsoon,nashik,29.6,23.5,1.0,78,26.8,22.3,6.1,90.0
2021-09-18,Shahdara APMC,355.7,1575.0,9,monsoon,nashik,31.1,24.3,0.0,81,26.8,22.0,7.5,92.0
2021-09-19,Shahdara APMC,362.5,1625.0,9,monsoon,nashik,31.9,25.3,0.2,81,23.8,22.2,79.9,95.0
2021-09-20,Shahdara APMC,388.5,1600.0,9,monsoon,nashik,32.4,25.0,0.5,81,26.3,22.6,9.4,87.0
2021-09-22,Shahdara APMC,100.45,1800.0,9,monsoon,nashik,29.7,24.6,17.5,89,25.6,21.7,0.1,86.0
2021-09-23,Shahdara APMC,101.15,1700.0,9,monsoon,nashik,29.8,24.6,8.8,88,25.7,21.6,1.6,86.0
2021-09-24,Shahdara APMC,174.0,2100.0,9,monsoon,nashik,30.9,24.7,2.5,84,26.9,21.3,0.7,85.0
2021-09-25,Shahdara APMC,232.9,1850.0,9,monsoon,nashik,30.8,24.7,1.9,85,26.9,21.4,2.5,88.0
2021-09-26,Shahdara APMC,358.1,1800.0,9,monsoon,nashik,30.7,24.4,1.4,85,28.1,22.0,3.9,89.0
2021-09-27,Shahdara APMC,201.05,2150.0,9,monsoon,nashik,32.1,24.7,0.2,81,26.6,22.2,7.6,91.0
2021-09-29,Shahdara APMC,78.9,2000.0,9,monsoon,nashik,31.6,25.3,0.2,80,26.9,21.6,10.5,91.0
2021-10-02,Shahdara APMC,185.15,2200.0,10,post_monsoon,nashik,33.3,25.5,0.2,78,26.4,20.9,3.9,87.0
2021-10-03,Shahdara APMC,318.1,2150.0,10,post_monsoon,nashik,34.0,25.6,0.0,75,26.9,21.3,17.4,90.0
2021-10-04,Shahdara APMC,191.4,2300.0,10,post_monsoon,nashik,33.3,25.6,0.0,70,24.7,21.0,75.1,94.0
2021-10-05,Shahdara APMC,259.35,2300.0,10,post_monsoon,nashik,32.5,24.8,2.3,76,25.1,21.5,20.0,91.0
2021-10-06,Shahdara APMC,155.1,2600.0,10,post_monsoon,nashik,32.7,25.6,0.0,75,27.6,20.3,4.0,89.0
2021-10-07,Shahdara APMC,55.0,2200.0,10,post_monsoon,nashik,32.9,23.1,0.0,69,29.2,21.2,2.5,87.0
2021-10-08,Shahdara APMC,124.35,2800.0,10,post_monsoon,nashik,34.0,23.0,0.0,66,27.1,21.2,1.4,90.0
2021-10-09,Shahdara APMC,124.35,3250.0,10,post_monsoon,nashik,34.9,22.7,0.0,61,29.6,20.5,1.0,86.0
2021-10-10,Shahdara APMC,96.85,3500.0,10,post_monsoon,nashik,35.8,22.4,0.0,60,30.0,20.8,0.3,83.0
2021-10-11,Shahdara APMC,77.45,2850.0,10,post_monsoon,nashik,35.6,22.8,0.0,57,29.8,21.7,1.5,87.0
2021-10-12,Shahdara APMC,212.0,3600.0,10,post_monsoon,nashik,35.4,23.3,0.0,54,29.0,21.6,6.3,88.0
2021-10-13,Shahdara APMC,234.27,3500.0,10,post_monsoon,nashik,33.7,21.6,0.0,52,30.1,21.9,0.7,84.0
2021-10-14,Shahdara APMC,349.5,3700.0,10,post_monsoon,nashik,32.7,19.6,0.0,53,28.9,22.3,5.8,90.0
2021-10-15,Shahdara APMC,384.75,3750.0,10,post_monsoon,nashik,33.8,19.4,0.0,51,27.6,21.9,17.4,92.0
2021-10-18,Shahdara APMC,186.3,4300.0,10,post_monsoon,nashik,23.8,21.1,27.7,92,28.6,20.3,0.5,82.0
2021-10-19,Shahdara APMC,91.3,4400.0,10,post_monsoon,nashik,28.9,19.4,0.0,81,29.1,20.5,0.2,79.0
2021-10-20,Shahdara APMC,188.75,3700.0,10,post_monsoon,nashik,31.0,19.8,0.0,72,30.2,19.9,0.0,70.0
2021-10-21,Shahdara APMC,172.09,3700.0,10,post_monsoon,nashik,29.9,17.9,0.0,65,29.9,18.6,0.0,70.0
2021-10-22,Shahdara APMC,342.15,2100.0,10,post_monsoon,nashik,30.5,19.4,0.0,64,29.5,17.2,0.0,66.0
2021-10-23,Shahdara APMC,250.0,2200.0,10,post_monsoon,nashik,29.8,18.9,0.0,67,30.3,20.3,0.0,70.0
2021-10-24,Shahdara APMC,314.1,2100.0,10,post_monsoon,nashik,27.7,19.3,0.2,72,29.2,20.0,0.0,72.0
2021-10-25,Shahdara APMC,127.8,1850.0,10,post_monsoon,nashik,27.5,17.8,0.0,79,28.7,18.2,0.0,73.0
2021-10-29,Shahdara APMC,140.14,1900.0,10,post_monsoon,nashik,28.7,14.6,0.0,63,29.7,15.3,0.0,66.0
2021-10-30,Shahdara APMC,288.22,1800.0,10,post_monsoon,nashik,29.1,15.2,0.0,57,28.8,16.2,0.0,74.0
2021-10-31,Shahdara APMC,381.15,1850.0,10,post_monsoon,nashik,29.6,15.8,0.0,53,28.4,17.0,0.0,74.0
2021-11-01,Shahdara APMC,330.6,2000.0,11,post_monsoon,nashik,29.6,16.7,0.0,53,28.7,16.7,0.0,66.0
2021-11-02,Shahdara APMC,146.5,1900.0,11,post_monsoon,nashik,28.4,16.5,0.0,63,28.8,16.6,0.0,60.0
2021-11-05,Shahdara APMC,59.55,2000.0,11,post_monsoon,nashik,27.8,15.2,0.0,60,27.7,14.2,0.0,53.0
2021-11-07,Shahdara APMC,213.8,1900.0,11,post_monsoon,nashik,28.8,15.4,0.0,59,29.3,16.6,0.0,62.0
2021-11-09,Shahdara APMC,163.55,2000.0,11,post_monsoon,nashik,28.5,14.9,0.0,59,29.0,16.8,0.0,63.0
2021-11-10,Shahdara APMC,223.18,2000.0,11,post_monsoon,nashik,29.2,14.0,0.0,60,29.0,17.2,0.0,62.0
2021-11-11,Shahdara APMC,354.1,2000.0,11,post_monsoon,nashik,28.7,14.0,0.0,60,29.2,19.0,0.3,69.0
2021-11-15,Shahdara APMC,272.46,2300.0,11,post_monsoon,nashik,26.1,11.6,0.0,55,28.0,14.6,0.0,55.0
2021-11-16,Shahdara APMC,197.55,1450.0,11,post_monsoon,nashik,25.5,11.1,0.0,58,27.9,14.3,0.0,52.0
2021-11-17,Shahdara APMC,158.7,1800.0,11,post_monsoon,nashik,24.8,10.6,0.0,66,27.6,14.6,0.0,49.0
2021-11-18,Shahdara APMC,239.2,1850.0,11,post_monsoon,nashik,24.7,12.5,0.0,68,27.7,14.9,0.0,53.0
2021-11-19,Shahdara APMC,99.35,1450.0,11,post_monsoon,nashik,25.0,12.0,0.0,63,29.8,16.0,0.0,64.0
2021-11-20,Shahdara APMC,99.35,1450.0,11,post_monsoon,nashik,25.5,15.0,0.0,59,30.0,18.5,0.0,71.0
2021-11-21,Shahdara APMC,218.7,1600.0,11,post_monsoon,nashik,26.2,13.3,0.0,58,30.1,20.1,0.0,71.0
2021-11-22,Shahdara APMC,62.21,1400.0,11,post_monsoon,nashik,26.6,12.4,0.0,52,30.7,19.8,0.0,67.0
2021-11-23,Shahdara APMC,199.63,1250.0,11,post_monsoon,nashik,26.0,11.8,0.0,56,29.8,21.4,12.5,75.0
2021-11-24,Shahdara APMC,180.0,1350.0,11,post_monsoon,nashik,26.3,11.0,0.0,59,29.2,20.1,2.0,86.0
2021-11-25,Shahdara APMC,183.1,1800.0,11,post_monsoon,nashik,25.4,11.9,0.0,68,28.4,19.9,0.4,82.0
2021-11-26,Shahdara APMC,181.0,1850.0,11,post_monsoon,nashik,25.4,12.0,0.0,69,29.1,20.4,0.7,80.0
2021-11-27,Shahdara APMC,229.15,1850.0,11,post_monsoon,nashik,25.5,13.2,0.0,71,28.4,21.2,1.1,83.0
2021-11-28,Shahdara APMC,217.95,1700.0,11,post_monsoon,nashik,25.2,13.6,0.0,74,28.5,20.7,2.4,88.0
2021-11-29,Shahdara APMC,117.5,1600.0,11,post_monsoon,nashik,25.1,11.5,0.0,65,29.2,19.7,0.6,81.0
2021-11-30,Shahdara APMC,174.54,1550.0,11,post_monsoon,nashik,25.1,12.2,0.0,66,29.6,20.2,0.0,77.0
2021-12-01,Shahdara APMC,178.09,1550.0,12,winter,nashik,21.9,13.4,0.0,74,29.6,18.9,0.0,72.0
2021-12-02,Shahdara APMC,208.79,1600.0,12,winter,nashik,19.8,13.9,3.3,81,29.0,17.5,0.0,70.0
2021-12-03,Shahdara APMC,277.76,1550.0,12,winter,nashik,22.4,12.9,0.0,79,28.4,15.8,0.0,66.0
2021-12-04,Shahdara APMC,230.11,1300.0,12,winter,nashik,23.9,11.9,0.0,74,27.2,16.1,0.0,57.0
2021-12-05,Shahdara APMC,170.1,1300.0,12,winter,nashik,24.5,13.4,0.2,74,26.9,14.9,0.0,59.0
2021-12-06,Shahdara APMC,85.8,1700.0,12,winter,nashik,23.2,14.0,2.0,80,27.2,17.2,0.3,63.0
2021-12-07,Shahdara APMC,145.84,1650.0,12,winter,nashik,22.9,12.5,0.0,75,20.5,16.1,41.0,84.0
2021-12-08,Shahdara APMC,137.33,1650.0,12,winter,nashik,22.1,10.8,0.0,72,20.9,15.5,38.4,89.0
2021-12-10,Shahdara APMC,223.18,1600.0,12,winter,nashik,22.2,9.7,0.0,71,25.7,18.2,0.7,87.0
2021-12-11,Shahdara APMC,354.1,1600.0,12,winter,nashik,21.8,9.1,0.0,69,26.0,17.4,0.0,82.0
2021-12-12,Shahdara APMC,225.93,1600.0,12,winter,nashik,20.9,8.4,0.0,67,25.5,16.1,0.4,81.0
2021-12-13,Shahdara APMC,186.69,1600.0,12,winter,nashik,19.2,8.4,0.0,69,25.9,15.6,0.0,81.0
2021-12-14,Shahdara APMC,110.75,2200.0,12,winter,nashik,20.6,8.5,0.0,73,25.8,15.3,0.0,78.0
2021-12-15,Shahdara APMC,67.25,2000.0,12,winter,nashik,20.6,9.1,0.0,69,25.5,16.8,0.0,77.0
2021-12-16,Shahdara APMC,213.45,2000.0,12,winter,nashik,17.8,9.9,0.0,73,26.1,16.2,0.0,78.0
2021-12-17,Shahdara APMC,258.15,2000.0,12,winter,nashik,18.0,7.7,0.0,61,26.2,15.0,0.0,78.0
2021-12-18,Shahdara APMC,250.8,1800.0,12,winter,nashik,17.9,6.2,0.0,67,26.6,15.5,0.0,74.0
2021-12-19,Shahdara APMC,302.45,1850.0,12,winter,nashik,17.6,5.8,0.0,66,26.2,15.3,0.0,69.0
2021-12-20,Shahdara APMC,246.54,1800.0,12,winter,nashik,18.0,5.4,0.0,71,25.8,15.3,0.0,72.0
2021-12-21,Shahdara APMC,151.15,1900.0,12,winter,nashik,19.4,5.2,0.0,73,26.2,14.6,0.0,77.0
2021-12-22,Shahdara APMC,184.77,2100.0,12,winter,nashik,20.0,5.8,0.0,69,25.9,15.5,0.0,77.0
2021-12-24,Shahdara APMC,329.52,2200.0,12,winter,nashik,21.5,9.1,0.0,76,25.1,13.8,0.0,73.0
2021-12-25,Shahdara APMC,165.55,2100.0,12,winter,nashik,21.0,9.3,0.0,73,24.6,13.4,0.0,78.0
2021-12-26,Shahdara APMC,155.15,2100.0,12,winter,nashik,18.2,11.0,4.6,81,25.1,12.3,0.0,74.0
2021-12-27,Shahdara APMC,152.47,2050.0,12,winter,nashik,19.6,11.2,2.3,73,25.9,11.3,0.0,71.0
2021-12-28,Shahdara APMC,87.4,2050.0,12,winter,nashik,19.3,11.0,0.8,79,27.0,11.4,0.0,70.0
2021-12-29,Shahdara APMC,248.5,2000.0,12,winter,nashik,19.1,8.5,0.0,76,27.9,13.7,0.0,63.0
2021-12-30,Shahdara APMC,241.72,2100.0,12,winter,nashik,17.7,5.4,0.0,69,27.8,12.7,0.0,64.0
2022-01-01,Shahdara APMC,299.6,2200.0,1,winter,nashik,18.1,5.2,0.0,78,27.1,13.5,0.0,72.0
2022-01-02,Shahdara APMC,335.15,2200.0,1,winter,nashik,18.8,6.3,0.0,79,26.7,13.0,0.0,72.0
2022-01-03,Shahdara APMC,242.11,1800.0,1,winter,nashik,20.1,7.0,0.0,77,27.6,13.1,0.0,67.0
2022-01-04,Shahdara APMC,117.8,1900.0,1,winter,nashik,21.9,8.0,0.0,74,23.5,12.3,0.0,74.0
2022-01-07,Shahdara APMC,241.3,2250.0,1,winter,nashik,19.8,12.4,1.3,86,26.4,14.1,0.0,75.0
2022-01-08,Shahdara APMC,91.65,2250.0,1,winter,nashik,17.2,14.0,31.1,90,25.9,15.0,0.2,78.0
2022-01-09,Shahdara APMC,120.7,2750.0,1,winter,nashik,16.9,10.4,2.1,90,26.5,15.5,0.0,72.0
2022-01-10,Shahdara APMC,202.5,2500.0,1,winter,nashik,16.8,7.9,0.0,84,27.0,15.2,0.0,69.0
2022-01-11,Shahdara APMC,119.89,2600.0,1,winter,nashik,17.3,7.2,0.0,81,27.2,14.5,0.0,70.0
2022-01-12,Shahdara APMC,209.1,2600.0,1,winter,nashik,17.2,7.6,0.0,82,26.6,15.3,0.0,76.0
2022-01-13,Shahdara APMC,482.85,2600.0,1,winter,nashik,17.4,7.1,0.0,78,27.0,14.4,0.0,77.0
2022-01-14,Shahdara APMC,590.3,2200.0,1,winter,nashik,16.5,6.5,0.0,83,23.6,14.0,1.8,81.0
2022-01-15,Shahdara APMC,405.1,2150.0,1,winter,nashik,16.7,5.6,0.0,88,23.1,12.6,1.0,67.0
2022-01-16,Shahdara APMC,126.7,2150.0,1,winter,nashik,15.6,5.7,0.0,88,22.7,8.8,0.0,66.0
2022-01-17,Shahdara APMC,256.61,2100.0,1,winter,nashik,14.0,4.1,0.0,87,23.6,12.5,0.0,72.0
2022-01-18,Shahdara APMC,132.83,2100.0,1,winter,nashik,16.0,5.2,0.0,89,23.0,11.4,0.0,73.0
2022-01-19,Shahdara APMC,236.7,2200.0,1,winter,nashik,17.5,6.3,0.5,90,22.9,11.4,0.1,74.0
2022-01-20,Shahdara APMC,72.45,2200.0,1,winter,nashik,18.0,9.1,0.0,87,23.7,12.3,0.2,75.0
2022-01-21,Shahdara APMC,216.15,2300.0,1,winter,nashik,18.4,7.6,0.0,86,24.1,12.9,0.0,74.0
2022-01-22,Shahdara APMC,184.5,2300.0,1,winter,nashik,16.1,11.9,22.2,84,25.7,12.5,0.0,72.0
2022-01-23,Shahdara APMC,190.85,2300.0,1,winter,nashik,16.4,8.8,5.0,86,26.3,13.6,0.0,74.0
2022-01-24,Shahdara APMC,213.1,1900.0,1,winter,nashik,16.3,6.8,0.5,84,26.6,13.8,0.0,72.0
2022-01-25,Shahdara APMC,178.95,2100.0,1,winter,nashik,16.5,6.2,0.0,82,26.8,13.1,0.0,65.0
2022-01-26,Shahdara APMC,115.6,2100.0,1,winter,nashik,16.8,6.0,0.0,83,27.6,14.0,0.0,53.0
2022-01-28,Shahdara APMC,83.13,1900.0,1,winter,nashik,17.9,7.0,0.0,74,24.2,15.4,0.7,79.0
2022-01-30,Shahdara APMC,382.0,1400.0,1,winter,nashik,20.2,8.6,0.0,75,21.0,8.0,0.0,57.0
2022-01-31,Shahdara APMC,394.3,1400.0,1,winter,nashik,20.8,8.1,0.0,81,22.3,7.1,0.0,55.0
2022-02-01,Shahdara APMC,183.4,2350.0,2,winter,nashik,20.7,8.6,0.0,87,23.6,8.4,0.0,59.0
2022-02-02,Shahdara APMC,315.84,2500.0,2,winter,nashik,20.4,8.5,0.0,80,24.3,10.3,0.0,55.0
2022-02-05,Shahdara APMC,240.95,2300.0,2,winter,nashik,16.6,6.0,0.0,85,28.0,9.8,0.0,53.0
2022-02-06,Shahdara APMC,408.8,2300.0,2,winter,nashik,20.5,7.1,0.0,77,28.5,11.8,0.0,50.0
2022-02-07,Shahdara APMC,314.9,2300.0,2,winter,nashik,22.4,8.8,0.0,78,28.5,11.6,0.0,54.0
2022-02-08,Shahdara APMC,114.27,2100.0,2,winter,nashik,22.2,10.8,0.5,82,30.1,13.4,0.0,51.0
2022-02-09,Shahdara APMC,185.75,1850.0,2,winter,nashik,18.5,10.9,3.1,84,27.1,13.1,0.0,56.0
2022-02-10,Shahdara APMC,196.9,1900.0,2,winter,nashik,20.2,8.5,0.0,77,25.6,13.8,0.0,68.0
2022-02-12,Shahdara APMC,127.2,1800.0,2,winter,nashik,21.2,9.1,0.0,70,29.2,12.1,0.0,49.0
2022-02-13,Shahdara APMC,257.7,1800.0,2,winter,nashik,22.3,8.4,0.0,71,29.0,13.0,0.0,55.0
2022-02-14,Shahdara APMC,163.15,2300.0,2,winter,nashik,23.1,9.6,0.0,71,28.4,13.0,0.0,65.0
2022-02-15,Shahdara APMC,191.35,2700.0,2,winter,nashik,23.3,11.1,0.0,68,26.3,12.1,0.0,64.0
2022-02-16,Shahdara APMC,249.4,2800.0,2,winter,nashik,23.6,10.5,0.0,72,27.4,13.2,0.0,50.0
2022-02-17,Shahdara APMC,254.55,2950.0,2,winter,nashik,24.1,10.1,0.0,66,27.7,13.7,0.0,48.0
2022-02-18,Shahdara APMC,223.8,2700.0,2,winter,nashik,25.0,10.2,0.0,64,28.6,12.8,0.0,47.0
2022-02-19,Shahdara APMC,193.85,2650.0,2,winter,nashik,24.2,10.5,0.0,64,29.3,13.0,0.0,46.0
2022-02-20,Shahdara APMC,207.8,2650.0,2,winter,nashik,24.0,12.2,0.0,60,28.8,14.2,0.0,46.0
2022-02-21,Shahdara APMC,3111.85,2600.0,2,winter,nashik,24.5,10.5,0.0,56,28.9,13.6,0.0,42.0
2022-02-22,Shahdara APMC,228.05,2750.0,2,winter,nashik,25.9,11.8,0.0,57,27.5,13.8,0.0,53.0
2022-02-23,Shahdara APMC,237.6,2500.0,2,winter,nashik,24.2,14.9,0.0,68,28.9,14.7,0.0,54.0
2022-02-24,Shahdara APMC,297.5,2450.0,2,winter,nashik,25.2,12.5,0.0,72,30.2,15.4,0.0,57.0
2022-02-26,Shahdara APMC,181.94,2500.0,2,winter,nashik,23.5,14.2,2.4,70,30.8,16.7,0.0,37.0
2022-02-27,Shahdara APMC,391.0,2800.0,2,winter,nashik,23.3,12.2,0.2,66,31.3,16.5,0.0,31.0
2022-02-28,Shahdara APMC,340.35,2800.0,2,winter,nashik,23.0,10.7,0.0,65,33.5,14.9,0.0,39.0
2022-03-01,Shahdara APMC,218.9,2700.0,3,summer,nashik,24.6,10.4,0.0,66,34.2,16.2,0.0,39.0
2022-03-02,Shahdara APMC,166.3,2050.0,3,summer,nashik,25.7,11.2,0.0,62,33.0,17.1,0.0,38.0
2022-03-03,Shahdara APMC,178.52,2050.0,3,summer,nashik,27.2,13.6,0.3,65,32.1,15.2,0.0,34.0
2022-03-04,Shahdara APMC,375.83,1800.0,3,summer,nashik,25.4,13.4,0.0,69,33.2,15.9,0.0,33.0
2022-03-05,Shahdara APMC,225.45,1800.0,3,summer,nashik,26.2,13.1,0.0,65,32.4,16.1,0.0,30.0
2022-03-06,Shahdara APMC,198.25,1800.0,3,summer,nashik,26.5,13.5,0.0,62,33.1,16.5,0.0,33.0
2022-03-07,Shahdara APMC,202.5,1900.0,3,summer,nashik,28.4,14.6,0.0,59,32.5,15.4,0.0,34.0
2022-03-08,Shahdara APMC,237.9,1900.0,3,summer,nashik,30.2,14.0,0.0,55,33.1,17.5,0.0,31.0
2022-03-09,Shahdara APMC,362.5,1700.0,3,summer,nashik,30.8,14.9,0.0,50,33.4,18.3,0.0,30.0
2022-03-10,Shahdara APMC,359.5,1700.0,3,summer,nashik,29.7,16.1,0.0,50,33.0,18.1,0.0,29.0
2022-03-12,Shahdara APMC,338.1,1700.0,3,summer,nashik,30.5,14.8,0.0,54,33.1,18.4,0.0,34.0
2022-03-13,Shahdara APMC,300.6,1600.0,3,summer,nashik,31.9,16.5,0.0,59,33.1,20.7,0.0,33.0
2022-03-14,Shahdara APMC,310.7,1600.0,3,summer,nashik,32.2,16.4,0.0,64,31.9,21.0,0.1,47.0
2022-03-16,Shahdara APMC,166.1,1600.0,3,summer,nashik,35.3,19.8,0.0,58,32.8,16.8,0.0,44.0
2022-03-17,Shahdara APMC,234.91,1700.0,3,summer,nashik,33.2,19.8,0.0,63,33.2,18.8,1.2,45.0
2022-03-18,Shahdara APMC,170.8,1900.0,3,summer,nashik,34.5,22.0,0.0,63,33.1,17.2,0.0,41.0
2022-03-19,Shahdara APMC,387.3,1500.0,3,summer,nashik,35.2,21.0,0.0,58,33.8,18.0,0.0,29.0
2022-03-20,Shahdara APMC,437.5,1500.0,3,summer,nashik,36.7,22.0,0.0,45,35.3,18.5,0.0,25.0
2022-03-21,Shahdara APMC,207.1,1400.0,3,summer,nashik,36.6,20.9,0.0,44,36.3,18.4,0.0,29.0
2022-03-22,Shahdara APMC,124.7,1450.0,3,summer,nashik,35.7,20.9,0.0,43,37.4,20.3,0.0,24.0
2022-03-23,Shahdara APMC,266.55,1450.0,3,summer,nashik,35.8,19.0,0.0,38,37.9,20.2,0.0,23.0
2022-03-24,Shahdara APMC,147.87,1450.0,3,summer,nashik,35.1,19.9,0.0,36,38.5,20.6,0.0,22.0
2022-03-25,Shahdara APMC,157.15,1200.0,3,summer,nashik,35.2,19.7,0.0,31,37.8,20.3,0.0,23.0
2022-03-28,Shahdara APMC,204.65,1200.0,3,summer,nashik,38.2,19.7,0.0,29,36.8,24.7,0.0,19.0
2022-03-29,Shahdara APMC,429.98,1200.0,3,summer,nashik,39.0,19.4,0.0,27,37.3,21.6,0.0,19.0
2022-03-30,Shahdara APMC,340.6,1200.0,3,summer,nashik,38.8,20.6,0.0,28,37.7,22.7,0.0,21.0
2022-03-31,Shahdara APMC,302.9,1300.0,3,summer,nashik,39.4,21.3,0.0,38,38.1,20.2,0.0,35.0
2022-04-01,Shahdara APMC,301.05,1250.0,4,summer,nashik,36.3,21.4,0.0,26,38.7,22.4,0.0,36.0
2022-04-02,Shahdara APMC,316.65,1300.0,4,summer,nashik,37.8,20.0,0.0,23,38.9,20.9,0.0,40.0
2022-04-03,Shahdara APMC,241.75,1100.0,4,summer,nashik,39.1,21.5,0.0,19,38.8,23.7,0.0,32.0
2022-04-04,Shahdara APMC,170.0,1100.0,4,summer,nashik,38.3,20.7,0.0,18,37.6,20.7,0.0,29.0
2022-04-05,Shahdara APMC,63.8,1500.0,4,summer,nashik,38.8,20.6,0.0,21,37.5,20.8,0.0,21.0
2022-04-06,Shahdara APMC,146.6,1400.0,4,summer,nashik,39.3,20.8,0.0,19,37.7,19.2,0.0,22.0
2022-04-09,Shahdara APMC,346.4,1400.0,4,summer,nashik,42.0,22.2,0.0,17,38.9,19.6,0.0,36.0
2022-04-10,Shahdara APMC,373.3,1400.0,4,summer,nashik,41.4,23.4,0.0,16,39.7,21.0,0.0,35.0
2022-04-11,Shahdara APMC,371.75,1300.0,4,summer,nashik,41.9,23.9,0.0,19,39.8,22.3,0.0,42.0
2022-04-12,Shahdara APMC,420.35,1250.0,4,summer,nashik,40.0,25.9,0.0,21,38.9,21.4,0.0,42.0
2022-04-14,Shahdara APMC,380.15,1250.0,4,summer,nashik,39.7,24.7,0.0,20,39.7,21.6,0.0,32.0
2022-04-15,Shahdara APMC,572.05,1250.0,4,summer,nashik,39.4,24.3,0.0,22,39.1,22.0,0.0,42.0
2022-04-17,Shahdara APMC,200.0,1200.0,4,summer,nashik,40.6,23.1,0.0,22,38.8,22.0,0.0,32.0
2022-04-18,Shahdara APMC,260.2,1200.0,4,summer,nashik,41.6,23.8,0.0,23,39.3,22.0,0.0,26.0
2022-04-19,Shahdara APMC,159.7,1150.0,4,summer,nashik,42.2,24.6,0.0,18,39.5,22.6,0.0,24.0
2022-04-20,Shahdara APMC,170.05,1200.0,4,summer,nashik,41.2,26.8,0.0,17,38.5,22.2,0.0,23.0
2022-04-21,Shahdara APMC,234.4,1200.0,4,summer,nashik,37.0,26.4,0.0,24,37.1,21.1,0.0,45.0
2022-04-22,Shahdara APMC,184.19,1100.0,4,summer,nashik,38.4,23.2,0.0,29,37.5,19.5,0.0,31.0
2022-04-24,Shahdara APMC,122.5,1100.0,4,summer,nashik,40.0,23.4,0.0,21,37.7,21.0,0.0,34.0
2022-04-25,Shahdara APMC,463.5,1050.0,4,summer,nashik,40.8,24.4,0.0,21,38.1,22.6,0.0,39.0
2022-04-26,Shahdara APMC,360.5,1100.0,4,summer,nashik,41.0,24.2,0.0,21,36.4,22.0,0.5,37.0
2022-04-27,Shahdara APMC,298.42,1100.0,4,summer,nashik,41.6,23.7,0.0,17,37.5,26.1,0.0,26.0
2022-04-28,Shahdara APMC,371.74,1200.0,4,summer,nashik,43.3,25.6,0.0,17,38.7,24.3,0.0,28.0
2022-04-29,Shahdara APMC,271.1,1200.0,4,summer,nashik,43.8,26.5,0.0,14,39.0,24.1,0.0,23.0
2022-04-30,Shahdara APMC,315.65,1250.0,4,summer,nashik,43.4,27.9,0.0,14,39.7,24.0,0.0,31.0
2022-05-01,Shahdara APMC,215.7,1250.0,5,summer,nashik,41.4,26.8,0.0,32,39.7,22.2,0.0,28.0
2022-05-02,Shahdara APMC,302.95,1300.0,5,summer,nashik,40.6,26.3,0.0,38,38.8,23.4,0.0,24.0
2022-05-03,Shahdara APMC,39.17,1200.0,5,summer,nashik,39.2,26.9,0.0,42,40.2,23.7,0.0,20.0
2022-05-04,Shahdara APMC,328.71,1300.0,5,summer,nashik,39.0,26.6,0.1,47,41.1,24.3,0.0,21.0
2022-05-05,Shahdara APMC,163.15,1300.0,5,summer,nashik,38.4,23.4,0.0,47,38.3,23.6,0.0,38.0
2022-05-07,Shahdara APMC,317.6,1200.0,5,summer,nashik,40.1,26.2,0.0,32,37.7,22.3,0.0,48.0
2022-05-08,Shahdara APMC,342.25,1250.0,5,summer,nashik,41.4,26.0,0.0,35,37.2,22.7,0.0,56.0
2022-05-09,Shahdara APMC,407.4,1300.0,5,summer,nashik,40.2,27.5,0.0,44,37.5,22.4,0.0,54.0
2022-05-10,Shahdara APMC,384.4,1200.0,5,summer,nashik,39.7,28.2,0.0,45,37.5,22.2,0.0,50.0
2022-05-11,Shahdara APMC,226.6,1200.0,5,summer,nashik,41.1,27.8,0.0,44,37.7,21.1,0.0,37.0
2022-05-12,Shahdara APMC,461.35,1150.0,5,summer,nashik,43.1,28.8,0.0,41,37.8,20.8,0.0,42.0
2022-05-15,Shahdara APMC,424.5,1100.0,5,summer,nashik,45.6,28.6,0.0,17,39.2,23.8,0.0,39.0
2022-05-16,Shahdara APMC,424.5,1100.0,5,summer,nashik,42.0,31.5,0.0,23,39.1,23.8,0.3,50.0
2022-05-17,Shahdara APMC,423.1,1200.0,5,summer,nashik,38.8,28.2,0.0,42,40.0,24.3,0.0,53.0
2022-05-18,Shahdara APMC,346.55,1100.0,5,summer,nashik,42.2,27.6,0.0,32,36.4,23.4,0.0,63.0
2022-05-19,Shahdara APMC,169.27,1100.0,5,summer,nashik,43.9,27.3,0.0,29,37.0,23.2,0.0,60.0
2022-05-20,Shahdara APMC,356.45,1050.0,5,summer,nashik,45.5,28.8,0.0,23,36.7,22.4,0.0,58.0
2022-05-22,Shahdara APMC,181.15,1050.0,5,summer,nashik,39.8,26.7,0.0,33,37.9,22.5,0.0,54.0
2022-05-23,Shahdara APMC,319.55,1200.0,5,summer,nashik,31.0,22.5,18.7,65,37.1,23.1,0.0,50.0
2022-05-24,Shahdara APMC,281.2,1200.0,5,summer,nashik,32.4,21.5,0.0,70,37.6,21.8,0.0,53.0
2022-05-25,Shahdara APMC,176.1,1200.0,5,summer,nashik,32.9,23.1,0.0,67,39.0,22.5,0.0,52.0
2022-05-26,Shahdara APMC,364.73,1150.0,5,summer,nashik,35.1,23.4,0.0,61,36.0,23.5,0.0,61.0
2022-05-27,Shahdara APMC,378.25,1150.0,5,summer,nashik,37.9,25.0,0.0,57,34.4,23.0,0.0,63.0
2022-05-28,Shahdara APMC,245.25,1200.0,5,summer,nashik,39.7,26.3,0.0,54,33.5,23.2,0.0,66.0
2022-05-31,Shahdara APMC,247.95,1100.0,5,summer,nashik,40.1,25.6,0.0,43,34.9,22.6,0.0,63.0
2022-06-01,Shahdara APMC,231.25,1000.0,6,monsoon,nashik,41.1,25.4,0.0,35,34.5,23.1,0.0,64.0
2022-06-05,Shahdara APMC,375.8,1300.0,6,monsoon,nashik,43.4,28.4,0.0,20,33.7,22.7,0.0,66.0
2022-06-06,Shahdara APMC,281.55,1300.0,6,monsoon,nashik,42.9,27.5,0.0,18,34.8,22.8,0.1,65.0
2022-06-07,Shahdara APMC,186.1,1150.0,6,monsoon,nashik,43.9,29.2,0.0,22,35.5,22.9,0.3,64.0
2022-06-08,Shahdara APMC,274.25,1200.0,6,monsoon,nashik,43.2,31.7,0.0,20,34.3,22.8,0.0,61.0
2022-06-11,Shahdara APMC,166.7,1200.0,6,monsoon,nashik,43.5,30.9,0.0,22,37.0,22.5,0.1,59.0
2022-06-12,Shahdara APMC,314.4,1200.0,6,monsoon,nashik,43.1,29.4,0.0,24,35.8,23.7,1.4,61.0
2022-06-13,Shahdara APMC,500.4,1150.0,6,monsoon,nashik,43.4,31.5,0.0,26,34.3,22.5,1.8,62.0
2022-06-14,Shahdara APMC,500.4,1300.0,6,monsoon,nashik,39.0,31.1,0.0,39,35.4,23.5,3.6,66.0
2022-06-15,Shahdara APMC,410.55,1300.0,6,monsoon,nashik,42.4,29.6,0.0,39,36.2,24.4,6.1,68.0
2022-06-16,Shahdara APMC,510.9,1300.0,6,monsoon,nashik,37.6,31.0,1.9,45,32.8,23.8,4.3,75.0
2022-06-17,Shahdara APMC,251.4,1300.0,6,monsoon,nashik,36.4,24.2,6.4,65,32.1,22.7,12.7,83.0
2022-06-18,Shahdara APMC,338.0,1250.0,6,monsoon,nashik,33.7,24.5,4.0,67,30.3,22.1,2.1,80.0
2022-06-19,Shahdara APMC,184.0,1250.0,6,monsoon,nashik,32.5,24.0,6.9,79,31.6,22.4,2.5,75.0
2022-06-20,Shahdara APMC,309.1,1300.0,6,monsoon,nashik,32.5,23.2,0.0,75,32.1,22.5,2.0,72.0
2022-06-21,Shahdara APMC,251.9,1250.0,6,monsoon,nashik,32.3,24.4,10.6,76,31.5,22.8,1.2,76.0
2022-06-22,Shahdara APMC,213.0,1250.0,6,monsoon,nashik,34.7,24.1,8.1,68,32.1,23.2,1.1,75.0
2022-06-23,Shahdara APMC,345.8,1250.0,6,monsoon,nashik,37.1,25.9,0.0,55,31.4,23.0,2.8,76.0
2022-06-24,Shahdara APMC,266.2,1300.0,6,monsoon,nashik,38.2,23.6,0.0,46,31.4,23.0,1.1,73.0
2022-06-25,Shahdara APMC,75.4,1250.0,6,monsoon,nashik,39.3,24.8,0.0,38,29.4,23.1,2.6,81.0
2022-06-26,Shahdara APMC,263.2,1300.0,6,monsoon,nashik,40.0,29.0,0.0,49,28.5,22.6,3.4,84.0
2022-06-27,Shahdara APMC,464.4,1300.0,6,monsoon,nashik,39.3,30.7,0.1,52,29.2,21.9,3.9,84.0
2022-06-28,Shahdara APMC,190.75,1300.0,6,monsoon,nashik,41.1,27.9,3.2,56,31.7,22.0,19.7,83.0
2022-07-02,Shahdara APMC,390.0,1200.0,7,monsoon,nashik,34.7,26.3,2.4,77,29.5,21.4,1.6,85.0
2022-07-04,Shahdara APMC,324.1,1450.0,7,monsoon,nashik,34.9,26.1,19.4,78,28.0,22.2,4.7,87.0
2022-07-05,Shahdara APMC,347.5,1250.0,7,monsoon,nashik,36.2,27.3,0.2,74,28.3,22.4,8.0,86.0
2022-07-06,Shahdara APMC,346.9,1250.0,7,monsoon,nashik,35.7,28.6,1.3,78,28.3,22.5,3.7,87.0
2022-07-07,Shahdara APMC,193.6,1250.0,7,monsoon,nashik,35.1,27.4,0.2,73,26.2,21.8,3.5,89.0
2022-07-08,Shahdara APMC,287.2,1250.0,7,monsoon,nashik,36.6,28.6,0.3,67,25.5,22.1,3.8,91.0
2022-07-09,Shahdara APMC,145.75,1250.0,7,monsoon,nashik,33.6,28.2,1.3,73,27.5,22.0,3.1,87.0
2022-07-10,Shahdara APMC,151.3,1250.0,7,monsoon,nashik,32.8,27.0,4.6,79,25.9,21.9,3.5,90.0
2022-07-11,Shahdara APMC,345.25,1150.0,7,monsoon,nashik,34.6,27.2,0.1,75,24.8,22.2,6.2,92.0
2022-07-12,Shahdara APMC,127.8,1250.0,7,monsoon,nashik,34.6,28.3,0.8,75,26.5,21.6,2.2,89.0
2022-07-13,Shahdara APMC,167.1,1350.0,7,monsoon,nashik,35.1,27.8,2.9,78,26.2,22.2,2.9,89.0
2022-07-14,Shahdara APMC,359.53,1250.0,7,monsoon,nashik,34.2,27.7,13.9,80,24.5,21.7,11.3,93.0
2022-07-15,Shahdara APMC,451.0,1250.0,7,monsoon,nashik,35.6,28.6,4.3,72,25.2,21.0,16.3,91.0
2022-07-16,Shahdara APMC,266.5,1300.0,7,monsoon,nashik,32.8,27.5,14.0,79,24.6,21.2,23.1,91.0
2022-07-17,Shahdara APMC,303.15,1300.0,7,monsoon,nashik,33.7,26.1,10.6,83,23.1,21.2,38.9,94.0
2022-07-18,Shahdara APMC,377.31,1300.0,7,monsoon,nashik,35.3,26.3,4.9,78,23.5,21.2,42.9,93.0
2022-07-19,Shahdara APMC,326.45,1250.0,7,monsoon,nashik,35.1,26.8,1.6,78,23.6,21.4,58.3,93.0
2022-07-20,Shahdara APMC,487.8,1350.0,7,monsoon,nashik,33.1,26.5,28.7,84,24.0,21.9,46.4,93.0
2022-07-21,Shahdara APMC,601.5,1300.0,7,monsoon,nashik,30.5,24.7,16.2,84,24.9,22.2,9.7,92.0
2022-07-22,Shahdara APMC,351.1,1300.0,7,monsoon,nashik,31.3,25.1,3.0,86,26.5,22.2,8.5,90.0
2022-07-23,Shahdara APMC,362.05,950.0,7,monsoon,nashik,30.4,25.1,14.3,86,27.2,22.6,2.4,87.0
2022-07-24,Shahdara APMC,282.78,950.0,7,monsoon,nashik,33.1,25.7,6.7,81,23.6,21.5,15.5,93.0
2022-07-25,Shahdara APMC,241.3,1000.0,7,monsoon,nashik,32.7,25.7,8.3,80,25.1,21.8,7.1,91.0
2022-07-26,Shahdara APMC,174.6,1150.0,7,monsoon,nashik,31.5,25.4,2.0,81,26.9,21.7,3.0,88.0
2022-07-27,Shahdara APMC,287.75,1150.0,7,monsoon,nashik,32.1,25.4,7.0,82,27.1,21.8,2.3,86.0
2022-07-28,Shahdara APMC,132.6,1250.0,7,monsoon,nashik,31.4,25.2,20.5,85,27.6,21.8,1.3,84.0
2022-07-29,Shahdara APMC,108.35,1200.0,7,monsoon,nashik,30.1,25.0,8.8,87,25.6,22.0,6.5,88.0
2022-07-30,Shahdara APMC,79.25,1350.0,7,monsoon,nashik,31.4,25.5,4.1,85,23.8,21.9,19.2,92.0
2022-07-31,Shahdara APMC,245.6,1350.0,7,monsoon,nashik,32.7,25.7,1.0,81,25.5,21.5,2.8,91.0
2022-08-01,Shahdara APMC,199.75,1350.0,8,monsoon,nashik,31.3,25.4,8.8,84,27.2,21.7,4.1,86.0
2022-08-02,Shahdara APMC,295.65,1350.0,8,monsoon,nashik,33.5,25.8,0.3,79,27.7,21.1,7.7,89.0
2022-08-03,Shahdara APMC,342.32,1250.0,8,monsoon,nashik,33.0,26.5,0.4,81,29.3,21.2,2.9,84.0
2022-08-04,Shahdara APMC,356.86,1250.0,8,monsoon,nashik,31.5,26.6,0.9,86,29.4,21.8,2.6,85.0
2022-08-05,Shahdara APMC,395.5,1450.0,8,monsoon,nashik,30.7,24.8,7.2,86,28.9,21.4,1.4,84.0
2022-08-06,Shahdara APMC,349.35,1300.0,8,monsoon,nashik,32.7,25.5,2.3,83,28.4,21.2,1.4,82.0
2022-08-07,Shahdara APMC,380.65,1350.0,8,monsoon,nashik,30.7,25.2,21.5,86,28.2,21.6,1.2,84.0
2022-08-09,Shahdara APMC,195.5,1150.0,8,monsoon,nashik,33.8,27.4,0.2,78,29.7,22.1,6.4,85.0
2022-08-10,Shahdara APMC,431.75,1350.0,8,monsoon,nashik,34.5,27.5,0.4,74,29.1,22.0,18.6,88.0
2022-08-11,Shahdara APMC,179.4,1250.0,8,monsoon,nashik,28.7,26.4,4.3,83,27.4,22.2,39.9,91.0
2022-08-13,Shahdara APMC,192.9,1300.0,8,monsoon,nashik,33.5,26.3,0.4,76,28.6,22.1,25.2,88.0
2022-08-14,Shahdara APMC,87.34,1250.0,8,monsoon,nashik,32.9,26.1,9.9,85,27.2,22.2,12.8,89.0
2022-08-16,Shahdara APMC,243.25,1050.0,8,monsoon,nashik,30.7,25.7,8.7,80,25.5,22.3,9.1,91.0
2022-08-17,Shahdara APMC,195.36,1050.0,8,monsoon,nashik,31.9,25.2,0.2,78,25.8,22.2,8.1,90.0
2022-08-18,Shahdara APMC,141.76,1200.0,8,monsoon,nashik,33.5,25.5,0.5,75,25.2,21.8,8.4,91.0
2022-08-19,Shahdara APMC,385.9,1200.0,8,monsoon,nashik,34.1,26.5,0.5,73,26.0,21.3,10.3,90.0
2022-08-21,Shahdara APMC,557.25,1250.0,8,monsoon,nashik,33.6,25.6,0.4,76,24.5,21.5,8.5,92.0
2022-08-22,Shahdara APMC,411.2,1300.0,8,monsoon,nashik,33.1,25.9,6.2,77,23.9,21.6,16.8,93.0
2022-08-23,Shahdara APMC,380.0,1400.0,8,monsoon,nashik,33.8,26.2,1.8,70,25.0,21.6,6.3,91.0
2022-08-24,Shahdara APMC,235.25,1400.0,8,monsoon,nashik,32.7,25.9,1.2,76,26.5,21.5,4.8,90.0
2022-08-25,Shahdara APMC,489.45,1500.0,8,monsoon,nashik,34.1,25.3,0.6,73,26.8,21.5,2.3,88.0
2022-08-26,Shahdara APMC,548.56,1500.0,8,monsoon,nashik,35.3,26.6,0.6,64,26.9,21.8,1.7,86.0
2022-08-27,Shahdara APMC,351.35,1150.0,8,monsoon,nashik,35.6,27.6,1.6,60,26.7,21.7,2.1,87.0
2022-08-28,Shahdara APMC,398.0,1200.0,8,monsoon,nashik,36.3,27.6,0.1,54,24.2,21.9,2.9,91.0
2022-08-29,Shahdara APMC,654.9,1250.0,8,monsoon,nashik,35.4,27.7,1.5,59,25.1,22.0,2.7,89.0
2022-08-30,Shahdara APMC,282.95,1100.0,8,monsoon,nashik,37.3,26.6,0.0,66,26.0,21.6,3.2,89.0
2022-08-31,Shahdara APMC,389.75,1100.0,8,monsoon,nashik,37.2,28.0,0.4,61,27.1,21.6,3.1,87.0
2022-09-01,Shahdara APMC,269.5,1350.0,9,monsoon,nashik,37.7,28.0,0.1,59,27.5,21.1,2.8,84.0
2022-09-04,Shahdara APMC,397.4,1350.0,9,monsoon,nashik,37.7,27.9,0.0,49,29.7,19.8,0.1,80.0
2022-09-05,Shahdara APMC,220.65,1300.0,9,monsoon,nashik,37.1,27.3,0.0,51,29.9,20.8,10.6,84.0
2022-09-06,Shahdara APMC,250.26,1300.0,9,monsoon,nashik,37.9,27.7,0.4,51,29.8,22.0,5.3,87.0
2022-09-07,Shahdara APMC,222.9,1300.0,9,monsoon,nashik,37.6,27.9,0.0,52,29.2,21.9,14.6,89.0
2022-09-09,Shahdara APMC,370.3,1350.0,9,monsoon,nashik,35.3,27.9,0.2,61,30.2,21.5,3.2,87.0
2022-09-10,Shahdara APMC,258.1,1250.0,9,monsoon,nashik,34.5,25.2,0.6,68,27.8,22.9,9.6,89.0
2022-09-11,Shahdara APMC,524.5,1350.0,9,monsoon,nashik,33.4,24.1,2.8,70,27.5,21.8,1.9,87.0
2022-09-12,Shahdara APMC,239.25,1300.0,9,monsoon,nashik,34.8,26.8,0.2,66,28.3,21.8,1.5,87.0
2022-09-13,Shahdara APMC,80.7,1250.0,9,monsoon,nashik,34.7,25.0,4.1,67,29.4,21.2,9.7,88.0
2022-09-14,Shahdara APMC,302.77,1200.0,9,monsoon,nashik,30.2,25.2,5.4,76,28.5,21.9,15.8,90.0
2022-09-15,Shahdara APMC,257.4,1250.0,9,monsoon,nashik,30.7,24.6,13.6,85,29.3,21.9,8.4,89.0
2022-09-19,Shahdara APMC,304.8,1250.0,9,monsoon,nashik,33.3,25.0,0.0,77,26.2,21.9,10.9,93.0
2022-09-20,Shahdara APMC,500.5,1100.0,9,monsoon,nashik,31.8,24.3,7.8,84,25.1,22.1,3.1,91.0
2022-09-21,Shahdara APMC,343.2,1050.0,9,monsoon,nashik,31.7,25.0,3.6,84,25.4,21.9,8.3,92.0
2022-09-22,Shahdara APMC,124.45,1100.0,9,monsoon,nashik,27.5,24.0,35.3,90,23.4,21.6,56.6,94.0
2022-09-23,Shahdara APMC,318.65,1100.0,9,monsoon,nashik,28.5,23.8,52.0,92,25.3,21.0,8.0,91.0
2022-09-24,Shahdara APMC,204.1,1200.0,9,monsoon,nashik,27.6,23.4,35.7,92,24.9,20.7,29.1,92.0
2022-09-25,Shahdara APMC,195.31,1100.0,9,monsoon,nashik,30.7,23.6,0.6,84,25.4,21.0,14.0,90.0
2022-09-28,Shahdara APMC,101.12,1050.0,9,monsoon,nashik,32.1,23.3,0.0,77,26.2,20.4,1.9,86.0
2022-09-29,Shahdara APMC,190.4,1050.0,9,monsoon,nashik,31.8,23.0,0.0,78,26.5,20.3,0.9,84.0
2022-09-30,Shahdara APMC,149.65,1100.0,9,monsoon,nashik,31.9,23.1,0.0,77,27.8,20.5,2.0,86.0
2022-10-01,Shahdara APMC,266.35,1050.0,10,post_monsoon,nashik,32.7,23.4,0.0,73,27.9,20.3,0.8,84.0
2022-10-02,Shahdara APMC,74.0,1100.0,10,post_monsoon,nashik,33.2,22.9,0.0,70,26.0,20.0,1.5,89.0
2022-10-03,Shahdara APMC,222.75,1350.0,10,post_monsoon,nashik,33.3,22.8,0.0,65,27.9,20.2,3.7,87.0
2022-10-04,Shahdara APMC,279.73,1350.0,10,post_monsoon,nashik,32.7,22.6,0.0,70,27.9,19.7,11.4,90.0
2022-10-05,Shahdara APMC,161.95,1400.0,10,post_monsoon,nashik,31.7,22.8,0.1,78,28.4,20.1,2.3,88.0
2022-10-06,Shahdara APMC,260.05,1400.0,10,post_monsoon,nashik,30.8,23.1,0.0,76,29.1,19.9,1.4,86.0
2022-10-09,Shahdara APMC,359.5,1550.0,10,post_monsoon,nashik,25.1,21.1,36.8,91,28.1,20.1,0.1,82.0
2022-10-10,Shahdara APMC,434.9,1600.0,10,post_monsoon,nashik,27.5,21.3,1.1,88,28.4,20.7,0.3,83.0
2022-10-11,Shahdara APMC,373.85,1800.0,10,post_monsoon,nashik,26.8,20.9,2.4,88,28.3,21.0,0.4,80.0
2022-10-12,Shahdara APMC,411.25,1800.0,10,post_monsoon,nashik,28.4,20.2,0.0,84,28.6,21.5,8.9,80.0
2022-10-13,Shahdara APMC,274.52,2000.0,10,post_monsoon,nashik,29.2,19.4,0.0,75,24.0,21.1,14.0,94.0
2022-10-14,Shahdara APMC,440.7,1900.0,10,post_monsoon,nashik,29.5,18.8,0.0,71,25.1,21.0,5.1,91.0
2022-10-16,Shahdara APMC,555.91,1950.0,10,post_monsoon,nashik,30.0,18.8,0.0,70,28.9,20.2,9.6,88.0
2022-10-17,Shahdara APMC,218.4,1900.0,10,post_monsoon,nashik,30.4,18.4,0.0,66,28.5,20.9,5.6,89.0
2022-10-18,Shahdara APMC,219.59,1750.0,10,post_monsoon,nashik,30.6,18.0,0.0,64,27.7,20.3,2.6,88.0
2022-10-21,Shahdara APMC,349.9,2000.0,10,post_monsoon,nashik,30.0,17.6,0.0,65,27.7,19.0,0.0,68.0
2022-10-23,Shahdara APMC,50.5,1900.0,10,post_monsoon,nashik,28.7,16.1,0.0,65,28.4,21.4,17.3,86.0
2022-10-24,Shahdara APMC,164.1,2000.0,10,post_monsoon,nashik,29.7,16.4,0.0,64,27.3,20.7,4.9,89.0
2022-10-26,Shahdara APMC,204.6,1900.0,10,post_monsoon,nashik,29.8,16.0,0.0,65,27.4,19.8,0.5,88.0
2022-10-27,Shahdara APMC,125.2,1800.0,10,post_monsoon,nashik,30.1,17.7,0.0,64,27.5,20.1,4.2,88.0
2022-10-28,Shahdara APMC,62.35,2100.0,10,post_monsoon,nashik,29.9,17.1,0.0,67,27.5,18.5,0.0,75.0
2022-10-29,Shahdara APMC,91.53,2150.0,10,post_monsoon,nashik,29.4,17.1,0.0,64,27.2,15.5,0.0,65.0
2022-10-30,Shahdara APMC,191.7,2150.0,10,post_monsoon,nashik,29.7,16.4,0.0,65,28.0,15.5,0.0,62.0
2022-10-31,Shahdara APMC,262.55,2200.0,10,post_monsoon,nashik,29.4,16.0,0.0,66,28.1,15.4,0.0,61.0
2022-11-01,Shahdara APMC,300.0,2250.0,11,post_monsoon,nashik,30.3,18.1,0.0,68,27.7,14.8,0.0,60.0
2022-11-02,Shahdara APMC,271.9,2250.0,11,post_monsoon,nashik,29.2,17.6,0.0,73,27.5,16.1,0.0,62.0
2022-11-03,Shahdara APMC,281.9,1950.0,11,post_monsoon,nashik,30.6,17.8,0.0,69,27.2,15.9,0.0,63.0
2022-11-04,Shahdara APMC,353.55,1700.0,11,post_monsoon,nashik,30.5,20.2,0.0,67,27.7,16.0,0.0,62.0
2022-11-05,Shahdara APMC,277.1,1650.0,11,post_monsoon,nashik,29.9,19.4,0.0,78,27.6,14.9,0.0,60.0
2022-11-06,Shahdara APMC,386.15,1650.0,11,post_monsoon,nashik,29.3,18.9,0.0,79,27.5,16.5,0.0,54.0
2022-11-07,Shahdara APMC,549.35,2000.0,11,post_monsoon,nashik,30.4,18.6,0.0,74,27.0,13.8,0.0,62.0
2022-11-08,Shahdara APMC,456.8,2000.0,11,post_monsoon,nashik,28.7,17.8,7.9,76,28.5,14.0,0.0,59.0
2022-11-10,Shahdara APMC,215.35,2000.0,11,post_monsoon,nashik,25.8,18.1,0.0,76,28.9,15.0,0.0,55.0
2022-11-12,Shahdara APMC,198.1,1600.0,11,post_monsoon,nashik,26.3,15.0,0.0,64,29.7,15.2,0.0,54.0
2022-11-13,Shahdara APMC,300.75,1600.0,11,post_monsoon,nashik,26.6,14.1,0.0,65,29.7,17.1,0.0,48.0
2022-11-14,Shahdara APMC,230.6,1450.0,11,post_monsoon,nashik,27.7,15.4,0.0,65,29.9,16.0,0.0,51.0
2022-11-15,Shahdara APMC,313.45,1600.0,11,post_monsoon,nashik,26.5,15.6,0.0,68,29.4,15.7,0.0,55.0
2022-11-16,Shahdara APMC,300.17,1600.0,11,post_monsoon,nashik,25.2,15.3,0.0,64,28.2,14.8,0.0,55.0
2022-11-17,Shahdara APMC,320.35,1600.0,11,post_monsoon,nashik,24.4,13.1,0.0,65,28.6,14.5,0.0,57.0
2022-11-18,Shahdara APMC,362.15,1550.0,11,post_monsoon,nashik,24.3,11.4,0.0,63,28.3,15.3,0.0,61.0
2022-11-19,Shahdara APMC,339.35,1400.0,11,post_monsoon,nashik,24.2,12.3,0.0,61,28.4,16.1,0.0,62.0
2022-11-20,Shahdara APMC,227.1,1400.0,11,post_monsoon,nashik,25.3,11.3,0.0,66,29.0,15.6,0.0,65.0
2022-11-21,Shahdara APMC,235.55,1300.0,11,post_monsoon,nashik,25.7,11.8,0.0,63,29.3,16.3,0.0,63.0
2022-11-22,Shahdara APMC,240.5,1350.0,11,post_monsoon,nashik,25.3,11.8,0.0,60,28.4,15.4,0.0,63.0
2022-11-24,Shahdara APMC,246.1,1450.0,11,post_monsoon,nashik,25.2,11.1,0.0,59,26.7,13.3,0.0,48.0
2022-11-28,Shahdara APMC,278.5,1100.0,11,post_monsoon,nashik,24.2,9.9,0.0,65,27.4,10.9,0.0,60.0
2022-11-29,Shahdara APMC,237.75,1200.0,11,post_monsoon,nashik,24.0,9.8,0.0,70,28.3,13.8,0.0,58.0
2022-11-30,Shahdara APMC,245.45,1450.0,11,post_monsoon,nashik,24.0,10.9,0.0,74,28.4,13.2,0.0,59.0
2022-12-01,Shahdara APMC,281.93,1300.0,12,winter,nashik,23.7,10.5,0.0,75,29.5,15.3,0.0,59.0
2022-12-02,Shahdara APMC,351.9,1300.0,12,winter,nashik,23.4,10.1,0.0,74,30.0,16.5,0.0,60.0
2022-12-06,Shahdara APMC,199.25,1200.0,12,winter,nashik,22.9,10.7,0.0,71,28.9,16.0,0.0,59.0
2022-12-07,Shahdara APMC,177.1,1200.0,12,winter,nashik,23.2,11.2,0.0,70,28.4,15.2,0.0,54.0
2022-12-08,Shahdara APMC,460.7,1150.0,12,winter,nashik,22.8,10.4,0.0,76,29.0,14.2,0.0,55.0
2022-12-10,Shahdara APMC,262.75,1250.0,12,winter,nashik,25.1,10.7,0.0,73,29.0,18.0,0.0,66.0
2022-12-11,Shahdara APMC,322.55,1200.0,12,winter,nashik,25.2,10.9,0.0,72,29.6,18.8,0.2,71.0
2022-12-12,Shahdara APMC,77.6,1150.0,12,winter,nashik,24.7,10.8,0.0,66,30.4,18.9,0.0,64.0
2022-12-13,Shahdara APMC,295.52,1200.0,12,winter,nashik,24.5,10.6,0.0,58,28.9,16.9,0.0,66.0
2022-12-14,Shahdara APMC,305.4,1250.0,12,winter,nashik,22.2,10.6,0.0,60,27.2,15.7,0.0,63.0
2022-12-15,Shahdara APMC,288.36,1350.0,12,winter,nashik,21.7,8.2,0.0,63,26.4,12.5,0.0,49.0
2022-12-16,Shahdara APMC,217.45,1450.0,12,winter,nashik,21.1,8.0,0.0,71,27.2,11.5,0.0,52.0
2022-12-17,Shahdara APMC,257.25,1550.0,12,winter,nashik,21.6,7.7,0.0,73,28.7,14.2,0.0,62.0
2022-12-18,Shahdara APMC,153.2,1550.0,12,winter,nashik,21.3,7.5,0.0,79,28.7,19.1,0.3,75.0
2022-12-19,Shahdara APMC,117.2,1550.0,12,winter,nashik,21.3,8.0,0.0,82,29.1,19.2,0.3,75.0
2022-12-21,Shahdara APMC,137.05,1350.0,12,winter,nashik,20.4,7.8,0.0,80,28.8,18.9,0.4,82.0
2022-12-22,Shahdara APMC,217.61,2000.0,12,winter,nashik,20.4,7.7,0.0,82,29.0,18.2,0.0,75.0
2022-12-23,Shahdara APMC,192.6,2050.0,12,winter,nashik,18.8,7.1,0.0,85,29.0,18.1,0.0,73.0
2022-12-24,Shahdara APMC,253.76,1950.0,12,winter,nashik,18.9,8.4,0.0,77,28.8,18.1,0.0,67.0
2022-12-25,Shahdara APMC,291.25,1900.0,12,winter,nashik,17.1,5.5,0.0,84,27.7,16.2,0.0,63.0
2022-12-26,Shahdara APMC,303.1,1950.0,12,winter,nashik,18.4,6.0,0.0,85,28.8,15.1,0.0,58.0
2022-12-27,Shahdara APMC,156.4,1900.0,12,winter,nashik,18.7,6.4,0.0,81,29.4,14.8,0.0,62.0
2022-12-28,Shahdara APMC,192.6,1700.0,12,winter,nashik,19.5,7.7,0.0,75,29.8,14.5,0.0,62.0
2022-12-29,Shahdara APMC,245.0,1850.0,12,winter,nashik,20.3,8.7,0.0,77,29.5,16.2,0.0,59.0
2022-12-31,Shahdara APMC,401.52,1700.0,12,winter,nashik,18.9,9.2,0.0,84,28.7,11.9,0.0,54.0
2023-01-01,Shahdara APMC,246.17,1800.0,1,winter,nashik,18.1,7.3,0.0,80,29.4,12.9,0.0,51.0
2023-01-02,Shahdara APMC,202.46,1700.0,1,winter,nashik,17.8,6.4,0.0,80,29.9,13.5,0.0,63.0
2023-01-03,Shahdara APMC,241.3,1800.0,1,winter,nashik,16.5,5.6,0.0,88,29.8,14.6,0.0,59.0
2023-01-04,Shahdara APMC,200.7,1650.0,1,winter,nashik,16.5,5.0,0.0,89,30.3,14.5,0.0,61.0
2023-01-05,Shahdara APMC,202.65,1650.0,1,winter,nashik,15.4,5.1,0.0,90,30.2,15.2,0.0,53.0
2023-01-06,Shahdara APMC,221.3,1800.0,1,winter,nashik,13.9,4.6,0.0,89,29.3,14.5,0.0,57.0
2023-01-07,Shahdara APMC,245.6,1650.0,1,winter,nashik,15.0,3.5,0.0,89,28.4,11.9,0.0,60.0
2023-01-09,Shahdara APMC,118.11,1800.0,1,winter,nashik,17.1,5.6,0.0,91,28.5,12.4,0.0,62.0
2023-01-10,Shahdara APMC,279.55,1700.0,1,winter,nashik,18.2,7.3,0.0,91,27.1,13.8,0.0,71.0
2023-01-11,Shahdara APMC,144.45,1700.0,1,winter,nashik,19.3,7.4,0.0,88,27.7,14.6,0.0,72.0
2023-01-12,Shahdara APMC,345.6,1600.0,1,winter,nashik,20.2,9.8,0.0,82,27.2,16.0,0.0,76.0
2023-01-13,Shahdara APMC,400.9,1750.0,1,winter,nashik,18.0,10.2,14.3,88,27.1,16.3,0.0,74.0
2023-01-14,Shahdara APMC,249.51,1750.0,1,winter,nashik,17.0,7.7,0.0,79,26.3,14.2,0.0,64.0
2023-01-15,Shahdara APMC,269.85,1750.0,1,winter,nashik,15.3,5.1,0.0,70,26.2,10.7,0.0,54.0
2023-01-18,Shahdara APMC,172.4,1600.0,1,winter,nashik,16.5,3.2,0.0,68,27.2,12.0,0.0,57.0
2023-01-19,Shahdara APMC,113.8,1700.0,1,winter,nashik,18.0,6.2,0.0,68,25.8,13.9,0.0,66.0
2023-01-20,Shahdara APMC,228.3,1700.0,1,winter,nashik,19.7,9.8,0.0,73,26.6,9.7,0.0,65.0
2023-01-21,Shahdara APMC,385.9,2300.0,1,winter,nashik,20.3,7.0,0.0,80,27.6,10.8,0.0,62.0
2023-01-22,Shahdara APMC,536.28,2300.0,1,winter,nashik,21.5,8.2,0.0,74,28.2,11.0,0.0,62.0
2023-01-24,Shahdara APMC,232.6,2100.0,1,winter,nashik,20.9,12.1,6.3,83,28.6,11.6,0.0,62.0
2023-01-25,Shahdara APMC,224.6,2200.0,1,winter,nashik,21.0,12.3,0.8,85,30.1,12.2,0.0,60.0
2023-01-27,Shahdara APMC,392.1,1850.0,1,winter,nashik,18.6,7.4,0.0,71,28.7,13.4,0.0,51.0
2023-01-28,Shahdara APMC,209.8,1700.0,1,winter,nashik,20.6,6.0,0.0,71,27.4,12.0,0.0,50.0
2023-01-29,Shahdara APMC,281.5,1700.0,1,winter,nashik,16.4,7.7,2.9,86,27.5,13.2,0.0,54.0
2023-01-30,Shahdara APMC,193.2,1650.0,1,winter,nashik,16.4,10.5,26.0,86,27.6,12.0,0.0,59.0
2023-01-31,Shahdara APMC,293.62,1450.0,1,winter,nashik,20.5,9.4,0.0,85,27.2,12.3,0.0,55.0
2023-02-01,Shahdara APMC,378.75,1500.0,2,winter,nashik,20.1,9.1,0.0,77,29.6,14.6,0.0,60.0
2023-02-02,Shahdara APMC,233.9,1700.0,2,winter,nashik,21.7,9.0,0.0,69,29.7,16.4,0.0,65.0
2023-02-03,Shahdara APMC,369.05,1700.0,2,winter,nashik,22.4,9.1,0.0,71,30.2,16.1,0.0,57.0
2023-02-04,Shahdara APMC,328.75,1750.0,2,winter,nashik,22.8,10.0,0.0,69,28.7,14.7,0.0,71.0
2023-02-05,Shahdara APMC,624.65,1800.0,2,winter,nashik,23.3,10.5,0.0,65,28.6,15.8,0.3,73.0
2023-02-06,Shahdara APMC,295.45,1650.0,2,winter,nashik,25.3,10.5,0.5,70,28.9,16.2,0.0,64.0
2023-02-07,Shahdara APMC,179.25,1700.0,2,winter,nashik,23.5,12.5,0.0,72,28.1,17.5,0.0,61.0
2023-02-08,Shahdara APMC,193.82,1650.0,2,winter,nashik,22.8,9.7,0.0,61,29.0,15.6,0.0,54.0
2023-02-09,Shahdara APMC,120.25,1650.0,2,winter,nashik,26.0,9.3,0.0,65,29.2,13.4,0.0,50.0
2023-02-11,Shahdara APMC,302.8,1700.0,2,winter,nashik,26.2,13.3,0.0,65,30.5,13.7,0.0,47.0
2023-02-12,Shahdara APMC,490.0,1700.0,2,winter,nashik,22.4,10.3,0.0,50,30.4,14.0,0.0,47.0
2023-02-13,Shahdara APMC,441.25,1600.0,2,winter,nashik,21.5,9.4,0.0,37,30.0,14.1,0.0,41.0
2023-02-14,Shahdara APMC,358.45,1350.0,2,winter,nashik,23.9,10.0,0.0,47,31.6,14.0,0.0,47.0
2023-02-15,Shahdara APMC,445.55,1300.0,2,winter,nashik,26.3,12.3,0.0,56,33.0,14.1,0.0,43.0
2023-02-16,Shahdara APMC,324.7,1400.0,2,winter,nashik,26.4,11.2,0.0,71,33.8,16.7,0.0,34.0
2023-02-17,Shahdara APMC,346.7,1800.0,2,winter,nashik,26.9,12.8,0.0,76,32.8,14.8,0.0,34.0
2023-02-18,Shahdara APMC,404.1,1800.0,2,winter,nashik,26.5,12.6,0.0,77,31.6,12.3,0.0,42.0
2023-02-19,Shahdara APMC,353.45,1800.0,2,winter,nashik,28.3,13.9,0.0,70,31.4,13.5,0.0,39.0
2023-02-20,Shahdara APMC,365.8,1800.0,2,winter,nashik,31.1,15.1,0.0,62,31.8,13.3,0.0,34.0
2023-02-21,Shahdara APMC,379.5,1800.0,2,winter,nashik,29.6,15.6,0.0,57,33.3,14.1,0.0,29.0
2023-02-22,Shahdara APMC,116.6,1500.0,2,winter,nashik,28.7,13.9,0.0,62,33.8,14.7,0.0,30.0
2023-02-23,Shahdara APMC,158.65,1400.0,2,winter,nashik,28.1,13.5,0.0,53,34.3,15.2,0.0,29.0
2023-02-24,Shahdara APMC,204.7,1450.0,2,winter,nashik,28.3,12.2,0.0,51,33.1,15.3,0.0,31.0
2023-02-25,Shahdara APMC,273.41,1600.0,2,winter,nashik,28.5,13.0,0.0,54,33.5,14.1,0.0,31.0
2023-02-26,Shahdara APMC,266.1,1600.0,2,winter,nashik,29.9,14.5,0.0,52,34.5,17.2,0.0,31.0
2023-02-27,Shahdara APMC,383.6,1400.0,2,winter,nashik,30.3,16.0,0.0,51,34.6,16.3,0.0,30.0
2023-02-28,Shahdara APMC,238.95,1300.0,2,winter,nashik,29.4,14.7,0.0,49,34.2,14.8,0.0,28.0
2023-03-01,Shahdara APMC,461.1,1800.0,3,summer,nashik,30.0,16.3,0.0,48,34.0,17.1,0.0,29.0
2023-03-02,Shahdara APMC,234.7,1800.0,3,summer,nashik,30.3,15.9,0.0,54,33.7,16.9,0.0,28.0
2023-03-03,Shahdara APMC,173.05,1450.0,3,summer,nashik,31.1,16.8,0.0,54,33.7,16.0,0.0,28.0
2023-03-04,Shahdara APMC,536.85,1600.0,3,summer,nashik,30.4,17.3,0.0,54,34.0,15.2,0.0,28.0
2023-03-05,Shahdara APMC,277.3,1600.0,3,summer,nashik,30.2,15.8,0.0,52,33.6,16.3,0.0,28.0
2023-03-06,Shahdara APMC,505.35,1400.0,3,summer,nashik,29.2,15.5,0.0,50,34.0,16.6,0.0,28.0
2023-03-07,Shahdara APMC,146.1,1400.0,3,summer,nashik,29.1,15.2,0.0,50,33.2,16.6,0.0,28.0
2023-03-08,Shahdara APMC,109.7,1400.0,3,summer,nashik,28.2,15.3,0.4,53,34.0,17.9,0.0,29.0
2023-03-09,Shahdara APMC,182.15,1400.0,3,summer,nashik,28.5,16.1,0.0,59,34.4,18.3,0.0,31.0
2023-03-11,Shahdara APMC,207.62,1500.0,3,summer,nashik,30.3,16.8,0.0,50,34.1,21.6,0.2,35.0
2023-03-12,Shahdara APMC,214.85,1650.0,3,summer,nashik,32.1,17.4,0.0,47,30.0,19.1,1.8,50.0
2023-03-13,Shahdara APMC,178.9,1350.0,3,summer,nashik,32.3,17.8,0.0,49,30.5,17.0,4.0,51.0
2023-03-14,Shahdara APMC,235.0,1300.0,3,summer,nashik,32.0,17.4,0.0,48,31.7,15.4,0.0,41.0
2023-03-18,Shahdara APMC,488.15,1600.0,3,summer,nashik,26.5,17.5,0.7,76,33.5,17.6,0.0,38.0
2023-03-19,Shahdara APMC,223.9,850.0,3,summer,nashik,25.2,16.1,0.5,82,32.8,19.6,0.1,36.0
2023-03-20,Shahdara APMC,416.08,850.0,3,summer,nashik,23.5,16.3,24.6,86,32.2,18.9,0.0,37.0
2023-03-21,Shahdara APMC,126.6,800.0,3,summer,nashik,23.1,15.2,4.3,85,30.8,19.3,0.6,41.0
2023-03-22,Shahdara APMC,310.6,800.0,3,summer,nashik,26.2,14.5,0.0,77,28.7,18.4,1.0,61.0
2023-03-23,Shahdara APMC,119.8,1000.0,3,summer,nashik,28.0,15.5,0.0,67,28.8,16.7,0.8,67.0
2023-03-24,Shahdara APMC,290.94,800.0,3,summer,nashik,27.2,17.0,18.4,70,29.8,16.2,4.3,69.0
2023-03-25,Shahdara APMC,504.1,1600.0,3,summer,nashik,26.3,17.3,1.3,79,29.1,15.2,0.0,62.0
2023-03-26,Shahdara APMC,295.2,1600.0,3,summer,nashik,27.6,16.4,0.0,65,28.6,16.9,0.0,61.0
2023-03-27,Shahdara APMC,175.5,1400.0,3,summer,nashik,26.7,15.1,0.0,66,28.3,17.8,0.0,66.0
2023-03-28,Shahdara APMC,321.75,1400.0,3,summer,nashik,28.4,15.7,0.0,64,28.8,16.6,0.0,65.0
2023-03-29,Shahdara APMC,143.7,750.0,3,summer,nashik,31.2,16.8,0.2,58,29.7,16.9,0.0,63.0
2023-03-30,Shahdara APMC,259.0,800.0,3,summer,nashik,30.8,17.5,12.4,71,31.3,15.9,0.0,62.0
2023-03-31,Shahdara APMC,393.5,750.0,3,summer,nashik,23.8,17.2,6.0,83,31.0,14.6,0.0,57.0
2023-04-01,Shahdara APMC,305.65,850.0,4,summer,nashik,25.3,15.9,1.2,81,30.4,14.4,0.0,49.0
2023-04-02,Shahdara APMC,164.4,850.0,4,summer,nashik,28.4,16.3,0.0,72,31.7,15.3,0.0,52.0
2023-04-03,Shahdara APMC,747.4,1000.0,4,summer,nashik,31.2,16.2,0.0,64,32.5,16.5,0.0,52.0
2023-04-04,Shahdara APMC,345.2,1000.0,4,summer,nashik,28.3,17.3,0.0,64,33.4,17.4,0.0,50.0
2023-04-05,Shahdara APMC,306.4,800.0,4,summer,nashik,30.3,16.0,0.0,53,31.2,17.4,0.0,59.0
2023-04-08,Shahdara APMC,260.7,850.0,4,summer,nashik,32.4,17.1,0.0,31,32.3,17.5,0.0,51.0
2023-04-09,Shahdara APMC,440.68,900.0,4,summer,nashik,33.6,17.9,0.0,28,33.4,17.7,0.0,55.0
2023-04-10,Shahdara APMC,2525.95,900.0,4,summer,nashik,33.9,19.2,0.0,28,34.2,18.5,0.0,44.0
2023-04-11,Shahdara APMC,482.05,1000.0,4,summer,nashik,36.7,19.3,0.0,27,35.1,19.2,0.0,32.0
2023-04-12,Shahdara APMC,406.0,850.0,4,summer,nashik,36.9,22.7,0.0,27,34.6,20.7,0.0,33.0
2023-04-13,Shahdara APMC,147.47,800.0,4,summer,nashik,37.8,21.4,0.0,28,34.6,21.1,0.0,38.0
2023-04-14,Shahdara APMC,430.2,950.0,4,summer,nashik,37.8,21.4,0.0,27,33.1,21.7,0.0,51.0
2023-04-15,Shahdara APMC,282.55,1000.0,4,summer,nashik,39.3,21.1,0.0,24,34.4,20.3,0.0,44.0
2023-04-16,Shahdara APMC,206.4,1000.0,4,summer,nashik,39.2,23.6,0.0,26,34.7,23.1,0.0,47.0
2023-04-17,Shahdara APMC,409.34,950.0,4,summer,nashik,39.2,24.7,0.0,25,36.3,21.5,0.0,42.0
2023-04-18,Shahdara APMC,226.95,1000.0,4,summer,nashik,39.1,25.0,0.0,24,36.9,22.7,0.0,36.0
2023-04-21,Shahdara APMC,380.85,1150.0,4,summer,nashik,35.1,22.7,0.0,34,36.7,22.0,0.0,40.0
2023-04-22,Shahdara APMC,222.1,1100.0,4,summer,nashik,34.8,21.3,0.0,26,36.6,20.5,0.0,39.0
2023-04-23,Shahdara APMC,528.6,950.0,4,summer,nashik,34.1,21.3,0.0,27,36.9,21.0,0.0,32.0
2023-04-24,Shahdara APMC,392.8,950.0,4,summer,nashik,32.1,20.1,0.0,36,37.3,22.9,0.0,29.0
2023-04-25,Shahdara APMC,259.4,1000.0,4,summer,nashik,33.3,20.5,0.0,37,37.8,23.2,0.0,31.0
2023-04-26,Shahdara APMC,100.85,950.0,4,summer,nashik,35.3,21.7,0.0,33,36.6,21.9,0.0,33.0
2023-04-27,Shahdara APMC,297.0,950.0,4,summer,nashik,36.4,23.2,0.0,31,35.1,20.5,0.0,37.0
2023-04-28,Shahdara APMC,321.8,900.0,4,summer,nashik,33.7,22.7,0.0,37,34.0,20.1,0.0,46.0
2023-04-29,Shahdara APMC,456.3,900.0,4,summer,nashik,33.1,22.2,1.3,50,33.3,20.0,0.0,48.0
2023-04-30,Shahdara APMC,166.0,900.0,4,summer,nashik,30.1,21.6,1.5,63,35.5,19.8,0.0,32.0
2023-05-01,Shahdara APMC,463.85,850.0,5,summer,nashik,26.8,19.8,4.5,81,36.0,21.8,0.0,30.0
2023-05-02,Shahdara APMC,271.9,1150.0,5,summer,nashik,27.1,19.5,6.6,84,33.7,20.3,0.0,60.0
2023-05-03,Shahdara APMC,280.5,1150.0,5,summer,nashik,27.6,20.2,3.1,82,33.4,20.8,0.0,58.0
2023-05-04,Shahdara APMC,384.58,1100.0,5,summer,nashik,29.1,19.0,0.0,76,33.5,21.8,0.2,53.0
2023-05-05,Shahdara APMC,472.7,1100.0,5,summer,nashik,30.3,20.9,3.5,66,31.9,20.5,0.0,56.0
2023-05-06,Shahdara APMC,248.8,1100.0,5,summer,nashik,34.4,20.0,0.1,57,30.9,19.2,1.1,61.0
2023-05-07,Shahdara APMC,565.8,1100.0,5,summer,nashik,35.3,20.6,0.0,48,29.4,19.7,0.0,60.0
2023-05-08,Shahdara APMC,360.1,950.0,5,summer,nashik,36.1,21.7,0.0,44,31.6,20.4,0.0,60.0
2023-05-09,Shahdara APMC,342.9,950.0,5,summer,nashik,37.2,21.1,0.0,35,32.5,19.6,0.0,62.0
2023-05-10,Shahdara APMC,467.75,1000.0,5,summer,nashik,36.8,21.8,0.0,22,32.5,19.7,0.0,59.0
2023-05-11,Shahdara APMC,376.65,1000.0,5,summer,nashik,38.8,22.3,0.0,22,34.2,20.5,0.0,61.0
2023-05-12,Shahdara APMC,507.0,950.0,5,summer,nashik,41.7,23.5,0.0,24,33.1,22.0,0.5,62.0
2023-05-13,Shahdara APMC,405.1,950.0,5,summer,nashik,41.5,24.8,0.0,26,33.1,22.3,0.5,59.0
2023-05-14,Shahdara APMC,489.1,950.0,5,summer,nashik,40.0,26.2,0.0,29,34.9,23.7,0.1,52.0
2023-05-15,Shahdara APMC,510.1,1000.0,5,summer,nashik,40.2,24.6,0.0,26,37.4,24.1,0.1,51.0
2023-05-16,Shahdara APMC,283.75,1000.0,5,summer,nashik,38.9,26.4,0.0,28,39.4,23.5,0.0,41.0
2023-05-17,Shahdara APMC,406.1,1000.0,5,summer,nashik,41.0,25.4,0.0,26,39.7,23.8,0.0,32.0
2023-05-18,Shahdara APMC,375.25,950.0,5,summer,nashik,38.0,24.1,0.0,40,39.3,22.9,0.0,34.0
2023-05-19,Shahdara APMC,162.0,850.0,5,summer,nashik,38.2,25.5,0.0,36,38.5,24.1,0.0,41.0
2023-05-20,Shahdara APMC,208.8,800.0,5,summer,nashik,40.3,24.2,0.0,30,37.2,23.2,0.0,52.0
2023-05-21,Shahdara APMC,287.9,800.0,5,summer,nashik,43.0,25.3,0.0,23,35.8,22.6,0.0,61.0
2023-05-22,Shahdara APMC,185.0,850.0,5,summer,nashik,42.6,29.3,0.0,20,35.2,22.6,0.0,61.0
2023-05-23,Shahdara APMC,252.05,750.0,5,summer,nashik,43.5,30.0,2.4,29,36.1,22.5,0.0,58.0
2023-05-24,Shahdara APMC,226.9,750.0,5,summer,nashik,38.1,26.3,0.0,51,36.1,22.2,0.0,53.0
2023-05-27,Shahdara APMC,394.47,850.0,5,summer,nashik,33.4,21.0,15.4,67,36.3,21.9,0.0,58.0
2023-05-28,Shahdara APMC,416.15,850.0,5,summer,nashik,33.3,23.9,0.6,71,36.3,22.3,0.0,53.0
2023-05-29,Shahdara APMC,261.8,1050.0,5,summer,nashik,33.2,22.6,2.8,74,37.5,22.2,0.0,46.0
2023-05-30,Shahdara APMC,261.8,950.0,5,summer,nashik,33.5,22.7,0.5,69,36.5,22.9,0.0,57.0
2023-05-31,Shahdara APMC,417.4,1050.0,5,summer,nashik,30.1,21.8,2.3,78,35.4,22.7,0.0,62.0
2023-06-01,Shahdara APMC,388.35,1100.0,6,monsoon,nashik,33.0,19.9,0.0,69,34.6,22.9,0.0,63.0
2023-06-02,Shahdara APMC,305.95,1050.0,6,monsoon,nashik,32.5,22.1,1.6,60,34.5,22.4,0.0,64.0
2023-06-03,Shahdara APMC,227.7,1000.0,6,monsoon,nashik,34.9,22.3,0.0,55,36.0,22.6,0.0,61.0
2023-06-04,Shahdara APMC,654.1,950.0,6,monsoon,nashik,35.9,23.5,0.2,58,37.5,23.4,0.0,54.0
2023-06-05,Shahdara APMC,449.2,950.0,6,monsoon,nashik,37.3,25.1,0.0,51,37.4,22.3,0.0,43.0
2023-06-06,Shahdara APMC,358.96,950.0,6,monsoon,nashik,38.8,25.0,0.1,42,37.5,23.1,0.0,42.0
2023-06-07,Shahdara APMC,284.63,950.0,6,monsoon,nashik,38.4,25.1,0.0,37,37.4,23.6,0.0,38.0
2023-06-08,Shahdara APMC,468.7,950.0,6,monsoon,nashik,39.4,25.9,0.0,35,35.7,22.5,0.0,57.0
2023-06-10,Shahdara APMC,182.7,1000.0,6,monsoon,nashik,41.1,27.7,0.2,39,33.4,24.4,1.5,67.0
2023-06-11,Shahdara APMC,421.35,850.0,6,monsoon,nashik,39.3,28.2,0.0,46,33.8,23.3,0.2,68.0
2023-06-12,Shahdara APMC,348.4,800.0,6,monsoon,nashik,41.2,29.0,0.0,45,35.6,23.1,0.0,63.0
2023-06-13,Shahdara APMC,365.3,800.0,6,monsoon,nashik,42.3,30.2,0.0,35,35.7,22.8,0.0,61.0
2023-06-14,Shahdara APMC,322.7,800.0,6,monsoon,nashik,41.0,30.7,0.1,36,36.1,23.6,0.0,60.0
2023-06-15,Shahdara APMC,346.8,750.0,6,monsoon,nashik,37.5,30.5,0.2,46,36.6,24.1,0.3,65.0
2023-06-16,Shahdara APMC,257.8,850.0,6,monsoon,nashik,38.2,26.6,1.1,52,35.2,24.6,1.7,64.0
2023-06-17,Shahdara APMC,427.0,850.0,6,monsoon,nashik,39.4,27.6,0.3,52,35.2,24.1,1.9,58.0
2023-06-18,Shahdara APMC,489.9,850.0,6,monsoon,nashik,38.8,28.9,0.3,60,34.5,23.4,1.3,57.0
2023-06-19,Shahdara APMC,145.7,800.0,6,monsoon,nashik,32.1,28.1,7.2,70,33.2,23.3,1.5,65.0
2023-06-20,Shahdara APMC,360.7,850.0,6,monsoon,nashik,36.8,27.2,4.3,66,32.5,23.3,0.8,73.0
2023-06-21,Shahdara APMC,307.1,950.0,6,monsoon,nashik,35.8,26.3,19.5,78,33.0,23.2,0.9,70.0
2023-06-22,Shahdara APMC,231.7,950.0,6,monsoon,nashik,36.2,27.6,0.8,74,30.6,23.3,2.4,78.0
2023-06-23,Shahdara APMC,462.5,950.0,6,monsoon,nashik,35.5,26.6,3.3,78,32.1,23.0,0.6,78.0
2023-06-24,Shahdara APMC,262.4,1050.0,6,monsoon,nashik,34.2,27.6,11.8,79,32.3,23.6,1.6,73.0
2023-06-25,Shahdara APMC,531.6,1050.0,6,monsoon,nashik,32.4,26.1,21.6,86,33.5,23.0,0.0,70.0
2023-06-26,Shahdara APMC,260.9,1100.0,6,monsoon,nashik,32.9,25.2,8.2,84,33.3,23.0,1.4,69.0
2023-06-28,Shahdara APMC,318.6,1100.0,6,monsoon,nashik,33.7,26.2,16.5,83,33.2,23.3,0.9,68.0
2023-06-29,Shahdara APMC,199.0,1100.0,6,monsoon,nashik,32.1,26.3,18.4,83,32.4,23.3,1.9,71.0
2023-06-30,Shahdara APMC,351.05,1600.0,6,monsoon,nashik,33.6,25.5,9.2,82,29.1,22.5,2.2,81.0
2023-07-01,Shahdara APMC,280.0,1300.0,7,monsoon,nashik,33.0,23.9,1.7,81,28.2,22.1,2.6,85.0
2023-07-02,Shahdara APMC,403.4,1300.0,7,monsoon,nashik,35.0,25.9,1.0,76,25.0,22.0,11.1,93.0
2023-07-03,Shahdara APMC,569.43,1250.0,7,monsoon,nashik,36.5,27.3,6.4,74,25.2,21.8,7.7,92.0
2023-07-04,Shahdara APMC,327.35,1200.0,7,monsoon,nashik,36.4,26.3,0.4,74,25.4,22.3,16.2,93.0
2023-07-05,Shahdara APMC,402.9,2050.0,7,monsoon,nashik,33.1,24.8,11.1,82,24.5,22.1,13.9,92.0
2023-07-06,Shahdara APMC,550.9,1850.0,7,monsoon,nashik,33.2,25.6,1.0,79,24.6,22.1,17.2,93.0
2023-07-07,Shahdara APMC,524.8,1900.0,7,monsoon,nashik,32.9,25.3,6.3,83,24.8,21.8,20.5,93.0
2023-07-08,Shahdara APMC,423.3,1850.0,7,monsoon,nashik,29.5,26.1,36.0,90,27.0,21.9,6.1,90.0
2023-07-09,Shahdara APMC,451.4,1800.0,7,monsoon,nashik,30.7,25.3,30.9,91,28.8,22.2,3.7,87.0
2023-07-14,Shahdara APMC,333.0,1400.0,7,monsoon,nashik,33.6,25.8,16.7,84,25.3,22.5,7.1,91.0
2023-07-15,Shahdara APMC,399.3,1400.0,7,monsoon,nashik,33.2,26.2,13.1,85,26.9,22.1,6.2,90.0
2023-07-17,Shahdara APMC,311.2,1500.0,7,monsoon,nashik,33.3,26.7,7.6,85,27.7,22.5,3.6,86.0
2023-07-18,Shahdara APMC,501.45,1300.0,7,monsoon,nashik,31.5,25.6,18.0,87,26.8,22.1,5.4,89.0
2023-07-19,Shahdara APMC,293.5,1200.0,7,monsoon,nashik,33.0,26.5,9.9,86,28.0,22.2,4.7,89.0
2023-07-20,Shahdara APMC,226.9,1350.0,7,monsoon,nashik,35.2,27.3,27.9,80,27.2,22.1,15.6,89.0
2023-07-21,Shahdara APMC,182.3,1500.0,7,monsoon,nashik,35.5,27.2,2.8,76,26.6,22.3,8.9,89.0
2023-07-22,Shahdara APMC,498.56,1250.0,7,monsoon,nashik,34.3,26.9,9.6,79,25.5,21.9,4.6,91.0
2023-07-23,Shahdara APMC,371.4,1200.0,7,monsoon,nashik,34.3,28.1,0.5,76,26.1,21.8,3.3,90.0
2023-07-24,Shahdara APMC,337.2,1100.0,7,monsoon,nashik,34.0,27.5,6.1,80,25.8,22.6,15.6,92.0
2023-07-25,Shahdara APMC,310.5,1250.0,7,monsoon,nashik,34.2,25.9,14.4,82,25.6,22.6,10.8,91.0
2023-07-26,Shahdara APMC,240.6,1200.0,7,monsoon,nashik,29.8,25.8,23.8,89,26.9,22.5,9.3,88.0
2023-07-27,Shahdara APMC,194.55,1350.0,7,monsoon,nashik,31.9,26.5,9.0,86,27.6,22.4,7.4,90.0
2023-07-28,Shahdara APMC,278.2,1200.0,7,monsoon,nashik,32.7,26.4,18.7,87,25.6,22.4,16.8,92.0
2023-07-29,Shahdara APMC,305.35,1350.0,7,monsoon,nashik,31.4,25.1,6.4,84,27.0,22.0,9.9,90.0
2023-07-30,Shahdara APMC,342.2,1150.0,7,monsoon,nashik,33.3,24.9,1.8,81,26.3,22.5,8.3,90.0
2023-07-31,Shahdara APMC,256.8,1550.0,7,monsoon,nashik,33.7,25.6,1.1,79,26.9,22.3,6.3,89.0
2023-08-01,Shahdara APMC,177.75,1550.0,8,monsoon,nashik,34.7,26.9,0.1,77,26.2,22.5,14.1,91.0
2023-08-02,Shahdara APMC,331.9,1550.0,8,monsoon,nashik,34.9,27.5,2.4,79,25.4,22.7,16.9,91.0
2023-08-03,Shahdara APMC,511.6,1500.0,8,monsoon,nashik,34.0,26.6,13.5,82,24.9,22.2,18.1,92.0
2023-08-04,Shahdara APMC,382.7,1450.0,8,monsoon,nashik,31.8,26.2,9.5,87,24.8,22.2,4.4,91.0
2023-08-05,Shahdara APMC,409.75,1500.0,8,monsoon,nashik,33.6,26.7,5.1,84,26.6,22.2,4.4,88.0
2023-08-06,Shahdara APMC,437.1,1600.0,8,monsoon,nashik,34.8,26.3,3.0,76,26.9,22.2,4.4,89.0
2023-08-08,Shahdara APMC,132.2,1550.0,8,monsoon,nashik,34.2,26.5,0.0,70,26.4,22.0,4.5,88.0
2023-08-09,Shahdara APMC,213.7,1450.0,8,monsoon,nashik,34.6,26.9,0.0,69,25.9,22.3,2.8,88.0
2023-08-10,Shahdara APMC,414.2,1650.0,8,monsoon,nashik,34.1,26.9,0.4,71,26.5,22.5,1.8,90.0
2023-08-11,Shahdara APMC,422.1,1600.0,8,monsoon,nashik,34.6,27.2,0.7,69,26.6,22.1,3.7,90.0
2023-08-12,Shahdara APMC,264.2,1600.0,8,monsoon,nashik,35.8,27.7,0.0,59,26.4,22.1,2.4,88.0
2023-08-13,Shahdara APMC,520.95,1900.0,8,monsoon,nashik,35.6,27.4,0.5,63,27.4,22.0,1.2,86.0
2023-08-14,Shahdara APMC,351.7,1600.0,8,monsoon,nashik,33.7,26.5,0.2,69,27.3,21.9,1.1,85.0
2023-08-15,Shahdara APMC,109.1,1600.0,8,monsoon,nashik,34.8,25.9,0.0,74,27.3,22.0,2.1,85.0
2023-08-17,Shahdara APMC,377.9,1750.0,8,monsoon,nashik,36.7,27.6,0.0,59,27.5,21.9,1.6,82.0
2023-08-18,Shahdara APMC,368.2,2100.0,8,monsoon,nashik,36.7,28.0,0.2,60,26.9,21.9,2.5,85.0
2023-08-19,Shahdara APMC,242.7,2050.0,8,monsoon,nashik,34.6,26.6,7.3,74,26.8,21.8,4.2,86.0
2023-08-20,Shahdara APMC,371.15,1950.0,8,monsoon,nashik,36.6,28.2,0.2,65,26.7,21.9,2.4,86.0
2023-08-21,Shahdara APMC,379.2,1900.0,8,monsoon,nashik,36.9,28.3,0.9,68,26.2,21.7,1.5,86.0
2023-08-22,Shahdara APMC,328.9,2150.0,8,monsoon,nashik,35.3,27.9,11.1,77,28.5,21.8,1.0,82.0
2023-08-23,Shahdara APMC,297.8,1950.0,8,monsoon,nashik,29.9,25.6,21.1,88,27.5,21.5,0.4,80.0
2023-08-24,Shahdara APMC,339.1,1800.0,8,monsoon,nashik,33.4,25.0,0.0,74,27.6,21.6,0.4,81.0
2023-08-25,Shahdara APMC,178.0,1900.0,8,monsoon,nashik,34.2,25.5,0.0,66,27.4,22.1,1.0,84.0
2023-08-26,Shahdara APMC,250.5,1750.0,8,monsoon,nashik,34.5,26.8,0.0,63,27.1,22.0,4.5,84.0
2023-08-27,Shahdara APMC,369.6,1800.0,8,monsoon,nashik,35.4,26.7,0.1,57,27.4,21.6,1.2,83.0
2023-08-28,Shahdara APMC,164.9,1550.0,8,monsoon,nashik,34.7,26.5,1.7,63,27.8,21.7,3.5,87.0
2023-08-29,Shahdara APMC,294.9,1950.0,8,monsoon,nashik,35.9,25.7,0.0,58,27.5,21.8,2.0,86.0
2023-08-30,Shahdara APMC,348.05,1900.0,8,monsoon,nashik,37.3,26.5,0.0,55,27.5,22.0,1.5,85.0
2023-08-31,Shahdara APMC,310.3,2150.0,8,monsoon,nashik,37.3,25.9,0.0,57,27.2,22.1,3.9,88.0
2023-09-01,Shahdara APMC,468.8,2000.0,9,monsoon,nashik,38.4,27.1,0.0,52,26.2,21.9,4.4,89.0
2023-09-02,Shahdara APMC,285.9,1950.0,9,monsoon,nashik,38.1,27.3,0.0,49,26.9,21.4,2.2,88.0
2023-09-05,Shahdara APMC,358.4,1800.0,9,monsoon,nashik,36.4,26.9,4.8,65,29.8,20.6,0.4,80.0
2023-09-10,Shahdara APMC,187.0,1900.0,9,monsoon,nashik,29.9,24.6,41.0,88,28.2,20.9,1.2,81.0
2023-09-12,Shahdara APMC,277.65,1850.0,9,monsoon,nashik,33.5,24.7,0.0,80,28.3,21.3,5.1,83.0
2023-09-13,Shahdara APMC,447.65,2000.0,9,monsoon,nashik,33.9,26.5,6.8,81,26.9,22.6,5.4,87.0
2023-09-14,Shahdara APMC,506.35,1800.0,9,monsoon,nashik,34.1,26.7,7.0,82,24.8,22.1,20.2,93.0
2023-09-15,Shahdara APMC,353.6,1800.0,9,monsoon,nashik,32.0,26.1,7.4,88,27.5,22.7,2.4,87.0
2023-09-16,Shahdara APMC,437.4,1900.0,9,monsoon,nashik,31.6,26.4,8.4,84,28.2,22.2,0.8,86.0
2023-09-17,Shahdara APMC,289.6,1750.0,9,monsoon,nashik,31.5,25.2,6.3,87,27.4,22.1,1.6,86.0
2023-09-18,Shahdara APMC,165.65,2350.0,9,monsoon,nashik,31.6,24.8,0.6,81,28.2,21.4,0.3,81.0
2023-09-19,Shahdara APMC,190.3,1900.0,9,monsoon,nashik,33.0,24.9,0.2,78,27.7,21.5,1.3,84.0
2023-09-20,Shahdara APMC,237.05,1900.0,9,monsoon,nashik,33.1,25.7,0.5,77,28.0,22.2,1.9,84.0
2023-09-21,Shahdara APMC,189.4,1950.0,9,monsoon,nashik,33.1,26.0,4.2,82,27.6,21.7,1.2,85.0
2023-09-25,Shahdara APMC,260.6,2050.0,9,monsoon,nashik,32.7,24.8,0.0,78,26.9,21.5,3.0,90.0
2023-09-27,Shahdara APMC,328.3,2250.0,9,monsoon,nashik,33.2,23.5,0.0,70,28.7,22.3,10.2,89.0
2023-09-29,Shahdara APMC,371.1,2200.0,9,monsoon,nashik,33.1,20.8,0.0,66,28.2,21.6,12.5,90.0
2023-10-03,Shahdara APMC,237.95,2400.0,10,post_monsoon,nashik,34.1,19.3,0.0,45,29.0,21.5,20.0,90.0
2023-10-04,Shahdara APMC,240.2,2200.0,10,post_monsoon,nashik,34.0,18.8,0.0,56,29.1,21.5,2.5,86.0
2023-10-05,Shahdara APMC,428.75,2300.0,10,post_monsoon,nashik,34.4,20.0,0.0,54,29.2,20.9,11.5,87.0
2023-10-06,Shahdara APMC,423.0,2200.0,10,post_monsoon,nashik,35.4,19.0,0.0,54,31.1,21.5,0.2,78.0
2023-10-07,Shahdara APMC,530.9,2300.0,10,post_monsoon,nashik,35.3,21.2,0.0,63,31.2,21.4,0.0,67.0
2023-10-08,Shahdara APMC,472.28,2300.0,10,post_monsoon,nashik,35.6,24.0,0.0,62,28.5,22.0,0.9,83.0
2023-10-10,Shahdara APMC,363.2,2400.0,10,post_monsoon,nashik,34.1,23.7,0.4,57,30.3,21.0,0.0,75.0
2023-10-11,Shahdara APMC,303.4,2400.0,10,post_monsoon,nashik,33.8,21.2,0.0,58,30.1,20.2,0.0,76.0
2023-10-14,Shahdara APMC,154.3,2700.0,10,post_monsoon,nashik,35.2,22.0,0.0,56,30.8,19.3,0.0,69.0
2023-10-15,Shahdara APMC,356.2,2400.0,10,post_monsoon,nashik,33.6,22.2,0.1,56,31.7,20.2,0.0,65.0
2023-10-17,Shahdara APMC,183.15,2600.0,10,post_monsoon,nashik,28.5,19.0,2.6,72,31.1,19.7,0.0,68.0
2023-10-18,Shahdara APMC,130.2,2750.0,10,post_monsoon,nashik,29.1,17.3,0.0,66,31.9,20.7,0.0,63.0
2023-10-19,Shahdara APMC,190.2,3000.0,10,post_monsoon,nashik,28.6,16.8,0.0,64,31.7,20.7,0.0,62.0
2023-10-21,Shahdara APMC,248.45,3800.0,10,post_monsoon,nashik,29.7,16.9,0.0,64,30.5,20.4,0.1,62.0
2023-10-22,Shahdara APMC,174.26,3800.0,10,post_monsoon,nashik,30.3,17.2,0.0,63,30.3,20.0,0.0,65.0
2023-10-24,Shahdara APMC,100.7,3900.0,10,post_monsoon,nashik,30.7,17.6,0.0,61,30.0,19.7,0.0,64.0
2023-10-26,Shahdara APMC,232.95,4650.0,10,post_monsoon,nashik,30.7,16.7,0.0,59,31.3,20.4,0.0,54.0
2023-10-27,Shahdara APMC,195.15,2200.0,10,post_monsoon,nashik,30.4,16.0,0.0,55,30.4,20.4,0.3,66.0
2023-10-28,Shahdara APMC,327.4,2200.0,10,post_monsoon,nashik,30.0,17.9,0.0,56,31.0,19.1,0.0,58.0
2023-10-29,Shahdara APMC,335.8,2200.0,10,post_monsoon,nashik,31.3,17.8,0.0,61,31.4,18.8,0.0,51.0
2023-10-31,Shahdara APMC,312.1,4500.0,10,post_monsoon,nashik,30.9,19.0,0.0,69,30.9,18.7,0.0,52.0
2023-11-02,Shahdara APMC,153.9,3800.0,11,post_monsoon,nashik,30.4,18.7,0.0,68,30.3,16.8,0.0,44.0
2023-11-03,Shahdara APMC,291.7,4000.0,11,post_monsoon,nashik,28.5,17.7,0.6,71,30.2,16.9,0.0,46.0
2023-11-06,Shahdara APMC,229.74,3500.0,11,post_monsoon,nashik,29.4,15.2,0.0,63,30.5,18.4,0.0,50.0
2023-11-07,Shahdara APMC,189.52,3500.0,11,post_monsoon,nashik,29.9,16.0,0.0,67,30.0,17.6,0.0,54.0
2023-11-08,Shahdara APMC,193.93,3200.0,11,post_monsoon,nashik,29.5,16.9,0.0,68,29.8,17.9,0.0,56.0
2023-11-13,Shahdara APMC,156.1,4000.0,11,post_monsoon,nashik,25.3,13.1,0.0,75,30.3,17.9,0.0,47.0
2023-11-14,Shahdara APMC,176.69,4200.0,11,post_monsoon,nashik,25.1,14.3,0.0,73,30.8,19.3,0.0,50.0
2023-11-16,Shahdara APMC,153.43,4100.0,11,post_monsoon,nashik,26.0,13.3,0.0,72,30.6,19.3,3.4,68.0
2023-11-17,Shahdara APMC,80.08,4000.0,11,post_monsoon,nashik,26.7,14.8,0.0,74,32.1,19.0,0.0,61.0
2023-11-18,Shahdara APMC,46.4,3200.0,11,post_monsoon,nashik,26.1,14.2,0.0,73,31.5,19.1,0.0,52.0
2023-11-19,Shahdara APMC,23.4,3200.0,11,post_monsoon,nashik,25.5,14.3,0.0,69,30.9,18.2,0.0,49.0
2023-11-22,Shahdara APMC,231.75,3200.0,11,post_monsoon,nashik,24.9,12.8,0.0,68,29.0,16.6,0.0,51.0
2023-11-23,Shahdara APMC,309.7,3200.0,11,post_monsoon,nashik,24.6,11.0,0.0,72,28.6,16.1,0.0,56.0
2023-11-24,Shahdara APMC,201.43,3250.0,11,post_monsoon,nashik,25.0,13.8,0.0,72,29.1,17.1,0.0,58.0
2023-11-27,Shahdara APMC,151.4,4300.0,11,post_monsoon,nashik,24.2,15.5,2.5,77,29.3,19.2,0.0,56.0
2023-11-28,Shahdara APMC,85.38,4300.0,11,post_monsoon,nashik,20.4,15.4,2.8,87,28.8,16.3,0.0,58.0
2023-11-29,Shahdara APMC,165.65,4300.0,11,post_monsoon,nashik,24.4,14.0,0.2,81,29.0,17.1,0.0,62.0
2023-11-30,Shahdara APMC,176.58,4300.0,11,post_monsoon,nashik,21.2,14.3,1.5,86,29.2,19.1,0.0,70.0
2023-12-01,Shahdara APMC,220.81,3700.0,12,winter,nashik,24.0,14.3,0.7,82,29.1,19.0,0.1,71.0
2023-12-04,Shahdara APMC,146.9,3200.0,12,winter,nashik,22.8,14.2,0.0,73,27.0,18.2,1.4,82.0
2023-12-07,Shahdara APMC,300.03,3350.0,12,winter,nashik,24.1,11.3,0.0,78,27.8,18.0,0.1,79.0
2023-12-08,Shahdara APMC,235.22,3000.0,12,winter,nashik,23.8,11.1,0.0,76,28.1,18.7,0.3,78.0
2023-12-09,Shahdara APMC,182.0,3000.0,12,winter,nashik,23.4,10.1,0.0,72,28.6,18.6,0.1,78.0
2023-12-10,Shahdara APMC,212.7,3000.0,12,winter,nashik,22.6,10.6,0.0,70,28.0,19.1,0.0,76.0
2023-12-11,Shahdara APMC,131.96,2500.0,12,winter,nashik,21.9,8.6,0.0,70,27.5,18.3,0.1,77.0
2023-12-12,Shahdara APMC,275.8,2300.0,12,winter,nashik,22.8,9.0,0.0,73,25.7,17.4,0.8,81.0
2023-12-13,Shahdara APMC,187.29,1950.0,12,winter,nashik,22.7,9.7,0.0,70,26.2,16.9,0.2,76.0
2023-12-14,Shahdara APMC,240.27,1950.0,12,winter,nashik,22.1,9.4,0.0,72,27.0,16.9,0.0,73.0
2023-12-15,Shahdara APMC,199.96,1950.0,12,winter,nashik,21.8,7.1,0.0,73,27.1,16.9,0.0,74.0
2023-12-16,Shahdara APMC,226.66,1800.0,12,winter,nashik,22.3,7.9,0.0,71,27.4,16.7,0.0,72.0
2023-12-17,Shahdara APMC,201.55,1800.0,12,winter,nashik,22.5,8.8,0.0,68,28.4,16.7,0.0,68.0
2023-12-18,Shahdara APMC,214.05,2000.0,12,winter,nashik,21.6,8.8,0.0,69,28.0,15.4,0.0,71.0
2023-12-19,Shahdara APMC,382.7,2200.0,12,winter,nashik,21.6,8.2,0.0,67,27.4,15.4,0.0,67.0
2023-12-21,Shahdara APMC,465.8,1800.0,12,winter,nashik,21.5,7.6,0.0,76,26.2,16.1,0.0,66.0
2023-12-26,Shahdara APMC,376.5,1800.0,12,winter,nashik,22.3,9.3,0.0,78,25.9,14.6,0.0,56.0
2023-12-28,Shahdara APMC,177.55,3800.0,12,winter,nashik,20.7,9.2,0.0,87,28.1,16.4,0.0,60.0
2023-12-31,Shahdara APMC,238.45,2300.0,12,winter,nashik,18.4,8.3,0.0,86,29.4,15.7,0.0,58.0
2024-01-01,Shahdara APMC,178.51,2300.0,1,winter,nashik,16.1,6.3,0.0,87,30.0,15.9,0.0,53.0
2024-01-02,Shahdara APMC,199.05,1950.0,1,winter,nashik,15.0,4.6,0.0,87,30.0,15.3,0.0,57.0
2024-01-05,Shahdara APMC,334.57,2300.0,1,winter,nashik,17.1,8.1,0.1,87,29.7,15.6,0.0,62.0
2024-01-06,Shahdara APMC,356.64,2400.0,1,winter,nashik,16.9,6.6,0.0,84,29.1,16.3,0.0,60.0
2024-01-07,Shahdara APMC,170.25,2400.0,1,winter,nashik,17.4,6.7,0.0,81,28.7,16.0,0.0,64.0
2024-01-09,Shahdara APMC,224.21,2050.0,1,winter,nashik,18.0,6.4,0.0,87,28.5,15.1,0.0,69.0
2024-01-10,Shahdara APMC,406.35,2100.0,1,winter,nashik,15.9,4.5,0.0,86,28.3,15.3,0.0,66.0
2024-01-14,Shahdara APMC,343.7,1800.0,1,winter,nashik,17.7,4.5,0.0,87,29.2,17.0,0.0,64.0
2024-01-15,Shahdara APMC,320.25,1800.0,1,winter,nashik,15.8,4.6,0.0,88,29.1,18.1,0.4,62.0
2024-01-17,Shahdara APMC,321.15,1800.0,1,winter,nashik,17.8,4.2,0.0,84,29.1,17.7,0.0,71.0
2024-01-18,Shahdara APMC,397.75,1600.0,1,winter,nashik,17.4,5.4,0.0,88,29.8,17.7,0.0,64.0
2024-01-19,Shahdara APMC,247.55,2050.0,1,winter,nashik,16.4,6.2,0.0,90,30.6,16.5,0.0,64.0
2024-01-20,Shahdara APMC,200.3,1800.0,1,winter,nashik,15.8,5.5,0.0,89,29.7,16.4,0.0,57.0
2024-01-21,Shahdara APMC,285.4,1800.0,1,winter,nashik,16.0,5.2,0.0,91,27.0,14.0,0.0,45.0
2024-01-22,Shahdara APMC,325.75,1700.0,1,winter,nashik,16.5,4.9,0.0,87,28.6,12.2,0.0,54.0
2024-01-24,Shahdara APMC,253.4,1500.0,1,winter,nashik,18.1,6.9,0.0,86,26.7,12.1,0.0,61.0
2024-01-27,Shahdara APMC,364.65,1400.0,1,winter,nashik,20.4,6.7,0.0,80,27.4,13.9,0.0,57.0
2024-01-28,Shahdara APMC,556.15,1400.0,1,winter,nashik,20.1,7.1,0.0,81,28.5,14.1,0.0,48.0
2024-01-30,Shahdara APMC,233.0,1500.0,1,winter,nashik,20.3,9.8,0.0,91,25.9,11.3,0.0,40.0
2024-01-31,Shahdara APMC,339.32,1400.0,1,winter,nashik,19.9,10.3,6.7,92,26.9,12.0,0.0,43.0
2024-02-01,Shahdara APMC,229.2,1400.0,2,winter,nashik,21.0,11.9,33.0,86,29.4,12.8,0.0,43.0
2024-02-02,Shahdara APMC,349.7,1700.0,2,winter,nashik,19.2,8.8,0.0,85,29.4,13.3,0.0,50.0
2024-02-03,Shahdara APMC,211.4,1500.0,2,winter,nashik,20.4,7.7,0.0,72,30.1,15.6,0.0,45.0
2024-02-04,Shahdara APMC,334.2,1500.0,2,winter,nashik,21.1,12.6,4.3,86,29.3,14.2,0.0,43.0
2024-02-05,Shahdara APMC,146.0,1200.0,2,winter,nashik,19.7,10.3,0.8,83,29.5,13.1,0.0,52.0
2024-02-06,Shahdara APMC,327.75,1300.0,2,winter,nashik,18.6,7.4,0.0,77,29.5,13.8,0.0,53.0
2024-02-07,Shahdara APMC,201.8,1400.0,2,winter,nashik,18.3,7.3,0.0,69,26.9,13.1,0.0,57.0
2024-02-08,Shahdara APMC,290.8,1400.0,2,winter,nashik,19.0,8.0,0.0,67,27.9,13.7,0.0,58.0
2024-02-09,Shahdara APMC,236.5,1200.0,2,winter,nashik,20.4,7.7,0.0,69,30.5,14.9,0.0,52.0
2024-02-10,Shahdara APMC,479.25,1200.0,2,winter,nashik,19.7,7.2,0.0,81,32.2,16.2,0.0,49.0
2024-02-11,Shahdara APMC,625.23,1200.0,2,winter,nashik,21.4,7.9,0.0,77,32.1,16.3,0.0,49.0
2024-02-12,Shahdara APMC,422.3,1350.0,2,winter,nashik,21.5,8.2,0.0,77,32.8,16.2,0.0,50.0
2024-02-13,Shahdara APMC,357.6,1500.0,2,winter,nashik,21.0,8.8,0.0,76,31.5,15.9,0.0,56.0
2024-02-14,Shahdara APMC,160.4,1400.0,2,winter,nashik,22.6,9.7,0.0,75,29.9,15.5,0.0,55.0
2024-02-15,Shahdara APMC,199.72,1300.0,2,winter,nashik,23.7,9.3,0.0,71,31.6,15.5,0.0,49.0
2024-02-16,Shahdara APMC,143.9,1250.0,2,winter,nashik,24.4,8.3,0.0,65,31.9,15.0,0.0,46.0
2024-02-17,Shahdara APMC,228.4,1400.0,2,winter,nashik,24.6,8.9,0.0,62,31.3,13.6,0.0,44.0
2024-02-18,Shahdara APMC,221.55,1500.0,2,winter,nashik,27.5,10.0,0.0,58,31.3,14.2,0.0,45.0
2024-02-19,Shahdara APMC,361.25,1900.0,2,winter,nashik,27.2,14.9,0.0,61,31.5,15.3,0.0,34.0
2024-02-20,Shahdara APMC,366.7,1800.0,2,winter,nashik,27.4,15.2,0.1,65,30.7,15.3,0.0,41.0
2024-02-21,Shahdara APMC,262.7,1650.0,2,winter,nashik,26.1,12.2,0.0,58,32.1,15.0,0.0,44.0
2024-02-22,Shahdara APMC,109.35,1400.0,2,winter,nashik,24.2,11.1,0.0,51,33.2,18.6,0.0,43.0
2024-02-24,Shahdara APMC,146.15,1650.0,2,winter,nashik,23.1,9.5,0.0,45,33.2,17.1,0.0,34.0
2024-02-25,Shahdara APMC,323.35,1800.0,2,winter,nashik,25.0,10.9,0.0,40,32.1,16.4,0.0,32.0
2024-02-26,Shahdara APMC,388.8,1900.0,2,winter,nashik,24.5,11.3,0.0,45,31.6,17.3,0.0,40.0
2024-03-11,Shahdara APMC,262.5,1750.0,3,summer,nashik,29.3,15.3,0.0,51,32.7,13.8,0.0,30.0
2024-03-12,Shahdara APMC,453.0,1600.0,3,summer,nashik,29.2,13.9,0.0,49,32.9,15.2,0.0,28.0
2024-03-14,Shahdara APMC,332.94,1500.0,3,summer,nashik,29.0,14.0,0.0,54,33.0,16.7,0.0,28.0
2024-03-15,Shahdara APMC,165.42,1500.0,3,summer,nashik,27.4,13.9,0.0,44,34.8,16.8,0.0,29.0
2024-03-16,Shahdara APMC,355.35,1500.0,3,summer,nashik,27.6,12.3,0.0,45,35.0,18.7,0.0,22.0
2024-03-17,Shahdara APMC,375.8,1500.0,3,summer,nashik,28.8,11.8,0.0,46,34.7,18.2,0.0,30.0
2024-03-18,Shahdara APMC,486.05,1400.0,3,summer,nashik,28.4,13.1,0.0,48,35.0,18.8,0.0,33.0
2024-03-19,Shahdara APMC,452.2,1500.0,3,summer,nashik,29.9,13.2,0.0,47,33.2,18.9,0.0,38.0
2024-03-20,Shahdara APMC,643.8,1500.0,3,summer,nashik,32.1,14.4,0.0,44,33.0,16.8,0.0,35.0
2024-03-21,Shahdara APMC,406.6,1500.0,3,summer,nashik,29.4,17.2,0.0,54,33.5,14.7,0.0,35.0
2024-03-22,Shahdara APMC,267.4,1500.0,3,summer,nashik,32.6,18.0,0.0,52,34.7,15.3,0.0,40.0
2024-03-25,Shahdara APMC,130.9,1500.0,3,summer,nashik,33.0,16.8,0.0,48,33.9,18.0,0.0,29.0
2024-03-26,Shahdara APMC,181.7,1750.0,3,summer,nashik,33.5,18.1,0.0,44,35.1,20.8,0.0,18.0
2024-03-27,Shahdara APMC,201.39,1600.0,3,summer,nashik,36.2,21.2,0.0,41,35.3,19.4,0.0,21.0
2024-03-29,Shahdara APMC,231.35,1600.0,3,summer,nashik,36.1,21.4,1.3,47,37.1,18.2,0.0,29.0
2024-03-30,Shahdara APMC,256.36,1600.0,3,summer,nashik,34.8,22.8,0.0,40,35.9,19.5,0.0,31.0
2024-03-31,Shahdara APMC,291.66,1600.0,3,summer,nashik,34.5,20.1,0.0,39,37.5,20.4,0.0,32.0
2024-04-02,Shahdara APMC,307.44,1500.0,4,summer,nashik,33.0,16.8,0.0,35,39.5,21.1,0.0,36.0
2024-04-03,Shahdara APMC,302.3,1750.0,4,summer,nashik,35.6,20.9,0.0,26,39.6,22.4,0.0,36.0
2024-04-04,Shahdara APMC,213.25,1600.0,4,summer,nashik,36.3,21.0,0.0,26,37.9,22.8,0.0,37.0
2024-04-06,Shahdara APMC,267.2,1500.0,4,summer,nashik,35.1,19.9,0.0,21,37.7,22.7,0.0,29.0
2024-04-07,Shahdara APMC,602.65,1500.0,4,summer,nashik,35.4,17.5,0.0,21,38.1,21.7,0.0,25.0
2024-04-08,Shahdara APMC,298.0,1600.0,4,summer,nashik,36.9,18.6,0.0,22,38.6,19.7,0.0,28.0
2024-04-09,Shahdara APMC,295.5,1500.0,4,summer,nashik,37.7,18.6,0.0,19,38.7,20.0,0.0,31.0
2024-04-11,Shahdara APMC,45.0,1500.0,4,summer,nashik,38.1,21.4,0.0,21,37.5,20.9,0.0,30.0
2024-04-12,Shahdara APMC,560.9,1500.0,4,summer,nashik,38.6,22.4,0.0,22,36.9,24.2,0.0,25.0
2024-04-13,Shahdara APMC,234.9,1500.0,4,summer,nashik,38.6,24.9,2.4,28,35.9,22.4,0.0,25.0
2024-04-14,Shahdara APMC,192.0,1500.0,4,summer,nashik,33.6,22.5,0.2,48,37.4,19.6,0.0,21.0
2024-04-15,Shahdara APMC,345.8,1475.0,4,summer,nashik,36.2,22.0,0.0,51,38.1,20.2,0.0,33.0
2024-04-18,Shahdara APMC,252.1,1500.0,4,summer,nashik,37.9,23.4,0.0,24,36.3,23.9,0.0,35.0
2024-04-19,Shahdara APMC,333.8,1500.0,4,summer,nashik,38.3,24.6,0.0,30,36.4,20.2,0.0,33.0
2024-04-20,Shahdara APMC,301.5,1300.0,4,summer,nashik,36.4,22.0,0.0,28,37.8,19.8,0.0,46.0
2024-04-21,Shahdara APMC,400.3,1300.0,4,summer,nashik,36.6,23.5,0.0,27,39.3,23.0,0.0,42.0
2024-04-22,Shahdara APMC,372.65,1500.0,4,summer,nashik,37.2,24.4,0.1,25,39.5,26.4,0.0,29.0
2024-04-23,Shahdara APMC,312.5,1300.0,4,summer,nashik,37.9,22.7,0.0,28,40.6,26.8,0.0,29.0
2024-04-24,Shahdara APMC,235.0,1500.0,4,summer,nashik,37.1,20.8,0.0,30,40.9,25.0,0.0,36.0
2024-04-25,Shahdara APMC,448.65,1500.0,4,summer,nashik,38.3,21.4,0.0,26,39.0,24.8,0.0,30.0
2024-04-27,Shahdara APMC,277.1,1600.0,4,summer,nashik,38.1,25.7,0.0,27,37.2,23.2,0.6,33.0
2024-04-28,Shahdara APMC,384.8,1600.0,4,summer,nashik,37.6,23.3,0.0,28,36.4,23.9,0.1,33.0
2024-04-29,Shahdara APMC,290.7,1600.0,4,summer,nashik,38.1,23.5,0.0,27,38.8,22.4,0.0,28.0
2024-04-30,Shahdara APMC,213.95,1600.0,4,summer,nashik,36.3,23.2,0.0,26,37.7,22.0,0.0,32.0
2024-05-01,Shahdara APMC,330.45,1600.0,5,summer,nashik,32.6,20.4,0.0,23,38.9,23.2,0.0,33.0
2024-05-02,Shahdara APMC,284.2,1600.0,5,summer,nashik,35.1,19.2,0.0,27,38.1,25.3,0.0,32.0
2024-05-03,Shahdara APMC,386.0,1700.0,5,summer,nashik,38.2,20.2,0.0,23,39.6,25.0,0.0,29.0
2024-05-04,Shahdara APMC,372.1,1900.0,5,summer,nashik,40.7,26.4,0.0,19,40.3,26.1,0.0,25.0
2024-05-05,Shahdara APMC,476.15,1900.0,5,summer,nashik,41.1,24.7,0.0,21,40.1,25.2,0.0,25.0
2024-05-06,Shahdara APMC,476.5,1800.0,5,summer,nashik,40.7,25.7,0.0,22,39.4,24.9,0.0,21.0
2024-05-07,Shahdara APMC,457.0,1600.0,5,summer,nashik,41.4,26.9,0.0,27,37.9,24.7,0.0,25.0
2024-05-09,Shahdara APMC,293.2,1500.0,5,summer,nashik,39.6,26.3,0.0,37,38.6,19.8,0.0,28.0
2024-05-10,Shahdara APMC,406.6,1500.0,5,summer,nashik,39.0,26.0,0.8,42,38.5,20.9,0.0,34.0
2024-05-11,Shahdara APMC,525.75,1500.0,5,summer,nashik,38.7,26.2,0.7,44,38.1,23.6,0.0,40.0
2024-05-12,Shahdara APMC,461.6,1500.0,5,summer,nashik,37.5,26.9,0.1,40,37.2,25.0,0.0,41.0
2024-05-13,Shahdara APMC,336.1,1600.0,5,summer,nashik,40.8,26.8,0.0,30,38.1,22.9,0.0,50.0
2024-05-14,Shahdara APMC,348.05,1600.0,5,summer,nashik,40.7,24.7,0.0,24,38.1,20.9,0.0,55.0
2024-05-15,Shahdara APMC,215.25,1700.0,5,summer,nashik,42.5,24.4,0.0,22,37.0,23.3,0.1,50.0
2024-05-17,Shahdara APMC,189.5,1500.0,5,summer,nashik,44.2,26.7,0.0,19,38.7,24.0,0.4,45.0
2024-05-18,Shahdara APMC,340.25,1500.0,5,summer,nashik,44.3,27.2,0.0,20,37.1,24.6,0.8,46.0
2024-05-19,Shahdara APMC,362.4,1500.0,5,summer,nashik,45.4,27.8,0.0,16,34.3,23.9,0.6,57.0
2024-05-21,Shahdara APMC,389.88,1600.0,5,summer,nashik,43.0,28.7,0.0,27,37.6,24.2,0.0,42.0
2024-05-24,Shahdara APMC,412.8,1600.0,5,summer,nashik,40.8,30.7,0.0,35,39.5,23.5,0.1,48.0
2024-05-25,Shahdara APMC,51.1,1600.0,5,summer,nashik,44.8,30.8,0.0,27,39.3,24.5,0.0,49.0
2024-05-26,Shahdara APMC,316.65,1600.0,5,summer,nashik,46.3,29.3,0.0,18,39.6,24.9,0.0,46.0
2024-05-27,Shahdara APMC,221.5,1500.0,5,summer,nashik,46.0,29.9,0.0,20,40.6,24.1,0.0,45.0
2024-05-28,Shahdara APMC,170.8,1700.0,5,summer,nashik,46.4,28.6,0.0,16,40.7,24.9,0.0,41.0
2024-05-29,Shahdara APMC,302.3,1600.0,5,summer,nashik,46.0,31.1,0.0,18,40.0,26.1,0.0,52.0
2024-05-30,Shahdara APMC,287.65,1700.0,5,summer,nashik,46.3,32.6,0.0,16,39.0,25.3,0.0,48.0
2024-05-31,Shahdara APMC,365.55,1700.0,5,summer,nashik,46.1,28.2,0.0,14,37.2,24.5,0.0,60.0
2024-06-01,Shahdara APMC,280.0,1700.0,6,monsoon,nashik,44.5,30.4,0.0,17,36.5,25.0,0.0,64.0
2024-06-02,Shahdara APMC,330.6,1700.0,6,monsoon,nashik,41.9,30.6,0.0,25,34.0,25.3,0.3,69.0
2024-06-03,Shahdara APMC,422.64,1800.0,6,monsoon,nashik,44.7,29.6,0.0,24,35.2,24.8,0.0,66.0
2024-06-04,Shahdara APMC,300.1,2000.0,6,monsoon,nashik,43.5,30.8,0.0,18,34.8,23.7,0.0,67.0
2024-06-05,Shahdara APMC,296.4,1950.0,6,monsoon,nashik,41.9,31.0,0.0,23,36.1,23.5,0.0,65.0
2024-06-06,Shahdara APMC,503.15,1950.0,6,monsoon,nashik,41.0,27.6,0.0,31,36.7,23.7,0.0,61.0
2024-06-07,Shahdara APMC,429.65,2200.0,6,monsoon,nashik,42.4,28.5,0.0,31,36.4,23.7,0.0,62.0
2024-06-08,Shahdara APMC,314.15,2300.0,6,monsoon,nashik,40.1,27.9,0.0,28,36.3,24.2,0.0,59.0
2024-06-09,Shahdara APMC,458.25,2300.0,6,monsoon,nashik,42.5,27.7,0.0,23,35.1,24.2,2.4,62.0
2024-06-10,Shahdara APMC,374.0,2500.0,6,monsoon,nashik,43.2,28.1,0.0,18,33.3,24.3,6.6,69.0
2024-06-11,Shahdara APMC,263.25,1900.0,6,monsoon,nashik,43.5,28.9,0.0,19,33.9,24.5,3.8,71.0
2024-06-17,Shahdara APMC,186.5,2300.0,6,monsoon,nashik,44.4,33.8,0.0,24,29.6,23.6,4.5,84.0
2024-06-18,Shahdara APMC,182.6,2600.0,6,monsoon,nashik,44.4,34.1,0.0,24,30.3,23.3,1.9,82.0
2024-06-19,Shahdara APMC,114.5,2700.0,6,monsoon,nashik,41.1,34.4,1.4,35,30.2,23.1,1.3,81.0
2024-06-20,Shahdara APMC,307.65,3200.0,6,monsoon,nashik,38.8,25.6,2.4,46,29.0,22.5,0.9,81.0
2024-06-21,Shahdara APMC,282.3,2800.0,6,monsoon,nashik,38.0,25.3,1.5,54,31.0,22.8,4.4,79.0
2024-06-22,Shahdara APMC,508.45,2700.0,6,monsoon,nashik,38.1,29.6,0.0,54,32.1,22.8,5.2,77.0
2024-06-23,Shahdara APMC,542.6,2700.0,6,monsoon,nashik,39.2,30.0,0.0,52,31.5,23.2,13.4,82.0
2024-06-24,Shahdara APMC,415.25,2700.0,6,monsoon,nashik,39.2,30.9,0.7,55,29.2,23.0,6.4,85.0
2024-06-26,Shahdara APMC,263.5,2500.0,6,monsoon,nashik,33.9,27.3,11.3,75,27.5,22.9,6.8,89.0
2024-06-28,Shahdara APMC,483.15,2700.0,6,monsoon,nashik,30.9,25.9,14.3,86,30.2,22.9,0.8,82.0
2024-06-29,Shahdara APMC,276.05,2700.0,6,monsoon,nashik,32.6,26.6,7.9,82,29.9,23.0,20.6,87.0
2024-06-30,Shahdara APMC,79.0,3100.0,6,monsoon,nashik,34.7,26.6,12.7,78,29.6,22.7,19.8,88.0
2024-07-02,Shahdara APMC,355.1,2800.0,7,monsoon,nashik,33.6,26.3,15.6,84,29.6,23.1,6.3,86.0
2024-07-04,Shahdara APMC,480.45,3100.0,7,monsoon,nashik,31.7,25.6,7.2,84,26.6,22.9,14.6,91.0
2024-07-05,Shahdara APMC,278.2,3100.0,7,monsoon,nashik,30.1,26.3,1.0,86,28.2,22.7,2.6,88.0
2024-07-06,Shahdara APMC,313.6,3000.0,7,monsoon,nashik,32.7,26.0,0.8,83,26.9,22.8,5.7,91.0
2024-07-07,Shahdara APMC,263.65,3000.0,7,monsoon,nashik,33.4,25.7,0.2,78,26.1,22.3,11.3,92.0
2024-07-08,Shahdara APMC,479.85,3000.0,7,monsoon,nashik,33.0,25.2,0.1,78,27.2,22.5,6.9,90.0
2024-07-09,Shahdara APMC,261.2,2850.0,7,monsoon,nashik,32.6,26.1,11.7,82,27.3,22.4,3.3,92.0
2024-07-10,Shahdara APMC,227.1,3000.0,7,monsoon,nashik,34.1,26.7,9.3,81,26.8,22.7,3.9,90.0
2024-07-11,Shahdara APMC,111.85,2800.0,7,monsoon,nashik,36.4,27.2,1.3,78,26.6,22.4,5.3,90.0
2024-07-15,Shahdara APMC,200.7,3000.0,7,monsoon,nashik,33.1,25.1,2.6,78,29.5,21.8,24.7,89.0
2024-07-17,Shahdara APMC,317.15,2650.0,7,monsoon,nashik,34.5,28.1,0.0,78,26.5,21.4,26.1,92.0
2024-07-18,Shahdara APMC,283.6,2500.0,7,monsoon,nashik,34.6,27.6,3.4,78,26.4,22.7,14.0,91.0
2024-07-20,Shahdara APMC,352.84,2700.0,7,monsoon,nashik,35.1,27.1,0.2,77,26.4,22.2,1.5,90.0
2024-07-21,Shahdara APMC,403.35,2700.0,7,monsoon,nashik,34.9,27.3,1.7,79,27.7,22.2,3.2,87.0
2024-07-22,Shahdara APMC,271.45,2600.0,7,monsoon,nashik,34.7,27.7,5.9,79,28.9,22.1,3.7,86.0
2024-07-23,Shahdara APMC,132.5,2600.0,7,monsoon,nashik,34.8,27.1,5.2,81,27.6,22.0,4.5,90.0
2024-07-24,Shahdara APMC,197.3,2650.0,7,monsoon,nashik,33.6,26.6,8.0,82,26.2,22.9,5.8,90.0
2024-07-26,Shahdara APMC,261.5,2700.0,7,monsoon,nashik,33.3,27.7,10.2,81,26.3,22.6,4.8,90.0
2024-07-27,Shahdara APMC,308.5,2900.0,7,monsoon,nashik,34.3,28.2,2.3,79,26.1,22.9,8.7,92.0
2024-07-28,Shahdara APMC,173.9,2900.0,7,monsoon,nashik,35.4,29.0,4.0,76,24.1,22.7,22.2,94.0
2024-07-29,Shahdara APMC,259.0,2750.0,7,monsoon,nashik,36.4,28.4,0.1,70,24.4,23.0,21.1,94.0
2024-07-30,Shahdara APMC,266.25,2950.0,7,monsoon,nashik,37.4,29.3,0.0,67,24.3,22.7,39.1,94.0
2024-07-31,Shahdara APMC,251.7,3200.0,7,monsoon,nashik,37.4,27.0,97.6,77,24.3,22.1,29.6,92.0
2024-08-01,Shahdara APMC,239.2,3200.0,8,monsoon,nashik,31.4,25.8,31.0,84,25.9,22.3,6.6,90.0
2024-08-02,Shahdara APMC,381.95,3200.0,8,monsoon,nashik,32.2,25.7,3.3,84,25.4,22.5,7.2,91.0
2024-08-03,Shahdara APMC,353.1,2750.0,8,monsoon,nashik,32.3,26.2,1.4,83,25.1,22.6,17.5,93.0
2024-08-04,Shahdara APMC,271.2,2750.0,8,monsoon,nashik,33.7,26.8,0.1,76,26.4,22.6,18.0,90.0
2024-08-05,Shahdara APMC,366.45,3000.0,8,monsoon,nashik,32.7,26.6,0.8,78,27.2,22.1,3.6,90.0
2024-08-07,Shahdara APMC,373.2,2700.0,8,monsoon,nashik,30.0,25.8,14.9,86,26.8,22.7,6.1,90.0
2024-08-08,Shahdara APMC,429.8,3200.0,8,monsoon,nashik,31.7,25.8,9.6,86,25.8,22.1,10.3,89.0
2024-08-10,Shahdara APMC,212.3,2850.0,8,monsoon,nashik,31.3,25.1,12.4,86,24.6,22.3,17.8,93.0
2024-08-11,Shahdara APMC,206.3,2850.0,8,monsoon,nashik,31.4,25.7,17.2,88,26.1,22.4,3.9,90.0
2024-08-12,Shahdara APMC,419.15,3400.0,8,monsoon,nashik,29.9,25.8,11.7,90,26.9,22.3,3.2,87.0
2024-08-13,Shahdara APMC,138.6,3200.0,8,monsoon,nashik,30.5,25.5,7.0,89,27.4,22.4,3.2,86.0
2024-08-15,Shahdara APMC,89.5,3300.0,8,monsoon,nashik,32.3,26.3,11.7,86,24.6,22.1,2.5,91.0
2024-08-16,Shahdara APMC,787.9,3300.0,8,monsoon,nashik,32.4,25.7,10.6,87,27.8,22.0,3.9,87.0
2024-08-17,Shahdara APMC,334.59,3300.0,8,monsoon,nashik,31.9,25.9,8.2,85,26.2,22.2,2.1,86.0
2024-08-18,Shahdara APMC,191.4,3150.0,8,monsoon,nashik,32.8,26.3,4.5,84,26.7,22.1,5.5,88.0
2024-08-19,Shahdara APMC,156.8,3300.0,8,monsoon,nashik,33.0,26.6,1.3,82,28.3,21.9,3.4,83.0
2024-08-20,Shahdara APMC,230.0,3200.0,8,monsoon,nashik,31.6,26.4,6.5,86,28.4,21.4,1.3,84.0
2024-08-21,Shahdara APMC,249.0,3500.0,8,monsoon,nashik,32.0,25.4,1.5,84,28.5,21.8,1.7,84.0
2024-08-22,Shahdara APMC,203.1,3600.0,8,monsoon,nashik,32.7,24.8,6.2,85,28.4,21.7,1.8,83.0
2024-08-23,Shahdara APMC,261.95,3700.0,8,monsoon,nashik,31.2,24.8,0.4,86,29.6,21.3,2.7,84.0
2024-08-26,Shahdara APMC,312.3,4000.0,8,monsoon,nashik,32.1,26.2,4.5,83,27.8,22.7,28.7,92.0
2024-08-27,Shahdara APMC,272.2,3800.0,8,monsoon,nashik,31.4,24.5,12.8,85,29.3,21.7,17.5,89.0
2024-08-28,Shahdara APMC,227.12,3800.0,8,monsoon,nashik,30.5,24.4,8.5,86,29.5,22.2,23.9,90.0
2024-08-29,Shahdara APMC,395.05,3700.0,8,monsoon,nashik,31.1,24.6,28.6,86,28.5,22.8,10.8,89.0
2024-08-30,Shahdara APMC,350.07,3800.0,8,monsoon,nashik,31.4,25.2,7.2,87,24.5,22.0,21.2,94.0
2024-08-31,Shahdara APMC,306.9,4000.0,8,monsoon,nashik,33.4,26.0,0.0,80,24.0,21.9,27.0,93.0
2024-09-01,Shahdara APMC,322.7,4000.0,9,monsoon,nashik,33.7,26.0,0.0,77,24.1,21.1,20.7,94.0
2024-09-02,Shahdara APMC,350.2,3850.0,9,monsoon,nashik,31.6,25.2,7.0,84,25.3,20.6,6.8,92.0
2024-09-03,Shahdara APMC,330.0,3500.0,9,monsoon,nashik,31.8,25.5,18.5,86,24.8,21.2,10.3,94.0
2024-09-05,Shahdara APMC,225.6,3850.0,9,monsoon,nashik,31.7,25.0,2.9,84,27.3,21.8,1.7,89.0
2024-09-07,Shahdara APMC,226.8,3600.0,9,monsoon,nashik,30.3,24.3,27.0,87,27.8,21.4,0.5,84.0
2024-09-08,Shahdara APMC,161.6,3600.0,9,monsoon,nashik,31.4,24.6,9.9,87,23.6,21.3,19.8,94.0
2024-09-09,Shahdara APMC,397.54,4200.0,9,monsoon,nashik,32.8,25.6,3.1,81,26.3,21.5,4.1,90.0
2024-09-10,Shahdara APMC,314.7,3600.0,9,monsoon,nashik,30.5,24.9,10.4,89,26.8,22.1,2.4,87.0
2024-09-11,Shahdara APMC,272.8,4200.0,9,monsoon,nashik,31.6,25.4,27.7,89,26.1,22.3,8.0,90.0
2024-09-12,Shahdara APMC,294.95,4000.0,9,monsoon,nashik,27.5,24.1,100.9,89,27.2,22.4,4.6,88.0
2024-09-16,Shahdara APMC,260.0,4900.0,9,monsoon,nashik,32.4,23.7,0.0,74,27.7,22.1,1.6,85.0
2024-09-17,Shahdara APMC,286.9,4600.0,9,monsoon,nashik,31.7,23.7,0.0,76,27.8,22.0,1.6,86.0
2024-09-18,Shahdara APMC,66.7,4500.0,9,monsoon,nashik,28.1,23.1,48.4,86,26.2,21.7,0.9,88.0
2024-09-19,Shahdara APMC,123.1,4500.0,9,monsoon,nashik,29.8,23.0,3.3,85,26.1,21.3,2.0,85.0
2024-09-20,Shahdara APMC,173.88,4000.0,9,monsoon,nashik,31.4,24.2,0.1,81,25.8,20.7,2.3,87.0
2024-09-21,Shahdara APMC,305.55,4350.0,9,monsoon,nashik,31.8,25.0,0.3,79,26.2,20.7,1.3,86.0
2024-09-22,Shahdara APMC,346.0,4350.0,9,monsoon,nashik,33.2,25.7,0.0,78,28.1,20.6,0.4,81.0
2024-09-23,Shahdara APMC,328.5,4000.0,9,monsoon,nashik,33.5,25.2,0.0,79,27.6,19.1,1.0,82.0
2024-09-26,Shahdara APMC,394.8,3800.0,9,monsoon,nashik,31.4,25.3,0.4,82,28.6,20.9,1.3,85.0
2024-09-27,Shahdara APMC,458.1,4200.0,9,monsoon,nashik,31.0,25.0,1.3,81,28.9,21.3,0.2,82.0
2024-09-28,Shahdara APMC,187.1,4000.0,9,monsoon,nashik,30.6,23.1,0.0,81,28.7,21.2,3.6,86.0
2024-09-29,Shahdara APMC,172.7,4000.0,9,monsoon,nashik,30.8,22.9,0.2,83,28.3,22.4,10.0,89.0
2024-09-30,Shahdara APMC,100.4,4000.0,9,monsoon,nashik,33.0,23.6,0.0,78,29.8,21.9,12.4,88.0
2024-10-01,Shahdara APMC,100.4,4100.0,10,post_monsoon,nashik,33.6,23.9,0.0,77,27.9,22.0,39.5,92.0
2024-10-02,Shahdara APMC,79.0,4000.0,10,post_monsoon,nashik,35.2,24.8,0.0,73,24.8,22.3,50.2,94.0
2024-10-03,Shahdara APMC,342.75,4300.0,10,post_monsoon,nashik,34.4,24.3,0.0,67,24.8,22.0,11.3,94.0
2024-10-05,Shahdara APMC,185.5,3600.0,10,post_monsoon,nashik,34.1,24.1,0.0,67,27.8,21.5,1.3,89.0
2024-10-06,Shahdara APMC,227.3,3600.0,10,post_monsoon,nashik,34.2,23.6,0.0,65,28.5,21.3,1.7,87.0
2024-10-07,Shahdara APMC,212.05,4100.0,10,post_monsoon,nashik,32.9,22.3,0.0,68,30.9,21.1,0.2,82.0
2024-10-08,Shahdara APMC,247.75,4000.0,10,post_monsoon,nashik,33.2,22.2,0.0,68,31.0,21.5,2.5,83.0
2024-10-09,Shahdara APMC,161.4,4050.0,10,post_monsoon,nashik,32.9,20.9,0.0,64,29.7,22.1,0.4,84.0
2024-10-11,Shahdara APMC,235.0,3800.0,10,post_monsoon,nashik,32.5,19.3,0.0,52,29.1,20.7,0.2,81.0
2024-10-12,Shahdara APMC,207.2,3800.0,10,post_monsoon,nashik,32.8,19.3,0.0,56,29.0,20.2,2.2,82.0
2024-10-13,Shahdara APMC,225.7,3800.0,10,post_monsoon,nashik,32.8,19.9,0.0,53,30.2,21.5,0.2,74.0
2024-10-14,Shahdara APMC,343.45,3800.0,10,post_monsoon,nashik,32.4,21.0,0.0,54,30.4,21.1,0.0,68.0
2024-10-15,Shahdara APMC,457.5,3800.0,10,post_monsoon,nashik,32.7,19.3,0.0,55,29.2,22.1,9.1,83.0
2024-10-17,Shahdara APMC,324.45,3500.0,10,post_monsoon,nashik,33.7,21.1,0.0,59,28.4,21.5,12.3,89.0
2024-10-18,Shahdara APMC,360.7,3800.0,10,post_monsoon,nashik,34.1,20.9,0.0,60,29.1,21.4,7.1,88.0
2024-10-19,Shahdara APMC,264.5,4300.0,10,post_monsoon,nashik,34.4,21.8,0.0,60,29.3,21.3,5.7,88.0
2024-10-20,Shahdara APMC,271.95,4300.0,10,post_monsoon,nashik,33.6,21.3,0.0,64,29.4,20.9,2.3,87.0
2024-10-21,Shahdara APMC,211.36,4200.0,10,post_monsoon,nashik,32.8,21.1,0.0,66,29.3,21.1,0.4,85.0
2024-10-23,Shahdara APMC,321.89,4200.0,10,post_monsoon,nashik,32.8,20.5,0.0,61,27.1,21.7,0.0,84.0
2024-10-24,Shahdara APMC,294.05,4300.0,10,post_monsoon,nashik,33.1,20.2,0.0,59,29.6,22.3,6.4,83.0
2024-10-25,Shahdara APMC,172.95,4300.0,10,post_monsoon,nashik,32.7,19.0,0.0,59,29.0,21.3,14.9,89.0
2024-10-26,Shahdara APMC,150.65,3800.0,10,post_monsoon,nashik,32.0,19.3,0.0,62,27.3,20.8,19.7,90.0
2024-10-27,Shahdara APMC,281.4,3500.0,10,post_monsoon,nashik,31.6,20.5,0.0,70,27.7,20.3,12.2,88.0
2024-10-28,Shahdara APMC,228.56,4200.0,10,post_monsoon,nashik,31.9,21.3,0.0,68,28.9,20.3,0.9,86.0
2024-10-31,Shahdara APMC,355.72,3200.0,10,post_monsoon,nashik,33.3,21.1,0.0,61,29.4,18.2,0.0,65.0
2024-11-01,Shahdara APMC,171.13,4000.0,11,post_monsoon,nashik,32.7,19.4,0.0,52,29.5,17.5,0.0,70.0
2024-11-02,Shahdara APMC,343.75,5000.0,11,post_monsoon,nashik,32.0,17.9,0.0,55,30.5,17.2,0.0,68.0
2024-11-03,Shahdara APMC,141.55,4500.0,11,post_monsoon,nashik,31.7,18.5,0.0,56,31.4,18.1,0.0,67.0
2024-11-04,Shahdara APMC,159.25,4000.0,11,post_monsoon,nashik,30.7,17.4,0.0,64,31.0,19.8,0.0,64.0
2024-11-07,Shahdara APMC,119.45,4000.0,11,post_monsoon,nashik,30.2,19.5,0.0,66,30.4,19.5,0.0,62.0
2024-11-08,Shahdara APMC,163.74,4300.0,11,post_monsoon,nashik,30.6,19.5,0.0,65,30.1,18.3,0.0,58.0
2024-11-09,Shahdara APMC,213.81,3000.0,11,post_monsoon,nashik,31.0,20.0,0.0,65,30.4,18.1,0.0,63.0
2024-11-10,Shahdara APMC,454.25,4300.0,11,post_monsoon,nashik,30.6,19.5,0.0,70,30.2,18.5,0.0,61.0
2024-11-11,Shahdara APMC,429.43,4200.0,11,post_monsoon,nashik,29.9,19.3,0.0,73,29.8,18.3,0.0,61.0
2024-11-12,Shahdara APMC,234.68,4500.0,11,post_monsoon,nashik,31.5,19.7,0.0,60,30.5,18.2,0.0,57.0
2024-11-13,Shahdara APMC,231.19,4500.0,11,post_monsoon,nashik,30.1,18.7,0.0,58,29.7,15.9,0.0,60.0
2024-11-15,Shahdara APMC,202.75,4200.0,11,post_monsoon,nashik,29.1,18.3,0.0,53,29.5,16.5,0.0,59.0
2024-11-16,Shahdara APMC,160.1,3500.0,11,post_monsoon,nashik,28.8,17.4,0.0,58,29.1,16.4,0.0,54.0
2024-11-17,Shahdara APMC,57.15,3500.0,11,post_monsoon,nashik,28.4,17.6,0.0,60,28.7,15.9,0.0,54.0
2024-11-18,Shahdara APMC,292.85,3300.0,11,post_monsoon,nashik,26.4,15.6,0.0,61,28.7,15.9,0.0,55.0
2024-11-19,Shahdara APMC,286.44,4000.0,11,post_monsoon,nashik,25.9,13.7,0.0,54,29.4,16.5,0.0,50.0
2024-11-20,Shahdara APMC,356.25,4000.0,11,post_monsoon,nashik,26.0,13.2,0.0,52,30.1,17.4,0.0,55.0
2024-11-21,Shahdara APMC,233.94,3800.0,11,post_monsoon,nashik,25.8,13.1,0.0,53,30.9,19.6,0.0,57.0
2024-11-22,Shahdara APMC,270.1,3800.0,11,post_monsoon,nashik,26.3,13.7,0.0,56,31.4,19.6,0.0,57.0
2024-11-23,Shahdara APMC,151.28,3500.0,11,post_monsoon,nashik,27.5,14.2,0.0,54,30.3,19.1,0.0,55.0
2024-11-24,Shahdara APMC,152.4,3500.0,11,post_monsoon,nashik,27.7,15.7,0.0,50,29.0,17.6,0.0,49.0
2024-11-25,Shahdara APMC,218.15,3500.0,11,post_monsoon,nashik,25.9,14.9,0.0,59,28.2,16.3,0.0,50.0
2024-11-26,Shahdara APMC,173.4,2800.0,11,post_monsoon,nashik,25.6,13.6,0.0,57,27.8,16.1,0.0,51.0
2024-11-27,Shahdara APMC,181.35,3800.0,11,post_monsoon,nashik,25.9,13.2,0.0,52,28.2,16.1,0.0,53.0
2024-11-29,Shahdara APMC,107.5,4000.0,11,post_monsoon,nashik,24.4,12.2,0.0,63,29.1,16.0,0.0,53.0
2024-11-30,Shahdara APMC,220.59,3500.0,11,post_monsoon,nashik,24.8,12.2,0.0,63,28.4,16.3,0.0,55.0
2024-12-01,Shahdara APMC,185.88,3500.0,12,winter,nashik,24.8,14.0,0.0,63,27.9,15.4,0.0,52.0
2024-12-02,Shahdara APMC,222.8,3500.0,12,winter,nashik,25.7,13.4,0.0,61,27.8,14.7,0.0,49.0
2024-12-03,Shahdara APMC,211.0,3000.0,12,winter,nashik,26.4,13.3,0.0,58,27.2,14.3,0.0,48.0
2024-12-04,Shahdara APMC,225.1,4000.0,12,winter,nashik,25.6,15.1,0.0,50,27.6,14.6,0.0,42.0
2024-12-05,Shahdara APMC,198.55,2000.0,12,winter,nashik,23.6,11.6,0.0,46,27.0,14.1,0.0,45.0
2024-12-06,Shahdara APMC,265.85,4000.0,12,winter,nashik,23.6,11.1,0.0,48,27.1,13.7,0.0,48.0
2024-12-10,Shahdara APMC,207.73,3500.0,12,winter,nashik,20.2,9.5,0.0,54,29.8,21.4,0.3,72.0
2024-12-11,Shahdara APMC,212.98,3000.0,12,winter,nashik,20.3,8.1,0.0,48,29.8,20.4,0.8,76.0
2024-12-12,Shahdara APMC,373.82,4200.0,12,winter,nashik,20.6,7.2,0.0,53,30.9,20.5,0.0,71.0
2024-12-13,Shahdara APMC,220.15,3000.0,12,winter,nashik,20.5,9.1,0.0,48,29.6,18.2,0.0,61.0
2024-12-14,Shahdara APMC,258.73,3000.0,12,winter,nashik,20.7,8.5,0.0,45,27.7,15.0,0.0,49.0
2024-12-15,Shahdara APMC,241.65,3000.0,12,winter,nashik,20.7,7.0,0.0,54,26.0,13.0,0.0,49.0
2024-12-16,Shahdara APMC,278.44,2500.0,12,winter,nashik,20.9,6.6,0.0,70,25.9,12.8,0.0,51.0
2024-12-17,Shahdara APMC,272.55,1500.0,12,winter,nashik,20.4,7.3,0.0,75,27.6,13.9,0.0,57.0
2024-12-19,Shahdara APMC,417.65,1500.0,12,winter,nashik,21.1,7.7,0.0,63,26.1,14.2,0.0,57.0
2024-12-20,Shahdara APMC,488.8,1300.0,12,winter,nashik,23.0,9.9,0.0,65,26.1,12.7,0.0,52.0
2024-12-21,Shahdara APMC,418.8,1500.0,12,winter,nashik,22.1,8.7,0.0,66,26.8,13.0,0.0,49.0
2024-12-22,Shahdara APMC,240.5,1500.0,12,winter,nashik,22.6,9.9,0.0,61,27.3,13.1,0.0,44.0
2024-12-23,Shahdara APMC,246.85,1500.0,12,winter,nashik,18.2,11.3,0.6,68,28.7,12.9,0.0,45.0
2024-12-25,Shahdara APMC,221.17,1500.0,12,winter,nashik,20.6,10.1,0.0,78,29.1,13.0,0.0,47.0
2024-12-26,Shahdara APMC,137.45,1500.0,12,winter,nashik,22.5,9.7,0.0,70,28.4,14.9,0.0,59.0
2024-12-27,Shahdara APMC,218.75,1700.0,12,winter,nashik,16.8,14.1,31.9,85,29.1,15.9,0.0,62.0
2024-12-28,Shahdara APMC,140.0,1500.0,12,winter,nashik,18.2,12.1,2.9,89,28.1,15.1,0.0,77.0
2024-12-29,Shahdara APMC,315.0,1500.0,12,winter,nashik,18.4,10.7,0.0,86,26.8,17.6,0.2,77.0
2024-12-30,Shahdara APMC,130.6,1800.0,12,winter,nashik,18.3,9.5,0.0,87,26.9,16.8,0.0,70.0
2025-01-17,Shahdara APMC,97.65,2000.0,1,winter,nashik,19.0,8.7,0.0,81,28.2,14.7,0.0,58.0
2025-01-18,Shahdara APMC,251.0,2300.0,1,winter,nashik,17.8,7.6,0.0,88,28.2,15.4,0.0,61.0
2025-01-19,Shahdara APMC,277.55,2300.0,1,winter,nashik,21.2,8.7,0.0,86,27.7,15.5,0.0,67.0
2025-01-20,Shahdara APMC,191.3,1800.0,1,winter,nashik,22.0,11.2,0.0,83,29.8,15.1,0.0,63.0
2025-01-21,Shahdara APMC,181.95,2400.0,1,winter,nashik,21.9,10.4,0.0,80,30.5,18.6,0.0,60.0
2025-01-23,Shahdara APMC,205.3,2300.0,1,winter,nashik,22.1,11.6,0.8,71,28.6,17.1,0.0,64.0
2025-01-24,Shahdara APMC,588.9,2400.0,1,winter,nashik,21.0,10.2,0.0,68,28.5,16.3,0.0,54.0
2025-01-25,Shahdara APMC,230.45,2400.0,1,winter,nashik,20.8,9.0,0.0,65,29.7,15.5,0.0,50.0
2025-01-26,Shahdara APMC,137.6,2400.0,1,winter,nashik,21.2,7.9,0.0,65,29.9,15.9,0.0,50.0
2025-01-27,Shahdara APMC,380.5,2400.0,1,winter,nashik,21.5,7.3,0.0,65,30.4,15.9,0.0,49.0
2025-01-28,Shahdara APMC,142.08,2400.0,1,winter,nashik,22.7,7.8,0.0,60,31.4,16.5,0.0,51.0
2025-01-29,Shahdara APMC,299.9,2400.0,1,winter,nashik,24.5,9.6,0.0,62,30.7,17.0,0.0,53.0
2025-02-03,Shahdara APMC,244.05,2200.0,2,winter,nashik,22.8,10.5,1.0,67,33.8,18.3,0.0,45.0
2025-02-05,Shahdara APMC,98.4,2300.0,2,winter,nashik,21.3,11.8,0.4,71,33.0,17.2,0.0,40.0
2025-02-07,Shahdara APMC,168.3,2600.0,2,winter,nashik,20.9,10.4,0.0,55,31.0,16.1,0.0,39.0
2025-02-08,Shahdara APMC,251.1,2200.0,2,winter,nashik,23.2,10.8,0.0,55,31.9,16.8,0.0,41.0
2025-02-09,Shahdara APMC,269.8,2200.0,2,winter,nashik,25.2,10.2,0.0,60,32.6,18.9,0.0,43.0
2025-02-10,Shahdara APMC,232.15,2400.0,2,winter,nashik,27.4,11.4,0.0,60,32.1,18.2,0.0,41.0
2025-02-12,Shahdara APMC,217.65,2500.0,2,winter,nashik,25.3,13.6,0.0,52,30.9,17.2,0.0,46.0
2025-02-13,Shahdara APMC,352.75,2500.0,2,winter,nashik,23.5,13.5,0.0,48,32.6,17.8,0.0,48.0
2025-02-14,Shahdara APMC,338.5,2600.0,2,winter,nashik,24.7,12.3,0.0,43,33.2,18.5,0.0,47.0
2025-02-15,Shahdara APMC,319.25,2600.0,2,winter,nashik,25.3,13.0,0.0,49,33.4,19.5,0.0,44.0
2025-02-16,Shahdara APMC,368.8,2600.0,2,winter,nashik,27.2,13.2,0.0,53,33.9,20.2,0.0,36.0
2025-02-17,Shahdara APMC,367.45,2500.0,2,winter,nashik,28.8,15.5,0.0,54,33.6,19.3,0.0,35.0
2025-02-18,Shahdara APMC,343.7,2500.0,2,winter,nashik,26.4,16.3,0.0,55,32.8,16.4,0.0,34.0
2025-02-20,Shahdara APMC,178.4,2800.0,2,winter,nashik,24.0,15.1,5.0,69,32.2,16.9,0.0,38.0
2025-02-21,Shahdara APMC,142.4,2400.0,2,winter,nashik,24.7,13.6,0.3,73,33.6,18.0,0.0,31.0
2025-02-22,Shahdara APMC,293.4,2300.0,2,winter,nashik,23.6,13.4,0.0,69,33.4,18.2,0.0,28.0
2025-02-23,Shahdara APMC,344.85,2300.0,2,winter,nashik,24.9,13.0,0.0,65,34.1,19.2,0.0,28.0
2025-02-24,Shahdara APMC,530.15,2300.0,2,winter,nashik,26.6,13.0,0.0,60,34.2,19.4,0.0,33.0
2025-03-07,Shahdara APMC,405.2,2700.0,3,summer,nashik,28.6,12.4,0.0,44,35.8,21.9,0.0,34.0
2025-03-08,Shahdara APMC,344.95,2000.0,3,summer,nashik,30.2,14.4,0.0,43,34.3,20.9,0.0,31.0
2025-03-09,Shahdara APMC,476.75,2000.0,3,summer,nashik,32.6,17.1,0.0,42,35.3,20.3,0.0,28.0
2025-03-10,Shahdara APMC,501.2,1600.0,3,summer,nashik,32.4,19.6,0.0,43,35.0,20.3,0.0,31.0
2025-03-11,Shahdara APMC,377.15,1800.0,3,summer,nashik,34.5,20.3,0.0,46,33.0,19.4,0.0,25.0
2025-03-12,Shahdara APMC,595.25,1900.0,3,summer,nashik,32.9,19.5,0.0,50,34.2,16.6,0.0,18.0
2025-03-14,Shahdara APMC,136.1,1900.0,3,summer,nashik,34.1,19.6,0.0,48,36.1,19.2,0.0,20.0
2025-03-15,Shahdara APMC,251.9,1900.0,3,summer,nashik,31.2,19.1,0.3,52,36.1,20.9,0.0,24.0
2025-03-16,Shahdara APMC,312.6,1800.0,3,summer,nashik,29.9,18.2,0.0,49,36.4,21.7,0.0,27.0
2025-03-17,Shahdara APMC,287.1,2000.0,3,summer,nashik,28.4,17.1,0.0,45,37.0,22.6,0.0,29.0
2025-03-19,Shahdara APMC,175.65,1600.0,3,summer,nashik,32.1,17.9,0.0,39,37.4,22.7,0.0,28.0
2025-03-20,Shahdara APMC,253.1,1600.0,3,summer,nashik,32.8,18.8,0.0,34,36.4,22.1,0.0,21.0
2025-03-21,Shahdara APMC,252.8,1800.0,3,summer,nashik,32.0,18.9,0.0,33,37.5,22.0,0.0,23.0
2025-03-22,Shahdara APMC,222.05,1800.0,3,summer,nashik,31.4,18.0,0.0,33,36.0,22.7,0.0,25.0
2025-03-23,Shahdara APMC,272.6,1700.0,3,summer,nashik,32.9,19.0,0.0,34,34.7,23.2,0.0,26.0
2025-03-24,Shahdara APMC,302.2,1600.0,3,summer,nashik,34.3,20.0,0.0,32,36.7,20.6,0.0,28.0
2025-03-31,Shahdara APMC,28.5,1800.0,3,summer,nashik,34.2,17.5,0.0,21,37.1,21.9,0.0,26.0
2025-04-01,Shahdara APMC,198.4,1500.0,4,summer,nashik,33.8,19.1,0.0,19,37.2,22.1,0.0,31.0
2025-04-03,Shahdara APMC,116.25,1400.0,4,summer,nashik,37.9,20.5,0.0,18,37.4,20.9,0.0,36.0
2025-04-04,Shahdara APMC,161.6,1400.0,4,summer,nashik,37.2,22.3,0.0,17,37.9,23.4,0.0,18.0
2025-04-05,Shahdara APMC,146.3,1400.0,4,summer,nashik,35.5,21.8,0.0,22,39.0,24.1,0.0,18.0
2025-04-06,Shahdara APMC,333.95,1400.0,4,summer,nashik,38.3,21.8,0.0,22,38.8,26.8,0.0,19.0
2025-04-07,Shahdara APMC,268.25,1500.0,4,summer,nashik,40.3,24.4,0.0,23,38.3,25.4,0.1,25.0
2025-04-08,Shahdara APMC,410.05,1400.0,4,summer,nashik,40.2,25.7,0.0,23,37.1,24.4,1.2,40.0
2025-04-10,Shahdara APMC,471.55,1300.0,4,summer,nashik,38.9,27.1,0.6,32,35.3,21.6,0.0,54.0
2025-04-14,Shahdara APMC,283.95,1500.0,4,summer,nashik,35.9,23.0,0.0,40,40.3,24.7,0.0,16.0
2025-04-16,Shahdara APMC,173.95,1400.0,4,summer,nashik,38.6,26.5,0.0,32,37.5,23.6,0.0,34.0
2025-04-18,Shahdara APMC,318.2,1200.0,4,summer,nashik,41.4,26.2,0.0,40,35.5,20.9,0.0,53.0
2025-04-22,Shahdara APMC,227.45,1100.0,4,summer,nashik,39.7,24.4,0.0,10,38.3,23.8,0.0,30.0
2025-04-24,Shahdara APMC,220.85,1000.0,4,summer,nashik,40.7,24.2,0.0,11,38.6,23.0,0.0,37.0
2025-04-25,Shahdara APMC,339.9,1000.0,4,summer,nashik,41.4,25.5,0.0,13,37.7,24.6,0.0,33.0
2025-04-26,Shahdara APMC,397.75,1000.0,4,summer,nashik,42.4,26.3,0.0,13,36.9,22.6,0.0,37.0
2025-04-27,Shahdara APMC,520.0,1000.0,4,summer,nashik,41.3,29.0,0.0,14,38.5,22.5,0.0,36.0
2025-04-28,Shahdara APMC,417.75,1000.0,4,summer,nashik,41.4,26.7,0.0,20,41.2,24.2,0.0,27.0
2025-04-29,Shahdara APMC,316.2,1100.0,4,summer,nashik,37.9,25.3,0.0,34,39.9,24.5,0.0,23.0
2025-04-30,Shahdara APMC,291.95,1100.0,4,summer,nashik,37.3,26.7,0.1,36,39.3,25.5,0.0,26.0
2025-05-01,Shahdara APMC,446.55,1100.0,5,summer,nashik,37.7,26.4,0.0,36,38.4,24.0,0.0,29.0
2025-05-02,Shahdara APMC,377.05,1200.0,5,summer,nashik,28.8,21.8,14.6,66,37.6,24.3,0.0,29.0
2025-05-04,Shahdara APMC,289.75,1100.0,5,summer,nashik,34.7,24.9,0.5,49,38.6,22.9,0.0,36.0
2025-05-07,Shahdara APMC,295.05,1100.0,5,summer,nashik,32.1,23.7,2.7,65,39.8,25.6,0.0,28.0
2025-05-08,Shahdara APMC,331.7,1000.0,5,summer,nashik,31.8,23.6,4.1,65,39.4,24.7,0.0,25.0
2025-05-09,Shahdara APMC,380.55,1000.0,5,summer,nashik,37.5,24.8,0.8,50,37.1,23.7,0.0,36.0
2025-05-10,Shahdara APMC,304.25,1000.0,5,summer,nashik,37.5,26.2,6.7,54,34.0,21.9,0.0,58.0
2025-05-12,Shahdara APMC,547.8,1000.0,5,summer,nashik,39.8,25.6,0.0,33,33.7,21.7,0.5,65.0
2025-05-13,Shahdara APMC,488.25,1200.0,5,summer,nashik,41.4,28.8,0.0,24,32.6,21.4,0.8,68.0
2025-05-14,Shahdara APMC,418.4,1000.0,5,summer,nashik,41.3,28.5,0.0,22,30.8,21.4,3.8,74.0
2025-05-15,Shahdara APMC,401.45,1000.0,5,summer,nashik,41.9,29.7,0.0,22,31.6,20.7,2.2,70.0
2025-05-16,Shahdara APMC,473.49,1200.0,5,summer,nashik,42.8,28.4,0.0,24,34.4,21.7,0.0,68.0
2025-05-17,Shahdara APMC,463.05,1200.0,5,summer,nashik,43.0,29.4,0.0,30,35.3,22.3,1.4,67.0
2025-05-19,Shahdara APMC,254.35,1000.0,5,summer,nashik,41.8,28.7,0.0,45,33.7,23.0,12.7,77.0
2025-05-22,Shahdara APMC,222.85,1000.0,5,summer,nashik,37.4,25.1,0.0,55,31.9,23.0,19.6,84.0
2025-05-23,Shahdara APMC,160.95,1200.0,5,summer,nashik,38.6,26.7,0.0,51,31.6,23.1,4.3,80.0
2025-05-24,Shahdara APMC,277.85,1100.0,5,summer,nashik,38.0,28.9,0.0,47,32.6,22.9,4.1,78.0
2025-05-27,Shahdara APMC,168.5,1000.0,5,summer,nashik,36.3,26.4,0.0,62,30.1,22.8,7.3,78.0
2025-05-28,Shahdara APMC,441.55,1000.0,5,summer,nashik,39.6,27.7,0.0,54,28.1,22.5,2.4,82.0
2025-05-30,Shahdara APMC,328.15,1100.0,5,summer,nashik,36.4,28.6,0.0,41,27.2,23.5,1.7,81.0
2025-05-31,Shahdara APMC,325.5,1100.0,5,summer,nashik,41.3,27.5,0.8,40,30.7,23.4,16.9,83.0
2025-06-01,Shahdara APMC,240.1,900.0,6,monsoon,nashik,37.3,27.3,3.1,47,33.1,23.8,3.3,80.0
2025-06-02,Shahdara APMC,229.5,1100.0,6,monsoon,nashik,37.5,24.8,0.3,44,30.3,23.4,2.8,84.0
2025-06-03,Shahdara APMC,380.4,1200.0,6,monsoon,nashik,35.1,26.8,0.2,44,29.0,22.6,2.6,87.0
2025-06-04,Shahdara APMC,334.15,1000.0,6,monsoon,nashik,36.7,25.3,0.5,55,31.9,23.4,2.3,81.0
2025-06-05,Shahdara APMC,311.2,1200.0,6,monsoon,nashik,37.2,24.1,0.1,49,31.1,23.7,0.0,77.0
2025-06-06,Shahdara APMC,280.7,1000.0,6,monsoon,nashik,38.7,26.3,0.0,40,30.7,23.7,0.8,79.0
2025-06-07,Shahdara APMC,109.9,1100.0,6,monsoon,nashik,41.7,28.4,0.0,36,30.0,22.4,0.9,80.0
2025-06-08,Shahdara APMC,480.9,1100.0,6,monsoon,nashik,43.0,29.9,0.0,35,30.0,22.2,0.3,79.0
2025-06-09,Shahdara APMC,206.2,1200.0,6,monsoon,nashik,43.8,30.2,0.0,28,29.3,21.7,0.7,80.0
2025-06-11,Shahdara APMC,246.8,1400.0,6,monsoon,nashik,43.4,30.9,0.0,32,30.8,21.3,1.0,78.0
2025-06-12,Shahdara APMC,483.3,1200.0,6,monsoon,nashik,43.6,31.6,0.6,44,32.0,21.5,6.7,79.0
2025-06-13,Shahdara APMC,421.77,1200.0,6,monsoon,nashik,41.2,31.9,0.0,47,30.8,22.5,1.7,81.0
2025-06-14,Shahdara APMC,203.65,1000.0,6,monsoon,nashik,43.3,31.0,0.0,46,31.3,23.1,1.0,78.0
2025-06-16,Shahdara APMC,198.65,1200.0,6,monsoon,nashik,32.5,25.2,21.2,78,31.6,22.8,0.0,74.0
2025-06-17,Shahdara APMC,314.9,1200.0,6,monsoon,nashik,34.0,25.4,17.6,80,32.1,23.2,0.0,75.0
2025-06-18,Shahdara APMC,260.95,1500.0,6,monsoon,nashik,33.3,24.2,4.9,77,33.2,24.5,8.1,79.0
2025-06-19,Shahdara APMC,391.7,1250.0,6,monsoon,nashik,32.9,27.3,0.1,76,30.1,23.3,44.4,87.0
2025-06-20,Shahdara APMC,327.55,1200.0,6,monsoon,nashik,32.0,25.8,1.8,83,32.3,23.0,36.9,86.0
2025-06-21,Shahdara APMC,282.25,1200.0,6,monsoon,nashik,35.3,26.4,1.4,75,29.7,23.2,2.8,84.0
2025-06-23,Shahdara APMC,334.9,1300.0,6,monsoon,nashik,36.9,28.3,0.4,68,27.5,22.0,5.6,88.0
2025-06-24,Shahdara APMC,449.0,1200.0,6,monsoon,nashik,37.1,27.9,0.6,71,27.6,22.2,20.9,91.0
2025-06-25,Shahdara APMC,326.9,1700.0,6,monsoon,nashik,32.4,26.9,14.0,83,24.9,21.9,17.6,93.0
2025-06-27,Shahdara APMC,327.95,1500.0,6,monsoon,nashik,33.8,27.8,2.2,75,26.2,21.8,6.8,89.0
2025-06-28,Shahdara APMC,483.93,1500.0,6,monsoon,nashik,36.7,25.9,5.0,72,26.9,21.9,5.3,90.0
2025-06-29,Shahdara APMC,332.2,1400.0,6,monsoon,nashik,33.8,26.3,13.9,78,25.8,22.0,8.6,92.0
2025-06-30,Shahdara APMC,418.2,1600.0,6,monsoon,nashik,32.1,25.5,23.3,87,25.2,22.2,14.9,92.0
2025-07-01,Shahdara APMC,301.65,1200.0,7,monsoon,nashik,33.4,25.1,11.0,83,27.2,22.1,6.3,89.0
2025-07-03,Shahdara APMC,265.9,1300.0,7,monsoon,nashik,33.4,26.9,0.5,78,25.3,22.0,7.5,93.0
2025-07-04,Shahdara APMC,373.1,1500.0,7,monsoon,nashik,34.4,26.9,0.4,77,26.0,21.3,10.6,91.0
2025-07-05,Shahdara APMC,270.7,1600.0,7,monsoon,nashik,35.9,26.4,4.1,75,24.9,22.0,9.4,92.0
2025-07-06,Shahdara APMC,388.9,1400.0,7,monsoon,nashik,35.8,27.1,8.3,74,26.6,21.6,5.1,90.0
2025-07-07,Shahdara APMC,352.4,1400.0,7,monsoon,nashik,33.4,26.1,14.1,83,26.0,22.1,7.2,91.0
2025-07-08,Shahdara APMC,270.65,1400.0,7,monsoon,nashik,34.3,27.2,0.1,76,26.1,22.2,9.6,90.0
2025-07-09,Shahdara APMC,350.0,1600.0,7,monsoon,nashik,32.0,27.0,9.3,81,26.7,21.5,7.7,89.0
2025-07-10,Shahdara APMC,318.55,1800.0,7,monsoon,nashik,29.9,26.0,2.2,85,25.5,21.7,5.8,92.0
2025-07-11,Shahdara APMC,491.72,1800.0,7,monsoon,nashik,31.9,25.9,0.8,81,26.6,22.3,11.4,91.0
2025-07-12,Shahdara APMC,149.5,1500.0,7,monsoon,nashik,33.9,26.5,2.6,79,24.0,22.1,22.2,94.0
2025-07-13,Shahdara APMC,318.2,1300.0,7,monsoon,nashik,32.7,26.5,17.5,86,23.4,21.8,7.9,94.0
2025-07-14,Shahdara APMC,426.25,1300.0,7,monsoon,nashik,30.9,26.1,16.9,84,25.6,21.7,5.9,92.0
2025-07-17,Shahdara APMC,235.3,1700.0,7,monsoon,nashik,31.2,26.9,2.1,82,27.9,22.2,1.9,86.0
2025-07-23,Shahdara APMC,213.8,1500.0,7,monsoon,nashik,33.5,27.2,4.0,78,28.9,22.3,0.6,83.0
2025-07-27,Shahdara APMC,290.4,1500.0,7,monsoon,nashik,36.7,29.2,1.3,67,27.1,22.3,19.4,91.0
2025-07-28,Shahdara APMC,198.95,1700.0,7,monsoon,nashik,37.5,28.6,0.4,65,26.8,22.3,2.0,88.0
2025-07-29,Shahdara APMC,240.25,1600.0,7,monsoon,nashik,32.4,27.5,7.3,81,26.3,22.2,6.7,89.0
2025-07-31,Shahdara APMC,254.85,1400.0,7,monsoon,nashik,31.5,25.5,22.2,88,25.6,22.4,13.2,92.0
2025-08-01,Shahdara APMC,454.3,1400.0,8,monsoon,nashik,32.0,25.7,6.8,85,25.0,22.4,9.3,93.0
2025-08-02,Shahdara APMC,423.55,1400.0,8,monsoon,nashik,32.8,26.1,1.8,78,24.5,22.0,13.9,92.0
2025-08-03,Shahdara APMC,318.65,1500.0,8,monsoon,nashik,33.3,27.0,0.5,77,25.3,21.8,8.5,91.0
2025-08-04,Shahdara APMC,171.65,1500.0,8,monsoon,nashik,31.3,26.2,0.6,81,24.4,21.8,8.4,93.0
2025-08-05,Shahdara APMC,308.2,1500.0,8,monsoon,nashik,29.9,27.1,9.0,84,25.7,22.2,2.2,91.0
2025-08-06,Shahdara APMC,297.65,1400.0,8,monsoon,nashik,32.2,26.4,0.7,80,27.0,22.0,2.5,89.0
2025-08-07,Shahdara APMC,631.5,1400.0,8,monsoon,nashik,34.1,26.2,0.0,72,27.3,21.8,2.3,86.0
2025-08-08,Shahdara APMC,419.15,1400.0,8,monsoon,nashik,33.3,26.6,0.0,70,27.3,22.0,2.2,87.0
2025-08-09,Shahdara APMC,502.65,1500.0,8,monsoon,nashik,30.9,26.4,10.8,84,27.8,21.7,1.8,85.0
2025-08-10,Shahdara APMC,421.03,1500.0,8,monsoon,nashik,32.5,26.2,1.2,82,28.1,21.9,0.9,84.0
2025-08-15,Shahdara APMC,65.8,1700.0,8,monsoon,nashik,31.8,25.4,2.3,85,27.5,21.9,1.2,86.0
2025-08-16,Shahdara APMC,475.9,1600.0,8,monsoon,nashik,31.2,26.5,9.9,87,27.8,21.7,1.7,86.0
2025-08-17,Shahdara APMC,275.5,1700.0,8,monsoon,nashik,32.2,27.4,2.8,86,27.5,21.7,1.9,87.0
2025-08-18,Shahdara APMC,224.19,1500.0,8,monsoon,nashik,32.0,27.3,11.6,83,27.2,21.7,1.9,85.0
2025-08-20,Shahdara APMC,261.9,1700.0,8,monsoon,nashik,32.7,26.8,5.7,78,27.3,22.0,10.9,89.0
2025-08-21,Shahdara APMC,345.55,1800.0,8,monsoon,nashik,33.8,25.3,15.2,76,27.1,21.9,8.8,90.0
2025-08-24,Shahdara APMC,663.3,1400.0,8,monsoon,nashik,31.4,26.1,14.8,86,26.8,22.0,20.7,93.0
2025-08-25,Shahdara APMC,646.6,1500.0,8,monsoon,nashik,29.5,24.7,11.6,88,26.7,22.1,22.7,93.0
2025-08-26,Shahdara APMC,179.5,1400.0,8,monsoon,nashik,30.1,25.3,6.1,88,23.8,22.3,10.0,93.0
2025-08-27,Shahdara APMC,266.2,1400.0,8,monsoon,nashik,32.7,25.4,1.1,85,26.3,22.0,9.8,91.0
2025-08-28,Shahdara APMC,338.55,1400.0,8,monsoon,nashik,32.6,25.7,10.3,85,25.8,21.8,5.7,89.0
2025-08-29,Shahdara APMC,316.3,1500.0,8,monsoon,nashik,31.7,25.1,9.1,87,25.0,21.3,7.2,90.0
2025-08-30,Shahdara APMC,257.15,1600.0,8,monsoon,nashik,31.9,26.2,3.3,83,25.7,21.4,6.9,90.0
2025-08-31,Shahdara APMC,256.1,1400.0,8,monsoon,nashik,30.2,24.7,14.8,90,23.7,21.4,13.8,94.0
2025-09-01,Shahdara APMC,259.3,1400.0,9,monsoon,nashik,29.1,24.3,31.6,92,27.0,21.8,7.0,90.0
2025-09-05,Shahdara APMC,478.8,1500.0,9,monsoon,nashik,31.2,25.6,5.2,84,27.3,21.7,4.8,89.0
2025-09-06,Shahdara APMC,479.75,1400.0,9,monsoon,nashik,31.6,24.6,9.3,85,27.2,21.7,1.9,88.0
2025-09-07,Shahdara APMC,389.9,1400.0,9,monsoon,nashik,32.1,24.9,4.3,85,25.2,22.0,6.4,91.0
2025-09-08,Shahdara APMC,355.8,1600.0,9,monsoon,nashik,32.1,25.2,0.7,82,26.6,21.8,1.6,87.0
2025-09-09,Shahdara APMC,379.7,1400.0,9,monsoon,nashik,32.5,25.9,0.5,76,26.4,21.9,3.2,87.0
2025-09-10,Shahdara APMC,287.35,1500.0,9,monsoon,nashik,33.3,25.7,0.0,73,24.6,21.2,10.2,92.0
2025-09-12,Shahdara APMC,710.0,1300.0,9,monsoon,nashik,33.9,25.0,0.2,65,24.0,20.9,43.4,94.0
2025-09-13,Shahdara APMC,244.8,1300.0,9,monsoon,nashik,35.6,26.8,0.3,58,25.7,20.9,6.5,90.0
2025-09-14,Shahdara APMC,264.55,1300.0,9,monsoon,nashik,36.6,27.7,0.0,54,26.6,20.8,2.1,88.0
2025-09-15,Shahdara APMC,290.6,1200.0,9,monsoon,nashik,36.8,28.0,0.0,52,28.1,20.3,0.1,83.0
2025-09-16,Shahdara APMC,382.0,1300.0,9,monsoon,nashik,37.0,27.8,0.0,54,28.7,19.4,1.4,81.0
2025-09-17,Shahdara APMC,356.35,1300.0,9,monsoon,nashik,36.3,27.1,0.3,60,28.0,19.5,0.7,84.0
2025-09-19,Shahdara APMC,187.55,1200.0,9,monsoon,nashik,35.4,27.3,0.8,61,28.2,21.1,17.6,89.0
2025-09-20,Shahdara APMC,329.9,1400.0,9,monsoon,nashik,36.3,27.0,0.0,55,28.3,21.8,31.3,90.0
2025-09-21,Shahdara APMC,212.0,1200.0,9,monsoon,nashik,36.5,26.0,0.0,53,28.7,21.7,11.1,89.0
2025-09-22,Shahdara APMC,212.0,1200.0,9,monsoon,nashik,37.1,26.6,0.0,49,26.5,21.5,4.1,89.0
2025-09-23,Shahdara APMC,149.7,1200.0,9,monsoon,nashik,36.8,26.6,0.0,47,28.4,21.3,5.7,89.0
2025-09-24,Shahdara APMC,149.3,1500.0,9,monsoon,nashik,36.3,26.2,0.0,49,27.8,21.7,10.7,89.0
2025-09-26,Shahdara APMC,225.6,1200.0,9,monsoon,nashik,37.0,25.8,0.0,53,27.1,21.7,5.3,90.0
2025-09-27,Shahdara APMC,346.8,1200.0,9,monsoon,nashik,38.5,26.9,0.4,54,28.1,22.1,2.0,88.0
2025-09-28,Shahdara APMC,313.4,1300.0,9,monsoon,nashik,37.0,29.2,0.0,56,26.6,22.0,4.0,90.0
2025-09-29,Shahdara APMC,441.0,1200.0,9,monsoon,nashik,36.9,28.2,0.2,56,27.1,21.5,1.8,87.0
2025-10-02,Shahdara APMC,317.2,1200.0,10,post_monsoon,nashik,32.3,24.7,1.7,71,26.7,21.0,18.6,89.0
2025-10-03,Shahdara APMC,188.3,1500.0,10,post_monsoon,nashik,33.7,24.8,0.7,72,28.0,22.2,12.6,88.0
2025-10-04,Shahdara APMC,354.8,1200.0,10,post_monsoon,nashik,34.5,26.4,0.1,62,23.6,21.6,82.9,95.0
2025-10-05,Shahdara APMC,333.5,1200.0,10,post_monsoon,nashik,34.2,24.9,0.0,61,24.3,20.6,3.4,91.0
2025-10-07,Shahdara APMC,410.1,1300.0,10,post_monsoon,nashik,28.8,20.9,6.7,86,27.3,20.8,0.4,85.0
2025-10-08,Shahdara APMC,295.5,1200.0,10,post_monsoon,nashik,26.2,20.4,0.7,86,27.7,20.5,2.3,85.0
2025-10-11,Shahdara APMC,657.75,1200.0,10,post_monsoon,nashik,29.0,19.4,0.0,69,26.8,20.7,1.9,87.0
2025-10-12,Shahdara APMC,575.0,1400.0,10,post_monsoon,nashik,30.7,20.3,0.0,64,27.8,20.2,0.3,83.0
2025-10-13,Shahdara APMC,448.3,1000.0,10,post_monsoon,nashik,31.7,20.6,0.0,58,27.1,19.9,2.2,87.0
2025-10-14,Shahdara APMC,372.67,1000.0,10,post_monsoon,nashik,31.8,21.0,0.0,53,28.2,19.7,0.1,79.0
2025-10-20,Shahdara APMC,143.15,1200.0,10,post_monsoon,nashik,33.2,22.5,0.0,52,30.2,18.5,0.0,54.0
2025-10-27,Shahdara APMC,308.68,1200.0,10,post_monsoon,nashik,30.6,19.9,0.0,54,30.0,21.0,2.6,72.0
2025-10-28,Shahdara APMC,149.35,1300.0,10,post_monsoon,nashik,27.5,21.7,0.0,68,30.5,21.9,0.7,77.0
2025-10-30,Shahdara APMC,410.52,1500.0,10,post_monsoon,nashik,27.8,22.6,0.0,73,30.1,22.1,3.6,76.0
2025-11-01,Shahdara APMC,441.0,1300.0,11,post_monsoon,nashik,31.1,20.6,0.0,61,27.9,21.2,29.6,91.0
