date,market,arrival_qty_mt,modal_price_rs_quintal,month,season,producing_region,delhi_temp_max,delhi_temp_min,delhi_rainfall,delhi_humidity,region_temp_max,region_temp_min,region_rainfall,region_humidity
2021-01-07,Azadpur APMC,1167.9,931.0,1,winter,agra,19.3,11.1,0.0,87,20.2,5.0,0.0,69.0
2021-01-08,Azadpur APMC,645.0,931.0,1,winter,agra,18.8,9.3,0.0,88,20.9,10.4,1.1,71.0
2021-01-09,Azadpur APMC,635.7,917.0,1,winter,agra,19.7,10.9,0.0,83,21.6,12.8,6.8,84.0
2021-01-11,Azadpur APMC,404.1,869.0,1,winter,agra,17.7,7.1,0.0,82,24.6,14.6,0.0,77.0
2021-01-12,Azadpur APMC,1185.7,869.0,1,winter,agra,18.0,6.4,0.0,81,22.1,15.4,5.3,85.0
2021-01-13,Azadpur APMC,1009.8,869.0,1,winter,agra,18.1,5.4,0.0,80,22.0,12.8,0.0,82.0
2021-01-14,Azadpur APMC,1004.0,869.0,1,winter,agra,18.5,4.9,0.0,81,19.5,10.3,9.7,87.0
2021-01-15,Azadpur APMC,1294.9,860.0,1,winter,agra,19.0,7.4,0.0,85,21.7,12.7,0.0,84.0
2021-01-16,Azadpur APMC,1504.3,826.0,1,winter,agra,16.7,5.3,0.0,89,20.2,10.8,0.0,74.0
2021-01-18,Azadpur APMC,381.7,811.0,1,winter,agra,17.9,10.3,2.5,86,19.5,5.7,0.0,75.0
2021-01-19,Azadpur APMC,1530.3,811.0,1,winter,agra,20.6,9.6,0.0,88,19.4,5.5,0.0,74.0
2021-01-20,Azadpur APMC,1078.1,811.0,1,winter,agra,19.8,9.9,0.0,85,19.6,5.3,0.0,77.0
2021-01-21,Azadpur APMC,1249.1,811.0,1,winter,agra,20.1,9.1,0.0,79,19.6,5.0,0.0,83.0
2021-01-22,Azadpur APMC,1317.4,726.0,1,winter,agra,20.8,7.4,0.0,79,20.2,6.5,0.0,83.0
2021-01-23,Azadpur APMC,1424.2,726.0,1,winter,agra,20.9,8.8,0.0,79,21.4,7.4,0.0,78.0
2021-01-25,Azadpur APMC,633.1,726.0,1,winter,agra,18.2,6.2,0.0,82,22.1,9.7,0.0,81.0
2021-01-27,Azadpur APMC,94.2,711.0,1,winter,agra,18.6,6.3,0.0,76,22.5,9.2,0.0,70.0
2021-01-28,Azadpur APMC,1469.5,711.0,1,winter,agra,17.9,5.0,0.0,78,22.8,7.5,0.0,73.0
2021-01-29,Azadpur APMC,1443.0,717.0,1,winter,agra,18.4,5.7,0.0,76,22.9,9.2,0.0,77.0
2021-01-30,Azadpur APMC,983.6,717.0,1,winter,agra,18.9,6.3,0.0,71,20.9,9.3,0.0,81.0
2021-02-03,Azadpur APMC,1385.2,643.0,2,winter,agra,23.5,11.8,0.1,75,19.0,5.4,0.0,76.0
2021-02-04,Azadpur APMC,1160.5,631.0,2,winter,agra,21.1,11.1,8.3,81,18.9,6.1,0.0,75.0
2021-02-06,Azadpur APMC,1399.6,557.0,2,winter,agra,19.8,8.6,0.0,75,21.2,7.0,0.0,65.0
2021-02-08,Azadpur APMC,367.5,569.0,2,winter,agra,22.2,8.5,0.0,77,24.7,7.9,0.0,67.0
2021-02-09,Azadpur APMC,1602.7,569.0,2,winter,agra,23.7,9.4,0.0,74,25.8,10.3,0.0,67.0
2021-02-10,Azadpur APMC,1275.6,526.0,2,winter,agra,24.8,12.1,0.0,74,24.7,14.1,0.0,64.0
2021-02-11,Azadpur APMC,1109.2,509.0,2,winter,agra,23.6,10.8,0.0,77,21.8,12.0,0.9,76.0
2021-02-12,Azadpur APMC,1110.0,509.0,2,winter,agra,24.1,11.5,0.0,78,21.1,10.3,0.0,72.0
2021-02-13,Azadpur APMC,1045.8,509.0,2,winter,agra,23.6,11.3,0.0,80,22.4,9.4,0.0,71.0
2021-02-15,Azadpur APMC,276.2,509.0,2,winter,agra,26.7,12.4,0.4,70,25.9,9.4,0.0,67.0
2021-02-16,Azadpur APMC,1613.8,483.0,2,winter,agra,26.4,12.4,0.0,71,26.7,11.7,0.0,67.0
2021-02-17,Azadpur APMC,970.1,483.0,2,winter,agra,25.2,12.1,0.0,72,26.3,10.1,0.0,72.0
2021-02-18,Azadpur APMC,1122.5,483.0,2,winter,agra,25.1,11.3,0.0,73,24.5,11.6,0.0,76.0
2021-02-19,Azadpur APMC,1030.5,483.0,2,winter,agra,25.2,11.1,0.0,75,25.8,10.5,0.0,73.0
2021-02-20,Azadpur APMC,1195.4,483.0,2,winter,agra,25.6,11.6,0.0,70,26.4,11.3,0.0,72.0
2021-02-22,Azadpur APMC,179.2,483.0,2,winter,agra,27.3,12.4,0.0,68,28.0,14.3,0.8,67.0
2021-02-23,Azadpur APMC,1094.0,483.0,2,winter,agra,29.3,12.4,0.0,62,27.3,12.1,0.0,66.0
2021-02-24,Azadpur APMC,947.4,483.0,2,winter,agra,29.9,13.3,0.0,61,26.5,12.4,0.0,65.0
2021-02-25,Azadpur APMC,1205.9,503.0,2,winter,agra,30.2,13.9,0.0,61,26.7,12.4,0.0,65.0
2021-02-26,Azadpur APMC,1153.0,503.0,2,winter,agra,30.7,15.1,0.0,59,26.6,12.3,0.0,66.0
2021-02-27,Azadpur APMC,1046.4,503.0,2,winter,agra,30.2,18.5,0.0,44,27.2,11.2,0.0,63.0
2021-03-03,Azadpur APMC,1252.9,563.0,3,summer,agra,29.3,14.3,0.0,42,31.3,14.1,0.0,52.0
2021-03-04,Azadpur APMC,1256.6,563.0,3,summer,agra,31.0,15.1,0.0,49,32.2,15.1,0.0,46.0
2021-03-05,Azadpur APMC,1211.6,563.0,3,summer,agra,30.2,15.5,0.0,45,32.3,19.3,0.0,44.0
2021-03-06,Azadpur APMC,954.5,563.0,3,summer,agra,30.7,15.1,0.0,44,30.5,18.3,0.0,48.0
2021-03-08,Azadpur APMC,375.6,566.0,3,summer,agra,31.1,19.3,0.0,51,28.7,14.0,0.0,42.0
2021-03-09,Azadpur APMC,2048.6,566.0,3,summer,agra,31.9,18.3,0.1,59,30.5,13.0,0.0,41.0
2021-03-11,Azadpur APMC,1076.0,566.0,3,summer,agra,32.5,17.1,0.0,53,31.4,15.6,0.0,40.0
2021-03-12,Azadpur APMC,1082.1,566.0,3,summer,agra,29.9,17.9,0.9,56,32.5,15.0,0.0,38.0
2021-03-13,Azadpur APMC,1251.8,566.0,3,summer,agra,30.1,16.0,0.0,62,34.1,17.2,0.0,37.0
2021-03-15,Azadpur APMC,168.9,566.0,3,summer,agra,31.7,17.5,0.0,52,33.6,20.4,0.0,52.0
2021-03-16,Azadpur APMC,1549.4,566.0,3,summer,agra,32.3,17.0,0.0,49,33.2,19.6,0.0,48.0
2021-03-17,Azadpur APMC,1273.4,566.0,3,summer,agra,32.9,17.0,0.0,44,34.0,17.6,0.0,47.0
2021-03-18,Azadpur APMC,1444.7,489.0,3,summer,agra,32.6,17.4,0.0,49,31.0,20.6,0.0,50.0
2021-03-19,Azadpur APMC,1302.2,489.0,3,summer,agra,31.7,19.4,0.0,52,30.9,18.6,0.2,56.0
2021-03-20,Azadpur APMC,1050.4,503.0,3,summer,agra,32.9,17.3,0.0,45,31.6,17.3,0.0,53.0
2021-03-22,Azadpur APMC,75.6,503.0,3,summer,agra,33.2,18.7,0.3,49,33.5,18.7,0.0,46.0
2021-03-23,Azadpur APMC,1518.6,503.0,3,summer,agra,32.1,19.8,0.5,49,34.3,17.5,0.0,43.0
2021-03-24,Azadpur APMC,1054.4,503.0,3,summer,agra,31.2,16.7,0.0,45,34.0,19.0,0.0,44.0
2021-03-25,Azadpur APMC,1387.3,486.0,3,summer,agra,30.7,16.7,0.0,40,33.0,19.8,0.4,50.0
2021-03-26,Azadpur APMC,1149.9,486.0,3,summer,agra,31.2,16.2,0.0,46,33.5,19.3,0.0,43.0
2021-03-27,Azadpur APMC,1424.6,451.0,3,summer,agra,33.0,17.9,0.0,46,34.4,18.7,0.0,38.0
2021-03-30,Azadpur APMC,245.0,474.0,3,summer,agra,37.0,23.3,0.0,33,31.7,19.3,0.2,47.0
2021-03-31,Azadpur APMC,480.0,474.0,3,summer,agra,34.4,21.6,0.0,23,32.0,18.6,0.0,34.0
2021-04-05,Azadpur APMC,199.6,546.0,4,summer,agra,37.8,19.2,0.0,28,39.2,21.9,0.0,21.0
2021-04-06,Azadpur APMC,1518.3,611.0,4,summer,agra,37.5,22.5,0.0,29,36.3,23.2,0.0,21.0
2021-04-07,Azadpur APMC,996.2,611.0,4,summer,agra,35.6,21.4,0.0,31,35.5,20.4,0.0,16.0
2021-04-08,Azadpur APMC,1053.6,611.0,4,summer,agra,33.9,20.3,0.0,26,34.5,17.2,0.0,19.0
2021-04-09,Azadpur APMC,1203.2,611.0,4,summer,agra,35.2,18.7,0.0,23,34.4,17.8,0.0,19.0
2021-04-10,Azadpur APMC,998.5,611.0,4,summer,agra,36.3,19.3,0.0,19,35.9,18.4,0.0,22.0
2021-04-12,Azadpur APMC,199.2,611.0,4,summer,agra,38.0,20.4,0.0,21,40.4,22.7,0.0,22.0
2021-04-13,Azadpur APMC,1749.4,611.0,4,summer,agra,38.1,21.3,0.0,24,38.3,24.8,0.0,23.0
2021-04-14,Azadpur APMC,1300.5,663.0,4,summer,agra,38.6,22.5,0.0,23,36.6,23.5,0.0,21.0
2021-04-15,Azadpur APMC,1325.9,663.0,4,summer,agra,38.6,22.3,0.0,20,37.0,20.9,0.0,18.0
2021-04-16,Azadpur APMC,1191.5,663.0,4,summer,agra,38.7,23.0,2.8,32,37.2,20.2,0.0,17.0
2021-04-17,Azadpur APMC,1201.2,663.0,4,summer,agra,34.8,20.4,0.2,44,37.9,20.3,0.0,17.0
2021-04-19,Azadpur APMC,113.9,663.0,4,summer,agra,37.2,21.3,0.0,31,39.9,22.4,0.0,19.0
2021-04-20,Azadpur APMC,1001.7,663.0,4,summer,agra,33.7,22.0,0.0,29,39.7,22.6,0.0,20.0
2021-04-21,Azadpur APMC,795.9,657.0,4,summer,agra,31.7,19.0,0.1,41,39.7,23.3,0.0,19.0
2021-04-22,Azadpur APMC,1359.6,1175.0,4,summer,agra,32.8,20.1,0.0,42,39.8,23.2,0.0,21.0
2021-04-23,Azadpur APMC,1097.5,623.0,4,summer,agra,34.9,22.6,0.0,35,35.7,22.8,0.0,35.0
2021-04-24,Azadpur APMC,571.9,623.0,4,summer,agra,33.6,18.8,0.0,36,36.8,22.7,0.0,28.0
2021-04-26,Azadpur APMC,113.5,623.0,4,summer,agra,38.8,20.9,0.0,26,38.6,22.4,0.0,24.0
2021-04-27,Azadpur APMC,430.7,717.0,4,summer,agra,41.1,23.6,0.0,24,35.7,24.1,0.0,30.0
2021-04-28,Azadpur APMC,597.7,717.0,4,summer,agra,41.5,24.7,0.0,21,34.5,22.1,0.0,33.0
2021-04-29,Azadpur APMC,585.1,717.0,4,summer,agra,40.9,25.0,0.0,23,38.3,23.6,0.0,26.0
2021-04-30,Azadpur APMC,598.0,700.0,4,summer,agra,39.1,24.6,0.0,29,34.8,22.8,0.0,29.0
2021-05-03,Azadpur APMC,89.2,709.0,5,summer,agra,37.0,25.4,0.0,33,41.5,23.9,0.0,15.0
2021-05-04,Azadpur APMC,685.6,740.0,5,summer,agra,40.1,26.0,0.0,31,42.1,24.5,0.0,16.0
2021-05-05,Azadpur APMC,571.5,740.0,5,summer,agra,37.8,26.1,0.0,39,41.5,25.4,0.0,17.0
2021-05-06,Azadpur APMC,1057.0,726.0,5,summer,agra,39.2,24.1,7.6,53,40.1,25.7,0.0,29.0
2021-05-07,Azadpur APMC,672.6,726.0,5,summer,agra,34.6,22.0,1.9,56,40.2,25.4,0.0,28.0
2021-05-08,Azadpur APMC,677.7,711.0,5,summer,agra,37.1,23.7,0.0,40,38.1,27.6,0.0,29.0
2021-05-10,Azadpur APMC,157.2,711.0,5,summer,agra,36.0,25.0,0.3,42,40.2,26.1,0.0,24.0
2021-05-11,Azadpur APMC,893.4,711.0,5,summer,agra,38.8,25.1,0.1,41,39.6,27.2,0.0,32.0
2021-05-12,Azadpur APMC,624.4,711.0,5,summer,agra,35.2,24.6,0.0,46,39.2,26.6,0.0,42.0
2021-05-13,Azadpur APMC,758.6,711.0,5,summer,agra,31.3,22.5,2.2,59,37.3,23.7,0.6,48.0
2021-05-14,Azadpur APMC,668.7,711.0,5,summer,agra,36.0,22.8,0.0,46,37.8,25.9,0.0,38.0
2021-05-15,Azadpur APMC,464.2,711.0,5,summer,agra,35.7,24.8,0.0,41,37.5,26.6,0.5,38.0
2021-05-17,Azadpur APMC,80.4,711.0,5,summer,agra,37.1,26.2,0.0,36,38.7,25.7,0.0,38.0
2021-05-18,Azadpur APMC,1009.7,711.0,5,summer,agra,30.8,24.5,1.2,57,36.5,26.0,0.1,43.0
2021-05-19,Azadpur APMC,687.3,711.0,5,summer,agra,24.4,21.0,95.5,85,35.2,24.5,1.3,54.0
2021-05-20,Azadpur APMC,695.3,746.0,5,summer,agra,29.7,20.6,33.7,78,36.7,24.2,0.0,48.0
2021-05-21,Azadpur APMC,602.1,711.0,5,summer,agra,31.4,20.8,1.4,79,37.1,25.8,0.0,43.0
2021-05-22,Azadpur APMC,374.3,711.0,5,summer,agra,33.1,23.8,0.0,69,38.9,26.3,0.0,35.0
2021-05-24,Azadpur APMC,119.6,711.0,5,summer,agra,35.1,22.1,0.0,49,28.8,23.1,8.3,69.0
2021-05-25,Azadpur APMC,1052.6,711.0,5,summer,agra,37.1,23.7,0.0,43,27.4,21.7,44.0,89.0
2021-05-26,Azadpur APMC,716.8,711.0,5,summer,agra,37.6,22.1,0.0,44,29.6,21.9,3.0,77.0
2021-05-27,Azadpur APMC,895.3,769.0,5,summer,agra,37.6,22.0,0.0,47,33.3,21.2,0.0,73.0
2021-05-28,Azadpur APMC,468.4,769.0,5,summer,agra,36.8,24.1,0.0,62,34.3,23.8,0.2,67.0
2021-05-29,Azadpur APMC,571.9,769.0,5,summer,agra,37.2,26.1,0.0,57,35.1,24.3,0.0,56.0
2021-05-31,Azadpur APMC,126.7,789.0,5,summer,agra,37.2,26.2,0.0,59,36.6,24.0,0.0,42.0
2021-06-04,Azadpur APMC,554.6,836.0,6,monsoon,solan,35.8,25.3,0.1,64,28.2,17.3,4.1,74.0
2021-06-05,Azadpur APMC,630.0,836.0,6,monsoon,solan,36.1,25.8,0.0,61,27.0,16.8,7.0,76.0
2021-06-07,Azadpur APMC,106.6,793.0,6,monsoon,solan,39.7,26.7,0.0,51,25.7,16.4,3.0,72.0
2021-06-08,Azadpur APMC,915.9,784.0,6,monsoon,solan,41.6,28.7,0.0,39,24.1,15.6,6.0,73.0
2021-06-09,Azadpur APMC,699.9,784.0,6,monsoon,solan,41.9,30.8,0.0,38,25.3,15.4,5.5,72.0
2021-06-10,Azadpur APMC,891.8,784.0,6,monsoon,solan,37.8,29.9,0.0,58,24.8,15.4,0.4,68.0
2021-06-11,Azadpur APMC,677.5,827.0,6,monsoon,solan,37.2,27.3,0.0,60,27.1,15.8,3.6,69.0
2021-06-12,Azadpur APMC,656.9,827.0,6,monsoon,solan,37.7,28.6,0.3,59,26.6,16.4,1.4,69.0
2021-06-14,Azadpur APMC,104.2,827.0,6,monsoon,solan,36.7,26.1,0.0,61,29.7,19.9,0.0,66.0
2021-06-15,Azadpur APMC,1203.5,731.0,6,monsoon,solan,37.2,27.0,4.5,62,29.6,20.1,1.5,70.0
2021-06-16,Azadpur APMC,753.6,731.0,6,monsoon,solan,35.0,26.1,2.0,72,26.6,18.6,14.4,82.0
2021-06-17,Azadpur APMC,1138.3,860.0,6,monsoon,solan,34.7,26.1,0.0,71,25.7,18.0,18.2,85.0
2021-06-18,Azadpur APMC,744.0,860.0,6,monsoon,solan,33.6,25.7,0.4,71,25.7,17.7,10.6,86.0
2021-06-19,Azadpur APMC,907.5,918.0,6,monsoon,solan,33.6,25.2,0.1,73,27.4,17.3,5.7,82.0
2021-06-21,Azadpur APMC,137.6,918.0,6,monsoon,solan,36.3,25.3,0.0,64,27.7,16.5,0.0,68.0
2021-06-22,Azadpur APMC,1071.8,896.0,6,monsoon,solan,39.7,28.2,0.0,48,22.2,17.9,9.1,87.0
2021-06-23,Azadpur APMC,761.6,896.0,6,monsoon,solan,40.5,28.4,0.0,46,24.8,16.9,7.2,84.0
2021-06-24,Azadpur APMC,1023.6,878.0,6,monsoon,solan,38.6,28.4,0.0,58,24.4,17.4,10.4,87.0
2021-06-26,Azadpur APMC,694.7,878.0,6,monsoon,solan,38.1,26.9,0.0,57,24.5,16.5,2.9,82.0
2021-06-28,Azadpur APMC,160.1,878.0,6,monsoon,solan,40.1,28.9,0.0,49,28.0,16.9,0.0,69.0
2021-06-29,Azadpur APMC,1381.0,878.0,6,monsoon,solan,42.6,29.4,0.0,38,27.9,16.9,0.0,63.0
2021-06-30,Azadpur APMC,687.0,878.0,6,monsoon,solan,43.8,29.6,0.0,31,26.8,17.0,1.7,71.0
2021-07-03,Azadpur APMC,852.8,878.0,7,monsoon,solan,39.3,29.4,0.1,50,27.4,15.9,0.0,73.0
2021-07-05,Azadpur APMC,106.9,889.0,7,monsoon,solan,39.6,29.2,0.0,47,29.1,18.0,0.0,62.0
2021-07-06,Azadpur APMC,1234.3,889.0,7,monsoon,solan,40.3,29.9,0.1,44,30.6,21.0,0.0,56.0
2021-07-07,Azadpur APMC,825.1,889.0,7,monsoon,solan,41.8,31.4,0.0,40,29.8,19.9,0.4,69.0
2021-07-08,Azadpur APMC,743.6,877.0,7,monsoon,solan,40.3,32.1,0.0,39,28.3,18.7,1.0,68.0
2021-07-09,Azadpur APMC,851.5,892.0,7,monsoon,solan,38.3,28.4,0.2,57,26.6,17.9,3.2,74.0
2021-07-10,Azadpur APMC,898.1,911.0,7,monsoon,solan,38.1,30.1,1.2,57,27.6,17.3,0.8,75.0
2021-07-12,Azadpur APMC,146.8,911.0,7,monsoon,solan,33.8,28.0,3.9,70,28.3,18.2,0.0,76.0
2021-07-13,Azadpur APMC,1272.3,911.0,7,monsoon,solan,33.5,27.5,6.3,78,29.3,18.8,0.0,70.0
2021-07-14,Azadpur APMC,944.0,918.0,7,monsoon,solan,32.3,27.4,11.2,83,28.7,17.7,1.4,72.0
2021-07-15,Azadpur APMC,779.1,918.0,7,monsoon,solan,34.3,27.4,3.0,79,26.9,19.0,4.5,83.0
2021-07-16,Azadpur APMC,901.5,934.0,7,monsoon,solan,34.4,27.7,2.1,78,25.9,20.2,14.2,90.0
2021-07-17,Azadpur APMC,997.2,934.0,7,monsoon,solan,36.7,28.4,0.4,71,26.5,20.1,14.2,90.0
2021-07-19,Azadpur APMC,185.8,934.0,7,monsoon,solan,27.3,25.9,120.6,94,25.3,19.2,11.8,85.0
2021-07-20,Azadpur APMC,1339.4,934.0,7,monsoon,solan,30.8,25.9,25.0,87,25.4,18.0,4.4,86.0
2021-07-21,Azadpur APMC,496.4,934.0,7,monsoon,solan,32.6,25.9,7.6,85,26.3,17.9,5.0,85.0
2021-07-22,Azadpur APMC,707.0,934.0,7,monsoon,solan,30.2,25.9,4.7,88,25.9,18.6,3.4,85.0
2021-07-23,Azadpur APMC,954.2,934.0,7,monsoon,solan,32.1,26.1,9.5,85,27.0,18.9,2.2,86.0
2021-07-24,Azadpur APMC,1134.2,988.0,7,monsoon,solan,34.0,27.3,0.6,81,25.4,20.3,15.6,90.0
2021-07-26,Azadpur APMC,185.5,980.0,7,monsoon,solan,30.7,28.0,5.4,85,25.7,18.9,14.6,96.0
2021-07-27,Azadpur APMC,1892.6,980.0,7,monsoon,solan,31.2,27.0,13.6,87,25.7,19.7,4.7,90.0
2021-07-28,Azadpur APMC,676.2,980.0,7,monsoon,solan,29.0,26.2,18.9,89,23.3,19.0,8.9,93.0
2021-07-29,Azadpur APMC,315.8,980.0,7,monsoon,solan,29.7,25.7,7.3,88,25.1,19.2,3.3,89.0
2021-07-30,Azadpur APMC,406.0,980.0,7,monsoon,solan,30.5,25.8,11.8,87,26.0,18.9,2.6,89.0
2021-07-31,Azadpur APMC,1131.0,980.0,7,monsoon,solan,31.9,25.4,3.7,86,26.4,19.3,7.2,91.0
2021-08-03,Azadpur APMC,1636.0,980.0,8,monsoon,solan,32.3,26.4,5.1,85,21.4,20.1,164.0,98.0
2021-08-04,Azadpur APMC,228.2,983.0,8,monsoon,solan,32.7,26.2,0.0,79,23.4,18.9,7.1,92.0
2021-08-05,Azadpur APMC,932.8,983.0,8,monsoon,solan,32.9,26.0,0.3,80,24.3,19.5,14.3,91.0
2021-08-06,Azadpur APMC,1186.4,983.0,8,monsoon,solan,33.2,26.5,2.8,81,25.2,19.8,3.2,90.0
2021-08-07,Azadpur APMC,1050.7,983.0,8,monsoon,solan,32.2,27.6,8.0,87,26.2,18.4,1.5,85.0
2021-08-09,Azadpur APMC,153.5,983.0,8,monsoon,solan,31.0,26.7,1.4,87,26.1,20.1,4.2,85.0
2021-08-10,Azadpur APMC,1325.2,983.0,8,monsoon,solan,34.6,26.6,0.8,78,25.5,19.7,12.5,94.0
2021-08-11,Azadpur APMC,899.4,1058.0,8,monsoon,solan,35.2,27.5,0.0,67,24.7,19.3,11.9,95.0
2021-08-12,Azadpur APMC,1197.7,1058.0,8,monsoon,solan,34.9,26.3,0.0,68,25.7,17.7,3.4,90.0
2021-08-13,Azadpur APMC,1047.7,1058.0,8,monsoon,solan,35.6,26.8,0.0,67,25.6,18.2,8.8,87.0
2021-08-14,Azadpur APMC,1064.6,1058.0,8,monsoon,solan,35.3,26.7,0.0,66,24.0,19.2,12.9,89.0
2021-08-17,Azadpur APMC,1628.6,1051.0,8,monsoon,solan,36.1,26.9,0.0,67,26.3,17.5,0.4,81.0
2021-08-18,Azadpur APMC,1142.9,1051.0,8,monsoon,solan,36.0,27.3,0.0,65,25.6,18.6,2.7,88.0
2021-08-19,Azadpur APMC,1041.4,1051.0,8,monsoon,solan,34.8,27.9,0.6,72,25.2,19.3,3.5,88.0
2021-08-20,Azadpur APMC,1049.7,1051.0,8,monsoon,solan,29.8,26.8,1.5,84,25.0,18.6,2.8,88.0
2021-08-21,Azadpur APMC,863.4,1051.0,8,monsoon,solan,29.2,25.1,27.2,90,26.0,17.2,0.4,83.0
2021-08-23,Azadpur APMC,141.4,1035.0,8,monsoon,solan,31.8,26.2,5.9,87,26.7,16.2,0.0,78.0
2021-08-24,Azadpur APMC,703.4,1035.0,8,monsoon,solan,31.9,27.0,2.5,86,26.7,17.1,0.0,80.0
2021-08-25,Azadpur APMC,725.0,1035.0,8,monsoon,solan,34.4,27.7,0.0,71,25.2,18.0,1.9,86.0
2021-08-26,Azadpur APMC,1013.4,1035.0,8,monsoon,solan,34.0,26.9,0.0,69,22.8,19.1,34.2,94.0
2021-08-27,Azadpur APMC,1119.6,1035.0,8,monsoon,solan,34.2,25.4,0.0,68,24.1,18.8,33.3,91.0
2021-08-28,Azadpur APMC,1382.2,1035.0,8,monsoon,solan,33.5,26.6,0.0,75,24.0,18.6,8.6,93.0
2021-08-30,Azadpur APMC,216.7,1035.0,8,monsoon,solan,31.0,25.2,1.0,86,26.1,18.5,2.8,88.0
2021-08-31,Azadpur APMC,1350.2,1035.0,8,monsoon,solan,31.0,24.9,3.9,87,25.0,19.3,2.5,89.0
2021-09-03,Azadpur APMC,724.4,986.0,9,monsoon,agra,31.1,25.3,8.2,88,32.8,25.7,1.2,77.0
2021-09-04,Azadpur APMC,1058.4,893.0,9,monsoon,agra,30.7,25.6,10.9,89,30.9,26.6,8.2,87.0
2021-09-06,Azadpur APMC,122.0,849.0,9,monsoon,agra,32.2,26.6,2.6,84,30.7,25.3,17.4,89.0
2021-09-07,Azadpur APMC,1498.6,760.0,9,monsoon,agra,30.6,26.2,7.1,88,30.7,25.5,14.4,87.0
2021-09-08,Azadpur APMC,942.9,755.0,9,monsoon,agra,30.6,26.1,1.6,81,32.9,25.3,7.7,87.0
2021-09-09,Azadpur APMC,1129.5,755.0,9,monsoon,agra,31.0,25.2,3.9,84,31.3,25.6,4.6,87.0
2021-09-10,Azadpur APMC,1253.5,755.0,9,monsoon,agra,30.0,25.0,10.5,88,32.4,25.8,1.8,84.0
2021-09-11,Azadpur APMC,1099.1,755.0,9,monsoon,agra,28.8,24.2,15.3,90,32.9,26.2,0.1,82.0
2021-09-13,Azadpur APMC,76.3,755.0,9,monsoon,agra,31.6,25.7,7.2,87,31.8,26.9,2.0,82.0
2021-09-14,Azadpur APMC,1502.2,755.0,9,monsoon,agra,31.2,25.9,1.3,84,31.4,26.6,4.3,81.0
2021-09-15,Azadpur APMC,1056.1,755.0,9,monsoon,agra,32.2,25.4,0.0,79,31.0,25.7,5.2,85.0
2021-09-16,Azadpur APMC,1213.7,692.0,9,monsoon,agra,32.8,25.4,3.4,78,29.4,25.1,9.4,87.0
2021-09-17,Azadpur APMC,1313.0,696.0,9,monsoon,agra,29.6,23.5,1.0,78,30.6,24.3,21.7,90.0
2021-09-18,Azadpur APMC,1158.2,696.0,9,monsoon,agra,31.1,24.3,0.0,81,31.8,24.6,12.3,86.0
2021-09-20,Azadpur APMC,141.2,696.0,9,monsoon,agra,32.4,25.0,0.5,81,33.1,26.5,1.3,77.0
2021-09-21,Azadpur APMC,1668.2,696.0,9,monsoon,agra,31.2,26.0,1.6,84,31.8,26.3,0.1,70.0
2021-09-22,Azadpur APMC,877.9,696.0,9,monsoon,agra,29.7,24.6,17.5,89,29.0,23.5,35.4,80.0
2021-09-23,Azadpur APMC,1111.0,696.0,9,monsoon,agra,29.8,24.6,8.8,88,29.2,23.0,29.9,89.0
2021-09-24,Azadpur APMC,893.2,696.0,9,monsoon,agra,30.9,24.7,2.5,84,31.4,24.6,2.1,86.0
2021-09-25,Azadpur APMC,1143.9,696.0,9,monsoon,agra,30.8,24.7,1.9,85,31.4,24.9,0.7,82.0
2021-09-27,Azadpur APMC,250.9,696.0,9,monsoon,agra,32.1,24.7,0.2,81,32.1,25.0,2.4,84.0
2021-09-28,Azadpur APMC,1375.3,792.0,9,monsoon,agra,32.2,25.6,3.2,82,29.9,24.7,16.9,88.0
2021-09-29,Azadpur APMC,1125.2,696.0,9,monsoon,agra,31.6,25.3,0.2,80,31.9,25.0,1.8,83.0
2021-09-30,Azadpur APMC,1315.1,696.0,9,monsoon,agra,31.8,25.3,0.4,81,29.3,25.4,7.5,86.0
2021-10-05,Azadpur APMC,1968.1,846.0,10,post_monsoon,agra,32.5,24.8,2.3,76,30.7,25.7,0.8,83.0
2021-10-06,Azadpur APMC,1177.9,846.0,10,post_monsoon,agra,32.7,25.6,0.0,75,31.8,25.4,0.3,81.0
2021-10-07,Azadpur APMC,1485.9,923.0,10,post_monsoon,agra,32.9,23.1,0.0,69,32.2,25.2,0.3,79.0
2021-10-08,Azadpur APMC,1483.9,923.0,10,post_monsoon,agra,34.0,23.0,0.0,66,33.0,25.6,0.1,78.0
2021-10-09,Azadpur APMC,1401.9,923.0,10,post_monsoon,agra,34.9,22.7,0.0,61,32.9,25.7,0.4,78.0
2021-10-11,Azadpur APMC,196.9,923.0,10,post_monsoon,agra,35.6,22.8,0.0,57,33.0,25.6,0.0,73.0
2021-10-12,Azadpur APMC,1863.8,923.0,10,post_monsoon,agra,35.4,23.3,0.0,54,33.0,25.9,0.0,77.0
2021-10-15,Azadpur APMC,1105.1,888.0,10,post_monsoon,agra,33.8,19.4,0.0,51,34.2,23.2,0.0,69.0
2021-10-16,Azadpur APMC,1072.5,888.0,10,post_monsoon,agra,34.1,21.6,0.0,58,34.3,22.3,0.0,63.0
2021-10-18,Azadpur APMC,84.8,959.0,10,post_monsoon,agra,23.8,21.1,27.7,92,34.3,22.1,0.0,65.0
2021-10-19,Azadpur APMC,1202.0,814.0,10,post_monsoon,agra,28.9,19.4,0.0,81,34.2,22.6,0.0,53.0
2021-10-20,Azadpur APMC,704.0,814.0,10,post_monsoon,agra,31.0,19.8,0.0,72,32.4,20.5,0.0,56.0
2021-10-21,Azadpur APMC,1355.6,814.0,10,post_monsoon,agra,29.9,17.9,0.0,65,33.0,19.7,0.0,56.0
2021-10-22,Azadpur APMC,887.3,814.0,10,post_monsoon,agra,30.5,19.4,0.0,64,33.3,21.2,0.0,67.0
2021-10-23,Azadpur APMC,1136.1,814.0,10,post_monsoon,agra,29.8,18.9,0.0,67,30.2,24.6,6.6,80.0
2021-10-25,Azadpur APMC,71.3,1222.0,10,post_monsoon,agra,27.5,17.8,0.0,79,29.6,20.6,0.0,79.0
2021-10-26,Azadpur APMC,1062.9,1222.0,10,post_monsoon,agra,26.9,16.7,0.0,71,30.8,20.7,0.0,72.0
2021-10-27,Azadpur APMC,1171.1,1222.0,10,post_monsoon,agra,27.7,15.3,0.0,65,30.7,19.0,0.0,66.0
2021-10-28,Azadpur APMC,1002.6,1345.0,10,post_monsoon,agra,27.7,14.8,0.0,65,30.5,20.1,0.0,57.0
2021-10-29,Azadpur APMC,897.9,1451.0,10,post_monsoon,agra,28.7,14.6,0.0,63,30.2,19.4,0.0,67.0
2021-10-30,Azadpur APMC,1303.4,1368.0,10,post_monsoon,agra,29.1,15.2,0.0,57,29.3,20.6,0.1,68.0
2021-11-03,Azadpur APMC,904.0,1568.0,11,post_monsoon,agra,29.2,15.7,0.0,58,27.8,15.9,0.0,67.0
2021-11-04,Azadpur APMC,753.8,1568.0,11,post_monsoon,agra,28.0,15.8,0.0,59,27.9,15.2,0.0,67.0
2021-11-05,Azadpur APMC,380.3,1568.0,11,post_monsoon,agra,27.8,15.2,0.0,60,28.6,16.2,0.0,63.0
2021-11-06,Azadpur APMC,403.9,1568.0,11,post_monsoon,agra,29.1,14.5,0.0,56,29.2,15.7,0.0,55.0
2021-11-08,Azadpur APMC,70.3,1721.0,11,post_monsoon,agra,29.2,14.4,0.0,59,28.3,15.3,0.0,65.0
2021-11-09,Azadpur APMC,1657.0,1721.0,11,post_monsoon,agra,28.5,14.9,0.0,59,28.2,14.6,0.0,68.0
2021-11-10,Azadpur APMC,1287.8,1721.0,11,post_monsoon,agra,29.2,14.0,0.0,60,27.9,15.1,0.0,70.0
2021-11-11,Azadpur APMC,1905.3,1721.0,11,post_monsoon,agra,28.7,14.0,0.0,60,27.3,14.6,0.0,66.0
2021-11-12,Azadpur APMC,1375.0,1540.0,11,post_monsoon,agra,28.4,14.9,0.0,61,27.8,14.9,0.0,63.0
2021-11-13,Azadpur APMC,1261.8,1500.0,11,post_monsoon,agra,27.5,13.1,0.0,58,28.4,15.1,0.0,64.0
2021-11-15,Azadpur APMC,402.8,1500.0,11,post_monsoon,agra,26.1,11.6,0.0,55,27.6,14.7,0.0,71.0
2021-11-16,Azadpur APMC,2342.5,1500.0,11,post_monsoon,agra,25.5,11.1,0.0,58,28.4,14.7,0.0,70.0
2021-11-17,Azadpur APMC,1213.4,1500.0,11,post_monsoon,agra,24.8,10.6,0.0,66,27.6,13.0,0.0,67.0
2021-11-18,Azadpur APMC,1652.5,1500.0,11,post_monsoon,agra,24.7,12.5,0.0,68,27.2,13.9,0.0,71.0
2021-11-19,Azadpur APMC,1414.8,1100.0,11,post_monsoon,agra,25.0,12.0,0.0,63,27.0,13.2,0.0,67.0
2021-11-20,Azadpur APMC,1472.9,1100.0,11,post_monsoon,agra,25.5,15.0,0.0,59,26.2,11.9,0.0,68.0
2021-11-22,Azadpur APMC,419.6,1100.0,11,post_monsoon,agra,26.6,12.4,0.0,52,25.3,11.6,0.0,65.0
2021-11-23,Azadpur APMC,2358.2,1100.0,11,post_monsoon,agra,26.0,11.8,0.0,56,24.6,10.1,0.0,68.0
2021-11-24,Azadpur APMC,1456.1,1040.0,11,post_monsoon,agra,26.3,11.0,0.0,59,23.3,13.7,0.0,73.0
2021-11-25,Azadpur APMC,1646.6,1040.0,11,post_monsoon,agra,25.4,11.9,0.0,68,21.6,16.2,2.8,80.0
2021-11-26,Azadpur APMC,1429.3,878.0,11,post_monsoon,agra,25.4,12.0,0.0,69,21.1,15.2,0.0,86.0
2021-11-27,Azadpur APMC,1353.2,878.0,11,post_monsoon,agra,25.5,13.2,0.0,71,26.0,14.6,0.0,76.0
2021-11-29,Azadpur APMC,384.5,868.0,11,post_monsoon,agra,25.1,11.5,0.0,65,25.2,11.1,0.0,57.0
2021-11-30,Azadpur APMC,1667.4,868.0,11,post_monsoon,agra,25.1,12.2,0.0,66,25.6,10.4,0.0,70.0
2021-12-04,Azadpur APMC,1311.0,814.0,12,winter,agra,23.9,11.9,0.0,74,26.0,13.5,0.0,76.0
2021-12-06,Azadpur APMC,400.3,814.0,12,winter,agra,23.2,14.0,2.0,80,23.9,11.5,0.0,73.0
2021-12-07,Azadpur APMC,1787.5,814.0,12,winter,agra,22.9,12.5,0.0,75,20.2,13.1,0.0,81.0
2021-12-08,Azadpur APMC,1188.3,794.0,12,winter,agra,22.1,10.8,0.0,72,19.2,15.9,0.1,79.0
2021-12-09,Azadpur APMC,1359.9,794.0,12,winter,agra,22.0,9.6,0.0,73,24.4,13.3,0.0,73.0
2021-12-10,Azadpur APMC,1467.7,696.0,12,winter,agra,22.2,9.7,0.0,71,24.7,12.6,0.0,77.0
2021-12-11,Azadpur APMC,1260.9,696.0,12,winter,agra,21.8,9.1,0.0,69,24.5,12.8,0.0,78.0
2021-12-13,Azadpur APMC,263.6,727.0,12,winter,agra,19.2,8.4,0.0,69,23.7,13.0,0.0,75.0
2021-12-14,Azadpur APMC,1756.5,727.0,12,winter,agra,20.6,8.5,0.0,73,22.7,10.9,0.0,71.0
2021-12-15,Azadpur APMC,1364.8,727.0,12,winter,agra,20.6,9.1,0.0,69,22.4,9.5,0.0,73.0
2021-12-16,Azadpur APMC,1710.7,577.0,12,winter,agra,17.8,9.9,0.0,73,22.3,10.4,0.0,74.0
2021-12-17,Azadpur APMC,1056.4,596.0,12,winter,agra,18.0,7.7,0.0,61,21.3,9.2,0.0,69.0
2021-12-18,Azadpur APMC,899.3,596.0,12,winter,agra,17.9,6.2,0.0,67,20.8,7.4,0.0,68.0
2021-12-20,Azadpur APMC,610.6,618.0,12,winter,agra,18.0,5.4,0.0,71,22.5,10.4,0.1,73.0
2021-12-21,Azadpur APMC,1345.0,618.0,12,winter,agra,19.4,5.2,0.0,73,21.9,12.1,0.0,76.0
2021-12-23,Azadpur APMC,1172.2,618.0,12,winter,agra,21.0,8.1,0.0,74,19.2,10.6,0.1,53.0
2021-12-24,Azadpur APMC,1809.6,562.0,12,winter,agra,21.5,9.1,0.0,76,17.9,7.3,0.0,66.0
2021-12-25,Azadpur APMC,867.1,562.0,12,winter,agra,21.0,9.3,0.0,73,17.6,6.3,0.0,62.0
2021-12-27,Azadpur APMC,348.5,562.0,12,winter,agra,19.6,11.2,2.3,73,20.0,4.9,0.0,70.0
2021-12-28,Azadpur APMC,784.2,562.0,12,winter,agra,19.3,11.0,0.8,79,21.0,6.6,0.0,74.0
2021-12-29,Azadpur APMC,314.6,549.0,12,winter,agra,19.1,8.5,0.0,76,21.9,7.4,0.0,73.0
2021-12-30,Azadpur APMC,1049.4,549.0,12,winter,agra,17.7,5.4,0.0,69,22.2,8.3,0.0,75.0
2021-12-31,Azadpur APMC,870.6,549.0,12,winter,agra,17.8,4.8,0.0,74,21.6,10.4,0.0,74.0
2022-01-01,Azadpur APMC,1157.3,589.0,1,winter,agra,18.1,5.2,0.0,78,21.6,9.4,0.0,76.0
2022-01-03,Azadpur APMC,159.7,589.0,1,winter,agra,20.1,7.0,0.0,77,15.2,12.7,6.9,88.0
2022-01-04,Azadpur APMC,1019.7,589.0,1,winter,agra,21.9,8.0,0.0,74,19.2,9.7,0.0,81.0
2022-01-05,Azadpur APMC,1139.0,589.0,1,winter,agra,15.4,11.7,9.4,85,19.1,8.3,0.0,69.0
2022-01-07,Azadpur APMC,439.2,607.0,1,winter,agra,19.8,12.4,1.3,86,18.1,6.0,0.0,73.0
2022-01-08,Azadpur APMC,1004.0,607.0,1,winter,agra,17.2,14.0,31.1,90,18.9,6.5,0.0,79.0
2022-01-10,Azadpur APMC,38.8,811.0,1,winter,agra,16.8,7.9,0.0,84,21.4,7.5,0.0,80.0
2022-01-11,Azadpur APMC,1321.3,811.0,1,winter,agra,17.3,7.2,0.0,81,17.2,9.3,7.8,84.0
2022-01-12,Azadpur APMC,1120.7,728.0,1,winter,agra,17.2,7.6,0.0,82,18.4,12.8,6.6,87.0
2022-01-13,Azadpur APMC,1071.5,728.0,1,winter,agra,17.4,7.1,0.0,78,22.2,13.6,0.2,86.0
2022-01-14,Azadpur APMC,1228.5,728.0,1,winter,agra,16.5,6.5,0.0,83,20.3,14.1,55.0,90.0
2022-01-15,Azadpur APMC,1453.6,728.0,1,winter,agra,16.7,5.6,0.0,88,19.4,11.7,3.9,88.0
2022-01-17,Azadpur APMC,300.1,744.0,1,winter,agra,14.0,4.1,0.0,87,17.9,9.8,0.0,79.0
2022-01-18,Azadpur APMC,1423.1,744.0,1,winter,agra,16.0,5.2,0.0,89,17.2,8.5,0.0,77.0
2022-01-19,Azadpur APMC,1031.3,658.0,1,winter,agra,17.5,6.3,0.5,90,16.9,6.7,0.0,77.0
2022-01-20,Azadpur APMC,1272.2,658.0,1,winter,agra,18.0,9.1,0.0,87,16.7,5.2,0.0,78.0
2022-01-21,Azadpur APMC,1159.1,658.0,1,winter,agra,18.4,7.6,0.0,86,16.0,5.4,0.0,84.0
2022-01-22,Azadpur APMC,1163.1,658.0,1,winter,agra,16.1,11.9,22.2,84,15.2,4.7,0.0,87.0
2022-01-24,Azadpur APMC,263.4,658.0,1,winter,agra,16.3,6.8,0.5,84,15.2,5.8,0.0,87.0
2022-01-25,Azadpur APMC,823.5,658.0,1,winter,agra,16.5,6.2,0.0,82,16.8,5.6,0.0,90.0
2022-01-27,Azadpur APMC,194.3,658.0,1,winter,agra,17.8,6.8,0.0,76,18.9,7.6,0.0,84.0
2022-01-28,Azadpur APMC,1279.4,658.0,1,winter,agra,17.9,7.0,0.0,74,19.2,12.7,4.5,86.0
2022-01-29,Azadpur APMC,1614.3,600.0,1,winter,agra,19.5,6.3,0.0,76,18.2,9.0,6.9,85.0
2022-01-31,Azadpur APMC,231.7,600.0,1,winter,agra,20.8,8.1,0.0,81,16.8,6.9,0.0,82.0
2022-02-01,Azadpur APMC,1888.3,600.0,2,winter,agra,20.7,8.6,0.0,87,16.6,6.3,0.0,80.0
2022-02-02,Azadpur APMC,1113.5,666.0,2,winter,agra,20.4,8.5,0.0,80,18.2,7.2,0.0,79.0
2022-02-03,Azadpur APMC,1245.8,600.0,2,winter,agra,14.9,9.5,11.1,85,18.1,6.4,0.0,75.0
2022-02-04,Azadpur APMC,1676.3,600.0,2,winter,agra,16.3,7.9,0.0,84,19.7,5.5,0.0,77.0
2022-02-05,Azadpur APMC,733.0,644.0,2,winter,agra,16.6,6.0,0.0,85,21.4,8.0,0.0,75.0
2022-02-07,Azadpur APMC,113.9,644.0,2,winter,agra,22.4,8.8,0.0,78,22.7,8.4,0.0,87.0
2022-02-08,Azadpur APMC,1183.1,620.0,2,winter,agra,22.2,10.8,0.5,82,21.1,8.8,0.0,78.0
2022-02-09,Azadpur APMC,1278.3,620.0,2,winter,agra,18.5,10.9,3.1,84,22.4,12.2,0.9,74.0
2022-02-10,Azadpur APMC,1298.3,620.0,2,winter,agra,20.2,8.5,0.0,77,18.1,8.7,0.0,78.0
2022-02-11,Azadpur APMC,359.9,724.0,2,winter,agra,20.2,9.7,0.0,68,18.0,6.8,0.0,83.0
2022-02-12,Azadpur APMC,1059.5,691.0,2,winter,agra,21.2,9.1,0.0,70,20.4,6.5,0.0,81.0
2022-02-14,Azadpur APMC,192.3,761.0,2,winter,agra,23.1,9.6,0.0,71,23.9,10.2,0.4,79.0
2022-02-15,Azadpur APMC,1642.0,743.0,2,winter,agra,23.3,11.1,0.0,68,18.8,11.4,20.4,89.0
2022-02-16,Azadpur APMC,1249.1,743.0,2,winter,agra,23.6,10.5,0.0,72,20.1,9.7,0.0,80.0
2022-02-17,Azadpur APMC,1149.2,629.0,2,winter,agra,24.1,10.1,0.0,66,20.8,9.2,0.0,70.0
2022-02-18,Azadpur APMC,1184.8,629.0,2,winter,agra,25.0,10.2,0.0,64,21.4,8.8,0.0,68.0
2022-02-19,Azadpur APMC,1156.6,653.0,2,winter,agra,24.2,10.5,0.0,64,22.5,7.9,0.0,69.0
2022-02-21,Azadpur APMC,130.8,653.0,2,winter,agra,24.5,10.5,0.0,56,23.4,9.6,0.0,66.0
2022-02-22,Azadpur APMC,628.3,726.0,2,winter,agra,25.9,11.8,0.0,57,24.2,9.6,0.0,64.0
2022-02-23,Azadpur APMC,855.1,711.0,2,winter,agra,24.2,14.9,0.0,68,25.0,11.1,0.0,66.0
2022-02-24,Azadpur APMC,1178.4,711.0,2,winter,agra,25.2,12.5,0.0,72,25.3,11.3,0.2,64.0
2022-02-25,Azadpur APMC,968.6,643.0,2,winter,agra,25.3,12.2,0.3,68,25.0,11.3,0.0,66.0
2022-02-26,Azadpur APMC,952.6,643.0,2,winter,agra,23.5,14.2,2.4,70,25.5,11.9,0.0,60.0
2022-02-28,Azadpur APMC,5.5,707.0,2,winter,agra,23.0,10.7,0.0,65,27.4,12.2,0.0,55.0
2022-03-01,Azadpur APMC,1192.3,707.0,3,summer,agra,24.6,10.4,0.0,66,25.7,15.1,0.0,63.0
2022-03-02,Azadpur APMC,1367.5,707.0,3,summer,agra,25.7,11.2,0.0,62,26.8,13.7,0.0,72.0
2022-03-03,Azadpur APMC,1084.1,764.0,3,summer,agra,27.2,13.6,0.3,65,27.0,13.7,0.0,62.0
2022-03-04,Azadpur APMC,1327.69,783.0,3,summer,agra,25.4,13.4,0.0,69,27.2,15.1,0.1,62.0
2022-03-05,Azadpur APMC,873.5,783.0,3,summer,agra,26.2,13.1,0.0,65,24.8,13.3,0.0,64.0
2022-03-08,Azadpur APMC,1599.5,811.0,3,summer,agra,30.2,14.0,0.0,55,27.0,12.2,0.0,65.0
2022-03-09,Azadpur APMC,1104.8,811.0,3,summer,agra,30.8,14.9,0.0,50,28.1,14.5,0.0,59.0
2022-03-10,Azadpur APMC,1036.0,740.0,3,summer,agra,29.7,16.1,0.0,50,26.9,14.0,0.0,65.0
2022-03-11,Azadpur APMC,1083.1,826.0,3,summer,agra,29.4,15.6,0.0,57,26.3,13.7,0.0,66.0
2022-03-12,Azadpur APMC,1348.1,826.0,3,summer,agra,30.5,14.8,0.0,54,26.5,12.1,0.0,66.0
2022-03-14,Azadpur APMC,190.2,825.0,3,summer,agra,32.2,16.4,0.0,64,29.2,13.9,0.0,66.0
2022-03-15,Azadpur APMC,1377.8,826.0,3,summer,agra,34.0,18.6,0.0,63,30.8,14.8,0.0,57.0
2022-03-16,Azadpur APMC,623.1,769.0,3,summer,agra,35.3,19.8,0.0,58,30.1,17.6,0.8,51.0
2022-03-17,Azadpur APMC,1557.7,684.0,3,summer,agra,33.2,19.8,0.0,63,30.2,16.6,0.0,53.0
2022-03-19,Azadpur APMC,59.2,684.0,3,summer,agra,35.2,21.0,0.0,58,32.8,15.3,0.0,54.0
2022-03-21,Azadpur APMC,7.5,684.0,3,summer,agra,36.6,20.9,0.0,44,34.8,18.0,0.0,61.0
2022-03-22,Azadpur APMC,1399.5,684.0,3,summer,agra,35.7,20.9,0.0,43,36.7,20.2,0.0,55.0
2022-03-23,Azadpur APMC,1154.6,684.0,3,summer,agra,35.8,19.0,0.0,38,34.9,19.6,0.0,58.0
2022-03-24,Azadpur APMC,1684.1,684.0,3,summer,agra,35.1,19.9,0.0,36,34.8,22.0,0.0,59.0
2022-03-25,Azadpur APMC,1478.7,670.0,3,summer,agra,35.2,19.7,0.0,31,35.7,20.4,0.0,55.0
2022-03-26,Azadpur APMC,1091.1,670.0,3,summer,agra,35.4,19.3,0.0,31,38.3,21.3,0.0,39.0
2022-03-28,Azadpur APMC,82.2,670.0,3,summer,agra,38.2,19.7,0.0,29,36.1,21.7,0.0,36.0
2022-03-29,Azadpur APMC,1140.1,670.0,3,summer,agra,39.0,19.4,0.0,27,36.3,19.3,0.0,36.0
2022-03-30,Azadpur APMC,643.4,704.0,3,summer,agra,38.8,20.6,0.0,28,36.8,21.6,0.0,30.0
2022-03-31,Azadpur APMC,1504.2,704.0,3,summer,agra,39.4,21.3,0.0,38,35.8,20.8,0.0,32.0
2022-04-01,Azadpur APMC,1307.1,800.0,4,summer,agra,36.3,21.4,0.0,26,36.4,20.1,0.0,26.0
2022-04-02,Azadpur APMC,1839.8,800.0,4,summer,agra,37.8,20.0,0.0,23,37.9,20.4,0.0,26.0
2022-04-04,Azadpur APMC,101.0,800.0,4,summer,agra,38.3,20.7,0.0,18,39.7,20.4,0.0,23.0
2022-04-05,Azadpur APMC,1776.6,800.0,4,summer,agra,38.8,20.6,0.0,21,39.6,21.9,0.0,24.0
2022-04-06,Azadpur APMC,1250.4,800.0,4,summer,agra,39.3,20.8,0.0,19,40.0,22.0,0.0,26.0
2022-04-07,Azadpur APMC,1840.9,800.0,4,summer,agra,39.9,21.0,0.0,19,37.1,23.0,0.0,29.0
2022-04-08,Azadpur APMC,1096.2,800.0,4,summer,agra,41.3,22.3,0.0,16,38.0,19.5,0.0,24.0
2022-04-09,Azadpur APMC,1101.2,800.0,4,summer,agra,42.0,22.2,0.0,17,40.3,20.4,0.0,19.0
2022-04-11,Azadpur APMC,6.9,800.0,4,summer,agra,41.9,23.9,0.0,19,39.1,20.1,0.0,24.0
2022-04-12,Azadpur APMC,753.6,800.0,4,summer,agra,40.0,25.9,0.0,21,39.6,20.1,0.0,20.0
2022-04-13,Azadpur APMC,1227.6,800.0,4,summer,agra,39.0,24.9,0.0,21,40.3,21.0,0.0,20.0
2022-04-14,Azadpur APMC,1312.3,800.0,4,summer,agra,39.7,24.7,0.0,20,41.6,21.1,0.0,18.0
2022-04-15,Azadpur APMC,920.4,800.0,4,summer,agra,39.4,24.3,0.0,22,42.5,23.7,0.0,15.0
2022-04-16,Azadpur APMC,1225.1,800.0,4,summer,agra,39.7,22.8,0.0,20,42.9,23.7,0.0,16.0
2022-04-19,Azadpur APMC,842.3,800.0,4,summer,agra,42.2,24.6,0.0,18,40.6,25.5,0.0,20.0
2022-04-20,Azadpur APMC,863.4,903.0,4,summer,agra,41.2,26.8,0.0,17,40.3,24.7,0.0,17.0
2022-04-21,Azadpur APMC,750.1,903.0,4,summer,agra,37.0,26.4,0.0,24,41.0,23.7,0.0,18.0
2022-04-22,Azadpur APMC,696.6,903.0,4,summer,agra,38.4,23.2,0.0,29,41.2,23.4,0.0,17.0
2022-04-23,Azadpur APMC,898.9,903.0,4,summer,agra,39.3,23.5,0.0,20,41.8,23.1,0.0,17.0
2022-04-25,Azadpur APMC,14.0,903.0,4,summer,agra,40.8,24.4,0.0,21,43.0,26.9,0.0,17.0
2022-04-26,Azadpur APMC,1603.2,903.0,4,summer,agra,41.0,24.2,0.0,21,41.8,28.1,0.0,16.0
2022-04-27,Azadpur APMC,892.9,903.0,4,summer,agra,41.6,23.7,0.0,17,38.5,25.7,0.0,23.0
2022-04-28,Azadpur APMC,564.2,903.0,4,summer,agra,43.3,25.6,0.0,17,39.0,23.8,0.0,25.0
2022-04-29,Azadpur APMC,930.0,946.0,4,summer,agra,43.8,26.5,0.0,14,40.3,23.3,0.0,22.0
2022-04-30,Azadpur APMC,827.4,946.0,4,summer,agra,43.4,27.9,0.0,14,41.1,24.6,0.0,18.0
2022-05-02,Azadpur APMC,74.8,946.0,5,summer,agra,40.6,26.3,0.0,38,41.7,25.2,0.0,18.0
2022-05-03,Azadpur APMC,1105.3,946.0,5,summer,agra,39.2,26.9,0.0,42,42.6,24.7,0.0,18.0
2022-05-04,Azadpur APMC,643.6,946.0,5,summer,agra,39.0,26.6,0.1,47,43.6,24.9,0.0,15.0
2022-05-05,Azadpur APMC,915.7,946.0,5,summer,agra,38.4,23.4,0.0,47,44.3,27.6,0.0,15.0
2022-05-06,Azadpur APMC,820.3,946.0,5,summer,agra,39.7,25.7,0.0,32,43.9,28.8,0.0,13.0
2022-05-07,Azadpur APMC,940.8,946.0,5,summer,agra,40.1,26.2,0.0,32,41.0,27.6,0.0,28.0
2022-05-09,Azadpur APMC,83.5,946.0,5,summer,agra,40.2,27.5,0.0,44,40.1,27.6,0.0,37.0
2022-05-10,Azadpur APMC,1155.6,1094.0,5,summer,agra,39.7,28.2,0.0,45,41.7,26.0,0.0,36.0
2022-05-11,Azadpur APMC,784.7,1094.0,5,summer,agra,41.1,27.8,0.0,44,38.9,25.5,0.0,39.0
2022-05-12,Azadpur APMC,825.4,1094.0,5,summer,agra,43.1,28.8,0.0,41,39.7,26.2,0.0,34.0
2022-05-13,Azadpur APMC,994.4,1094.0,5,summer,agra,44.2,28.2,0.0,41,41.3,26.9,0.0,25.0
2022-05-14,Azadpur APMC,828.5,1100.0,5,summer,agra,44.6,27.4,0.0,27,42.0,26.9,0.0,31.0
2022-05-16,Azadpur APMC,117.6,1094.0,5,summer,agra,42.0,31.5,0.0,23,39.7,29.0,0.0,42.0
2022-05-17,Azadpur APMC,1158.2,1114.0,5,summer,agra,38.8,28.2,0.0,42,41.7,28.9,0.0,40.0
2022-05-18,Azadpur APMC,738.1,1114.0,5,summer,agra,42.2,27.6,0.0,32,43.2,29.9,0.0,35.0
2022-05-19,Azadpur APMC,925.1,1114.0,5,summer,agra,43.9,27.3,0.0,29,45.3,29.0,0.0,32.0
2022-05-20,Azadpur APMC,861.8,1114.0,5,summer,agra,45.5,28.8,0.0,23,45.3,27.9,0.0,23.0
2022-05-21,Azadpur APMC,963.4,1214.0,5,summer,agra,40.8,29.4,0.0,28,46.6,28.8,0.0,14.0
2022-05-23,Azadpur APMC,12.2,1214.0,5,summer,agra,31.0,22.5,18.7,65,42.6,28.1,0.0,17.0
2022-05-24,Azadpur APMC,1051.6,1186.0,5,summer,agra,32.4,21.5,0.0,70,43.0,27.6,0.0,29.0
2022-05-25,Azadpur APMC,664.6,1171.0,5,summer,agra,32.9,23.1,0.0,67,44.8,28.4,0.0,26.0
2022-05-26,Azadpur APMC,811.0,1171.0,5,summer,agra,35.1,23.4,0.0,61,45.8,28.5,0.0,17.0
2022-05-27,Azadpur APMC,994.8,1143.0,5,summer,agra,37.9,25.0,0.0,57,43.6,30.2,0.0,19.0
2022-05-28,Azadpur APMC,1107.0,1143.0,5,summer,agra,39.7,26.3,0.0,54,40.8,28.1,0.0,28.0
2022-05-30,Azadpur APMC,89.2,1143.0,5,summer,agra,41.1,27.3,0.3,48,34.0,22.1,5.9,59.0
2022-05-31,Azadpur APMC,1383.0,1143.0,5,summer,agra,40.1,25.6,0.0,43,35.6,24.9,0.2,54.0
2022-06-01,Azadpur APMC,770.7,1171.0,6,monsoon,solan,41.1,25.4,0.0,35,24.5,14.1,2.4,67.0
2022-06-02,Azadpur APMC,791.9,1171.0,6,monsoon,solan,42.8,27.9,0.0,28,26.0,16.0,3.6,67.0
2022-06-03,Azadpur APMC,896.1,1171.0,6,monsoon,solan,43.2,26.8,0.0,23,29.4,17.1,13.1,68.0
2022-06-04,Azadpur APMC,905.3,1171.0,6,monsoon,solan,44.2,27.0,0.0,21,28.4,16.8,2.3,66.0
2022-06-06,Azadpur APMC,143.1,1171.0,6,monsoon,solan,42.9,27.5,0.0,18,28.6,16.9,0.1,47.0
2022-06-07,Azadpur APMC,1130.5,1171.0,6,monsoon,solan,43.9,29.2,0.0,22,30.7,15.7,0.0,35.0
2022-06-08,Azadpur APMC,652.9,1171.0,6,monsoon,solan,43.2,31.7,0.0,20,31.7,16.8,0.0,29.0
2022-06-09,Azadpur APMC,828.0,1157.0,6,monsoon,solan,43.1,30.2,0.0,23,31.3,16.8,0.0,29.0
2022-06-10,Azadpur APMC,1036.1,1186.0,6,monsoon,solan,42.8,30.5,0.0,22,33.0,18.0,0.0,27.0
2022-06-11,Azadpur APMC,480.8,1186.0,6,monsoon,solan,43.5,30.9,0.0,22,32.1,17.5,0.0,30.0
2022-06-13,Azadpur APMC,36.4,1186.0,6,monsoon,solan,43.4,31.5,0.0,26,32.7,19.8,0.0,30.0
2022-06-14,Azadpur APMC,1416.4,1186.0,6,monsoon,solan,39.0,31.1,0.0,39,32.5,19.1,0.0,32.0
2022-06-15,Azadpur APMC,684.9,1200.0,6,monsoon,solan,42.4,29.6,0.0,39,32.4,19.4,0.0,30.0
2022-06-16,Azadpur APMC,920.1,1200.0,6,monsoon,solan,37.6,31.0,1.9,45,32.8,18.9,0.0,30.0
2022-06-17,Azadpur APMC,856.0,1243.0,6,monsoon,solan,36.4,24.2,6.4,65,33.6,19.4,0.0,31.0
2022-06-18,Azadpur APMC,705.6,1243.0,6,monsoon,solan,33.7,24.5,4.0,67,32.4,19.6,0.0,35.0
2022-06-20,Azadpur APMC,122.8,1403.0,6,monsoon,solan,32.5,23.2,0.0,75,32.7,21.9,0.0,31.0
2022-06-21,Azadpur APMC,1257.9,1403.0,6,monsoon,solan,32.3,24.4,10.6,76,32.3,21.5,0.1,39.0
2022-06-22,Azadpur APMC,1122.4,1403.0,6,monsoon,solan,34.7,24.1,8.1,68,29.3,17.6,1.7,61.0
2022-06-23,Azadpur APMC,1351.8,1403.0,6,monsoon,solan,37.1,25.9,0.0,55,26.1,18.1,4.2,78.0
2022-06-24,Azadpur APMC,1121.5,1403.0,6,monsoon,solan,38.2,23.6,0.0,46,25.2,17.1,13.5,82.0
2022-06-25,Azadpur APMC,1015.5,1403.0,6,monsoon,solan,39.3,24.8,0.0,38,25.3,16.0,1.1,71.0
2022-06-27,Azadpur APMC,66.4,1403.0,6,monsoon,solan,39.3,30.7,0.1,52,23.8,15.3,1.6,71.0
2022-06-28,Azadpur APMC,1325.5,1403.0,6,monsoon,solan,41.1,27.9,3.2,56,26.5,16.6,2.3,72.0
2022-06-29,Azadpur APMC,697.6,1415.0,6,monsoon,solan,42.1,29.5,0.0,58,27.8,16.4,0.0,65.0
2022-06-30,Azadpur APMC,781.2,1415.0,6,monsoon,solan,30.9,26.4,1.4,79,27.7,16.6,0.0,62.0
2022-07-01,Azadpur APMC,845.3,1415.0,7,monsoon,solan,31.5,25.0,1.3,83,28.4,18.3,0.8,65.0
2022-07-04,Azadpur APMC,85.8,1415.0,7,monsoon,solan,34.9,26.1,19.4,78,27.9,20.4,3.9,84.0
2022-07-06,Azadpur APMC,968.6,1415.0,7,monsoon,solan,35.7,28.6,1.3,78,22.1,19.6,72.8,94.0
2022-07-07,Azadpur APMC,1058.6,1403.0,7,monsoon,solan,35.1,27.4,0.2,73,24.7,18.7,29.0,89.0
2022-07-08,Azadpur APMC,1099.3,1403.0,7,monsoon,solan,36.6,28.6,0.3,67,25.7,19.7,12.9,90.0
2022-07-09,Azadpur APMC,985.8,1403.0,7,monsoon,solan,33.6,28.2,1.3,73,25.7,19.1,3.2,86.0
2022-07-11,Azadpur APMC,74.7,1403.0,7,monsoon,solan,34.6,27.2,0.1,75,28.0,19.8,5.6,88.0
2022-07-12,Azadpur APMC,1032.8,1403.0,7,monsoon,solan,34.6,28.3,0.8,75,27.1,20.2,5.5,83.0
2022-07-13,Azadpur APMC,902.8,1403.0,7,monsoon,solan,35.1,27.8,2.9,78,26.5,19.7,4.1,85.0
2022-07-14,Azadpur APMC,940.5,1409.0,7,monsoon,solan,34.2,27.7,13.9,80,26.3,20.0,4.2,85.0
2022-07-15,Azadpur APMC,1005.6,1553.0,7,monsoon,solan,35.6,28.6,4.3,72,25.1,19.7,14.9,89.0
2022-07-18,Azadpur APMC,95.6,1528.0,7,monsoon,solan,35.3,26.3,4.9,78,25.6,18.9,3.1,88.0
2022-07-19,Azadpur APMC,1473.6,1722.0,7,monsoon,solan,35.1,26.8,1.6,78,26.1,19.2,2.6,87.0
2022-07-20,Azadpur APMC,1106.5,1762.0,7,monsoon,solan,33.1,26.5,28.7,84,26.8,18.8,6.1,81.0
2022-07-21,Azadpur APMC,1024.0,1762.0,7,monsoon,solan,30.5,24.7,16.2,84,27.3,20.1,2.1,79.0
2022-07-22,Azadpur APMC,966.0,1762.0,7,monsoon,solan,31.3,25.1,3.0,86,27.6,19.5,2.5,76.0
2022-07-23,Azadpur APMC,1174.6,1762.0,7,monsoon,solan,30.4,25.1,14.3,86,26.6,19.8,9.7,87.0
2022-07-25,Azadpur APMC,99.9,1762.0,7,monsoon,solan,32.7,25.7,8.3,80,26.1,19.1,3.1,86.0
2022-07-26,Azadpur APMC,1606.7,1762.0,7,monsoon,solan,31.5,25.4,2.0,81,25.6,19.5,16.4,88.0
2022-07-27,Azadpur APMC,910.1,1762.0,7,monsoon,solan,32.1,25.4,7.0,82,24.0,19.0,1.5,90.0
2022-07-28,Azadpur APMC,1227.8,1722.0,7,monsoon,solan,31.4,25.2,20.5,85,25.0,18.7,8.0,90.0
2022-07-29,Azadpur APMC,1454.4,1722.0,7,monsoon,solan,30.1,25.0,8.8,87,26.2,18.9,12.0,89.0
2022-07-30,Azadpur APMC,1061.1,1722.0,7,monsoon,solan,31.4,25.5,4.1,85,25.3,19.3,7.0,85.0
2022-08-01,Azadpur APMC,121.4,1722.0,8,monsoon,solan,31.3,25.4,8.8,84,24.7,19.7,13.8,88.0
2022-08-02,Azadpur APMC,1417.5,1722.0,8,monsoon,solan,33.5,25.8,0.3,79,24.7,19.2,6.6,88.0
2022-08-03,Azadpur APMC,929.1,1722.0,8,monsoon,solan,33.0,26.5,0.4,81,24.8,18.5,5.2,91.0
2022-08-04,Azadpur APMC,1280.4,1712.0,8,monsoon,solan,31.5,26.6,0.9,86,23.3,18.9,8.1,92.0
2022-08-05,Azadpur APMC,1168.4,1712.0,8,monsoon,solan,30.7,24.8,7.2,86,22.7,19.3,11.4,93.0
2022-08-06,Azadpur APMC,1314.5,1712.0,8,monsoon,solan,32.7,25.5,2.3,83,21.2,18.4,17.4,95.0
2022-08-08,Azadpur APMC,83.4,1413.0,8,monsoon,solan,33.4,25.0,0.1,81,26.0,17.5,0.8,86.0
2022-08-09,Azadpur APMC,1172.5,1413.0,8,monsoon,solan,33.8,27.4,0.2,78,26.6,16.7,2.1,85.0
2022-08-10,Azadpur APMC,914.5,1413.0,8,monsoon,solan,34.5,27.5,0.4,74,24.9,19.4,6.9,91.0
2022-08-11,Azadpur APMC,946.9,1413.0,8,monsoon,solan,28.7,26.4,4.3,83,24.8,19.0,4.1,90.0
2022-08-12,Azadpur APMC,850.9,1363.0,8,monsoon,solan,33.9,25.1,0.0,74,26.2,18.5,5.0,87.0
2022-08-13,Azadpur APMC,737.3,1388.0,8,monsoon,solan,33.5,26.3,0.4,76,24.3,19.4,17.2,90.0
2022-08-16,Azadpur APMC,116.5,1363.0,8,monsoon,solan,30.7,25.7,8.7,80,27.3,19.4,0.0,80.0
2022-08-17,Azadpur APMC,2512.4,1363.0,8,monsoon,solan,31.9,25.2,0.2,78,24.9,19.7,9.5,83.0
2022-08-18,Azadpur APMC,1093.6,1363.0,8,monsoon,solan,33.5,25.5,0.5,75,27.2,19.7,0.0,72.0
2022-08-19,Azadpur APMC,1147.0,1363.0,8,monsoon,solan,34.1,26.5,0.5,73,27.7,18.8,0.5,84.0
2022-08-20,Azadpur APMC,1168.9,1363.0,8,monsoon,solan,30.4,24.8,4.2,82,25.8,20.0,7.9,90.0
2022-08-22,Azadpur APMC,172.2,1363.0,8,monsoon,solan,33.1,25.9,6.2,77,25.6,19.5,1.6,81.0
2022-08-23,Azadpur APMC,1955.0,1363.0,8,monsoon,solan,33.8,26.2,1.8,70,26.2,18.5,2.5,86.0
2022-08-24,Azadpur APMC,1111.8,1363.0,8,monsoon,solan,32.7,25.9,1.2,76,25.0,17.2,3.5,89.0
2022-08-25,Azadpur APMC,873.5,1363.0,8,monsoon,solan,34.1,25.3,0.6,73,24.0,20.1,8.5,90.0
2022-08-26,Azadpur APMC,1116.5,1319.0,8,monsoon,solan,35.3,26.6,0.6,64,23.3,19.2,22.0,93.0
2022-08-27,Azadpur APMC,1296.3,1303.0,8,monsoon,solan,35.6,27.6,1.6,60,26.1,17.8,15.3,85.0
2022-08-29,Azadpur APMC,180.3,1303.0,8,monsoon,solan,35.4,27.7,1.5,59,26.7,18.9,1.8,83.0
2022-08-30,Azadpur APMC,1375.1,1303.0,8,monsoon,solan,37.3,26.6,0.0,66,24.7,19.6,5.3,87.0
2022-08-31,Azadpur APMC,777.5,1303.0,8,monsoon,solan,37.2,28.0,0.4,61,25.4,18.4,1.8,85.0
2022-09-01,Azadpur APMC,863.6,1290.0,9,monsoon,agra,37.7,28.0,0.1,59,32.5,25.4,3.0,79.0
2022-09-02,Azadpur APMC,1201.6,1290.0,9,monsoon,agra,37.5,28.0,0.0,57,33.1,26.6,0.1,70.0
2022-09-03,Azadpur APMC,1113.7,1290.0,9,monsoon,agra,38.4,27.8,0.0,50,33.2,26.6,0.1,68.0
2022-09-05,Azadpur APMC,134.7,1290.0,9,monsoon,agra,37.1,27.3,0.0,51,33.6,26.3,3.4,76.0
2022-09-06,Azadpur APMC,1528.1,1290.0,9,monsoon,agra,37.9,27.7,0.4,51,33.8,26.6,1.3,76.0
2022-09-07,Azadpur APMC,1011.0,1290.0,9,monsoon,agra,37.6,27.9,0.0,52,34.6,27.4,0.3,74.0
2022-09-08,Azadpur APMC,1011.8,1290.0,9,monsoon,agra,37.0,27.2,0.0,53,33.4,26.2,0.8,77.0
2022-09-09,Azadpur APMC,1503.3,1290.0,9,monsoon,agra,35.3,27.9,0.2,61,34.9,26.9,0.1,68.0
2022-09-10,Azadpur APMC,1440.8,1290.0,9,monsoon,agra,34.5,25.2,0.6,68,34.6,26.5,0.0,66.0
2022-09-12,Azadpur APMC,139.5,1290.0,9,monsoon,agra,34.8,26.8,0.2,66,34.7,25.7,0.0,66.0
2022-09-13,Azadpur APMC,186.4,1290.0,9,monsoon,agra,34.7,25.0,4.1,67,35.1,25.6,0.0,64.0
2022-09-14,Azadpur APMC,1333.6,1290.0,9,monsoon,agra,30.2,25.2,5.4,76,35.4,26.2,0.0,66.0
2022-09-15,Azadpur APMC,1214.3,1290.0,9,monsoon,agra,30.7,24.6,13.6,85,33.0,27.0,0.8,75.0
2022-09-16,Azadpur APMC,1074.4,1290.0,9,monsoon,agra,30.7,23.6,5.8,84,33.5,26.6,2.3,78.0
2022-09-17,Azadpur APMC,1091.9,1290.0,9,monsoon,agra,33.5,24.0,0.5,80,34.4,26.6,0.0,71.0
2022-09-19,Azadpur APMC,254.1,1290.0,9,monsoon,agra,33.3,25.0,0.0,77,30.8,25.7,8.3,75.0
2022-09-20,Azadpur APMC,1651.6,1350.0,9,monsoon,agra,31.8,24.3,7.8,84,28.7,25.4,3.9,84.0
2022-09-21,Azadpur APMC,698.8,1350.0,9,monsoon,agra,31.7,25.0,3.6,84,30.0,24.5,13.2,87.0
2022-09-22,Azadpur APMC,1153.2,1350.0,9,monsoon,agra,27.5,24.0,35.3,90,31.7,24.5,1.3,83.0
2022-09-23,Azadpur APMC,1118.4,1350.0,9,monsoon,agra,28.5,23.8,52.0,92,33.1,23.8,1.8,82.0
2022-09-24,Azadpur APMC,1106.7,1350.0,9,monsoon,agra,27.6,23.4,35.7,92,32.9,23.6,0.1,76.0
2022-09-26,Azadpur APMC,218.1,1388.0,9,monsoon,agra,30.8,23.0,0.2,85,32.8,24.0,2.1,84.0
2022-09-27,Azadpur APMC,1889.1,1388.0,9,monsoon,agra,31.4,22.7,0.2,80,29.1,24.4,22.9,90.0
2022-09-28,Azadpur APMC,1247.7,1388.0,9,monsoon,agra,32.1,23.3,0.0,77,27.9,24.1,58.6,94.0
2022-09-29,Azadpur APMC,1754.7,1375.0,9,monsoon,agra,31.8,23.0,0.0,78,30.0,23.6,28.2,91.0
2022-09-30,Azadpur APMC,2119.1,1375.0,9,monsoon,agra,31.9,23.1,0.0,77,28.2,24.5,27.5,90.0
2022-10-01,Azadpur APMC,1505.1,1388.0,10,post_monsoon,agra,32.7,23.4,0.0,73,32.2,24.4,0.4,78.0
2022-10-04,Azadpur APMC,1905.9,1463.0,10,post_monsoon,agra,32.7,22.6,0.0,70,32.8,23.1,0.3,72.0
2022-10-05,Azadpur APMC,1138.4,1438.0,10,post_monsoon,agra,31.7,22.8,0.1,78,33.0,22.9,0.0,72.0
2022-10-06,Azadpur APMC,887.8,1438.0,10,post_monsoon,agra,30.8,23.1,0.0,76,32.5,23.3,0.0,74.0
2022-10-07,Azadpur APMC,1257.8,1438.0,10,post_monsoon,agra,26.2,22.8,1.1,83,32.8,23.6,0.6,74.0
2022-10-08,Azadpur APMC,923.6,1438.0,10,post_monsoon,agra,23.7,21.8,37.7,92,32.7,23.4,0.4,71.0
2022-10-10,Azadpur APMC,212.2,1500.0,10,post_monsoon,agra,27.5,21.3,1.1,88,31.9,24.5,2.5,73.0
2022-10-11,Azadpur APMC,960.7,1500.0,10,post_monsoon,agra,26.8,20.9,2.4,88,31.4,24.7,1.3,82.0
2022-10-12,Azadpur APMC,1301.1,1575.0,10,post_monsoon,agra,28.4,20.2,0.0,84,29.6,23.9,0.2,81.0
2022-10-13,Azadpur APMC,1182.0,1575.0,10,post_monsoon,agra,29.2,19.4,0.0,75,28.6,23.0,3.7,89.0
2022-10-14,Azadpur APMC,1420.6,1575.0,10,post_monsoon,agra,29.5,18.8,0.0,71,28.1,23.1,57.1,92.0
2022-10-15,Azadpur APMC,1244.5,1575.0,10,post_monsoon,agra,29.8,18.4,0.0,70,29.6,22.8,41.9,91.0
2022-10-17,Azadpur APMC,112.4,1575.0,10,post_monsoon,agra,30.4,18.4,0.0,66,28.9,21.8,0.8,86.0
2022-10-18,Azadpur APMC,1726.6,1575.0,10,post_monsoon,agra,30.6,18.0,0.0,64,28.9,21.3,0.4,84.0
2022-10-19,Azadpur APMC,1297.6,1538.0,10,post_monsoon,agra,30.2,19.0,0.0,66,29.6,19.7,0.0,77.0
2022-10-20,Azadpur APMC,1052.8,1563.0,10,post_monsoon,agra,30.4,18.6,0.0,66,29.8,20.0,0.0,73.0
2022-10-21,Azadpur APMC,1272.3,1563.0,10,post_monsoon,agra,30.0,17.6,0.0,65,29.6,19.3,0.0,71.0
2022-10-22,Azadpur APMC,1150.3,1563.0,10,post_monsoon,agra,29.2,18.1,0.0,69,29.7,19.4,0.0,74.0
2022-10-24,Azadpur APMC,187.4,1563.0,10,post_monsoon,agra,29.7,16.4,0.0,64,30.3,19.2,0.0,64.0
2022-10-25,Azadpur APMC,1237.3,1550.0,10,post_monsoon,agra,29.6,15.7,0.0,61,30.8,18.3,0.0,65.0
2022-10-26,Azadpur APMC,348.7,1550.0,10,post_monsoon,agra,29.8,16.0,0.0,65,30.4,20.0,0.0,61.0
2022-10-27,Azadpur APMC,359.3,1550.0,10,post_monsoon,agra,30.1,17.7,0.0,64,31.3,18.2,0.0,60.0
2022-10-28,Azadpur APMC,1007.4,1775.0,10,post_monsoon,agra,29.9,17.1,0.0,67,30.2,18.7,0.0,62.0
2022-10-29,Azadpur APMC,1214.2,1775.0,10,post_monsoon,agra,29.4,17.1,0.0,64,29.3,17.1,0.0,68.0
2022-10-31,Azadpur APMC,189.5,1975.0,10,post_monsoon,agra,29.4,16.0,0.0,66,29.5,17.0,0.0,61.0
2022-11-01,Azadpur APMC,1870.2,1975.0,11,post_monsoon,agra,30.3,18.1,0.0,68,30.2,16.8,0.0,68.0
2022-11-02,Azadpur APMC,1264.0,1975.0,11,post_monsoon,agra,29.2,17.6,0.0,73,30.3,17.5,0.0,71.0
2022-11-03,Azadpur APMC,1197.0,1990.0,11,post_monsoon,agra,30.6,17.8,0.0,69,30.8,19.7,0.0,70.0
2022-11-04,Azadpur APMC,1160.2,1990.0,11,post_monsoon,agra,30.5,20.2,0.0,67,30.3,18.5,0.0,67.0
2022-11-05,Azadpur APMC,1400.2,1990.0,11,post_monsoon,agra,29.9,19.4,0.0,78,29.2,16.5,0.0,69.0
2022-11-07,Azadpur APMC,292.8,1613.0,11,post_monsoon,agra,30.4,18.6,0.0,74,30.0,16.8,0.0,68.0
2022-11-08,Azadpur APMC,2628.5,1613.0,11,post_monsoon,agra,28.7,17.8,7.9,76,30.4,18.5,0.0,69.0
2022-11-09,Azadpur APMC,849.4,1613.0,11,post_monsoon,agra,26.9,17.0,0.5,73,30.5,18.1,0.0,69.0
2022-11-10,Azadpur APMC,1209.2,1613.0,11,post_monsoon,agra,25.8,18.1,0.0,76,31.3,17.9,0.0,72.0
2022-11-11,Azadpur APMC,1312.0,1613.0,11,post_monsoon,agra,26.2,15.3,0.0,69,30.6,19.8,0.0,77.0
2022-11-12,Azadpur APMC,1476.4,1588.0,11,post_monsoon,agra,26.3,15.0,0.0,64,30.2,18.9,0.0,77.0
2022-11-14,Azadpur APMC,313.2,1588.0,11,post_monsoon,agra,27.7,15.4,0.0,65,29.8,17.6,0.0,70.0
2022-11-15,Azadpur APMC,1729.3,1588.0,11,post_monsoon,agra,26.5,15.6,0.0,68,28.3,17.6,0.3,71.0
2022-11-16,Azadpur APMC,1405.9,1488.0,11,post_monsoon,agra,25.2,15.3,0.0,64,27.6,18.2,1.6,79.0
2022-11-17,Azadpur APMC,1551.0,1488.0,11,post_monsoon,agra,24.4,13.1,0.0,65,28.1,16.8,0.0,65.0
2022-11-18,Azadpur APMC,1334.8,1488.0,11,post_monsoon,agra,24.3,11.4,0.0,63,27.1,16.3,0.0,59.0
2022-11-19,Azadpur APMC,1589.6,1488.0,11,post_monsoon,agra,24.2,12.3,0.0,61,27.4,14.9,0.0,63.0
2022-11-21,Azadpur APMC,480.5,1513.0,11,post_monsoon,agra,25.7,11.8,0.0,63,27.5,14.7,0.0,67.0
2022-11-22,Azadpur APMC,1571.4,1525.0,11,post_monsoon,agra,25.3,11.8,0.0,60,26.4,15.3,0.0,64.0
2022-11-23,Azadpur APMC,1408.2,1525.0,11,post_monsoon,agra,25.2,10.7,0.0,56,25.1,14.1,0.0,57.0
2022-11-24,Azadpur APMC,1344.3,1475.0,11,post_monsoon,agra,25.2,11.1,0.0,59,24.8,12.6,0.0,59.0
2022-11-25,Azadpur APMC,1441.3,1475.0,11,post_monsoon,agra,24.8,11.6,0.0,60,24.9,11.4,0.0,63.0
2022-11-26,Azadpur APMC,1892.4,1475.0,11,post_monsoon,agra,25.1,10.7,0.0,61,25.3,12.8,0.0,67.0
2022-11-28,Azadpur APMC,385.1,1500.0,11,post_monsoon,agra,24.2,9.9,0.0,65,25.6,12.4,0.0,61.0
2022-11-29,Azadpur APMC,1450.3,1500.0,11,post_monsoon,agra,24.0,9.8,0.0,70,25.4,12.0,0.0,59.0
2022-11-30,Azadpur APMC,1624.8,1500.0,11,post_monsoon,agra,24.0,10.9,0.0,74,25.0,10.9,0.0,58.0
2022-12-01,Azadpur APMC,1348.3,1500.0,12,winter,agra,23.7,10.5,0.0,75,25.1,10.0,0.0,66.0
2022-12-02,Azadpur APMC,1506.0,1500.0,12,winter,agra,23.4,10.1,0.0,74,25.0,11.0,0.0,62.0
2022-12-03,Azadpur APMC,1195.4,1500.0,12,winter,agra,23.7,10.6,0.0,74,25.0,11.1,0.0,68.0
2022-12-05,Azadpur APMC,292.2,1475.0,12,winter,agra,22.3,9.9,0.0,76,24.6,11.3,0.0,71.0
2022-12-06,Azadpur APMC,2192.8,1475.0,12,winter,agra,22.9,10.7,0.0,71,24.2,10.4,0.0,74.0
2022-12-07,Azadpur APMC,289.0,1425.0,12,winter,agra,23.2,11.2,0.0,70,23.9,11.9,0.0,75.0
2022-12-08,Azadpur APMC,1580.0,1425.0,12,winter,agra,22.8,10.4,0.0,76,23.6,10.6,0.0,74.0
2022-12-09,Azadpur APMC,1309.1,1364.0,12,winter,agra,23.4,9.8,0.0,78,23.3,11.2,0.0,71.0
2022-12-10,Azadpur APMC,1105.2,1355.0,12,winter,agra,25.1,10.7,0.0,73,23.5,11.1,0.0,78.0
2022-12-12,Azadpur APMC,596.5,1373.0,12,winter,agra,24.7,10.8,0.0,66,23.3,10.8,0.0,71.0
2022-12-13,Azadpur APMC,1454.0,1373.0,12,winter,agra,24.5,10.6,0.0,58,24.2,11.0,0.0,69.0
2022-12-14,Azadpur APMC,1505.3,1373.0,12,winter,agra,22.2,10.6,0.0,60,23.8,10.4,0.0,73.0
2022-12-15,Azadpur APMC,956.9,1409.0,12,winter,agra,21.7,8.2,0.0,63,23.8,11.4,0.0,76.0
2022-12-16,Azadpur APMC,1147.5,1409.0,12,winter,agra,21.1,8.0,0.0,71,25.5,10.5,0.0,76.0
2022-12-17,Azadpur APMC,1629.6,1336.0,12,winter,agra,21.6,7.7,0.0,73,26.1,11.4,0.0,74.0
2022-12-19,Azadpur APMC,459.1,1282.0,12,winter,agra,21.3,8.0,0.0,82,24.9,12.9,0.0,57.0
2022-12-20,Azadpur APMC,1589.8,1282.0,12,winter,agra,20.7,8.1,0.0,79,23.7,12.1,0.0,58.0
2022-12-21,Azadpur APMC,1627.5,1282.0,12,winter,agra,20.4,7.8,0.0,80,22.2,9.2,0.0,65.0
2022-12-22,Azadpur APMC,1201.8,1282.0,12,winter,agra,20.4,7.7,0.0,82,22.2,7.6,0.0,71.0
2022-12-23,Azadpur APMC,1011.9,1255.0,12,winter,agra,18.8,7.1,0.0,85,22.3,8.1,0.0,72.0
2022-12-24,Azadpur APMC,1698.9,1255.0,12,winter,agra,18.9,8.4,0.0,77,22.5,8.1,0.0,78.0
2022-12-26,Azadpur APMC,348.4,1191.0,12,winter,agra,18.4,6.0,0.0,85,22.6,8.8,0.0,77.0
2022-12-27,Azadpur APMC,1460.2,1144.0,12,winter,agra,18.7,6.4,0.0,81,21.8,9.4,0.0,77.0
2022-12-28,Azadpur APMC,818.6,1144.0,12,winter,agra,19.5,7.7,0.0,75,21.8,9.7,0.0,75.0
2022-12-29,Azadpur APMC,1220.5,1144.0,12,winter,agra,20.3,8.7,0.0,77,22.4,9.3,0.0,71.0
2022-12-30,Azadpur APMC,1693.5,1144.0,12,winter,agra,20.5,10.7,0.0,77,21.2,9.3,0.0,66.0
2022-12-31,Azadpur APMC,1411.9,1125.0,12,winter,agra,18.9,9.2,0.0,84,18.6,7.5,0.0,74.0
2023-01-02,Azadpur APMC,407.8,1080.0,1,winter,agra,17.8,6.4,0.0,80,19.8,7.3,0.0,78.0
2023-01-03,Azadpur APMC,1740.2,1080.0,1,winter,agra,16.5,5.6,0.0,88,21.0,7.4,0.0,65.0
2023-01-04,Azadpur APMC,1242.8,1080.0,1,winter,agra,16.5,5.0,0.0,89,22.4,8.2,0.0,67.0
2023-01-05,Azadpur APMC,606.0,1035.0,1,winter,agra,15.4,5.1,0.0,90,21.7,10.5,0.0,79.0
2023-01-06,Azadpur APMC,1470.2,1035.0,1,winter,agra,13.9,4.6,0.0,89,20.4,9.5,0.0,80.0
2023-01-07,Azadpur APMC,1177.1,958.0,1,winter,agra,15.0,3.5,0.0,89,18.8,7.1,0.0,79.0
2023-01-09,Azadpur APMC,396.7,958.0,1,winter,agra,17.1,5.6,0.0,91,17.6,6.6,0.0,84.0
2023-01-10,Azadpur APMC,1019.5,950.0,1,winter,agra,18.2,7.3,0.0,91,16.3,5.7,0.0,87.0
2023-01-11,Azadpur APMC,1253.4,958.0,1,winter,agra,19.3,7.4,0.0,88,15.2,4.8,0.0,91.0
2023-01-13,Azadpur APMC,1716.2,918.0,1,winter,agra,18.0,10.2,14.3,88,16.1,4.7,0.0,85.0
2023-01-18,Azadpur APMC,1153.6,922.0,1,winter,agra,16.5,3.2,0.0,68,20.9,10.8,0.0,82.0
2023-01-19,Azadpur APMC,1381.9,940.0,1,winter,agra,18.0,6.2,0.0,68,21.7,12.0,3.1,87.0
2023-01-20,Azadpur APMC,1211.2,940.0,1,winter,agra,19.7,9.8,0.0,73,18.7,9.4,0.0,79.0
2023-01-21,Azadpur APMC,1074.0,940.0,1,winter,agra,20.3,7.0,0.0,80,15.6,6.1,0.0,64.0
2023-01-23,Azadpur APMC,341.2,940.0,1,winter,agra,22.7,8.5,0.0,65,16.6,3.9,0.0,69.0
2023-01-24,Azadpur APMC,1762.7,931.0,1,winter,agra,20.9,12.1,6.3,83,17.3,3.1,0.0,69.0
2023-01-25,Azadpur APMC,1375.5,736.0,1,winter,agra,21.0,12.3,0.8,85,18.6,5.0,0.0,70.0
2023-01-27,Azadpur APMC,483.2,711.0,1,winter,agra,18.6,7.4,0.0,71,21.7,7.0,0.0,77.0
2023-01-28,Azadpur APMC,2503.2,683.0,1,winter,agra,20.6,6.0,0.0,71,23.3,9.3,0.0,70.0
2023-01-30,Azadpur APMC,117.5,683.0,1,winter,agra,16.4,10.5,26.0,86,21.8,14.3,10.6,87.0
2023-01-31,Azadpur APMC,1971.7,683.0,1,winter,agra,20.5,9.4,0.0,85,22.1,13.2,1.5,88.0
2023-02-02,Azadpur APMC,1427.5,640.0,2,winter,agra,21.7,9.0,0.0,69,19.0,8.1,0.0,71.0
2023-02-03,Azadpur APMC,926.0,631.0,2,winter,agra,22.4,9.1,0.0,71,20.5,6.7,0.0,70.0
2023-02-04,Azadpur APMC,1389.3,631.0,2,winter,agra,22.8,10.0,0.0,69,19.5,8.9,9.6,80.0
2023-02-07,Azadpur APMC,1684.2,611.0,2,winter,agra,23.5,12.5,0.0,72,20.5,9.7,0.0,80.0
2023-02-08,Azadpur APMC,1392.6,611.0,2,winter,agra,22.8,9.7,0.0,61,21.7,9.2,0.0,73.0
2023-02-09,Azadpur APMC,1245.6,687.0,2,winter,agra,26.0,9.3,0.0,65,23.0,9.3,0.0,75.0
2023-02-10,Azadpur APMC,1271.7,691.0,2,winter,agra,25.7,12.8,0.0,70,23.7,10.6,0.0,75.0
2023-02-11,Azadpur APMC,987.1,691.0,2,winter,agra,26.2,13.3,0.0,65,24.2,10.6,0.0,71.0
2023-02-13,Azadpur APMC,380.2,617.0,2,winter,agra,21.5,9.4,0.0,37,24.6,12.8,0.0,67.0
2023-02-14,Azadpur APMC,1743.7,617.0,2,winter,agra,23.9,10.0,0.0,47,23.1,10.7,0.0,66.0
2023-02-15,Azadpur APMC,941.1,603.0,2,winter,agra,26.3,12.3,0.0,56,25.8,9.1,0.0,72.0
2023-02-16,Azadpur APMC,1220.7,603.0,2,winter,agra,26.4,11.2,0.0,71,26.8,11.9,0.0,71.0
2023-02-17,Azadpur APMC,1493.6,614.0,2,winter,agra,26.9,12.8,0.0,76,26.7,14.1,0.0,67.0
2023-02-18,Azadpur APMC,976.5,517.0,2,winter,agra,26.5,12.6,0.0,77,23.4,11.4,0.0,53.0
2023-02-20,Azadpur APMC,149.6,540.0,2,winter,agra,31.1,15.1,0.0,62,23.6,9.3,0.0,49.0
2023-02-21,Azadpur APMC,1319.8,540.0,2,winter,agra,29.6,15.6,0.0,57,26.1,11.7,0.0,61.0
2023-02-22,Azadpur APMC,1542.1,540.0,2,winter,agra,28.7,13.9,0.0,62,26.2,11.9,0.0,73.0
2023-02-23,Azadpur APMC,1725.8,540.0,2,winter,agra,28.1,13.5,0.0,53,26.6,13.2,0.0,72.0
2023-02-24,Azadpur APMC,1436.0,540.0,2,winter,agra,28.3,12.2,0.0,51,27.5,13.2,0.0,77.0
2023-02-25,Azadpur APMC,1332.8,540.0,2,winter,agra,28.5,13.0,0.0,54,28.2,13.5,0.0,74.0
2023-03-01,Azadpur APMC,1362.6,540.0,3,summer,agra,30.0,16.3,0.0,48,29.1,15.0,0.0,55.0
2023-03-02,Azadpur APMC,1378.5,540.0,3,summer,agra,30.3,15.9,0.0,54,27.3,13.8,0.0,54.0
2023-03-03,Azadpur APMC,1381.7,504.0,3,summer,agra,31.1,16.8,0.0,54,29.0,12.6,0.0,63.0
2023-03-04,Azadpur APMC,1451.0,502.0,3,summer,agra,30.4,17.3,0.0,54,29.6,15.3,0.0,60.0
2023-03-06,Azadpur APMC,243.8,489.0,3,summer,agra,29.2,15.5,0.0,50,29.7,14.6,0.0,58.0
2023-03-07,Azadpur APMC,1635.4,489.0,3,summer,agra,29.1,15.2,0.0,50,30.6,15.4,0.0,56.0
2023-03-09,Azadpur APMC,468.7,489.0,3,summer,agra,28.5,16.1,0.0,59,30.6,16.1,0.0,60.0
2023-03-10,Azadpur APMC,835.7,498.0,3,summer,agra,29.8,15.5,0.0,56,30.2,17.6,0.0,59.0
2023-03-11,Azadpur APMC,312.7,498.0,3,summer,agra,30.3,16.8,0.0,50,30.1,16.7,0.0,60.0
2023-03-13,Azadpur APMC,253.5,540.0,3,summer,agra,32.3,17.8,0.0,49,29.0,15.6,0.0,55.0
2023-03-14,Azadpur APMC,1905.1,596.0,3,summer,agra,32.0,17.4,0.0,48,28.3,16.2,2.4,62.0
2023-03-15,Azadpur APMC,1433.2,591.0,3,summer,agra,32.6,18.1,0.0,43,24.5,16.5,1.9,78.0
2023-03-22,Azadpur APMC,1469.2,736.0,3,summer,agra,26.2,14.5,0.0,77,32.1,18.1,0.2,47.0
2023-03-23,Azadpur APMC,1097.0,736.0,3,summer,agra,28.0,15.5,0.0,67,26.6,17.3,1.2,66.0
2023-03-24,Azadpur APMC,2354.6,842.0,3,summer,agra,27.2,17.0,18.4,70,24.0,18.0,9.5,74.0
2023-03-25,Azadpur APMC,1899.7,824.0,3,summer,agra,26.3,17.3,1.3,79,24.7,16.7,9.2,83.0
2023-03-27,Azadpur APMC,99.8,869.0,3,summer,agra,26.7,15.1,0.0,66,24.7,14.9,6.4,83.0
2023-03-28,Azadpur APMC,1381.2,869.0,3,summer,agra,28.4,15.7,0.0,64,26.9,14.7,0.0,76.0
2023-03-29,Azadpur APMC,1472.9,751.0,3,summer,agra,31.2,16.8,0.2,58,28.5,16.3,0.0,70.0
2023-03-30,Azadpur APMC,1694.7,751.0,3,summer,agra,30.8,17.5,12.4,71,28.3,17.4,3.1,68.0
2023-03-31,Azadpur APMC,1235.2,751.0,3,summer,agra,23.8,17.2,6.0,83,27.8,18.2,0.1,66.0
2023-04-01,Azadpur APMC,685.9,760.0,4,summer,agra,25.3,15.9,1.2,81,29.7,18.1,0.0,57.0
2023-04-03,Azadpur APMC,167.0,715.0,4,summer,agra,31.2,16.2,0.0,64,30.5,16.4,0.0,52.0
2023-04-08,Azadpur APMC,1291.7,769.0,4,summer,agra,32.4,17.1,0.0,31,29.9,16.3,0.0,65.0
2023-04-10,Azadpur APMC,110.5,769.0,4,summer,agra,33.9,19.2,0.0,28,30.1,18.1,0.0,57.0
2023-04-11,Azadpur APMC,1092.8,715.0,4,summer,agra,36.7,19.3,0.0,27,32.4,17.2,0.0,47.0
2023-04-12,Azadpur APMC,1142.4,769.0,4,summer,agra,36.9,22.7,0.0,27,32.2,18.2,0.0,38.0
2023-04-13,Azadpur APMC,956.0,769.0,4,summer,agra,37.8,21.4,0.0,28,33.4,19.1,0.0,34.0
2023-04-14,Azadpur APMC,1016.4,769.0,4,summer,agra,37.8,21.4,0.0,27,33.8,18.7,0.0,34.0
2023-04-15,Azadpur APMC,709.4,769.0,4,summer,agra,39.3,21.1,0.0,24,34.4,19.6,0.0,32.0
2023-04-17,Azadpur APMC,41.8,805.0,4,summer,agra,39.2,24.7,0.0,25,36.8,19.3,0.0,30.0
2023-04-18,Azadpur APMC,462.1,778.0,4,summer,agra,39.1,25.0,0.0,24,37.4,21.8,0.0,30.0
2023-04-19,Azadpur APMC,1056.7,778.0,4,summer,agra,37.5,25.2,0.0,36,37.7,21.7,0.0,31.0
2023-04-20,Azadpur APMC,1017.2,778.0,4,summer,agra,34.6,23.2,0.0,44,38.6,22.7,0.0,31.0
2023-04-21,Azadpur APMC,904.8,778.0,4,summer,agra,35.1,22.7,0.0,34,39.7,22.8,0.0,26.0
2023-04-22,Azadpur APMC,697.9,778.0,4,summer,agra,34.8,21.3,0.0,26,39.9,23.8,0.0,25.0
2023-04-24,Azadpur APMC,166.4,824.0,4,summer,agra,32.1,20.1,0.0,36,40.1,25.6,0.0,23.0
2023-04-25,Azadpur APMC,1168.6,824.0,4,summer,agra,33.3,20.5,0.0,37,38.5,25.7,0.0,26.0
2023-04-26,Azadpur APMC,991.6,824.0,4,summer,agra,35.3,21.7,0.0,33,36.7,23.3,0.0,35.0
2023-04-27,Azadpur APMC,951.7,824.0,4,summer,agra,36.4,23.2,0.0,31,36.3,24.0,0.0,34.0
2023-05-01,Azadpur APMC,58.6,915.0,5,summer,agra,26.8,19.8,4.5,81,33.7,19.9,0.0,40.0
2023-05-02,Azadpur APMC,1032.5,915.0,5,summer,agra,27.1,19.5,6.6,84,35.4,20.8,0.0,33.0
2023-05-03,Azadpur APMC,709.7,915.0,5,summer,agra,27.6,20.2,3.1,82,35.6,23.4,0.7,35.0
2023-05-04,Azadpur APMC,1296.8,915.0,5,summer,agra,29.1,19.0,0.0,76,33.5,23.5,0.0,39.0
2023-05-06,Azadpur APMC,907.5,1050.0,5,summer,agra,34.4,20.0,0.1,57,31.6,20.4,2.1,55.0
2023-05-08,Azadpur APMC,41.4,915.0,5,summer,agra,36.1,21.7,0.0,44,28.6,19.5,2.5,79.0
2023-05-09,Azadpur APMC,1374.9,915.0,5,summer,agra,37.2,21.1,0.0,35,28.8,20.4,10.9,80.0
2023-05-10,Azadpur APMC,1049.4,915.0,5,summer,agra,36.8,21.8,0.0,22,30.0,19.4,0.0,70.0
2023-05-11,Azadpur APMC,958.4,887.0,5,summer,agra,38.8,22.3,0.0,22,32.8,21.4,0.0,57.0
2023-05-12,Azadpur APMC,993.5,1017.0,5,summer,agra,41.7,23.5,0.0,24,35.7,20.9,0.0,51.0
2023-05-13,Azadpur APMC,363.7,887.0,5,summer,agra,41.5,24.8,0.0,26,37.1,21.5,0.0,44.0
2023-05-15,Azadpur APMC,210.0,887.0,5,summer,agra,40.2,24.6,0.0,26,37.6,21.6,0.0,37.0
2023-05-16,Azadpur APMC,1220.3,905.0,5,summer,agra,38.9,26.4,0.0,28,36.7,21.1,0.0,32.0
2023-05-17,Azadpur APMC,681.4,905.0,5,summer,agra,41.0,25.4,0.0,26,38.6,20.2,0.0,32.0
2023-05-18,Azadpur APMC,442.0,905.0,5,summer,agra,38.0,24.1,0.0,40,40.6,22.2,0.0,29.0
2023-05-19,Azadpur APMC,1077.8,905.0,5,summer,agra,38.2,25.5,0.0,36,41.0,23.8,0.0,31.0
2023-05-20,Azadpur APMC,1232.1,905.0,5,summer,agra,40.3,24.2,0.0,30,41.4,24.9,0.0,28.0
2023-05-22,Azadpur APMC,106.8,905.0,5,summer,agra,42.6,29.3,0.0,20,38.0,27.4,0.2,29.0
2023-05-23,Azadpur APMC,1289.4,905.0,5,summer,agra,43.5,30.0,2.4,29,40.4,26.6,0.0,31.0
2023-05-24,Azadpur APMC,739.8,905.0,5,summer,agra,38.1,26.3,0.0,51,38.0,26.5,0.0,37.0
2023-05-25,Azadpur APMC,779.9,905.0,5,summer,agra,33.3,23.9,0.7,65,39.2,26.4,0.0,35.0
2023-05-26,Azadpur APMC,127.4,905.0,5,summer,agra,33.8,22.7,0.0,60,40.8,24.6,0.0,29.0
2023-05-27,Azadpur APMC,271.6,905.0,5,summer,agra,33.4,21.0,15.4,67,43.5,27.6,0.0,22.0
2023-05-29,Azadpur APMC,123.3,905.0,5,summer,agra,33.2,22.6,2.8,74,43.7,28.6,0.0,24.0
2023-05-30,Azadpur APMC,1073.4,905.0,5,summer,agra,33.5,22.7,0.5,69,39.7,27.8,0.0,39.0
2023-05-31,Azadpur APMC,345.4,905.0,5,summer,agra,30.1,21.8,2.3,78,35.5,25.4,5.8,55.0
2023-06-01,Azadpur APMC,1175.9,905.0,6,monsoon,solan,33.0,19.9,0.0,69,22.3,12.4,2.8,72.0
2023-06-02,Azadpur APMC,930.1,905.0,6,monsoon,solan,32.5,22.1,1.6,60,23.7,13.6,0.6,67.0
2023-06-03,Azadpur APMC,1167.4,905.0,6,monsoon,solan,34.9,22.3,0.0,55,25.2,12.5,0.3,59.0
2023-06-05,Azadpur APMC,14.1,905.0,6,monsoon,solan,37.3,25.1,0.0,51,22.8,15.6,5.9,72.0
2023-06-06,Azadpur APMC,682.0,960.0,6,monsoon,solan,38.8,25.0,0.1,42,20.1,14.5,55.7,81.0
2023-06-07,Azadpur APMC,1778.4,905.0,6,monsoon,solan,38.4,25.1,0.0,37,23.5,12.6,2.9,72.0
2023-06-08,Azadpur APMC,921.5,960.0,6,monsoon,solan,39.4,25.9,0.0,35,21.6,13.4,15.2,75.0
2023-06-09,Azadpur APMC,859.4,960.0,6,monsoon,solan,41.4,25.9,0.0,34,24.5,12.6,0.0,68.0
2023-06-10,Azadpur APMC,952.1,960.0,6,monsoon,solan,41.1,27.7,0.2,39,26.3,13.5,0.0,64.0
2023-06-12,Azadpur APMC,87.8,960.0,6,monsoon,solan,41.2,29.0,0.0,45,24.3,13.8,2.4,63.0
2023-06-13,Azadpur APMC,1408.0,1027.0,6,monsoon,solan,42.3,30.2,0.0,35,25.1,14.2,1.3,61.0
2023-06-14,Azadpur APMC,614.2,1156.0,6,monsoon,solan,41.0,30.7,0.1,36,26.1,14.7,0.6,62.0
2023-06-15,Azadpur APMC,851.9,1082.0,6,monsoon,solan,37.5,30.5,0.2,46,28.6,15.3,0.0,56.0
2023-06-16,Azadpur APMC,1062.9,1082.0,6,monsoon,solan,38.2,26.6,1.1,52,29.4,16.6,0.5,59.0
2023-06-17,Azadpur APMC,867.6,1082.0,6,monsoon,solan,39.4,27.6,0.3,52,28.0,17.6,0.3,69.0
2023-06-19,Azadpur APMC,152.0,1246.0,6,monsoon,solan,32.1,28.1,7.2,70,29.4,20.0,0.5,63.0
2023-06-20,Azadpur APMC,1173.2,1215.0,6,monsoon,solan,36.8,27.2,4.3,66,27.6,18.3,5.0,69.0
2023-06-21,Azadpur APMC,769.4,1215.0,6,monsoon,solan,35.8,26.3,19.5,78,25.7,17.4,4.7,72.0
2023-06-22,Azadpur APMC,874.4,1215.0,6,monsoon,solan,36.2,27.6,0.8,74,27.4,16.0,0.6,70.0
2023-06-23,Azadpur APMC,1158.6,1215.0,6,monsoon,solan,35.5,26.6,3.3,78,28.5,18.3,0.5,67.0
2023-06-24,Azadpur APMC,1149.5,1162.0,6,monsoon,solan,34.2,27.6,11.8,79,26.3,20.2,0.8,73.0
2023-06-26,Azadpur APMC,36.6,1185.0,6,monsoon,solan,32.9,25.2,8.2,84,28.0,18.7,2.7,73.0
2023-06-27,Azadpur APMC,1267.9,1200.0,6,monsoon,solan,33.6,25.6,5.2,83,27.6,19.0,3.4,80.0
2023-06-28,Azadpur APMC,1010.1,1203.0,6,monsoon,solan,33.7,26.2,16.5,83,27.5,18.9,3.4,85.0
2023-06-29,Azadpur APMC,1067.3,1203.0,6,monsoon,solan,32.1,26.3,18.4,83,27.5,20.1,5.4,87.0
2023-06-30,Azadpur APMC,826.9,1203.0,6,monsoon,solan,33.6,25.5,9.2,82,27.6,19.9,9.8,86.0
2023-07-01,Azadpur APMC,1017.9,1203.0,7,monsoon,solan,33.0,23.9,1.7,81,26.1,19.9,35.7,89.0
2023-07-03,Azadpur APMC,55.2,1234.0,7,monsoon,solan,36.5,27.3,6.4,74,26.0,19.3,9.7,82.0
2023-07-04,Azadpur APMC,1760.4,1226.0,7,monsoon,solan,36.4,26.3,0.4,74,26.8,18.4,4.2,81.0
2023-07-05,Azadpur APMC,149.8,1226.0,7,monsoon,solan,33.1,24.8,11.1,82,25.4,18.3,13.2,86.0
2023-07-06,Azadpur APMC,1265.7,1226.0,7,monsoon,solan,33.2,25.6,1.0,79,26.8,18.8,6.9,83.0
2023-07-07,Azadpur APMC,1072.6,1226.0,7,monsoon,solan,32.9,25.3,6.3,83,26.2,18.3,3.0,84.0
2023-07-08,Azadpur APMC,904.5,1226.0,7,monsoon,solan,29.5,26.1,36.0,90,27.0,18.5,0.0,81.0
2023-07-10,Azadpur APMC,114.6,1192.0,7,monsoon,solan,31.0,26.0,25.1,89,27.0,18.6,5.9,83.0
2023-07-11,Azadpur APMC,1518.5,1162.0,7,monsoon,solan,33.3,24.9,2.9,85,25.6,18.4,5.3,86.0
2023-07-12,Azadpur APMC,1084.4,1192.0,7,monsoon,solan,33.3,25.9,13.1,87,26.5,17.9,5.9,83.0
2023-07-13,Azadpur APMC,1282.6,1208.0,7,monsoon,solan,33.3,25.9,3.6,83,25.4,18.3,10.9,83.0
2023-07-14,Azadpur APMC,1163.1,1269.0,7,monsoon,solan,33.6,25.8,16.7,84,22.6,18.9,22.7,91.0
2023-07-15,Azadpur APMC,1297.9,1305.0,7,monsoon,solan,33.2,26.2,13.1,85,22.6,19.7,58.5,93.0
2023-07-17,Azadpur APMC,137.2,1305.0,7,monsoon,solan,33.3,26.7,7.6,85,25.1,19.6,15.3,88.0
2023-07-18,Azadpur APMC,2126.0,1251.0,7,monsoon,solan,31.5,25.6,18.0,87,25.8,17.7,13.2,86.0
2023-07-19,Azadpur APMC,1084.7,1266.0,7,monsoon,solan,33.0,26.5,9.9,86,26.1,18.6,12.9,85.0
2023-07-20,Azadpur APMC,1013.7,1266.0,7,monsoon,solan,35.2,27.3,27.9,80,25.8,18.3,2.6,87.0
2023-07-22,Azadpur APMC,1054.1,1266.0,7,monsoon,solan,34.3,26.9,9.6,79,26.2,19.9,7.7,89.0
2023-07-24,Azadpur APMC,88.6,1251.0,7,monsoon,solan,34.0,27.5,6.1,80,25.0,18.7,13.4,90.0
2023-07-25,Azadpur APMC,1435.2,1220.0,7,monsoon,solan,34.2,25.9,14.4,82,26.3,19.5,11.0,87.0
2023-07-26,Azadpur APMC,996.8,1220.0,7,monsoon,solan,29.8,25.8,23.8,89,27.4,19.6,3.7,83.0
2023-07-27,Azadpur APMC,1009.9,1220.0,7,monsoon,solan,31.9,26.5,9.0,86,26.9,19.9,6.3,85.0
2023-07-29,Azadpur APMC,1186.1,1220.0,7,monsoon,solan,31.4,25.1,6.4,84,26.0,18.4,6.7,85.0
2023-07-31,Azadpur APMC,189.8,1220.0,7,monsoon,solan,33.7,25.6,1.1,79,26.0,19.0,5.9,87.0
2023-08-01,Azadpur APMC,1616.8,1292.0,8,monsoon,solan,34.7,26.9,0.1,77,24.7,19.5,8.4,91.0
2023-08-02,Azadpur APMC,1616.8,1300.0,8,monsoon,solan,34.9,27.5,2.4,79,26.3,18.9,17.8,89.0
2023-08-03,Azadpur APMC,1549.6,1282.0,8,monsoon,solan,34.0,26.6,13.5,82,24.0,19.1,11.3,92.0
2023-08-05,Azadpur APMC,776.7,1297.0,8,monsoon,solan,33.6,26.7,5.1,84,25.3,17.1,7.5,87.0
2023-08-07,Azadpur APMC,6.9,1297.0,8,monsoon,solan,34.1,26.9,0.2,71,27.2,18.2,0.0,85.0
2023-08-08,Azadpur APMC,1846.2,1305.0,8,monsoon,solan,34.2,26.5,0.0,70,26.9,19.1,3.1,88.0
2023-08-09,Azadpur APMC,1235.7,1305.0,8,monsoon,solan,34.6,26.9,0.0,69,26.8,19.1,1.7,88.0
2023-08-10,Azadpur APMC,470.0,1308.0,8,monsoon,solan,34.1,26.9,0.4,71,26.1,18.8,2.6,89.0
2023-08-14,Azadpur APMC,24.8,1254.0,8,monsoon,solan,33.7,26.5,0.2,69,26.2,18.5,3.4,87.0
2023-08-16,Azadpur APMC,122.8,1285.0,8,monsoon,solan,36.4,26.1,0.0,68,25.1,19.2,5.3,91.0
2023-08-17,Azadpur APMC,1901.1,1258.0,8,monsoon,solan,36.7,27.6,0.0,59,25.2,19.7,8.9,91.0
2023-08-18,Azadpur APMC,1055.4,1300.0,8,monsoon,solan,36.7,28.0,0.2,60,24.2,19.9,7.4,92.0
2023-08-19,Azadpur APMC,1161.5,1258.0,8,monsoon,solan,34.6,26.6,7.3,74,23.8,20.3,14.8,94.0
2023-08-21,Azadpur APMC,115.6,1258.0,8,monsoon,solan,36.9,28.3,0.9,68,25.7,17.9,2.9,89.0
2023-08-22,Azadpur APMC,1423.9,1285.0,8,monsoon,solan,35.3,27.9,11.1,77,26.3,17.6,0.6,87.0
2023-08-23,Azadpur APMC,746.3,1285.0,8,monsoon,solan,29.9,25.6,21.1,88,26.1,18.2,0.7,87.0
2023-08-24,Azadpur APMC,974.2,1237.0,8,monsoon,solan,33.4,25.0,0.0,74,27.2,17.9,1.4,85.0
2023-08-25,Azadpur APMC,776.7,1237.0,8,monsoon,solan,34.2,25.5,0.0,66,26.5,19.0,6.2,86.0
2023-08-26,Azadpur APMC,1234.7,1237.0,8,monsoon,solan,34.5,26.8,0.0,63,26.1,19.2,5.4,88.0
2023-08-28,Azadpur APMC,147.1,1237.0,8,monsoon,solan,34.7,26.5,1.7,63,25.4,20.3,9.7,90.0
2023-08-29,Azadpur APMC,1941.8,1237.0,8,monsoon,solan,35.9,25.7,0.0,58,22.6,19.2,32.3,94.0
2023-08-30,Azadpur APMC,672.9,1237.0,8,monsoon,solan,37.3,26.5,0.0,55,25.2,18.8,12.4,90.0
2023-08-31,Azadpur APMC,35.6,1237.0,8,monsoon,solan,37.3,25.9,0.0,57,26.1,18.2,1.8,88.0
2023-09-01,Azadpur APMC,173.8,1218.0,9,monsoon,agra,38.4,27.1,0.0,52,33.0,25.8,0.2,66.0
2023-09-02,Azadpur APMC,151.7,1218.0,9,monsoon,agra,38.1,27.3,0.0,49,33.6,26.0,0.0,65.0
2023-09-04,Azadpur APMC,227.7,1211.0,9,monsoon,agra,37.9,25.7,0.0,51,33.6,25.6,0.0,66.0
2023-09-05,Azadpur APMC,2324.4,1208.0,9,monsoon,agra,36.4,26.9,4.8,65,34.2,25.9,1.7,68.0
2023-09-07,Azadpur APMC,1449.8,1232.0,9,monsoon,agra,39.0,27.6,0.0,57,36.1,26.2,0.0,65.0
2023-09-08,Azadpur APMC,1150.1,1232.0,9,monsoon,agra,36.8,25.9,1.6,65,36.3,26.7,0.0,59.0
2023-09-09,Azadpur APMC,844.7,1232.0,9,monsoon,agra,32.8,25.9,3.8,79,35.4,26.1,0.0,60.0
2023-09-11,Azadpur APMC,283.4,1280.0,9,monsoon,agra,32.1,24.2,0.4,82,34.1,25.9,8.5,78.0
2023-09-14,Azadpur APMC,1458.2,1280.0,9,monsoon,agra,34.1,26.7,7.0,82,33.4,26.4,1.9,79.0
2023-09-15,Azadpur APMC,1413.3,1280.0,9,monsoon,agra,32.0,26.1,7.4,88,29.0,24.9,33.2,90.0
2023-09-16,Azadpur APMC,1684.6,1280.0,9,monsoon,agra,31.6,26.4,8.4,84,29.2,24.4,43.8,93.0
2023-09-18,Azadpur APMC,198.0,1268.0,9,monsoon,agra,31.6,24.8,0.6,81,31.7,25.1,2.2,86.0
2023-09-19,Azadpur APMC,1525.2,1268.0,9,monsoon,agra,33.0,24.9,0.2,78,33.0,25.0,1.8,84.0
2023-09-20,Azadpur APMC,1174.0,1268.0,9,monsoon,agra,33.1,25.7,0.5,77,32.5,25.9,4.7,84.0
2023-09-21,Azadpur APMC,1557.7,1268.0,9,monsoon,agra,33.1,26.0,4.2,82,33.5,26.2,0.7,78.0
2023-09-22,Azadpur APMC,1290.9,1268.0,9,monsoon,agra,33.0,25.4,0.5,81,31.2,26.0,9.3,84.0
2023-09-23,Azadpur APMC,1229.0,1272.0,9,monsoon,agra,32.3,25.7,1.0,84,30.7,25.9,2.0,77.0
2023-09-25,Azadpur APMC,109.8,1277.0,9,monsoon,agra,32.7,24.8,0.0,78,33.1,24.7,0.1,78.0
2023-09-26,Azadpur APMC,1690.9,1277.0,9,monsoon,agra,32.9,25.2,0.0,75,33.6,25.7,1.3,78.0
2023-09-27,Azadpur APMC,1176.5,1277.0,9,monsoon,agra,33.2,23.5,0.0,70,33.7,25.5,0.9,81.0
2023-09-28,Azadpur APMC,1265.4,1277.0,9,monsoon,agra,33.0,20.6,0.0,66,32.9,25.5,1.1,82.0
2023-09-29,Azadpur APMC,1552.9,1277.0,9,monsoon,agra,33.1,20.8,0.0,66,32.4,23.7,2.5,84.0
2023-09-30,Azadpur APMC,1374.7,1277.0,9,monsoon,agra,34.7,22.4,0.0,61,32.6,24.7,1.4,80.0
2023-10-03,Azadpur APMC,250.6,1337.0,10,post_monsoon,agra,34.1,19.3,0.0,45,34.3,25.0,0.0,68.0
2023-10-04,Azadpur APMC,2116.7,1337.0,10,post_monsoon,agra,34.0,18.8,0.0,56,33.3,21.7,0.0,60.0
2023-10-05,Azadpur APMC,1236.1,1337.0,10,post_monsoon,agra,34.4,20.0,0.0,54,33.7,20.5,0.0,62.0
2023-10-06,Azadpur APMC,1577.3,1349.0,10,post_monsoon,agra,35.4,19.0,0.0,54,34.1,21.6,0.0,63.0
2023-10-07,Azadpur APMC,1624.4,1314.0,10,post_monsoon,agra,35.3,21.2,0.0,63,34.5,23.8,0.0,54.0
2023-10-09,Azadpur APMC,232.2,1349.0,10,post_monsoon,agra,35.6,24.4,0.0,58,34.5,20.6,0.0,37.0
2023-10-10,Azadpur APMC,1567.6,1349.0,10,post_monsoon,agra,34.1,23.7,0.4,57,34.2,19.8,0.0,46.0
2023-10-11,Azadpur APMC,1797.0,1323.0,10,post_monsoon,agra,33.8,21.2,0.0,58,34.7,20.9,0.0,50.0
2023-10-12,Azadpur APMC,1644.0,1323.0,10,post_monsoon,agra,33.3,18.4,0.0,56,36.2,18.8,0.0,49.0
2023-10-14,Azadpur APMC,1414.6,1323.0,10,post_monsoon,agra,35.2,22.0,0.0,56,36.2,22.8,0.0,54.0
2023-10-16,Azadpur APMC,341.9,1326.0,10,post_monsoon,agra,28.9,20.0,3.3,66,35.6,25.2,0.0,45.0
2023-10-17,Azadpur APMC,2265.0,1326.0,10,post_monsoon,agra,28.5,19.0,2.6,72,35.5,23.4,0.0,50.0
2023-10-18,Azadpur APMC,1303.9,1334.0,10,post_monsoon,agra,29.1,17.3,0.0,66,35.0,20.7,0.0,44.0
2023-10-19,Azadpur APMC,1816.4,1372.0,10,post_monsoon,agra,28.6,16.8,0.0,64,35.6,21.2,0.0,51.0
2023-10-20,Azadpur APMC,1790.3,1332.0,10,post_monsoon,agra,29.2,17.1,0.0,65,35.5,22.5,0.0,47.0
2023-10-21,Azadpur APMC,1426.0,1332.0,10,post_monsoon,agra,29.7,16.9,0.0,64,35.6,21.6,0.0,44.0
2023-10-24,Azadpur APMC,1740.5,1332.0,10,post_monsoon,agra,30.7,17.6,0.0,61,30.2,17.8,0.0,62.0
2023-10-25,Azadpur APMC,1055.9,1332.0,10,post_monsoon,agra,30.9,17.0,0.0,61,30.4,17.4,0.0,56.0
2023-10-26,Azadpur APMC,1279.1,1388.0,10,post_monsoon,agra,30.7,16.7,0.0,59,31.1,17.8,0.0,58.0
2023-10-27,Azadpur APMC,1736.2,1388.0,10,post_monsoon,agra,30.4,16.0,0.0,55,31.4,18.3,0.0,59.0
2023-10-28,Azadpur APMC,1522.4,1388.0,10,post_monsoon,agra,30.0,17.9,0.0,56,31.2,17.9,0.0,57.0
2023-10-30,Azadpur APMC,257.1,1388.0,10,post_monsoon,agra,31.7,18.0,0.0,68,31.5,18.1,0.0,51.0
2023-10-31,Azadpur APMC,1941.0,1406.0,10,post_monsoon,agra,30.9,19.0,0.0,69,31.8,17.7,0.0,50.0
2023-11-01,Azadpur APMC,1503.2,1406.0,11,post_monsoon,agra,30.4,19.1,0.0,67,30.7,17.6,0.0,53.0
2023-11-02,Azadpur APMC,1499.1,1406.0,11,post_monsoon,agra,30.4,18.7,0.0,68,31.2,16.5,0.0,48.0
2023-11-03,Azadpur APMC,1193.2,1311.0,11,post_monsoon,agra,28.5,17.7,0.6,71,30.6,16.1,0.0,50.0
2023-11-04,Azadpur APMC,1377.3,1288.0,11,post_monsoon,agra,29.6,15.7,0.0,68,32.0,17.6,0.0,57.0
2023-11-06,Azadpur APMC,78.6,1089.0,11,post_monsoon,agra,29.4,15.2,0.0,63,31.7,18.6,0.0,64.0
2023-11-07,Azadpur APMC,2012.4,1089.0,11,post_monsoon,agra,29.9,16.0,0.0,67,30.9,18.4,0.0,65.0
2023-11-08,Azadpur APMC,1236.6,1244.0,11,post_monsoon,agra,29.5,16.9,0.0,68,31.0,18.1,0.0,61.0
2023-11-09,Azadpur APMC,1212.0,1244.0,11,post_monsoon,agra,29.2,16.6,0.0,68,31.0,17.1,0.3,63.0
2023-11-10,Azadpur APMC,903.7,1244.0,11,post_monsoon,agra,26.1,16.8,1.6,76,31.2,16.5,0.0,60.0
2023-11-11,Azadpur APMC,1594.8,1240.0,11,post_monsoon,agra,25.1,14.9,0.0,78,30.6,17.2,0.0,61.0
2023-11-13,Azadpur APMC,346.8,1240.0,11,post_monsoon,agra,25.3,13.1,0.0,75,31.2,16.7,0.0,65.0
2023-11-14,Azadpur APMC,210.8,1340.0,11,post_monsoon,agra,25.1,14.3,0.0,73,30.9,16.6,0.0,61.0
2023-11-15,Azadpur APMC,1160.9,1340.0,11,post_monsoon,agra,25.6,12.8,0.0,74,31.4,16.5,0.0,58.0
2023-11-16,Azadpur APMC,1008.3,1287.0,11,post_monsoon,agra,26.0,13.3,0.0,72,29.3,17.9,3.1,67.0
2023-11-17,Azadpur APMC,1487.5,1271.0,11,post_monsoon,agra,26.7,14.8,0.0,74,26.4,16.2,0.0,77.0
2023-11-18,Azadpur APMC,1715.8,1257.0,11,post_monsoon,agra,26.1,14.2,0.0,73,25.8,15.0,0.0,73.0
2023-11-20,Azadpur APMC,356.5,1257.0,11,post_monsoon,agra,25.4,13.7,0.0,69,25.7,15.5,0.0,75.0
2023-11-21,Azadpur APMC,2247.4,1287.0,11,post_monsoon,agra,25.3,13.3,0.0,72,25.8,13.8,0.0,68.0
2023-11-22,Azadpur APMC,1523.0,1287.0,11,post_monsoon,agra,24.9,12.8,0.0,68,25.5,12.4,0.0,66.0
2023-11-23,Azadpur APMC,1429.5,1287.0,11,post_monsoon,agra,24.6,11.0,0.0,72,25.9,13.0,0.0,72.0
2023-11-24,Azadpur APMC,1581.8,1287.0,11,post_monsoon,agra,25.0,13.8,0.0,72,25.3,13.5,0.0,66.0
2023-11-25,Azadpur APMC,1746.8,1287.0,11,post_monsoon,agra,25.0,11.8,0.0,70,26.1,13.7,0.0,70.0
2023-11-27,Azadpur APMC,156.8,1287.0,11,post_monsoon,agra,24.2,15.5,2.5,77,26.2,14.3,0.0,71.0
2023-11-28,Azadpur APMC,2623.6,1273.0,11,post_monsoon,agra,20.4,15.4,2.8,87,24.9,13.4,0.0,69.0
2023-11-29,Azadpur APMC,1624.4,1177.0,11,post_monsoon,agra,24.4,14.0,0.2,81,25.0,11.5,0.0,72.0
2023-11-30,Azadpur APMC,1502.2,1149.0,11,post_monsoon,agra,21.2,14.3,1.5,86,25.0,13.0,0.0,72.0
2023-12-01,Azadpur APMC,1723.6,1149.0,12,winter,agra,24.0,14.3,0.7,82,25.2,11.8,0.0,79.0
2023-12-02,Azadpur APMC,1219.2,923.0,12,winter,agra,24.1,13.7,0.0,79,25.2,12.9,0.0,75.0
2023-12-04,Azadpur APMC,228.6,923.0,12,winter,agra,22.8,14.2,0.0,73,24.6,15.9,1.5,77.0
2023-12-05,Azadpur APMC,2229.7,919.0,12,winter,agra,23.2,12.1,0.0,75,24.8,14.2,0.0,81.0
2023-12-06,Azadpur APMC,1312.6,913.0,12,winter,agra,23.5,11.6,0.0,77,24.8,14.7,0.9,84.0
2023-12-07,Azadpur APMC,1264.8,915.0,12,winter,agra,24.1,11.3,0.0,78,24.2,15.5,0.1,87.0
2023-12-08,Azadpur APMC,1382.4,915.0,12,winter,agra,23.8,11.1,0.0,76,25.0,14.4,0.1,81.0
2023-12-09,Azadpur APMC,1789.6,915.0,12,winter,agra,23.4,10.1,0.0,72,24.8,14.8,8.6,77.0
2023-12-11,Azadpur APMC,287.6,915.0,12,winter,agra,21.9,8.6,0.0,70,23.1,12.9,0.0,85.0
2023-12-12,Azadpur APMC,1777.5,889.0,12,winter,agra,22.8,9.0,0.0,73,23.4,12.2,0.0,76.0
2023-12-13,Azadpur APMC,1464.4,872.0,12,winter,agra,22.7,9.7,0.0,70,24.3,13.9,0.0,74.0
2023-12-14,Azadpur APMC,1397.9,825.0,12,winter,agra,22.1,9.4,0.0,72,23.8,12.6,0.0,78.0
2023-12-15,Azadpur APMC,1440.2,813.0,12,winter,agra,21.8,7.1,0.0,73,23.9,12.3,0.0,75.0
2023-12-16,Azadpur APMC,979.4,736.0,12,winter,agra,22.3,7.9,0.0,71,23.0,11.3,0.0,74.0
2023-12-18,Azadpur APMC,167.1,707.0,12,winter,agra,21.6,8.8,0.0,69,22.9,9.9,0.0,73.0
2023-12-19,Azadpur APMC,1241.7,723.0,12,winter,agra,21.6,8.2,0.0,67,23.0,9.5,0.0,73.0
2023-12-20,Azadpur APMC,1445.2,727.0,12,winter,agra,20.5,7.2,0.0,73,22.6,9.5,0.0,73.0
2023-12-21,Azadpur APMC,1263.5,699.0,12,winter,agra,21.5,7.6,0.0,76,22.0,8.4,0.0,75.0
2023-12-22,Azadpur APMC,1415.7,683.0,12,winter,agra,21.2,6.8,0.0,78,22.2,8.9,0.0,74.0
2023-12-23,Azadpur APMC,1011.8,683.0,12,winter,agra,22.0,10.6,1.2,73,22.8,9.3,0.0,72.0
2023-12-26,Azadpur APMC,1687.4,683.0,12,winter,agra,22.3,9.3,0.0,78,19.7,7.6,0.0,75.0
2023-12-27,Azadpur APMC,995.9,683.0,12,winter,agra,21.5,8.2,0.0,81,20.3,9.3,0.0,78.0
2023-12-28,Azadpur APMC,1189.4,683.0,12,winter,agra,20.7,9.2,0.0,87,20.7,8.7,0.0,80.0
2023-12-29,Azadpur APMC,1654.9,666.0,12,winter,agra,19.8,8.1,0.0,90,21.2,9.7,0.2,84.0
2023-12-30,Azadpur APMC,1461.4,666.0,12,winter,agra,18.4,9.0,0.0,91,21.9,8.4,0.0,83.0
2024-01-01,Azadpur APMC,610.0,666.0,1,winter,agra,16.1,6.3,0.0,87,22.6,9.1,0.0,81.0
2024-01-02,Azadpur APMC,1744.6,666.0,1,winter,agra,15.0,4.6,0.0,87,22.1,8.2,0.0,83.0
2024-01-03,Azadpur APMC,838.4,666.0,1,winter,agra,15.4,5.0,0.0,90,20.9,9.4,0.0,86.0
2024-01-04,Azadpur APMC,1621.2,769.0,1,winter,agra,17.5,5.2,0.0,84,18.5,9.3,0.0,90.0
2024-01-05,Azadpur APMC,1523.3,769.0,1,winter,agra,17.1,8.1,0.1,87,17.4,8.6,0.0,91.0
2024-01-06,Azadpur APMC,1005.2,766.0,1,winter,agra,16.9,6.6,0.0,84,18.0,7.6,0.0,90.0
2024-01-08,Azadpur APMC,273.7,738.0,1,winter,agra,18.4,6.2,0.0,88,16.1,6.4,0.0,89.0
2024-01-09,Azadpur APMC,1723.9,738.0,1,winter,agra,18.0,6.4,0.0,87,17.5,9.7,0.0,84.0
2024-01-10,Azadpur APMC,1298.4,738.0,1,winter,agra,15.9,4.5,0.0,86,18.7,9.5,0.0,84.0
2024-01-11,Azadpur APMC,1324.9,737.0,1,winter,agra,15.3,5.2,0.0,90,18.3,7.8,0.0,84.0
2024-01-12,Azadpur APMC,1364.1,737.0,1,winter,agra,17.4,5.3,0.0,88,18.0,7.3,0.0,82.0
2024-01-13,Azadpur APMC,1288.2,737.0,1,winter,agra,17.8,5.7,0.0,86,18.3,6.7,0.0,85.0
2024-01-15,Azadpur APMC,159.4,762.0,1,winter,agra,15.8,4.6,0.0,88,17.0,8.7,9.7,90.0
2024-01-16,Azadpur APMC,1255.4,762.0,1,winter,agra,17.0,3.5,0.0,87,17.1,6.5,0.0,88.0
2024-01-17,Azadpur APMC,1553.8,762.0,1,winter,agra,17.8,4.2,0.0,84,17.5,5.1,0.0,86.0
2024-01-18,Azadpur APMC,1475.0,751.0,1,winter,agra,17.4,5.4,0.0,88,18.9,4.4,0.0,87.0
2024-01-19,Azadpur APMC,1381.5,751.0,1,winter,agra,16.4,6.2,0.0,90,19.0,5.1,0.0,89.0
2024-01-20,Azadpur APMC,1234.1,731.0,1,winter,agra,15.8,5.5,0.0,89,19.5,5.3,0.0,86.0
2024-01-22,Azadpur APMC,422.2,731.0,1,winter,agra,16.5,4.9,0.0,87,17.8,4.6,0.0,83.0
2024-01-23,Azadpur APMC,1650.8,731.0,1,winter,agra,17.2,5.0,0.0,89,17.0,3.7,0.0,89.0
2024-01-24,Azadpur APMC,1525.6,731.0,1,winter,agra,18.1,6.9,0.0,86,15.8,4.8,0.0,91.0
2024-01-25,Azadpur APMC,1337.4,740.0,1,winter,agra,17.2,6.0,0.0,89,16.0,5.1,0.0,91.0
2024-01-27,Azadpur APMC,385.4,740.0,1,winter,agra,20.4,6.7,0.0,80,16.2,5.3,0.0,92.0
2024-01-29,Azadpur APMC,225.7,756.0,1,winter,agra,21.2,8.7,0.0,86,17.1,5.3,0.0,93.0
2024-01-30,Azadpur APMC,1490.1,756.0,1,winter,agra,20.3,9.8,0.0,91,19.1,8.0,0.0,90.0
2024-01-31,Azadpur APMC,1654.0,756.0,1,winter,agra,19.9,10.3,6.7,92,17.9,6.3,0.0,90.0
2024-02-01,Azadpur APMC,1788.7,756.0,2,winter,agra,21.0,11.9,33.0,86,18.3,6.8,0.0,87.0
2024-02-02,Azadpur APMC,1075.1,756.0,2,winter,agra,19.2,8.8,0.0,85,21.6,6.6,0.0,85.0
2024-02-03,Azadpur APMC,727.3,756.0,2,winter,agra,20.4,7.7,0.0,72,22.9,8.2,0.0,84.0
2024-02-05,Azadpur APMC,256.1,762.0,2,winter,agra,19.7,10.3,0.8,83,20.8,10.4,0.0,90.0
2024-02-06,Azadpur APMC,1091.4,762.0,2,winter,agra,18.6,7.4,0.0,77,22.8,10.4,1.1,88.0
2024-02-07,Azadpur APMC,805.5,762.0,2,winter,agra,18.3,7.3,0.0,69,22.8,13.6,1.8,86.0
2024-02-08,Azadpur APMC,2128.0,735.0,2,winter,agra,19.0,8.0,0.0,67,20.2,10.8,0.0,84.0
2024-02-09,Azadpur APMC,1574.1,735.0,2,winter,agra,20.4,7.7,0.0,69,21.1,8.1,0.0,73.0
2024-02-10,Azadpur APMC,1034.0,651.0,2,winter,agra,19.7,7.2,0.0,81,22.6,13.7,28.1,84.0
2024-02-12,Azadpur APMC,411.2,662.0,2,winter,agra,21.5,8.2,0.0,77,19.6,9.1,0.0,76.0
2024-02-13,Azadpur APMC,1561.4,662.0,2,winter,agra,21.0,8.8,0.0,76,19.7,8.8,0.0,69.0
2024-02-14,Azadpur APMC,1550.8,662.0,2,winter,agra,22.6,9.7,0.0,75,19.5,9.2,0.0,65.0
2024-02-15,Azadpur APMC,1517.3,662.0,2,winter,agra,23.7,9.3,0.0,71,20.3,7.4,0.0,60.0
2024-02-16,Azadpur APMC,1197.9,662.0,2,winter,agra,24.4,8.3,0.0,65,20.6,6.8,0.0,69.0
2024-02-17,Azadpur APMC,1330.5,662.0,2,winter,agra,24.6,8.9,0.0,62,21.2,7.2,0.0,80.0
2024-02-19,Azadpur APMC,222.4,662.0,2,winter,agra,27.2,14.9,0.0,61,23.1,9.5,0.0,81.0
2024-02-20,Azadpur APMC,1532.2,676.0,2,winter,agra,27.4,15.2,0.1,65,23.6,12.3,0.0,76.0
2024-02-21,Azadpur APMC,1217.9,676.0,2,winter,agra,26.1,12.2,0.0,58,23.5,10.6,0.0,78.0
2024-02-22,Azadpur APMC,1401.5,676.0,2,winter,agra,24.2,11.1,0.0,51,24.0,10.4,0.0,74.0
2024-02-23,Azadpur APMC,1087.0,676.0,2,winter,agra,23.0,9.1,0.0,46,25.0,8.8,0.0,65.0
2024-02-24,Azadpur APMC,998.9,676.0,2,winter,agra,23.1,9.5,0.0,45,27.0,10.9,0.0,61.0
2024-02-26,Azadpur APMC,174.5,716.0,2,winter,agra,24.5,11.3,0.0,45,27.2,15.8,2.7,68.0
2024-02-27,Azadpur APMC,1232.4,725.0,2,winter,agra,24.3,14.1,0.4,48,25.0,14.0,0.5,68.0
2024-02-28,Azadpur APMC,1707.8,725.0,2,winter,agra,24.3,11.2,0.0,58,24.7,12.5,0.9,54.0
2024-02-29,Azadpur APMC,1648.6,725.0,2,winter,agra,26.4,11.8,0.0,56,23.4,10.4,0.0,50.0
2024-03-01,Azadpur APMC,1218.2,753.0,3,summer,agra,26.6,13.3,0.7,60,23.8,9.5,0.0,50.0
2024-03-02,Azadpur APMC,1347.3,753.0,3,summer,agra,25.2,17.6,6.7,73,24.7,10.8,0.0,48.0
2024-03-04,Azadpur APMC,171.2,784.0,3,summer,agra,21.2,11.1,0.0,66,24.1,11.9,0.0,59.0
2024-03-05,Azadpur APMC,935.4,785.0,3,summer,agra,20.5,8.5,0.0,61,24.1,12.1,0.0,58.0
2024-03-06,Azadpur APMC,1585.6,785.0,3,summer,agra,21.0,8.8,0.0,63,26.2,11.1,0.0,65.0
2024-03-07,Azadpur APMC,1437.1,785.0,3,summer,agra,23.8,9.9,0.0,61,27.7,12.4,0.0,60.0
2024-03-08,Azadpur APMC,1110.4,780.0,3,summer,agra,25.1,10.6,0.0,58,26.5,16.5,7.6,74.0
2024-03-09,Azadpur APMC,1227.1,791.0,3,summer,agra,25.1,11.0,0.0,55,22.3,16.0,3.0,88.0
2024-03-13,Azadpur APMC,991.2,882.0,3,summer,agra,29.2,13.5,0.0,54,24.7,10.3,0.0,60.0
2024-03-14,Azadpur APMC,1224.0,882.0,3,summer,agra,29.0,14.0,0.0,54,26.0,11.3,0.0,59.0
2024-03-16,Azadpur APMC,2318.9,878.0,3,summer,agra,27.6,12.3,0.0,45,27.2,10.7,0.0,57.0
2024-03-18,Azadpur APMC,266.3,1750.0,3,summer,agra,28.4,13.1,0.0,48,29.7,14.6,0.0,53.0
2024-03-19,Azadpur APMC,1604.8,936.0,3,summer,agra,29.9,13.2,0.0,47,30.3,14.7,0.0,49.0
2024-03-20,Azadpur APMC,1283.8,936.0,3,summer,agra,32.1,14.4,0.0,44,29.9,15.3,0.0,50.0
2024-03-21,Azadpur APMC,1428.3,936.0,3,summer,agra,29.4,17.2,0.0,54,28.5,15.9,0.0,44.0
2024-03-22,Azadpur APMC,1333.0,936.0,3,summer,agra,32.6,18.0,0.0,52,27.9,13.2,0.0,44.0
2024-03-23,Azadpur APMC,1108.6,936.0,3,summer,agra,33.9,18.5,0.0,46,29.1,12.8,0.0,49.0
2024-03-25,Azadpur APMC,248.3,936.0,3,summer,agra,33.0,16.8,0.0,48,29.7,12.7,0.0,50.0
2024-03-26,Azadpur APMC,372.4,936.0,3,summer,agra,33.5,18.1,0.0,44,30.5,13.6,0.0,49.0
2024-03-27,Azadpur APMC,873.1,936.0,3,summer,agra,36.2,21.2,0.0,41,29.5,16.2,0.0,56.0
2024-03-28,Azadpur APMC,781.8,936.0,3,summer,agra,36.8,22.1,0.0,42,32.1,17.3,0.0,54.0
2024-03-29,Azadpur APMC,1238.9,936.0,3,summer,agra,36.1,21.4,1.3,47,34.8,18.6,0.0,43.0
2024-04-02,Azadpur APMC,1358.5,1055.0,4,summer,agra,33.0,16.8,0.0,35,36.0,20.6,0.0,42.0
2024-04-04,Azadpur APMC,1323.5,1055.0,4,summer,agra,36.3,21.0,0.0,26,37.8,22.2,0.0,42.0
2024-04-05,Azadpur APMC,1451.0,1045.0,4,summer,agra,35.9,21.1,0.0,24,36.1,23.5,0.0,38.0
2024-04-06,Azadpur APMC,1380.1,1045.0,4,summer,agra,35.1,19.9,0.0,21,36.0,19.7,0.0,30.0
2024-04-08,Azadpur APMC,362.6,1173.0,4,summer,agra,36.9,18.6,0.0,22,33.9,18.4,0.0,30.0
2024-04-09,Azadpur APMC,2327.5,1291.0,4,summer,agra,37.7,18.6,0.0,19,36.3,18.9,0.0,25.0
2024-04-10,Azadpur APMC,1510.0,1291.0,4,summer,agra,37.7,19.9,0.0,21,36.7,19.9,0.0,26.0
2024-04-11,Azadpur APMC,1209.4,1291.0,4,summer,agra,38.1,21.4,0.0,21,36.3,22.3,0.0,26.0
2024-04-12,Azadpur APMC,1072.0,1291.0,4,summer,agra,38.6,22.4,0.0,22,36.0,21.6,0.0,26.0
2024-04-13,Azadpur APMC,1306.4,1291.0,4,summer,agra,38.6,24.9,2.4,28,36.1,19.7,0.0,21.0
2024-04-15,Azadpur APMC,229.3,1418.0,4,summer,agra,36.2,22.0,0.0,51,38.2,19.9,0.0,18.0
2024-04-16,Azadpur APMC,1574.0,1418.0,4,summer,agra,35.7,23.2,0.0,37,38.1,20.0,0.0,23.0
2024-04-17,Azadpur APMC,1526.2,1418.0,4,summer,agra,35.6,22.1,0.0,27,37.6,20.3,0.0,27.0
2024-04-18,Azadpur APMC,1386.5,1418.0,4,summer,agra,37.9,23.4,0.0,24,38.4,23.0,0.0,24.0
2024-04-19,Azadpur APMC,919.4,1373.0,4,summer,agra,38.3,24.6,0.0,30,37.6,23.0,0.0,33.0
2024-04-20,Azadpur APMC,938.2,1373.0,4,summer,agra,36.4,22.0,0.0,28,36.7,22.8,0.0,38.0
2024-04-22,Azadpur APMC,184.2,1449.0,4,summer,agra,37.2,24.4,0.1,25,37.4,25.7,0.0,32.0
2024-04-23,Azadpur APMC,1468.2,1449.0,4,summer,agra,37.9,22.7,0.0,28,37.0,24.5,0.0,23.0
2024-04-24,Azadpur APMC,1143.8,1449.0,4,summer,agra,37.1,20.8,0.0,30,39.2,25.1,0.0,21.0
2024-04-25,Azadpur APMC,1013.5,1455.0,4,summer,agra,38.3,21.4,0.0,26,39.9,25.3,0.0,23.0
2024-04-26,Azadpur APMC,948.6,1455.0,4,summer,agra,39.4,23.4,0.0,23,38.1,25.4,0.0,18.0
2024-04-27,Azadpur APMC,803.7,1455.0,4,summer,agra,38.1,25.7,0.0,27,36.9,24.7,0.0,26.0
2024-04-29,Azadpur APMC,75.7,1455.0,4,summer,agra,38.1,23.5,0.0,27,39.1,23.4,0.0,21.0
2024-04-30,Azadpur APMC,1434.2,1455.0,4,summer,agra,36.3,23.2,0.0,26,39.1,23.4,0.0,23.0
2024-05-01,Azadpur APMC,956.1,1455.0,5,summer,agra,32.6,20.4,0.0,23,39.8,23.0,0.0,19.0
2024-05-02,Azadpur APMC,1205.2,1455.0,5,summer,agra,35.1,19.2,0.0,27,40.9,24.2,0.0,21.0
2024-05-03,Azadpur APMC,784.1,1471.0,5,summer,agra,38.2,20.2,0.0,23,40.0,27.3,0.0,25.0
2024-05-04,Azadpur APMC,1032.7,1471.0,5,summer,agra,40.7,26.4,0.0,19,39.7,23.3,0.0,20.0
2024-05-06,Azadpur APMC,62.7,1471.0,5,summer,agra,40.7,25.7,0.0,22,37.9,25.3,0.0,20.0
2024-05-07,Azadpur APMC,1471.2,1562.0,5,summer,agra,41.4,26.9,0.0,27,35.7,21.9,0.0,15.0
2024-05-08,Azadpur APMC,938.0,1562.0,5,summer,agra,39.6,26.8,0.0,39,35.8,20.1,0.0,21.0
2024-05-09,Azadpur APMC,859.1,1562.0,5,summer,agra,39.6,26.3,0.0,37,39.2,21.4,0.0,20.0
2024-05-10,Azadpur APMC,1058.4,1562.0,5,summer,agra,39.0,26.0,0.8,42,40.3,25.6,0.0,17.0
2024-05-11,Azadpur APMC,792.9,1562.0,5,summer,agra,38.7,26.2,0.7,44,42.0,27.9,0.0,19.0
2024-05-13,Azadpur APMC,11.2,1562.0,5,summer,agra,40.8,26.8,0.0,30,43.2,25.9,0.0,25.0
2024-05-14,Azadpur APMC,1454.3,1562.0,5,summer,agra,40.7,24.7,0.0,24,39.3,28.2,0.0,37.0
2024-05-15,Azadpur APMC,796.4,1562.0,5,summer,agra,42.5,24.4,0.0,22,39.9,27.3,0.0,36.0
2024-05-16,Azadpur APMC,985.3,1562.0,5,summer,agra,42.5,25.5,0.0,20,40.5,27.3,0.0,39.0
2024-05-17,Azadpur APMC,869.2,1562.0,5,summer,agra,44.2,26.7,0.0,19,39.8,27.2,0.0,39.0
2024-05-18,Azadpur APMC,984.1,1562.0,5,summer,agra,44.3,27.2,0.0,20,39.2,26.4,0.0,40.0
2024-05-20,Azadpur APMC,34.6,1562.0,5,summer,agra,44.2,29.3,0.0,19,41.1,23.6,0.0,31.0
2024-05-21,Azadpur APMC,1418.8,1562.0,5,summer,agra,43.0,28.7,0.0,27,42.3,27.2,0.0,23.0
2024-05-22,Azadpur APMC,735.3,1527.0,5,summer,agra,42.2,30.0,0.2,35,43.5,27.0,0.0,20.0
2024-05-23,Azadpur APMC,899.5,1527.0,5,summer,agra,41.3,30.7,0.0,35,44.2,27.4,0.0,20.0
2024-05-24,Azadpur APMC,1002.4,1527.0,5,summer,agra,40.8,30.7,0.0,35,45.0,27.6,0.0,18.0
2024-05-25,Azadpur APMC,47.1,1527.0,5,summer,agra,44.8,30.8,0.0,27,45.2,28.3,0.0,17.0
2024-05-27,Azadpur APMC,106.2,1527.0,5,summer,agra,46.0,29.9,0.0,20,43.1,28.2,0.0,30.0
2024-05-28,Azadpur APMC,1415.6,1527.0,5,summer,agra,46.4,28.6,0.0,16,42.3,30.1,0.0,37.0
2024-05-29,Azadpur APMC,870.8,1527.0,5,summer,agra,46.0,31.1,0.0,18,42.0,30.5,0.1,37.0
2024-05-30,Azadpur APMC,1124.3,1527.0,5,summer,agra,46.3,32.6,0.0,16,41.1,30.2,0.0,40.0
2024-05-31,Azadpur APMC,930.0,1509.0,5,summer,agra,46.1,28.2,0.0,14,43.6,30.1,0.0,32.0
2024-06-01,Azadpur APMC,974.6,1509.0,6,monsoon,solan,44.5,30.4,0.0,17,34.2,16.3,0.0,30.0
2024-06-03,Azadpur APMC,55.1,1509.0,6,monsoon,solan,44.7,29.6,0.0,24,34.3,17.5,0.0,22.0
2024-06-04,Azadpur APMC,1384.1,1509.0,6,monsoon,solan,43.5,30.8,0.0,18,36.5,16.9,0.0,17.0
2024-06-05,Azadpur APMC,1602.1,1509.0,6,monsoon,solan,41.9,31.0,0.0,23,35.6,20.0,0.0,16.0
2024-06-06,Azadpur APMC,967.6,1509.0,6,monsoon,solan,41.0,27.6,0.0,31,35.0,18.0,0.0,17.0
2024-06-07,Azadpur APMC,939.4,1509.0,6,monsoon,solan,42.4,28.5,0.0,31,35.1,18.2,0.0,17.0
2024-06-08,Azadpur APMC,1096.9,1509.0,6,monsoon,solan,40.1,27.9,0.0,28,32.0,17.7,0.2,30.0
2024-06-10,Azadpur APMC,72.3,1509.0,6,monsoon,solan,43.2,28.1,0.0,18,32.1,19.8,0.9,26.0
2024-06-11,Azadpur APMC,1469.3,1509.0,6,monsoon,solan,43.5,28.9,0.0,19,32.6,18.3,1.3,38.0
2024-06-12,Azadpur APMC,1038.0,1509.0,6,monsoon,solan,44.5,28.2,0.0,18,29.8,18.1,0.0,39.0
2024-06-13,Azadpur APMC,986.3,1509.0,6,monsoon,solan,45.1,29.3,0.0,20,32.0,19.9,0.0,34.0
2024-06-14,Azadpur APMC,986.7,1509.0,6,monsoon,solan,43.7,32.7,0.0,27,30.7,20.1,0.0,34.0
2024-06-15,Azadpur APMC,1128.1,1509.0,6,monsoon,solan,43.6,32.2,0.0,27,31.5,18.2,0.0,31.0
2024-06-18,Azadpur APMC,815.8,1509.0,6,monsoon,solan,44.4,34.1,0.0,24,34.6,17.5,0.0,21.0
2024-06-19,Azadpur APMC,910.2,1509.0,6,monsoon,solan,41.1,34.4,1.4,35,35.4,21.5,0.0,22.0
2024-06-20,Azadpur APMC,923.2,1509.0,6,monsoon,solan,38.8,25.6,2.4,46,34.4,21.4,0.0,24.0
2024-06-21,Azadpur APMC,772.0,1509.0,6,monsoon,solan,38.0,25.3,1.5,54,33.8,22.0,0.0,26.0
2024-06-22,Azadpur APMC,1148.0,1509.0,6,monsoon,solan,38.1,29.6,0.0,54,34.6,22.9,0.0,29.0
2024-06-24,Azadpur APMC,74.6,1509.0,6,monsoon,solan,39.2,30.9,0.7,55,34.9,24.3,0.0,31.0
2024-06-25,Azadpur APMC,1501.0,1500.0,6,monsoon,solan,37.0,29.7,2.3,62,33.4,21.6,0.7,35.0
2024-06-26,Azadpur APMC,917.6,1500.0,6,monsoon,solan,33.9,27.3,11.3,75,30.6,19.5,2.4,53.0
2024-06-27,Azadpur APMC,1028.8,1500.0,6,monsoon,solan,30.2,25.9,7.9,86,27.8,20.5,0.3,62.0
2024-06-28,Azadpur APMC,933.2,1500.0,6,monsoon,solan,30.9,25.9,14.3,86,28.7,18.9,0.7,64.0
2024-06-29,Azadpur APMC,925.0,1500.0,6,monsoon,solan,32.6,26.6,7.9,82,29.1,20.5,3.9,69.0
2024-07-01,Azadpur APMC,123.9,2049.0,7,monsoon,solan,34.6,26.0,11.7,80,30.1,21.3,9.2,76.0
2024-07-02,Azadpur APMC,1342.7,2049.0,7,monsoon,solan,33.6,26.3,15.6,84,28.2,20.6,11.4,82.0
2024-07-03,Azadpur APMC,908.3,2049.0,7,monsoon,solan,33.2,26.2,5.6,83,26.5,19.5,19.2,85.0
2024-07-04,Azadpur APMC,939.2,2049.0,7,monsoon,solan,31.7,25.6,7.2,84,27.2,19.9,9.1,82.0
2024-07-05,Azadpur APMC,980.0,2049.0,7,monsoon,solan,30.1,26.3,1.0,86,27.0,19.2,9.6,86.0
2024-07-06,Azadpur APMC,978.1,2049.0,7,monsoon,solan,32.7,26.0,0.8,83,27.1,20.3,4.4,83.0
2024-07-08,Azadpur APMC,146.5,2049.0,7,monsoon,solan,33.0,25.2,0.1,78,26.9,21.0,7.1,89.0
2024-07-09,Azadpur APMC,1692.4,2049.0,7,monsoon,solan,32.6,26.1,11.7,82,26.5,20.3,12.7,89.0
2024-07-10,Azadpur APMC,1132.4,2049.0,7,monsoon,solan,34.1,26.7,9.3,81,25.9,20.0,7.3,89.0
2024-07-11,Azadpur APMC,1203.8,2049.0,7,monsoon,solan,36.4,27.2,1.3,78,26.1,19.9,6.4,89.0
2024-07-12,Azadpur APMC,866.2,2049.0,7,monsoon,solan,35.4,26.6,0.8,76,26.2,18.8,3.6,88.0
2024-07-13,Azadpur APMC,12.2,2049.0,7,monsoon,solan,34.0,25.4,6.5,79,27.2,18.6,1.3,85.0
2024-07-15,Azadpur APMC,94.1,2049.0,7,monsoon,solan,33.1,25.1,2.6,78,26.9,18.4,2.0,87.0
2024-07-16,Azadpur APMC,1387.2,2142.0,7,monsoon,solan,34.1,25.9,20.3,79,27.4,18.8,2.4,83.0
2024-07-17,Azadpur APMC,788.6,2142.0,7,monsoon,solan,34.5,28.1,0.0,78,27.3,20.3,0.9,83.0
2024-07-18,Azadpur APMC,989.0,2142.0,7,monsoon,solan,34.6,27.6,3.4,78,28.3,18.6,0.6,80.0
2024-07-19,Azadpur APMC,802.5,2142.0,7,monsoon,solan,34.5,27.6,0.7,79,26.5,18.5,0.5,82.0
2024-07-20,Azadpur APMC,819.7,2126.0,7,monsoon,solan,35.1,27.1,0.2,77,26.7,18.1,3.3,81.0
2024-07-22,Azadpur APMC,132.8,2126.0,7,monsoon,solan,34.7,27.7,5.9,79,27.0,20.2,6.0,84.0
2024-07-23,Azadpur APMC,1472.6,2126.0,7,monsoon,solan,34.8,27.1,5.2,81,27.0,20.4,3.3,88.0
2024-07-24,Azadpur APMC,1050.6,2126.0,7,monsoon,solan,33.6,26.6,8.0,82,26.6,19.7,2.5,87.0
2024-07-25,Azadpur APMC,1217.9,2126.0,7,monsoon,solan,34.8,27.4,0.5,76,26.9,20.7,3.3,86.0
2024-07-26,Azadpur APMC,927.5,2126.0,7,monsoon,solan,33.3,27.7,10.2,81,27.3,19.8,1.7,85.0
2024-07-27,Azadpur APMC,1272.2,2126.0,7,monsoon,solan,34.3,28.2,2.3,79,26.6,20.2,8.3,88.0
2024-07-29,Azadpur APMC,90.8,2126.0,7,monsoon,solan,36.4,28.4,0.1,70,26.8,20.6,7.2,88.0
2024-07-30,Azadpur APMC,1196.4,2126.0,7,monsoon,solan,37.4,29.3,0.0,67,26.4,19.4,3.1,89.0
2024-07-31,Azadpur APMC,1077.6,2171.0,7,monsoon,solan,37.4,27.0,97.6,77,26.8,20.7,5.2,91.0
2024-08-01,Azadpur APMC,1205.6,2171.0,8,monsoon,solan,31.4,25.8,31.0,84,27.2,20.3,5.8,89.0
2024-08-02,Azadpur APMC,1000.1,2157.0,8,monsoon,solan,32.2,25.7,3.3,84,26.6,20.2,3.0,86.0
2024-08-03,Azadpur APMC,1115.1,2157.0,8,monsoon,solan,32.3,26.2,1.4,83,28.9,21.7,1.8,79.0
2024-08-05,Azadpur APMC,113.5,2157.0,8,monsoon,solan,32.7,26.6,0.8,78,28.0,21.8,6.5,89.0
2024-08-06,Azadpur APMC,1832.6,2157.0,8,monsoon,solan,32.0,26.4,0.1,78,28.4,20.5,29.7,88.0
2024-08-07,Azadpur APMC,1016.1,2157.0,8,monsoon,solan,30.0,25.8,14.9,86,26.1,20.6,47.2,87.0
2024-08-08,Azadpur APMC,1293.7,2157.0,8,monsoon,solan,31.7,25.8,9.6,86,26.2,19.3,30.8,88.0
2024-08-09,Azadpur APMC,1068.1,2157.0,8,monsoon,solan,31.9,25.4,35.7,86,26.6,20.3,2.1,80.0
2024-08-10,Azadpur APMC,1467.4,2157.0,8,monsoon,solan,31.3,25.1,12.4,86,25.6,20.7,4.3,84.0
2024-08-12,Azadpur APMC,121.0,2157.0,8,monsoon,solan,29.9,25.8,11.7,90,24.7,20.5,11.0,92.0
2024-08-13,Azadpur APMC,1463.6,2157.0,8,monsoon,solan,30.5,25.5,7.0,89,24.8,19.6,10.4,90.0
2024-08-14,Azadpur APMC,1282.7,2157.0,8,monsoon,solan,30.3,26.1,8.0,88,25.5,18.7,11.3,89.0
2024-08-16,Azadpur APMC,267.6,2157.0,8,monsoon,solan,32.4,25.7,10.6,87,24.7,18.4,5.3,92.0
2024-08-17,Azadpur APMC,2031.9,2164.0,8,monsoon,solan,31.9,25.9,8.2,85,25.4,18.5,8.8,89.0
2024-08-19,Azadpur APMC,43.2,2164.0,8,monsoon,solan,33.0,26.6,1.3,82,25.3,19.6,20.8,91.0
2024-08-20,Azadpur APMC,397.5,2164.0,8,monsoon,solan,31.6,26.4,6.5,86,25.4,19.9,15.8,92.0
2024-08-21,Azadpur APMC,895.8,2164.0,8,monsoon,solan,32.0,25.4,1.5,84,25.3,19.7,11.3,91.0
2024-08-22,Azadpur APMC,547.4,2164.0,8,monsoon,solan,32.7,24.8,6.2,85,26.9,18.9,4.6,88.0
2024-08-23,Azadpur APMC,1091.7,2164.0,8,monsoon,solan,31.2,24.8,0.4,86,26.1,19.3,6.2,89.0
2024-08-24,Azadpur APMC,1658.0,2164.0,8,monsoon,solan,31.9,25.7,7.9,84,26.3,18.9,0.6,87.0
2024-08-26,Azadpur APMC,109.5,2164.0,8,monsoon,solan,32.1,26.2,4.5,83,25.3,18.7,3.2,88.0
2024-08-27,Azadpur APMC,1500.5,2164.0,8,monsoon,solan,31.4,24.5,12.8,85,25.0,17.8,2.0,88.0
2024-08-28,Azadpur APMC,1304.7,2164.0,8,monsoon,solan,30.5,24.4,8.5,86,26.0,17.6,0.3,84.0
2024-08-29,Azadpur APMC,924.2,2164.0,8,monsoon,solan,31.1,24.6,28.6,86,25.0,17.9,3.1,89.0
2024-08-30,Azadpur APMC,1212.8,2186.0,8,monsoon,solan,31.4,25.2,7.2,87,25.8,18.8,7.7,87.0
2024-08-31,Azadpur APMC,1202.2,2186.0,8,monsoon,solan,33.4,26.0,0.0,80,25.3,19.2,4.7,85.0
2024-09-02,Azadpur APMC,127.2,2186.0,9,monsoon,agra,31.6,25.2,7.0,84,29.7,24.6,6.3,87.0
2024-09-03,Azadpur APMC,1696.4,2186.0,9,monsoon,agra,31.8,25.5,18.5,86,30.9,24.6,7.7,87.0
2024-09-04,Azadpur APMC,1289.4,2186.0,9,monsoon,agra,30.8,24.6,0.4,86,32.2,25.5,0.0,81.0
2024-09-05,Azadpur APMC,999.0,2186.0,9,monsoon,agra,31.7,25.0,2.9,84,32.1,25.0,3.7,83.0
2024-09-06,Azadpur APMC,800.2,2264.0,9,monsoon,agra,30.8,24.4,13.9,88,32.6,25.4,1.1,83.0
2024-09-07,Azadpur APMC,1337.2,2264.0,9,monsoon,agra,30.3,24.3,27.0,87,33.3,26.5,4.7,81.0
2024-09-09,Azadpur APMC,171.2,2293.0,9,monsoon,agra,32.8,25.6,3.1,81,32.6,26.3,5.7,84.0
2024-09-10,Azadpur APMC,1230.1,2293.0,9,monsoon,agra,30.5,24.9,10.4,89,31.9,24.9,6.4,86.0
2024-09-11,Azadpur APMC,1073.2,2293.0,9,monsoon,agra,31.6,25.4,27.7,89,30.4,26.0,5.1,87.0
2024-09-12,Azadpur APMC,1256.6,2293.0,9,monsoon,agra,27.5,24.1,100.9,89,31.1,24.6,23.6,89.0
2024-09-13,Azadpur APMC,612.6,2293.0,9,monsoon,agra,30.7,23.5,54.6,89,32.2,24.5,10.0,87.0
2024-09-14,Azadpur APMC,883.7,2293.0,9,monsoon,agra,29.9,23.0,5.7,84,31.6,24.9,21.1,89.0
2024-09-16,Azadpur APMC,187.8,2293.0,9,monsoon,agra,32.4,23.7,0.0,74,32.7,25.7,1.5,86.0
2024-09-17,Azadpur APMC,1693.6,2293.0,9,monsoon,agra,31.7,23.7,0.0,76,28.8,25.0,75.8,93.0
2024-09-18,Azadpur APMC,1442.0,1900.0,9,monsoon,agra,28.1,23.1,48.4,86,26.0,24.4,156.3,94.0
2024-09-19,Azadpur APMC,1564.5,1900.0,9,monsoon,agra,29.8,23.0,3.3,85,30.3,23.5,6.3,87.0
2024-09-20,Azadpur APMC,1145.0,1925.0,9,monsoon,agra,31.4,24.2,0.1,81,31.3,23.4,0.0,82.0
2024-09-21,Azadpur APMC,1419.4,1925.0,9,monsoon,agra,31.8,25.0,0.3,79,31.9,23.6,0.0,76.0
2024-09-23,Azadpur APMC,301.1,1850.0,9,monsoon,agra,33.5,25.2,0.0,79,31.9,25.0,0.2,75.0
2024-09-24,Azadpur APMC,1676.5,1825.0,9,monsoon,agra,33.6,25.3,0.0,77,26.0,22.7,60.2,92.0
2024-09-25,Azadpur APMC,944.1,1917.0,9,monsoon,agra,33.1,26.4,0.4,82,28.9,23.6,0.8,85.0
2024-09-26,Azadpur APMC,1084.4,1917.0,9,monsoon,agra,31.4,25.3,0.4,82,30.4,22.3,0.1,83.0
2024-09-27,Azadpur APMC,857.1,1917.0,9,monsoon,agra,31.0,25.0,1.3,81,32.2,25.0,0.0,79.0
2024-09-28,Azadpur APMC,1203.8,1917.0,9,monsoon,agra,30.6,23.1,0.0,81,33.2,25.4,0.0,77.0
2024-09-30,Azadpur APMC,176.7,1992.0,9,monsoon,agra,33.0,23.6,0.0,78,33.8,25.3,0.0,77.0
2024-10-01,Azadpur APMC,2080.8,1992.0,10,post_monsoon,agra,33.6,23.9,0.0,77,33.0,26.9,2.3,80.0
2024-10-03,Azadpur APMC,163.9,1992.0,10,post_monsoon,agra,34.4,24.3,0.0,67,30.2,24.8,1.3,82.0
2024-10-04,Azadpur APMC,2253.6,1992.0,10,post_monsoon,agra,33.9,23.9,0.0,69,29.2,24.7,0.5,82.0
2024-10-05,Azadpur APMC,1324.5,1992.0,10,post_monsoon,agra,34.1,24.1,0.0,67,30.4,24.1,0.9,84.0
2024-10-07,Azadpur APMC,297.0,2214.0,10,post_monsoon,agra,32.9,22.3,0.0,68,33.8,24.4,0.0,76.0
2024-10-08,Azadpur APMC,2242.8,2214.0,10,post_monsoon,agra,33.2,22.2,0.0,68,35.1,25.2,0.0,70.0
2024-10-09,Azadpur APMC,1113.1,2214.0,10,post_monsoon,agra,32.9,20.9,0.0,64,35.0,24.3,0.0,66.0
2024-10-10,Azadpur APMC,1066.8,2214.0,10,post_monsoon,agra,33.2,21.9,0.0,57,33.6,23.7,0.0,65.0
2024-10-11,Azadpur APMC,1371.4,2214.0,10,post_monsoon,agra,32.5,19.3,0.0,52,33.4,23.9,0.0,68.0
2024-10-12,Azadpur APMC,1442.1,2214.0,10,post_monsoon,agra,32.8,19.3,0.0,56,33.7,22.9,0.0,69.0
2024-10-14,Azadpur APMC,113.4,2214.0,10,post_monsoon,agra,32.4,21.0,0.0,54,32.8,21.9,0.0,73.0
2024-10-15,Azadpur APMC,1622.8,2214.0,10,post_monsoon,agra,32.7,19.3,0.0,55,33.0,22.2,0.0,67.0
2024-10-16,Azadpur APMC,1252.3,2050.0,10,post_monsoon,agra,33.0,19.3,0.0,55,32.4,21.2,0.0,68.0
2024-10-17,Azadpur APMC,1223.9,2050.0,10,post_monsoon,agra,33.7,21.1,0.0,59,32.2,21.5,0.0,65.0
2024-10-18,Azadpur APMC,1201.4,2050.0,10,post_monsoon,agra,34.1,20.9,0.0,60,32.0,22.1,0.0,64.0
2024-10-19,Azadpur APMC,1106.4,2050.0,10,post_monsoon,agra,34.4,21.8,0.0,60,32.2,23.4,0.0,67.0
2024-10-21,Azadpur APMC,131.0,2006.0,10,post_monsoon,agra,32.8,21.1,0.0,66,31.8,20.2,0.0,61.0
2024-10-22,Azadpur APMC,1357.3,2006.0,10,post_monsoon,agra,31.9,20.8,0.0,66,32.8,20.1,0.0,59.0
2024-10-23,Azadpur APMC,1164.0,2006.0,10,post_monsoon,agra,32.8,20.5,0.0,61,33.2,21.4,0.0,63.0
2024-10-24,Azadpur APMC,1275.7,2006.0,10,post_monsoon,agra,33.1,20.2,0.0,59,33.3,21.2,0.0,64.0
2024-10-25,Azadpur APMC,1315.8,2023.0,10,post_monsoon,agra,32.7,19.0,0.0,59,34.1,20.6,0.0,61.0
2024-10-26,Azadpur APMC,1358.3,2023.0,10,post_monsoon,agra,32.0,19.3,0.0,62,33.7,21.2,0.0,57.0
2024-10-28,Azadpur APMC,208.0,2065.0,10,post_monsoon,agra,31.9,21.3,0.0,68,32.3,20.6,0.0,67.0
2024-10-29,Azadpur APMC,1858.9,2065.0,10,post_monsoon,agra,33.5,21.0,0.0,68,31.8,19.6,0.0,69.0
2024-10-30,Azadpur APMC,1132.5,2065.0,10,post_monsoon,agra,34.8,21.9,0.0,63,31.7,20.6,0.0,66.0
2024-11-01,Azadpur APMC,735.4,2065.0,11,post_monsoon,agra,32.7,19.4,0.0,52,31.5,19.3,0.0,69.0
2024-11-02,Azadpur APMC,632.8,2065.0,11,post_monsoon,agra,32.0,17.9,0.0,55,31.1,19.9,0.0,73.0
2024-11-04,Azadpur APMC,120.6,2040.0,11,post_monsoon,agra,30.7,17.4,0.0,64,32.5,21.0,0.0,72.0
2024-11-05,Azadpur APMC,1517.1,2068.0,11,post_monsoon,agra,29.6,18.5,0.0,71,33.4,21.8,0.0,67.0
2024-11-06,Azadpur APMC,893.5,2068.0,11,post_monsoon,agra,30.3,18.5,0.0,68,33.1,21.0,0.0,65.0
2024-11-07,Azadpur APMC,1569.6,2068.0,11,post_monsoon,agra,30.2,19.5,0.0,66,32.1,19.2,0.0,60.0
2024-11-08,Azadpur APMC,1479.5,2068.0,11,post_monsoon,agra,30.6,19.5,0.0,65,32.3,18.6,0.0,60.0
2024-11-09,Azadpur APMC,1352.2,2068.0,11,post_monsoon,agra,31.0,20.0,0.0,65,31.6,19.0,0.0,62.0
2024-11-11,Azadpur APMC,271.7,2068.0,11,post_monsoon,agra,29.9,19.3,0.0,73,29.5,17.8,0.0,67.0
2024-11-13,Azadpur APMC,1080.6,2268.0,11,post_monsoon,agra,30.1,18.7,0.0,58,29.7,18.7,0.0,69.0
2024-11-18,Azadpur APMC,168.6,2268.0,11,post_monsoon,agra,26.4,15.6,0.0,61,30.9,18.0,0.0,67.0
2024-11-19,Azadpur APMC,2314.3,2268.0,11,post_monsoon,agra,25.9,13.7,0.0,54,30.4,18.9,0.0,57.0
2024-11-20,Azadpur APMC,1300.8,2268.0,11,post_monsoon,agra,26.0,13.2,0.0,52,29.5,18.2,0.0,67.0
2024-11-21,Azadpur APMC,1663.1,2268.0,11,post_monsoon,agra,25.8,13.1,0.0,53,29.6,17.6,0.0,62.0
2024-11-22,Azadpur APMC,1445.5,2268.0,11,post_monsoon,agra,26.3,13.7,0.0,56,29.1,17.3,0.0,58.0
2024-11-23,Azadpur APMC,1513.9,2268.0,11,post_monsoon,agra,27.5,14.2,0.0,54,29.5,17.3,0.0,58.0
2024-11-25,Azadpur APMC,160.7,2168.0,11,post_monsoon,agra,25.9,14.9,0.0,59,25.8,14.4,0.0,58.0
2024-11-26,Azadpur APMC,1345.2,2168.0,11,post_monsoon,agra,25.6,13.6,0.0,57,25.3,13.0,0.0,57.0
2024-11-27,Azadpur APMC,1255.4,2168.0,11,post_monsoon,agra,25.9,13.2,0.0,52,25.3,13.0,0.0,59.0
2024-11-28,Azadpur APMC,1225.2,2168.0,11,post_monsoon,agra,25.4,12.6,0.0,54,25.5,13.0,0.0,62.0
2024-11-29,Azadpur APMC,1195.9,2168.0,11,post_monsoon,agra,24.4,12.2,0.0,63,26.3,13.6,0.0,62.0
2024-11-30,Azadpur APMC,1469.2,2168.0,11,post_monsoon,agra,24.8,12.2,0.0,63,27.2,14.5,0.0,58.0
2024-12-02,Azadpur APMC,446.6,2168.0,12,winter,agra,25.7,13.4,0.0,61,25.7,13.5,0.0,61.0
2024-12-03,Azadpur APMC,1572.7,2158.0,12,winter,agra,26.4,13.3,0.0,58,26.0,13.2,0.0,64.0
2024-12-04,Azadpur APMC,1269.6,2158.0,12,winter,agra,25.6,15.1,0.0,50,24.5,12.4,0.0,67.0
2024-12-05,Azadpur APMC,1516.2,2158.0,12,winter,agra,23.6,11.6,0.0,46,23.9,12.1,0.0,69.0
2024-12-06,Azadpur APMC,1527.2,2158.0,12,winter,agra,23.6,11.1,0.0,48,24.1,12.0,0.0,69.0
2024-12-07,Azadpur APMC,1388.0,2158.0,12,winter,agra,23.0,9.5,0.0,47,24.5,12.5,0.0,71.0
2024-12-09,Azadpur APMC,161.4,1900.0,12,winter,agra,20.3,10.8,0.0,66,25.8,13.6,0.0,66.0
2024-12-10,Azadpur APMC,1031.1,1870.0,12,winter,agra,20.2,9.5,0.0,54,25.4,14.0,0.0,65.0
2024-12-11,Azadpur APMC,1791.4,1870.0,12,winter,agra,20.3,8.1,0.0,48,24.1,12.6,0.0,56.0
2024-12-12,Azadpur APMC,1467.3,2113.0,12,winter,agra,20.6,7.2,0.0,53,24.3,10.9,0.0,59.0
2024-12-13,Azadpur APMC,956.7,2138.0,12,winter,agra,20.5,9.1,0.0,48,23.8,11.1,0.0,61.0
2024-12-14,Azadpur APMC,1175.8,2138.0,12,winter,agra,20.7,8.5,0.0,45,22.8,11.1,0.1,59.0
2024-12-16,Azadpur APMC,278.3,2138.0,12,winter,agra,20.9,6.6,0.0,70,20.4,10.1,0.0,61.0
2024-12-17,Azadpur APMC,1409.2,2125.0,12,winter,agra,20.4,7.3,0.0,75,20.1,7.9,0.0,55.0
2024-12-18,Azadpur APMC,1100.9,2125.0,12,winter,agra,21.0,7.3,0.0,70,20.2,7.5,0.0,55.0
2024-12-19,Azadpur APMC,1259.8,2125.0,12,winter,agra,21.1,7.7,0.0,63,20.2,9.1,0.0,54.0
2024-12-20,Azadpur APMC,979.1,2125.0,12,winter,agra,23.0,9.9,0.0,65,20.3,8.2,0.0,51.0
2024-12-21,Azadpur APMC,971.8,2125.0,12,winter,agra,22.1,8.7,0.0,66,20.5,7.2,0.0,62.0
2024-12-23,Azadpur APMC,381.8,2150.0,12,winter,agra,18.2,11.3,0.6,68,20.7,6.7,0.0,77.0
2024-12-24,Azadpur APMC,1476.3,2150.0,12,winter,agra,18.7,11.3,2.5,78,20.5,7.0,0.0,78.0
2024-12-25,Azadpur APMC,1004.4,2150.0,12,winter,agra,20.6,10.1,0.0,78,21.3,7.6,0.0,74.0
2024-12-26,Azadpur APMC,874.2,2220.0,12,winter,agra,22.5,9.7,0.0,70,22.4,10.3,0.0,72.0
2024-12-27,Azadpur APMC,1959.4,2220.0,12,winter,agra,16.8,14.1,31.9,85,22.8,9.2,0.0,70.0
2024-12-28,Azadpur APMC,1197.1,2107.0,12,winter,agra,18.2,12.1,2.9,89,22.0,8.7,0.0,68.0
2024-12-30,Azadpur APMC,267.5,2013.0,12,winter,agra,18.3,9.5,0.0,87,18.9,13.1,1.9,82.0
2024-12-31,Azadpur APMC,1016.6,2013.0,12,winter,agra,16.0,7.6,0.0,89,21.5,12.8,0.0,83.0
2025-01-03,Azadpur APMC,969.8,1953.0,1,winter,agra,19.5,8.2,0.0,89,19.8,14.3,9.2,90.0
2025-01-04,Azadpur APMC,84.9,1951.0,1,winter,agra,20.9,8.0,0.0,90,19.4,11.9,0.0,86.0
2025-01-06,Azadpur APMC,755.7,1951.0,1,winter,agra,18.1,9.3,4.3,89,16.5,7.9,0.0,88.0
2025-01-07,Azadpur APMC,1743.1,1947.0,1,winter,agra,17.7,10.2,0.0,88,16.6,7.2,0.0,87.0
2025-01-08,Azadpur APMC,1417.8,1947.0,1,winter,agra,18.4,8.5,0.0,76,19.9,8.2,0.0,84.0
2025-01-09,Azadpur APMC,1233.2,1947.0,1,winter,agra,18.6,7.3,0.0,79,20.5,7.7,0.0,84.0
2025-01-10,Azadpur APMC,1292.2,1896.0,1,winter,agra,17.8,8.0,0.0,86,20.5,8.9,0.0,91.0
2025-01-11,Azadpur APMC,1783.4,1896.0,1,winter,agra,16.8,7.6,7.6,88,19.2,7.9,0.0,92.0
2025-01-13,Azadpur APMC,791.9,1896.0,1,winter,agra,19.2,8.0,0.0,86,17.5,9.7,0.0,88.0
2025-01-14,Azadpur APMC,1121.3,1896.0,1,winter,agra,18.4,7.8,0.0,84,18.8,7.9,0.0,81.0
2025-01-15,Azadpur APMC,955.3,1896.0,1,winter,agra,18.4,8.7,2.9,87,19.4,7.1,0.0,79.0
2025-01-16,Azadpur APMC,1297.6,1896.0,1,winter,agra,18.2,11.2,1.3,83,18.9,7.5,0.0,82.0
2025-01-17,Azadpur APMC,1634.7,1927.0,1,winter,agra,19.0,8.7,0.0,81,19.5,8.6,6.1,86.0
2025-01-18,Azadpur APMC,1298.7,1927.0,1,winter,agra,17.8,7.6,0.0,88,19.9,12.2,3.5,85.0
2025-01-20,Azadpur APMC,357.6,1927.0,1,winter,agra,22.0,11.2,0.0,83,18.8,9.2,0.0,87.0
2025-01-21,Azadpur APMC,2188.2,1800.0,1,winter,agra,21.9,10.4,0.0,80,19.2,7.6,0.8,88.0
2025-01-22,Azadpur APMC,978.4,1800.0,1,winter,agra,22.7,9.7,0.0,77,17.2,11.4,9.3,89.0
2025-01-23,Azadpur APMC,1768.5,1800.0,1,winter,agra,22.1,11.6,0.8,71,19.3,9.5,0.0,85.0
2025-01-24,Azadpur APMC,1530.3,1744.0,1,winter,agra,21.0,10.2,0.0,68,18.8,7.3,0.0,87.0
2025-01-25,Azadpur APMC,581.3,1756.0,1,winter,agra,20.8,9.0,0.0,65,22.4,7.6,0.0,88.0
2025-01-28,Azadpur APMC,1429.8,1863.0,1,winter,agra,22.7,7.8,0.0,60,23.5,11.4,0.0,75.0
2025-01-29,Azadpur APMC,1158.1,1863.0,1,winter,agra,24.5,9.6,0.0,62,19.8,13.6,3.5,79.0
2025-01-30,Azadpur APMC,1826.7,1863.0,1,winter,agra,25.4,11.2,0.0,65,20.9,10.8,0.0,69.0
2025-01-31,Azadpur APMC,1454.9,975.0,1,winter,agra,26.5,12.4,0.0,66,20.8,9.2,0.0,67.0
2025-02-01,Azadpur APMC,1073.1,838.0,2,winter,agra,25.9,12.4,0.0,63,20.7,7.6,0.0,69.0
2025-02-03,Azadpur APMC,366.3,838.0,2,winter,agra,22.8,10.5,1.0,67,21.8,7.8,0.0,70.0
2025-02-04,Azadpur APMC,1475.7,838.0,2,winter,agra,22.5,12.8,0.6,69,23.6,10.2,0.0,69.0
2025-02-06,Azadpur APMC,351.3,838.0,2,winter,agra,21.0,10.7,0.0,55,25.8,11.5,0.0,71.0
2025-02-07,Azadpur APMC,1608.6,838.0,2,winter,agra,20.9,10.4,0.0,55,25.6,13.0,0.0,70.0
2025-02-08,Azadpur APMC,1200.4,838.0,2,winter,agra,23.2,10.8,0.0,55,24.9,13.1,0.0,72.0
2025-02-10,Azadpur APMC,241.4,838.0,2,winter,agra,27.4,11.4,0.0,60,25.1,14.4,3.7,73.0
2025-02-11,Azadpur APMC,1498.2,987.0,2,winter,agra,28.2,11.8,0.0,62,22.8,13.8,0.0,66.0
2025-02-12,Azadpur APMC,1668.6,987.0,2,winter,agra,25.3,13.6,0.0,52,21.8,9.9,0.0,52.0
2025-02-13,Azadpur APMC,1494.6,987.0,2,winter,agra,23.5,13.5,0.0,48,21.6,10.0,0.0,55.0
2025-02-14,Azadpur APMC,881.4,940.0,2,winter,agra,24.7,12.3,0.0,43,23.7,10.2,0.0,54.0
2025-02-15,Azadpur APMC,1368.3,940.0,2,winter,agra,25.3,13.0,0.0,49,25.6,10.4,0.0,57.0
2025-02-17,Azadpur APMC,303.0,940.0,2,winter,agra,28.8,15.5,0.0,54,29.0,12.8,0.0,57.0
2025-02-18,Azadpur APMC,2017.4,940.0,2,winter,agra,26.4,16.3,0.0,55,26.5,13.5,0.0,54.0
2025-02-19,Azadpur APMC,1251.3,904.0,2,winter,agra,27.6,13.8,0.5,49,25.7,12.9,0.0,43.0
2025-02-20,Azadpur APMC,1677.4,904.0,2,winter,agra,24.0,15.1,5.0,69,27.0,12.5,0.0,40.0
2025-02-21,Azadpur APMC,1271.7,904.0,2,winter,agra,24.7,13.6,0.3,73,28.2,13.1,0.0,53.0
2025-02-22,Azadpur APMC,1323.9,904.0,2,winter,agra,23.6,13.4,0.0,69,27.6,14.3,0.0,50.0
2025-02-24,Azadpur APMC,173.5,904.0,2,winter,agra,26.6,13.0,0.0,60,25.2,15.2,0.0,64.0
2025-02-26,Azadpur APMC,1095.9,904.0,2,winter,agra,30.8,18.4,0.0,50,27.1,16.6,1.1,62.0
2025-02-27,Azadpur APMC,1425.8,904.0,2,winter,agra,23.1,18.8,2.8,70,27.6,15.3,0.0,64.0
2025-02-28,Azadpur APMC,1244.3,904.0,2,winter,agra,23.3,17.9,10.1,74,26.6,14.2,0.0,61.0
2025-03-01,Azadpur APMC,1030.5,1066.0,3,summer,agra,24.0,15.3,7.8,82,26.5,14.1,0.0,56.0
2025-03-03,Azadpur APMC,479.2,986.0,3,summer,agra,27.1,12.5,0.0,59,28.9,14.9,0.0,56.0
2025-03-04,Azadpur APMC,2053.6,986.0,3,summer,agra,24.6,15.1,0.0,60,30.3,16.2,0.0,53.0
2025-03-05,Azadpur APMC,1225.4,1082.0,3,summer,agra,22.8,12.5,0.0,46,28.8,18.3,0.0,55.0
2025-03-06,Azadpur APMC,1185.1,1082.0,3,summer,agra,26.7,12.6,0.0,41,29.8,19.8,0.6,62.0
2025-03-07,Azadpur APMC,1654.1,1053.0,3,summer,agra,28.6,12.4,0.0,44,28.1,17.3,0.4,69.0
2025-03-08,Azadpur APMC,1927.8,1053.0,3,summer,agra,30.2,14.4,0.0,43,28.8,17.2,0.0,56.0
2025-03-10,Azadpur APMC,471.1,950.0,3,summer,agra,32.4,19.6,0.0,43,27.7,18.9,0.0,42.0
2025-03-11,Azadpur APMC,1473.8,950.0,3,summer,agra,34.5,20.3,0.0,46,24.3,13.9,0.0,40.0
2025-03-12,Azadpur APMC,1433.8,1011.0,3,summer,agra,32.9,19.5,0.0,50,27.8,13.2,0.0,33.0
2025-03-13,Azadpur APMC,1622.3,974.0,3,summer,agra,32.2,20.5,3.5,52,30.0,13.6,0.0,41.0
2025-03-15,Azadpur APMC,764.4,974.0,3,summer,agra,31.2,19.1,0.3,52,32.1,17.5,0.0,39.0
2025-03-17,Azadpur APMC,155.4,974.0,3,summer,agra,28.4,17.1,0.0,45,34.6,18.8,0.0,41.0
2025-03-18,Azadpur APMC,1203.9,951.0,3,summer,agra,29.9,17.1,0.0,44,34.3,20.0,0.0,46.0
2025-03-19,Azadpur APMC,1679.3,886.0,3,summer,agra,32.1,17.9,0.0,39,33.9,21.6,0.5,47.0
2025-03-20,Azadpur APMC,1679.3,886.0,3,summer,agra,32.8,18.8,0.0,34,34.5,19.7,0.0,47.0
2025-03-21,Azadpur APMC,1508.2,971.0,3,summer,agra,32.0,18.9,0.0,33,34.2,21.1,0.0,41.0
2025-03-22,Azadpur APMC,1079.4,1034.0,3,summer,agra,31.4,18.0,0.0,33,31.6,20.0,0.0,46.0
2025-03-24,Azadpur APMC,519.6,1023.0,3,summer,agra,34.3,20.0,0.0,32,30.0,17.1,0.0,43.0
2025-03-25,Azadpur APMC,1809.3,1023.0,3,summer,agra,36.8,21.0,0.0,32,32.5,17.0,0.0,37.0
2025-03-26,Azadpur APMC,1205.2,1000.0,3,summer,agra,38.6,22.3,0.0,30,34.3,19.9,0.0,32.0
2025-03-27,Azadpur APMC,820.6,1000.0,3,summer,agra,36.5,23.7,0.0,27,32.8,19.6,0.0,33.0
2025-03-28,Azadpur APMC,1160.2,1000.0,3,summer,agra,31.3,21.8,0.0,24,31.3,18.3,0.0,34.0
2025-03-29,Azadpur APMC,782.6,1000.0,3,summer,agra,29.3,16.2,0.0,21,33.2,16.8,0.0,35.0
2025-04-01,Azadpur APMC,1725.5,1000.0,4,summer,agra,33.8,19.1,0.0,19,38.5,21.5,0.0,25.0
2025-04-02,Azadpur APMC,752.3,1043.0,4,summer,agra,35.8,18.7,0.0,20,38.4,22.0,0.0,25.0
2025-04-03,Azadpur APMC,1746.4,967.0,4,summer,agra,37.9,20.5,0.0,18,33.5,23.0,0.0,21.0
2025-04-04,Azadpur APMC,1770.8,793.0,4,summer,agra,37.2,22.3,0.0,17,31.4,17.3,0.0,18.0
2025-04-05,Azadpur APMC,1989.8,810.0,4,summer,agra,35.5,21.8,0.0,22,33.3,18.3,0.0,20.0
2025-04-07,Azadpur APMC,431.9,810.0,4,summer,agra,40.3,24.4,0.0,23,34.8,19.3,0.0,18.0
2025-04-08,Azadpur APMC,1439.6,857.0,4,summer,agra,40.2,25.7,0.0,23,36.1,20.3,0.0,17.0
2025-04-09,Azadpur APMC,1357.8,890.0,4,summer,agra,41.0,26.4,0.0,26,36.9,21.7,0.0,18.0
2025-04-10,Azadpur APMC,1308.6,890.0,4,summer,agra,38.9,27.1,0.6,32,38.0,22.6,0.0,21.0
2025-04-11,Azadpur APMC,1171.2,890.0,4,summer,agra,34.6,22.4,11.3,58,37.0,22.3,0.0,19.0
2025-04-12,Azadpur APMC,1264.8,890.0,4,summer,agra,35.0,20.5,0.3,54,39.1,23.1,0.0,22.0
2025-04-14,Azadpur APMC,279.5,890.0,4,summer,agra,35.9,23.0,0.0,40,40.8,25.6,0.0,20.0
2025-04-15,Azadpur APMC,1443.8,757.0,4,summer,agra,37.2,25.2,0.0,34,40.7,26.7,0.0,24.0
2025-04-19,Azadpur APMC,1075.9,870.0,4,summer,agra,40.4,27.7,0.0,41,36.9,23.8,0.0,33.0
2025-04-21,Azadpur APMC,168.8,983.0,4,summer,agra,40.5,26.3,0.0,25,37.5,24.6,0.0,38.0
2025-04-22,Azadpur APMC,609.5,1008.0,4,summer,agra,39.7,24.4,0.0,10,38.8,25.0,0.0,34.0
2025-04-23,Azadpur APMC,1031.9,911.0,4,summer,agra,39.4,23.6,0.0,12,41.2,26.2,0.0,27.0
2025-04-24,Azadpur APMC,1046.6,893.0,4,summer,agra,40.7,24.2,0.0,11,42.3,25.9,0.0,34.0
2025-04-25,Azadpur APMC,1188.7,893.0,4,summer,agra,41.4,25.5,0.0,13,41.0,27.6,0.0,38.0
2025-04-26,Azadpur APMC,1260.0,893.0,4,summer,agra,42.4,26.3,0.0,13,41.3,27.1,0.0,32.0
2025-04-28,Azadpur APMC,264.1,893.0,4,summer,agra,41.4,26.7,0.0,20,41.2,25.7,0.0,8.0
2025-04-29,Azadpur APMC,1674.9,880.0,4,summer,agra,37.9,25.3,0.0,34,40.9,24.5,0.0,9.0
2025-04-30,Azadpur APMC,1166.4,880.0,4,summer,agra,37.3,26.7,0.1,36,42.0,24.9,0.0,9.0
2025-05-01,Azadpur APMC,1052.3,880.0,5,summer,agra,37.7,26.4,0.0,36,43.0,25.5,0.0,10.0
2025-05-02,Azadpur APMC,812.2,880.0,5,summer,agra,28.8,21.8,14.6,66,41.8,26.3,0.0,13.0
2025-05-03,Azadpur APMC,1134.8,880.0,5,summer,agra,35.7,24.0,3.8,54,40.3,27.5,0.0,16.0
2025-05-05,Azadpur APMC,199.1,880.0,5,summer,agra,35.2,24.2,1.7,58,39.4,25.6,0.0,34.0
2025-05-06,Azadpur APMC,1346.0,880.0,5,summer,agra,34.0,22.2,1.2,64,38.3,26.7,0.0,35.0
2025-05-07,Azadpur APMC,1044.6,880.0,5,summer,agra,32.1,23.7,2.7,65,38.9,25.7,0.0,37.0
2025-05-08,Azadpur APMC,1044.6,843.0,5,summer,agra,31.8,23.6,4.1,65,31.0,23.4,4.1,58.0
2025-05-09,Azadpur APMC,1059.4,843.0,5,summer,agra,37.5,24.8,0.8,50,37.4,24.2,0.0,47.0
2025-05-10,Azadpur APMC,962.0,843.0,5,summer,agra,37.5,26.2,6.7,54,36.5,26.1,0.0,41.0
2025-05-12,Azadpur APMC,176.6,830.0,5,summer,agra,39.8,25.6,0.0,33,35.6,23.7,0.0,48.0
2025-05-13,Azadpur APMC,1215.1,905.0,5,summer,agra,41.4,28.8,0.0,24,33.2,23.6,1.4,60.0
2025-05-14,Azadpur APMC,1187.3,880.0,5,summer,agra,41.3,28.5,0.0,22,33.0,24.4,0.6,61.0
2025-05-15,Azadpur APMC,871.7,880.0,5,summer,agra,41.9,29.7,0.0,22,35.9,24.0,0.1,55.0
2025-05-16,Azadpur APMC,883.3,880.0,5,summer,agra,42.8,28.4,0.0,24,38.4,26.1,0.8,49.0
2025-05-17,Azadpur APMC,937.0,860.0,5,summer,agra,43.0,29.4,0.0,30,39.6,25.6,0.0,46.0
2025-05-19,Azadpur APMC,78.1,860.0,5,summer,agra,41.8,28.7,0.0,45,40.8,27.8,0.0,27.0
2025-05-20,Azadpur APMC,1328.6,800.0,5,summer,agra,42.5,28.5,0.0,44,42.7,28.4,0.0,23.0
2025-05-21,Azadpur APMC,994.8,820.0,5,summer,agra,43.0,30.3,0.0,45,42.5,28.2,0.0,23.0
2025-05-22,Azadpur APMC,877.8,820.0,5,summer,agra,37.4,25.1,0.0,55,43.7,28.0,0.0,23.0
2025-05-23,Azadpur APMC,883.4,840.0,5,summer,agra,38.6,26.7,0.0,51,41.8,28.9,0.0,27.0
2025-05-24,Azadpur APMC,873.7,800.0,5,summer,agra,38.0,28.9,0.0,47,43.3,29.4,0.0,32.0
2025-05-26,Azadpur APMC,202.2,800.0,5,summer,agra,35.7,24.3,0.9,65,45.0,29.2,0.0,38.0
2025-05-28,Azadpur APMC,1206.0,780.0,5,summer,agra,39.6,27.7,0.0,54,38.2,27.3,0.0,46.0
2025-05-29,Azadpur APMC,933.0,780.0,5,summer,agra,41.0,28.1,0.0,47,39.5,27.9,0.0,44.0
2025-05-31,Azadpur APMC,904.6,760.0,5,summer,agra,41.3,27.5,0.8,40,36.7,26.4,0.1,56.0
2025-06-02,Azadpur APMC,117.2,760.0,6,monsoon,solan,37.5,24.8,0.3,44,26.9,14.9,2.6,77.0
2025-06-04,Azadpur APMC,1012.7,820.0,6,monsoon,solan,36.7,25.3,0.5,55,29.7,14.5,0.6,53.0
2025-06-05,Azadpur APMC,895.4,820.0,6,monsoon,solan,37.2,24.1,0.1,49,29.3,14.0,1.3,53.0
2025-06-06,Azadpur APMC,1154.8,940.0,6,monsoon,solan,38.7,26.3,0.0,40,29.6,12.4,2.6,53.0
2025-06-07,Azadpur APMC,789.8,940.0,6,monsoon,solan,41.7,28.4,0.0,36,28.0,12.8,0.3,47.0
2025-06-09,Azadpur APMC,123.8,940.0,6,monsoon,solan,43.8,30.2,0.0,28,25.9,13.0,5.1,68.0
2025-06-10,Azadpur APMC,1325.0,1040.0,6,monsoon,solan,43.2,30.5,0.0,22,24.6,12.5,4.3,72.0
2025-06-12,Azadpur APMC,981.4,1060.0,6,monsoon,solan,43.6,31.6,0.6,44,27.7,12.3,0.0,62.0
2025-06-13,Azadpur APMC,884.3,1060.0,6,monsoon,solan,41.2,31.9,0.0,47,28.6,13.7,0.2,66.0
2025-06-14,Azadpur APMC,1196.7,1060.0,6,monsoon,solan,43.3,31.0,0.0,46,30.0,16.3,0.0,60.0
2025-06-16,Azadpur APMC,133.5,1060.0,6,monsoon,solan,32.5,25.2,21.2,78,32.3,16.4,0.0,47.0
2025-06-17,Azadpur APMC,1405.7,1242.0,6,monsoon,solan,34.0,25.4,17.6,80,31.6,16.6,1.3,57.0
2025-06-18,Azadpur APMC,657.7,1228.0,6,monsoon,solan,33.3,24.2,4.9,77,30.5,17.0,2.5,70.0
2025-06-19,Azadpur APMC,891.5,1220.0,6,monsoon,solan,32.9,27.3,0.1,76,29.8,18.4,5.4,72.0
2025-06-20,Azadpur APMC,1122.4,1560.0,6,monsoon,solan,32.0,25.8,1.8,83,30.6,17.5,0.1,61.0
2025-06-21,Azadpur APMC,1040.9,1560.0,6,monsoon,solan,35.3,26.4,1.4,75,29.7,18.7,0.6,69.0
2025-06-23,Azadpur APMC,161.3,1560.0,6,monsoon,solan,36.9,28.3,0.4,68,25.7,18.7,0.5,83.0
2025-06-24,Azadpur APMC,1616.1,1464.0,6,monsoon,solan,37.1,27.9,0.6,71,27.9,19.1,2.7,84.0
2025-06-25,Azadpur APMC,938.9,1414.0,6,monsoon,solan,32.4,26.9,14.0,83,26.8,16.5,5.8,85.0
2025-06-26,Azadpur APMC,1093.8,1394.0,6,monsoon,solan,34.7,26.2,19.2,76,27.6,19.2,6.6,91.0
2025-06-27,Azadpur APMC,978.0,1420.0,6,monsoon,solan,33.8,27.8,2.2,75,26.0,20.0,3.7,88.0
2025-06-28,Azadpur APMC,1152.6,1420.0,6,monsoon,solan,36.7,25.9,5.0,72,26.6,17.9,3.9,88.0
2025-06-30,Azadpur APMC,137.1,1420.0,6,monsoon,solan,32.1,25.5,23.3,87,26.6,18.5,9.1,90.0
2025-07-01,Azadpur APMC,1366.3,1410.0,7,monsoon,solan,33.4,25.1,11.0,83,27.0,19.7,23.0,91.0
2025-07-02,Azadpur APMC,1027.5,1410.0,7,monsoon,solan,33.1,27.1,3.3,80,27.3,19.1,1.4,84.0
2025-07-03,Azadpur APMC,1179.7,1410.0,7,monsoon,solan,33.4,26.9,0.5,78,27.1,18.8,5.1,86.0
2025-07-04,Azadpur APMC,1016.0,1394.0,7,monsoon,solan,34.4,26.9,0.4,77,26.8,19.1,9.8,88.0
2025-07-05,Azadpur APMC,1369.2,1394.0,7,monsoon,solan,35.9,26.4,4.1,75,25.4,18.8,8.6,92.0
2025-07-07,Azadpur APMC,105.9,1394.0,7,monsoon,solan,33.4,26.1,14.1,83,26.5,17.6,21.8,87.0
2025-07-08,Azadpur APMC,1527.1,1394.0,7,monsoon,solan,34.3,27.2,0.1,76,27.9,18.3,9.3,83.0
2025-07-09,Azadpur APMC,1040.4,1394.0,7,monsoon,solan,32.0,27.0,9.3,81,26.5,18.2,4.9,89.0
2025-07-10,Azadpur APMC,1259.3,1394.0,7,monsoon,solan,29.9,26.0,2.2,85,25.6,18.6,4.4,87.0
2025-07-11,Azadpur APMC,1255.4,1354.0,7,monsoon,solan,31.9,25.9,0.8,81,27.0,19.6,2.1,88.0
2025-07-14,Azadpur APMC,121.5,1354.0,7,monsoon,solan,30.9,26.1,16.9,84,26.8,19.6,3.1,86.0
2025-07-15,Azadpur APMC,1891.1,1354.0,7,monsoon,solan,32.3,25.8,6.1,83,26.0,18.3,9.2,86.0
2025-07-16,Azadpur APMC,1158.6,1364.0,7,monsoon,solan,32.5,25.3,5.0,83,24.4,18.8,23.8,94.0
2025-07-17,Azadpur APMC,1738.7,1364.0,7,monsoon,solan,31.2,26.9,2.1,82,25.4,17.6,4.4,84.0
2025-07-18,Azadpur APMC,1106.4,1300.0,7,monsoon,solan,32.3,26.5,2.5,80,27.2,17.6,2.1,84.0
2025-07-19,Azadpur APMC,1098.2,1280.0,7,monsoon,solan,32.7,25.9,0.1,76,26.7,18.3,5.8,84.0
2025-07-21,Azadpur APMC,124.0,1280.0,7,monsoon,solan,31.5,26.8,0.9,78,27.2,19.2,2.3,83.0
2025-07-22,Azadpur APMC,1519.0,1280.0,7,monsoon,solan,34.5,26.2,0.3,75,24.2,19.2,3.2,88.0
2025-07-23,Azadpur APMC,1269.9,1330.0,7,monsoon,solan,33.5,27.2,4.0,78,25.7,19.1,0.5,82.0
2025-07-24,Azadpur APMC,1038.1,1364.0,7,monsoon,solan,35.6,26.3,1.1,72,27.4,19.4,3.9,85.0
2025-07-25,Azadpur APMC,1338.2,1364.0,7,monsoon,solan,36.4,26.7,0.0,67,27.2,18.2,3.0,86.0
2025-07-26,Azadpur APMC,1608.6,1364.0,7,monsoon,solan,36.0,27.4,2.8,72,24.8,20.6,8.8,93.0
2025-07-28,Azadpur APMC,109.1,1364.0,7,monsoon,solan,37.5,28.6,0.4,65,25.3,18.7,1.0,87.0
2025-07-29,Azadpur APMC,1792.3,1364.0,7,monsoon,solan,32.4,27.5,7.3,81,27.3,19.1,2.4,85.0
2025-07-30,Azadpur APMC,961.2,1364.0,7,monsoon,solan,32.0,26.2,17.1,87,27.6,17.5,1.1,84.0
2025-07-31,Azadpur APMC,959.2,1364.0,7,monsoon,solan,31.5,25.5,22.2,88,27.4,17.9,1.1,85.0
2025-08-01,Azadpur APMC,1231.5,1364.0,8,monsoon,solan,32.0,25.7,6.8,85,28.2,18.8,4.5,85.0
2025-08-02,Azadpur APMC,1240.4,1364.0,8,monsoon,solan,32.8,26.1,1.8,78,26.0,19.3,4.2,91.0
2025-08-04,Azadpur APMC,80.3,1270.0,8,monsoon,solan,31.3,26.2,0.6,81,25.8,19.4,10.2,89.0
2025-08-07,Azadpur APMC,1224.6,1270.0,8,monsoon,solan,34.1,26.2,0.0,72,25.4,19.3,10.4,90.0
2025-08-08,Azadpur APMC,1654.9,1270.0,8,monsoon,solan,33.3,26.6,0.0,70,26.2,18.0,9.3,90.0
2025-08-09,Azadpur APMC,1746.6,1270.0,8,monsoon,solan,30.9,26.4,10.8,84,25.6,18.9,14.1,92.0
2025-08-11,Azadpur APMC,69.1,1270.0,8,monsoon,solan,34.0,26.7,2.9,77,22.5,18.9,4.8,92.0
2025-08-12,Azadpur APMC,1457.8,1270.0,8,monsoon,solan,33.4,26.9,0.7,78,25.5,18.1,17.5,91.0
2025-08-13,Azadpur APMC,840.7,1270.0,8,monsoon,solan,33.7,27.1,0.0,74,27.5,16.5,0.3,84.0
2025-08-14,Azadpur APMC,1296.8,1270.0,8,monsoon,solan,29.7,26.3,8.2,88,27.6,17.7,1.8,86.0
2025-08-16,Azadpur APMC,189.9,1270.0,8,monsoon,solan,31.2,26.5,9.9,87,24.9,17.4,12.3,92.0
2025-08-18,Azadpur APMC,117.4,1270.0,8,monsoon,solan,32.0,27.3,11.6,83,25.7,19.3,16.0,88.0
2025-08-19,Azadpur APMC,1915.9,1330.0,8,monsoon,solan,32.0,26.8,5.9,81,27.3,19.5,1.2,87.0
2025-08-20,Azadpur APMC,965.5,1330.0,8,monsoon,solan,32.7,26.8,5.7,78,22.0,19.2,7.6,96.0
2025-08-21,Azadpur APMC,1238.7,1330.0,8,monsoon,solan,33.8,25.3,15.2,76,24.7,18.9,7.7,92.0
2025-08-22,Azadpur APMC,1260.6,1240.0,8,monsoon,solan,34.7,25.8,2.3,73,24.9,18.1,6.0,92.0
2025-08-23,Azadpur APMC,1317.3,1240.0,8,monsoon,solan,32.6,25.9,9.6,83,25.9,18.4,5.0,88.0
2025-08-25,Azadpur APMC,323.9,1240.0,8,monsoon,solan,29.5,24.7,11.6,88,26.1,16.8,4.0,87.0
2025-08-26,Azadpur APMC,1520.4,1240.0,8,monsoon,solan,30.1,25.3,6.1,88,26.1,16.8,5.5,87.0
2025-08-27,Azadpur APMC,924.3,1240.0,8,monsoon,solan,32.7,25.4,1.1,85,25.7,16.5,3.3,87.0
2025-08-28,Azadpur APMC,1013.3,1240.0,8,monsoon,solan,32.6,25.7,10.3,85,26.4,17.1,1.3,85.0
2025-08-29,Azadpur APMC,1105.3,1240.0,8,monsoon,solan,31.7,25.1,9.1,87,25.1,16.9,10.2,90.0
2025-08-30,Azadpur APMC,1105.2,1240.0,8,monsoon,solan,31.9,26.2,3.3,83,24.0,17.9,5.9,92.0
2025-09-01,Azadpur APMC,364.6,1240.0,9,monsoon,agra,29.1,24.3,31.6,92,31.9,24.9,3.0,86.0
2025-09-02,Azadpur APMC,1643.6,1240.0,9,monsoon,agra,27.0,24.0,30.0,92,32.7,25.1,5.3,85.0
2025-09-03,Azadpur APMC,756.3,1240.0,9,monsoon,agra,29.2,24.2,21.0,88,32.9,25.8,0.8,84.0
2025-09-04,Azadpur APMC,1194.5,1240.0,9,monsoon,agra,31.7,23.9,10.1,86,32.3,26.8,1.1,83.0
2025-09-05,Azadpur APMC,1215.4,1240.0,9,monsoon,agra,31.2,25.6,5.2,84,32.8,26.4,9.6,82.0
2025-09-06,Azadpur APMC,1491.0,1240.0,9,monsoon,agra,31.6,24.6,9.3,85,30.5,25.1,9.7,90.0
2025-09-08,Azadpur APMC,230.8,1240.0,9,monsoon,agra,32.1,25.2,0.7,82,29.8,24.7,3.6,90.0
2025-09-09,Azadpur APMC,1857.3,1470.0,9,monsoon,agra,32.5,25.9,0.5,76,30.1,24.6,3.9,90.0
2025-09-10,Azadpur APMC,1274.4,1460.0,9,monsoon,agra,33.3,25.7,0.0,73,32.8,25.1,3.0,81.0
2025-09-11,Azadpur APMC,1852.1,1460.0,9,monsoon,agra,33.1,25.0,0.0,68,29.3,25.4,20.4,88.0
2025-09-12,Azadpur APMC,1529.8,1440.0,9,monsoon,agra,33.9,25.0,0.2,65,32.4,24.6,5.0,81.0
2025-09-13,Azadpur APMC,1512.3,1440.0,9,monsoon,agra,35.6,26.8,0.3,58,31.9,24.5,5.1,86.0
2025-09-15,Azadpur APMC,175.5,1440.0,9,monsoon,agra,36.8,28.0,0.0,52,32.9,25.3,0.0,73.0
2025-09-16,Azadpur APMC,1586.0,1440.0,9,monsoon,agra,37.0,27.8,0.0,54,33.4,25.8,0.0,71.0
2025-09-18,Azadpur APMC,1206.8,1440.0,9,monsoon,agra,35.1,25.5,2.2,65,32.4,24.6,0.0,73.0
2025-09-19,Azadpur APMC,1557.2,1440.0,9,monsoon,agra,35.4,27.3,0.8,61,32.9,24.8,0.5,74.0
2025-09-20,Azadpur APMC,2302.4,1440.0,9,monsoon,agra,36.3,27.0,0.0,55,33.9,25.5,0.0,75.0
2025-09-22,Azadpur APMC,127.8,1350.0,9,monsoon,agra,37.1,26.6,0.0,49,33.9,25.8,0.1,74.0
2025-09-24,Azadpur APMC,1373.7,1290.0,9,monsoon,agra,36.3,26.2,0.0,49,32.7,24.7,3.4,82.0
2025-09-25,Azadpur APMC,1878.6,1290.0,9,monsoon,agra,36.3,26.2,0.0,51,33.4,25.4,0.1,78.0
2025-09-26,Azadpur APMC,2021.3,1290.0,9,monsoon,agra,37.0,25.8,0.0,53,34.7,25.9,0.0,68.0
2025-09-27,Azadpur APMC,1437.5,1290.0,9,monsoon,agra,38.5,26.9,0.4,54,35.0,24.3,0.0,65.0
2025-09-29,Azadpur APMC,114.2,1290.0,9,monsoon,agra,36.9,28.2,0.2,56,35.7,25.1,0.0,57.0
2025-09-30,Azadpur APMC,1751.1,1290.0,9,monsoon,agra,34.2,24.9,7.3,68,35.1,25.3,0.0,56.0
2025-10-01,Azadpur APMC,1780.5,1470.0,10,post_monsoon,agra,33.1,24.0,3.1,76,35.1,25.2,0.0,59.0
2025-10-03,Azadpur APMC,273.5,1470.0,10,post_monsoon,agra,33.7,24.8,0.7,72,34.6,26.3,2.4,71.0
2025-10-04,Azadpur APMC,1427.4,1470.0,10,post_monsoon,agra,34.5,26.4,0.1,62,35.0,27.1,2.2,68.0
2025-10-06,Azadpur APMC,87.9,1470.0,10,post_monsoon,agra,29.3,22.4,17.7,84,33.0,23.8,19.5,80.0
2025-10-07,Azadpur APMC,1497.3,1470.0,10,post_monsoon,agra,28.8,20.9,6.7,86,29.7,24.0,30.7,87.0
2025-10-08,Azadpur APMC,1467.1,1470.0,10,post_monsoon,agra,26.2,20.4,0.7,86,31.3,23.7,8.3,84.0
2025-10-09,Azadpur APMC,1332.7,1470.0,10,post_monsoon,agra,28.4,20.5,0.1,75,31.6,24.7,0.2,81.0
2025-10-10,Azadpur APMC,1240.9,1470.0,10,post_monsoon,agra,28.6,19.4,0.0,68,32.3,24.2,0.1,78.0
2025-10-11,Azadpur APMC,1160.3,1470.0,10,post_monsoon,agra,29.0,19.4,0.0,69,33.3,23.8,0.0,70.0
2025-10-13,Azadpur APMC,106.3,1470.0,10,post_monsoon,agra,31.7,20.6,0.0,58,29.2,21.6,11.6,86.0
2025-10-14,Azadpur APMC,1815.1,1470.0,10,post_monsoon,agra,31.8,21.0,0.0,53,28.2,20.2,1.7,80.0
2025-10-15,Azadpur APMC,1238.3,1470.0,10,post_monsoon,agra,31.9,21.1,0.0,50,29.2,20.0,0.0,72.0
2025-10-16,Azadpur APMC,1397.3,1470.0,10,post_monsoon,agra,31.5,20.2,0.0,53,29.4,19.8,0.0,65.0
2025-10-17,Azadpur APMC,1116.5,1470.0,10,post_monsoon,agra,32.2,20.3,0.0,55,29.5,19.0,0.0,63.0
2025-10-18,Azadpur APMC,1325.3,1470.0,10,post_monsoon,agra,33.3,21.7,0.0,55,30.5,21.0,0.0,64.0
2025-10-21,Azadpur APMC,1154.1,1470.0,10,post_monsoon,agra,31.0,23.4,0.6,59,31.1,19.8,0.0,64.0
2025-10-23,Azadpur APMC,305.3,1380.0,10,post_monsoon,agra,31.8,20.7,0.0,46,31.5,19.1,0.0,62.0
2025-10-24,Azadpur APMC,1084.0,1380.0,10,post_monsoon,agra,32.2,20.0,0.0,46,31.3,19.3,0.0,64.0
2025-10-25,Azadpur APMC,781.5,1380.0,10,post_monsoon,agra,31.9,20.2,0.0,45,31.6,21.3,0.0,64.0
2025-10-27,Azadpur APMC,210.0,1380.0,10,post_monsoon,agra,30.6,19.9,0.0,54,29.8,21.2,0.2,76.0
2025-10-28,Azadpur APMC,2009.1,1380.0,10,post_monsoon,agra,27.5,21.7,0.0,68,31.3,21.1,0.0,72.0
2025-10-29,Azadpur APMC,846.6,1380.0,10,post_monsoon,agra,29.3,20.1,0.0,67,31.6,21.3,0.0,62.0
2025-10-30,Azadpur APMC,1296.5,1380.0,10,post_monsoon,agra,27.8,22.6,0.0,73,30.7,19.0,0.0,62.0
2025-10-31,Azadpur APMC,1767.6,1380.0,10,post_monsoon,agra,30.6,21.7,0.2,73,30.7,18.7,0.0,62.0
2025-11-01,Azadpur APMC,1468.2,1380.0,11,post_monsoon,agra,31.1,20.6,0.0,61,30.1,19.8,0.0,65.0
2025-11-03,Azadpur APMC,207.2,1380.0,11,post_monsoon,agra,30.7,17.8,0.0,52,21.5,19.3,11.6,91.0
2025-11-05,Azadpur APMC,1095.9,1380.0,11,post_monsoon,agra,29.5,19.4,0.0,61,27.2,21.0,5.0,88.0
2025-11-06,Azadpur APMC,1169.2,1380.0,11,post_monsoon,agra,26.7,16.1,0.0,45,26.2,20.9,0.5,87.0
2025-11-10,Azadpur APMC,165.9,1490.0,11,post_monsoon,agra,27.4,13.6,0.0,46,27.0,18.5,0.2,71.0
2025-12-01,Azadpur APMC,282.4,950.0,12,winter,agra,24.5,9.8,0.0,50,23.3,11.4,0.0,71.0
2025-12-02,Azadpur APMC,2243.7,800.0,12,winter,agra,25.5,12.7,0.0,56,22.6,10.5,0.0,73.0
2025-12-03,Azadpur APMC,1278.9,800.0,12,winter,agra,23.0,10.2,0.0,55,23.0,11.2,0.0,74.0
2025-12-04,Azadpur APMC,1200.8,780.0,12,winter,agra,22.1,9.4,0.0,56,23.1,10.5,0.0,77.0
2025-12-05,Azadpur APMC,1705.1,760.0,12,winter,agra,22.1,8.3,0.0,56,24.8,12.6,0.0,73.0
2025-12-06,Azadpur APMC,1675.6,760.0,12,winter,agra,23.8,10.1,0.0,53,24.1,12.6,0.0,71.0
2025-12-08,Azadpur APMC,344.9,760.0,12,winter,agra,25.4,11.7,0.0,53,25.0,13.2,0.0,78.0
2025-12-09,Azadpur APMC,2129.3,760.0,12,winter,agra,24.6,11.7,0.0,54,22.5,12.9,0.0,72.0
2025-12-10,Azadpur APMC,1392.8,760.0,12,winter,agra,24.3,11.7,0.0,57,21.7,9.6,0.0,71.0
2025-12-11,Azadpur APMC,1841.8,760.0,12,winter,agra,24.8,10.5,0.0,61,21.4,8.4,0.0,71.0
2025-12-15,Azadpur APMC,187.9,684.0,12,winter,agra,23.4,10.3,0.0,74,24.0,10.6,0.0,64.0
2025-12-16,Azadpur APMC,1381.4,684.0,12,winter,agra,23.5,11.6,0.0,69,23.7,10.8,0.0,70.0
2025-12-17,Azadpur APMC,1645.1,684.0,12,winter,agra,23.9,11.4,0.0,71,24.5,9.7,0.0,74.0
2025-12-18,Azadpur APMC,1554.8,684.0,12,winter,agra,22.6,11.1,0.0,76,23.6,10.0,0.0,78.0
2025-12-19,Azadpur APMC,1157.6,684.0,12,winter,agra,22.0,10.5,0.0,78,23.4,9.8,0.0,82.0
2025-12-20,Azadpur APMC,1469.3,650.0,12,winter,agra,22.0,9.3,0.0,77,22.0,10.1,0.0,88.0
2025-12-22,Azadpur APMC,439.4,650.0,12,winter,agra,21.7,11.6,0.0,81,22.6,9.5,0.0,77.0
2025-12-23,Azadpur APMC,1785.9,650.0,12,winter,agra,23.2,11.5,0.0,80,22.7,10.3,0.0,79.0
2025-12-24,Azadpur APMC,934.9,650.0,12,winter,agra,21.4,11.6,0.0,68,21.9,10.9,0.0,83.0
2025-12-25,Azadpur APMC,1408.6,650.0,12,winter,agra,21.5,9.2,0.0,63,21.0,10.6,0.0,88.0
2025-12-26,Azadpur APMC,1744.6,633.0,12,winter,agra,20.9,9.9,0.0,70,19.9,8.1,0.0,88.0
2025-12-27,Azadpur APMC,1522.6,633.0,12,winter,agra,20.5,9.3,0.0,77,18.9,10.0,0.0,91.0
2025-12-29,Azadpur APMC,305.0,633.0,12,winter,agra,19.7,10.5,0.0,82,22.7,10.1,0.0,88.0
2025-12-30,Azadpur APMC,1685.6,633.0,12,winter,agra,20.5,9.7,0.0,79,20.9,12.3,0.0,75.0
2025-12-31,Azadpur APMC,1564.8,627.0,12,winter,agra,19.3,9.0,0.0,84,20.7,8.6,0.0,73.0
2026-01-01,Azadpur APMC,1219.4,627.0,1,winter,agra,16.9,10.7,2.5,90,20.4,8.6,0.0,77.0
2026-01-02,Azadpur APMC,1367.6,627.0,1,winter,agra,17.6,11.4,0.0,78,19.9,8.7,0.0,82.0
2026-01-03,Azadpur APMC,1351.2,627.0,1,winter,agra,17.4,10.9,0.0,77,20.2,8.9,0.0,84.0
2026-01-05,Azadpur APMC,469.3,627.0,1,winter,agra,17.5,8.5,0.0,79,19.2,8.5,0.0,92.0
2026-01-06,Azadpur APMC,1666.3,627.0,1,winter,agra,17.2,8.4,0.0,84,19.9,9.0,0.0,89.0
2026-01-07,Azadpur APMC,1517.6,627.0,1,winter,agra,15.6,7.3,0.0,89,17.0,10.0,1.6,92.0
2026-01-08,Azadpur APMC,1590.3,627.0,1,winter,agra,14.4,7.3,0.0,88,17.8,10.2,0.2,89.0
2026-01-09,Azadpur APMC,1354.9,627.0,1,winter,agra,17.4,7.1,0.4,83,16.7,8.0,0.0,84.0
2026-01-12,Azadpur APMC,410.6,627.0,1,winter,agra,17.3,4.4,0.0,71,17.6,8.4,0.0,87.0
2026-01-13,Azadpur APMC,1441.2,627.0,1,winter,agra,18.2,4.5,0.0,78,15.8,6.7,0.0,91.0
2026-01-14,Azadpur APMC,1358.6,627.0,1,winter,agra,17.1,5.5,0.0,79,14.2,6.1,0.0,92.0
2026-01-15,Azadpur APMC,1497.4,707.0,1,winter,agra,17.6,5.7,0.0,79,16.8,6.5,0.0,87.0
2026-01-16,Azadpur APMC,1724.4,707.0,1,winter,agra,20.3,5.5,0.0,71,19.2,6.1,0.0,80.0
2026-01-17,Azadpur APMC,1047.4,707.0,1,winter,agra,22.4,7.1,0.0,73,18.5,7.8,0.0,76.0
2026-01-19,Azadpur APMC,618.8,643.0,1,winter,agra,24.8,10.1,0.0,66,19.8,5.6,0.0,80.0
2026-01-20,Azadpur APMC,1707.2,643.0,1,winter,agra,24.2,9.4,0.0,64,19.5,7.3,0.0,81.0
2026-01-21,Azadpur APMC,1254.7,643.0,1,winter,agra,23.2,9.3,0.0,66,18.9,5.9,0.0,74.0
2026-01-22,Azadpur APMC,1657.3,643.0,1,winter,agra,25.4,9.4,0.0,62,21.2,6.6,0.0,77.0
2026-01-23,Azadpur APMC,1902.6,630.0,1,winter,agra,17.6,12.9,29.7,83,21.7,6.1,0.0,82.0
2026-01-24,Azadpur APMC,2248.9,630.0,1,winter,agra,16.4,9.0,0.0,69,22.4,8.5,0.1,81.0
2026-01-27,Azadpur APMC,259.3,630.0,1,winter,agra,19.7,10.8,12.8,82,23.5,10.4,0.0,75.0
2026-01-28,Azadpur APMC,1703.6,630.0,1,winter,agra,18.4,11.8,1.0,85,24.0,7.5,0.0,76.0
2026-01-29,Azadpur APMC,965.4,630.0,1,winter,agra,18.4,9.8,0.0,87,20.9,14.3,2.2,79.0
2026-01-30,Azadpur APMC,1333.8,630.0,1,winter,agra,19.5,9.2,0.0,83,19.3,11.8,1.2,80.0
2026-01-31,Azadpur APMC,1333.8,630.0,1,winter,agra,20.0,8.8,0.0,86,18.2,7.5,0.0,66.0
2026-02-02,Azadpur APMC,308.0,673.0,2,winter,agra,20.1,12.5,0.0,88,21.2,11.8,26.3,86.0
2026-02-03,Azadpur APMC,1186.9,673.0,2,winter,agra,19.7,10.3,0.0,83,19.5,12.7,0.7,88.0
2026-02-04,Azadpur APMC,1664.7,673.0,2,winter,agra,20.3,10.4,0.0,78,18.6,10.4,0.0,88.0
2026-02-05,Azadpur APMC,1718.3,643.0,2,winter,agra,21.4,9.9,0.0,73,19.1,9.1,0.0,87.0
2026-02-06,Azadpur APMC,1867.7,673.0,2,winter,agra,22.7,10.8,0.0,69,19.8,8.5,2.7,87.0
2026-02-07,Azadpur APMC,1376.6,670.0,2,winter,agra,23.7,12.4,0.0,69,21.4,11.8,8.2,85.0
2026-02-09,Azadpur APMC,319.4,670.0,2,winter,agra,24.7,10.6,0.0,59,20.5,11.0,0.0,87.0
2026-02-10,Azadpur APMC,1710.2,670.0,2,winter,agra,27.6,11.9,0.0,58,20.8,10.3,0.0,81.0
2026-02-11,Azadpur APMC,1725.3,670.0,2,winter,agra,26.8,14.6,0.0,59,20.8,9.6,0.0,76.0
2026-02-12,Azadpur APMC,1826.3,670.0,2,winter,agra,25.0,12.6,0.0,55,22.8,10.2,0.0,72.0
2026-02-13,Azadpur APMC,1447.7,670.0,2,winter,agra,25.5,12.3,0.0,53,24.0,11.8,0.0,74.0
2026-02-16,Azadpur APMC,210.2,670.0,2,winter,agra,30.2,13.4,0.0,52,25.6,11.6,0.0,70.0
2026-02-17,Azadpur APMC,1608.8,640.0,2,winter,agra,29.9,16.4,0.0,52,26.4,13.7,0.0,73.0
2026-02-18,Azadpur APMC,1486.6,416.0,2,winter,agra,23.6,16.3,0.2,72,25.5,13.2,0.0,70.0
2026-02-19,Azadpur APMC,1790.5,416.0,2,winter,agra,26.5,13.7,0.0,67,25.5,11.8,0.0,67.0
2026-02-20,Azadpur APMC,1860.8,416.0,2,winter,agra,28.0,14.7,0.0,63,26.2,10.9,0.0,67.0
2026-02-21,Azadpur APMC,1868.1,416.0,2,winter,agra,27.4,15.0,0.0,61,28.3,12.6,0.0,61.0
2026-02-23,Azadpur APMC,309.2,416.0,2,winter,agra,29.4,15.3,0.0,54,29.3,14.3,0.0,47.0
2026-02-24,Azadpur APMC,1860.5,404.0,2,winter,agra,29.4,15.9,0.0,54,24.8,14.4,1.4,68.0
2026-02-25,Azadpur APMC,1212.7,404.0,2,winter,agra,29.3,15.1,0.0,47,25.2,13.5,0.1,72.0
2026-02-26,Azadpur APMC,1451.3,404.0,2,winter,agra,30.0,15.6,0.0,45,27.9,14.5,0.0,67.0
2026-02-27,Azadpur APMC,1480.8,400.0,2,winter,agra,31.1,16.3,0.0,42,27.3,14.9,0.0,68.0
2026-02-28,Azadpur APMC,1642.9,400.0,2,winter,agra,31.7,21.4,0.0,43,28.1,14.6,0.0,63.0
2026-03-02,Azadpur APMC,326.7,400.0,3,summer,agra,30.8,17.3,0.0,45,29.1,15.7,0.0,58.0
2026-03-03,Azadpur APMC,2036.4,400.0,3,summer,agra,31.5,17.8,0.0,42,29.0,14.9,0.0,56.0
2026-03-05,Azadpur APMC,447.6,400.0,3,summer,agra,34.0,21.0,0.0,46,30.7,15.4,0.0,49.0
2026-03-06,Azadpur APMC,1037.2,400.0,3,summer,agra,34.6,19.5,0.0,46,30.3,18.3,0.0,52.0
2026-03-09,Azadpur APMC,356.4,400.0,3,summer,agra,35.4,20.7,0.0,49,31.6,16.3,0.0,48.0
2026-03-10,Azadpur APMC,2903.1,400.0,3,summer,agra,35.3,22.0,0.0,54,32.7,16.4,0.0,50.0
2026-03-11,Azadpur APMC,1474.1,400.0,3,summer,agra,36.5,20.8,0.0,41,33.4,18.2,0.0,49.0
2026-03-12,Azadpur APMC,1380.7,400.0,3,summer,agra,36.0,20.8,0.0,34,33.8,18.2,0.0,56.0
2026-03-13,Azadpur APMC,1125.6,400.0,3,summer,agra,32.6,21.2,0.0,45,34.2,19.0,0.0,56.0
2026-03-16,Azadpur APMC,604.9,400.0,3,summer,agra,30.9,17.4,0.0,49,35.5,19.8,0.0,55.0
2026-03-17,Azadpur APMC,1902.5,400.0,3,summer,agra,31.3,17.0,0.0,53,36.3,18.9,0.0,47.0
2026-03-18,Azadpur APMC,1605.3,400.0,3,summer,agra,32.2,18.9,5.4,60,36.8,19.9,0.0,32.0
2026-03-19,Azadpur APMC,1129.0,400.0,3,summer,agra,27.2,18.2,3.1,67,33.4,20.2,0.0,40.0
2026-03-20,Azadpur APMC,1784.1,400.0,3,summer,agra,20.5,16.4,2.6,87,33.1,20.6,0.0,37.0
2026-03-24,Azadpur APMC,2152.4,450.0,3,summer,agra,29.5,18.2,0.0,64,33.8,19.6,0.0,51.0
2026-03-26,Azadpur APMC,2460.0,450.0,3,summer,agra,34.3,20.7,0.0,48,22.6,17.6,6.2,79.0
2026-03-27,Azadpur APMC,1851.1,450.0,3,summer,agra,29.0,21.4,0.3,52,26.3,15.3,0.0,71.0
2026-03-28,Azadpur APMC,1426.7,450.0,3,summer,agra,32.8,20.3,0.0,47,29.3,17.0,0.0,62.0
2026-03-30,Azadpur APMC,251.4,426.0,3,summer,agra,35.2,22.2,0.0,49,31.1,17.7,0.0,59.0
2026-04-01,Azadpur APMC,1203.1,426.0,4,summer,agra,33.3,19.7,0.0,50,35.4,20.6,0.0,42.0
2026-04-03,Azadpur APMC,988.4,426.0,4,summer,agra,32.4,22.5,0.7,53,33.2,20.0,0.0,53.0
2026-04-04,Azadpur APMC,1183.0,426.0,4,summer,agra,30.4,21.4,0.7,61,36.2,21.9,0.0,43.0
2026-04-06,Azadpur APMC,229.3,434.0,4,summer,agra,31.5,21.1,0.0,38,35.0,21.6,4.7,53.0
2026-04-07,Azadpur APMC,1699.5,434.0,4,summer,agra,29.1,18.2,9.0,56,33.8,21.7,0.3,47.0
2026-04-08,Azadpur APMC,1158.6,434.0,4,summer,agra,25.6,17.1,2.4,72,36.5,23.4,0.0,44.0
2026-04-09,Azadpur APMC,1115.1,434.0,4,summer,agra,28.6,16.2,0.0,61,33.6,22.7,0.4,45.0
2026-04-10,Azadpur APMC,922.7,434.0,4,summer,agra,31.2,17.7,0.0,43,31.1,20.5,7.0,66.0
2026-04-13,Azadpur APMC,266.7,434.0,4,summer,agra,34.7,21.3,0.0,30,31.9,19.8,5.7,59.0
2026-04-15,Azadpur APMC,1305.3,434.0,4,summer,agra,38.7,23.3,0.0,24,29.2,17.3,0.0,60.0
2026-04-16,Azadpur APMC,1085.6,434.0,4,summer,agra,39.9,25.0,0.0,25,31.2,17.8,0.0,44.0
2026-04-17,Azadpur APMC,1117.3,434.0,4,summer,agra,40.9,26.9,0.0,26,33.9,20.1,0.0,38.0
2026-04-18,Azadpur APMC,1056.3,488.0,4,summer,agra,40.3,24.4,0.0,31,34.9,21.7,0.0,34.0
2026-04-20,Azadpur APMC,186.7,592.0,4,summer,agra,39.3,25.3,0.0,25,38.1,22.0,0.0,27.0
2026-04-21,Azadpur APMC,1020.6,592.0,4,summer,agra,38.8,25.4,0.0,19,38.8,24.0,0.0,28.0
2026-04-22,Azadpur APMC,1372.4,592.0,4,summer,agra,40.5,25.4,0.0,23,40.4,22.9,0.0,24.0
2026-04-23,Azadpur APMC,1232.1,592.0,4,summer,agra,41.3,27.5,0.0,20,40.3,26.0,0.0,23.0
2026-04-24,Azadpur APMC,1297.4,592.0,4,summer,agra,42.1,27.8,0.0,24,41.2,25.4,0.0,26.0
2026-04-25,Azadpur APMC,1213.4,592.0,4,summer,agra,42.3,28.9,0.0,24,41.1,24.7,0.0,26.0
2026-04-27,Azadpur APMC,213.4,592.0,4,summer,agra,42.3,28.5,0.0,23,40.0,25.5,0.0,19.0
2026-04-28,Azadpur APMC,1055.8,680.0,4,summer,agra,37.2,29.3,0.3,32,41.7,25.3,0.0,22.0
2026-04-29,Azadpur APMC,1062.8,680.0,4,summer,agra,37.3,27.2,0.0,37,40.7,27.5,0.0,16.0
2026-04-30,Azadpur APMC,969.1,680.0,4,summer,agra,37.7,25.5,0.0,41,42.2,26.2,0.0,21.0
2026-05-01,Azadpur APMC,1388.8,680.0,5,summer,agra,36.0,23.1,0.0,50,42.8,27.5,0.0,24.0
2026-05-02,Azadpur APMC,1144.8,672.0,5,summer,agra,35.8,26.4,0.2,42,42.3,29.2,0.0,23.0
2026-05-04,Azadpur APMC,276.3,672.0,5,summer,agra,30.3,21.4,4.8,64,40.6,29.3,0.0,26.0
2026-05-05,Azadpur APMC,1375.4,672.0,5,summer,agra,30.1,22.8,0.6,64,39.4,27.3,0.0,32.0
2026-05-06,Azadpur APMC,797.5,672.0,5,summer,agra,34.4,21.7,0.0,48,37.9,25.8,0.0,39.0
2026-05-07,Azadpur APMC,571.9,652.0,5,summer,agra,30.4,23.7,0.0,51,36.7,23.5,0.0,46.0
2026-05-08,Azadpur APMC,674.4,652.0,5,summer,agra,34.1,22.2,0.4,56,37.7,26.8,0.5,42.0
2026-05-11,Azadpur APMC,120.0,652.0,5,summer,agra,37.8,27.6,0.0,42,29.5,21.8,5.9,70.0
2026-05-12,Azadpur APMC,1548.0,652.0,5,summer,agra,39.0,28.2,6.6,46,33.2,21.6,0.0,58.0
2026-05-13,Azadpur APMC,968.6,652.0,5,summer,agra,39.5,27.2,0.2,46,31.1,21.9,4.0,59.0
2026-05-14,Azadpur APMC,942.4,652.0,5,summer,agra,39.7,27.0,0.3,38,34.5,21.6,0.2,54.0
2026-05-15,Azadpur APMC,809.5,652.0,5,summer,agra,40.2,28.0,0.0,32,34.8,23.7,0.0,52.0
2026-05-16,Azadpur APMC,982.0,652.0,5,summer,agra,40.6,28.8,0.0,29,35.8,24.9,0.0,50.0
2026-05-18,Azadpur APMC,237.2,652.0,5,summer,agra,43.6,30.2,0.0,25,39.2,27.8,0.0,39.0
2026-05-19,Azadpur APMC,1371.7,652.0,5,summer,agra,44.6,31.6,0.0,18,39.6,26.5,0.0,43.0
2026-05-20,Azadpur APMC,1097.3,652.0,5,summer,agra,43.9,32.4,0.0,19,40.3,26.4,0.0,42.0
2026-05-21,Azadpur APMC,1226.1,652.0,5,summer,agra,43.1,33.4,0.0,21,40.2,29.5,0.0,35.0
2026-05-22,Azadpur APMC,878.8,600.0,5,summer,agra,42.4,32.3,0.0,19,40.8,27.9,0.0,35.0
2026-05-23,Azadpur APMC,232.7,600.0,5,summer,agra,41.5,31.9,0.0,22,41.6,28.0,0.0,30.0
2026-05-25,Azadpur APMC,370.0,600.0,5,summer,agra,43.3,32.9,0.1,18,44.5,31.9,0.0,21.0
2026-05-26,Azadpur APMC,2321.1,600.0,5,summer,agra,43.0,32.1,0.0,17,43.8,31.2,0.0,24.0
2026-05-27,Azadpur APMC,692.2,600.0,5,summer,agra,43.7,31.5,0.0,17,42.9,32.1,0.0,22.0
2026-05-28,Azadpur APMC,974.7,600.0,5,summer,agra,40.7,29.8,1.2,37,43.1,31.0,0.0,20.0
2026-05-29,Azadpur APMC,852.4,600.0,5,summer,agra,34.4,26.5,1.1,54,42.8,30.3,0.0,25.0
2026-05-30,Azadpur APMC,873.8,600.0,5,summer,agra,35.5,24.3,4.9,64,43.7,30.3,0.0,23.0
2026-06-01,Azadpur APMC,131.2,600.0,6,monsoon,solan,33.5,25.0,0.7,58,29.7,14.0,0.0,35.0
2026-06-02,Azadpur APMC,1505.2,600.0,6,monsoon,solan,36.7,25.3,0.5,50,30.9,14.5,0.0,34.0
2026-06-03,Azadpur APMC,1374.6,600.0,6,monsoon,solan,38.5,29.5,0.1,42,30.2,14.6,0.7,51.0
2026-06-04,Azadpur APMC,1388.0,600.0,6,monsoon,solan,39.7,26.6,0.8,43,26.1,15.6,3.1,67.0
2026-06-05,Azadpur APMC,974.5,580.0,6,monsoon,solan,34.6,25.3,2.6,59,20.1,13.5,10.3,86.0
2026-06-06,Azadpur APMC,1021.2,730.0,6,monsoon,solan,40.0,28.7,0.1,43,20.6,15.0,3.8,78.0
2026-06-08,Azadpur APMC,219.0,692.0,6,monsoon,solan,41.9,30.2,0.0,33,26.1,15.4,5.6,77.0
2026-06-09,Azadpur APMC,1467.1,752.0,6,monsoon,solan,43.2,32.1,0.0,27,26.5,15.7,0.3,70.0
2026-06-10,Azadpur APMC,612.8,752.0,6,monsoon,solan,43.8,31.9,0.4,28,28.5,15.4,4.2,66.0
2026-06-11,Azadpur APMC,911.1,732.0,6,monsoon,solan,36.9,26.8,0.6,48,26.6,16.4,2.4,73.0
2026-06-12,Azadpur APMC,911.2,732.0,6,monsoon,solan,32.5,23.2,6.0,74,28.6,15.0,0.0,52.0
2026-06-15,Azadpur APMC,194.6,760.0,6,monsoon,solan,36.6,27.5,0.8,52,29.9,15.1,0.0,46.0
2026-06-16,Azadpur APMC,1520.1,760.0,6,monsoon,solan,32.6,26.0,0.2,61,30.4,15.8,0.1,51.0
2026-06-17,Azadpur APMC,705.6,760.0,6,monsoon,solan,37.3,25.0,0.0,53,29.8,15.9,7.8,69.0
2026-06-18,Azadpur APMC,1028.0,760.0,6,monsoon,solan,39.2,29.7,0.1,42,25.2,15.4,5.3,81.0
2026-06-19,Azadpur APMC,1218.9,900.0,6,monsoon,solan,38.5,28.3,0.0,41,25.1,15.1,2.7,76.0
2026-06-20,Azadpur APMC,1226.7,900.0,6,monsoon,solan,38.4,30.8,0.3,41,26.7,13.0,1.6,68.0
2026-06-22,Azadpur APMC,12.5,900.0,6,monsoon,solan,36.8,28.8,1.3,40,27.3,15.2,4.1,74.0
2026-06-23,Azadpur APMC,1570.7,900.0,6,monsoon,solan,39.0,30.3,0.9,41,26.8,16.0,3.4,76.0
2026-06-24,Azadpur APMC,800.1,900.0,6,monsoon,solan,38.2,29.5,0.6,44,27.8,16.6,2.6,72.0
2026-06-25,Azadpur APMC,833.2,850.0,6,monsoon,solan,39.1,29.5,2.2,43,27.3,17.8,3.3,74.0
2026-06-26,Azadpur APMC,952.9,850.0,6,monsoon,solan,41.0,31.1,0.5,42,28.1,15.2,0.1,68.0
2026-06-29,Azadpur APMC,83.2,840.0,6,monsoon,solan,41.6,32.9,1.4,38,27.4,15.5,0.5,64.0
2026-06-30,Azadpur APMC,1300.7,850.0,6,monsoon,solan,39.6,30.6,4.3,52,27.2,16.3,7.7,79.0
2026-07-01,Azadpur APMC,1047.0,850.0,7,monsoon,solan,33.3,27.7,0.9,72,27.3,16.2,2.8,82.0
2026-07-02,Azadpur APMC,1183.6,850.0,7,monsoon,solan,32.1,26.0,5.9,76,28.7,16.7,2.5,81.0
2026-07-03,Azadpur APMC,1055.0,850.0,7,monsoon,solan,35.8,27.4,0.1,68,29.1,17.0,0.8,78.0
2026-07-04,Azadpur APMC,1186.7,850.0,7,monsoon,solan,36.3,29.8,1.0,64,28.4,17.8,2.6,76.0
2026-07-07,Azadpur APMC,1652.8,850.0,7,monsoon,solan,33.0,26.6,9.5,84,22.3,19.9,26.0,98.0
2026-07-08,Azadpur APMC,1062.2,850.0,7,monsoon,solan,29.4,26.2,12.2,91,26.6,19.0,4.3,86.0
2026-07-09,Azadpur APMC,1065.6,850.0,7,monsoon,solan,29.1,25.2,103.3,91,28.7,18.8,7.4,88.0
2026-07-10,Azadpur APMC,2170.3,850.0,7,monsoon,solan,33.1,25.5,1.1,80,27.3,19.3,8.5,91.0
2026-07-13,Azadpur APMC,224.1,850.0,7,monsoon,solan,35.8,28.5,0.2,64,26.7,19.9,3.0,85.0
2026-07-14,Azadpur APMC,1809.0,850.0,7,monsoon,solan,36.4,26.0,1.4,70,23.5,20.2,3.9,95.0
2026-07-15,Azadpur APMC,1369.3,850.0,7,monsoon,solan,36.6,25.1,3.1,66,21.3,19.6,37.4,99.0
2026-07-16,Azadpur APMC,1337.5,850.0,7,monsoon,solan,37.5,29.8,0.0,54,22.1,19.2,54.9,99.0
2026-07-17,Azadpur APMC,1279.2,850.0,7,monsoon,solan,37.3,31.2,0.3,55,26.7,19.1,1.8,89.0
2026-07-18,Azadpur APMC,1109.6,850.0,7,monsoon,solan,36.6,30.9,0.0,54,28.3,18.4,2.2,74.0
2026-07-20,Azadpur APMC,220.4,850.0,7,monsoon,solan,32.2,26.6,33.0,86,27.7,18.1,0.0,78.0
2026-07-21,Azadpur APMC,1469.0,850.0,7,monsoon,solan,29.9,26.0,12.8,89,28.2,17.8,0.0,78.0
2026-07-22,Azadpur APMC,1090.6,850.0,7,monsoon,solan,32.0,25.8,6.9,83,27.7,18.3,0.1,79.0
2026-07-23,Azadpur APMC,1400.9,850.0,7,monsoon,solan,32.3,26.4,9.9,82,27.7,18.9,0.5,82.0
2026-07-24,Azadpur APMC,1585.9,967.0,7,monsoon,solan,31.3,25.8,9.2,83,27.7,21.3,0.4,80.0
2026-07-25,Azadpur APMC,1154.9,967.0,7,monsoon,solan,32.8,27.3,2.5,79,27.2,21.3,1.8,86.0
2026-07-27,Azadpur APMC,280.0,967.0,7,monsoon,solan,35.6,29.6,1.3,72,26.1,19.2,8.2,93.0
2026-07-28,Azadpur APMC,2009.9,967.0,7,monsoon,solan,30.8,26.3,17.8,89,26.1,19.3,5.5,89.0
2026-07-29,Azadpur APMC,930.3,1017.0,7,monsoon,solan,33.3,26.5,10.0,83,26.3,18.8,4.8,91.0
2026-07-30,Azadpur APMC,1280.7,1017.0,7,monsoon,solan,33.5,25.6,8.5,81,26.0,19.1,20.2,88.0
2026-07-31,Azadpur APMC,1022.7,1017.0,7,monsoon,solan,32.7,28.1,3.5,78,25.7,18.8,6.6,88.0
2026-08-01,Azadpur APMC,1336.9,1017.0,8,monsoon,solan,33.2,27.1,3.8,80,26.3,18.3,15.1,92.0
2026-08-03,Azadpur APMC,256.1,1017.0,8,monsoon,solan,34.2,26.7,16.1,85,24.4,19.5,6.6,94.0
2026-08-04,Azadpur APMC,1727.4,1017.0,8,monsoon,solan,30.0,26.6,12.4,92,25.7,19.4,5.8,90.0
2026-08-05,Azadpur APMC,1415.2,1017.0,8,monsoon,solan,33.1,26.1,1.5,84,27.0,19.9,1.7,85.0
2026-08-06,Azadpur APMC,1405.8,1017.0,8,monsoon,solan,27.9,26.8,13.2,90,26.9,18.1,6.2,89.0
2026-08-07,Azadpur APMC,1503.1,1017.0,8,monsoon,solan,28.8,25.7,62.9,95,26.1,18.7,19.3,93.0
2026-08-10,Azadpur APMC,128.5,1017.0,8,monsoon,solan,33.4,26.5,12.1,86,22.8,19.3,13.3,98.0
2026-08-11,Azadpur APMC,1619.6,1070.0,8,monsoon,solan,30.5,27.0,11.8,88,26.1,19.8,6.2,92.0
2026-08-12,Azadpur APMC,889.6,1055.0,8,monsoon,solan,34.7,27.3,3.2,80,24.7,19.4,5.9,94.0
2026-08-13,Azadpur APMC,1210.9,1055.0,8,monsoon,solan,33.8,26.7,2.6,81,25.3,19.8,2.8,89.0
2026-08-17,Azadpur APMC,515.2,1092.0,8,monsoon,solan,33.1,24.7,3.2,81,22.7,19.5,13.1,96.0
2026-08-18,Azadpur APMC,2166.6,1092.0,8,monsoon,solan,33.3,26.4,1.8,76,27.9,18.3,3.5,87.0
2026-08-19,Azadpur APMC,1240.7,1092.0,8,monsoon,solan,33.2,27.1,4.2,80,27.0,20.2,4.6,91.0
2026-08-20,Azadpur APMC,1155.0,1092.0,8,monsoon,solan,33.4,26.9,3.4,84,25.8,18.9,11.2,94.0
2026-08-21,Azadpur APMC,1360.6,1060.0,8,monsoon,solan,34.1,26.9,2.1,77,26.2,18.8,2.1,88.0
2021-01-04,Keshopur APMC,134.25,1150.0,1,winter,agra,22.3,12.5,5.3,88,32.2,27.2,1.5,78.0
2021-01-07,Keshopur APMC,39.85,1000.0,1,winter,agra,19.3,11.1,0.0,87,20.2,5.0,0.0,69.0
2021-01-08,Keshopur APMC,106.75,1000.0,1,winter,agra,18.8,9.3,0.0,88,20.9,10.4,1.1,71.0
2021-01-09,Keshopur APMC,214.93,1000.0,1,winter,agra,19.7,10.9,0.0,83,21.6,12.8,6.8,84.0
2021-01-11,Keshopur APMC,185.35,1000.0,1,winter,agra,17.7,7.1,0.0,82,24.6,14.6,0.0,77.0
2021-01-12,Keshopur APMC,120.65,1000.0,1,winter,agra,18.0,6.4,0.0,81,22.1,15.4,5.3,85.0
2021-01-19,Keshopur APMC,327.75,840.0,1,winter,agra,20.6,9.6,0.0,88,19.4,5.5,0.0,74.0
2021-01-21,Keshopur APMC,15.3,780.0,1,winter,agra,20.1,9.1,0.0,79,19.6,5.0,0.0,83.0
2021-01-22,Keshopur APMC,385.0,770.0,1,winter,agra,20.8,7.4,0.0,79,20.2,6.5,0.0,83.0
2021-01-23,Keshopur APMC,279.45,710.0,1,winter,agra,20.9,8.8,0.0,79,21.4,7.4,0.0,78.0
2021-01-24,Keshopur APMC,180.5,680.0,1,winter,agra,18.9,8.8,0.0,81,19.8,11.8,1.1,81.0
2021-01-27,Keshopur APMC,10.0,800.0,1,winter,agra,18.6,6.3,0.0,76,22.5,9.2,0.0,70.0
2021-01-28,Keshopur APMC,220.4,800.0,1,winter,agra,17.9,5.0,0.0,78,22.8,7.5,0.0,73.0
2021-01-29,Keshopur APMC,261.6,750.0,1,winter,agra,18.4,5.7,0.0,76,22.9,9.2,0.0,77.0
2021-01-30,Keshopur APMC,183.32,820.0,1,winter,agra,18.9,6.3,0.0,71,20.9,9.3,0.0,81.0
2021-01-31,Keshopur APMC,258.6,750.0,1,winter,agra,20.1,4.8,0.0,68,18.0,7.0,0.0,76.0
2021-02-05,Keshopur APMC,222.19,800.0,2,winter,agra,19.5,8.6,0.0,84,20.1,6.4,0.0,68.0
2021-02-06,Keshopur APMC,181.25,700.0,2,winter,agra,19.8,8.6,0.0,75,21.2,7.0,0.0,65.0
2021-02-07,Keshopur APMC,242.55,680.0,2,winter,agra,21.1,9.4,0.0,74,23.1,6.8,0.0,67.0
2021-02-08,Keshopur APMC,158.35,700.0,2,winter,agra,22.2,8.5,0.0,77,24.7,7.9,0.0,67.0
2021-02-09,Keshopur APMC,123.1,650.0,2,winter,agra,23.7,9.4,0.0,74,25.8,10.3,0.0,67.0
2021-02-14,Keshopur APMC,150.05,650.0,2,winter,agra,25.3,11.0,0.0,73,23.5,8.8,0.0,70.0
2021-02-17,Keshopur APMC,152.15,700.0,2,winter,agra,25.2,12.1,0.0,72,26.3,10.1,0.0,72.0
2021-02-18,Keshopur APMC,2.75,700.0,2,winter,agra,25.1,11.3,0.0,73,24.5,11.6,0.0,76.0
2021-02-19,Keshopur APMC,231.85,700.0,2,winter,agra,25.2,11.1,0.0,75,25.8,10.5,0.0,73.0
2021-02-20,Keshopur APMC,171.35,600.0,2,winter,agra,25.6,11.6,0.0,70,26.4,11.3,0.0,72.0
2021-02-21,Keshopur APMC,138.55,650.0,2,winter,agra,25.8,11.4,0.0,68,28.3,12.5,0.0,67.0
2021-02-22,Keshopur APMC,126.75,700.0,2,winter,agra,27.3,12.4,0.0,68,28.0,14.3,0.8,67.0
2021-02-27,Keshopur APMC,209.5,650.0,2,winter,agra,30.2,18.5,0.0,44,27.2,11.2,0.0,63.0
2021-02-28,Keshopur APMC,170.2,680.0,2,winter,agra,29.9,17.0,0.0,50,28.7,12.2,0.0,61.0
2021-03-01,Keshopur APMC,123.6,680.0,3,summer,agra,27.4,13.9,0.0,47,29.7,12.9,0.0,59.0
2021-03-02,Keshopur APMC,187.15,740.0,3,summer,agra,27.6,14.4,0.0,42,31.0,12.8,0.0,52.0
2021-03-04,Keshopur APMC,42.4,700.0,3,summer,agra,31.0,15.1,0.0,49,32.2,15.1,0.0,46.0
2021-03-05,Keshopur APMC,211.55,840.0,3,summer,agra,30.2,15.5,0.0,45,32.3,19.3,0.0,44.0
2021-03-06,Keshopur APMC,285.2,800.0,3,summer,agra,30.7,15.1,0.0,44,30.5,18.3,0.0,48.0
2021-03-07,Keshopur APMC,242.55,680.0,3,summer,agra,33.2,15.3,0.0,44,29.3,15.9,0.0,44.0
2021-03-08,Keshopur APMC,158.35,700.0,3,summer,agra,31.1,19.3,0.0,51,28.7,14.0,0.0,42.0
2021-03-09,Keshopur APMC,164.8,880.0,3,summer,agra,31.9,18.3,0.1,59,30.5,13.0,0.0,41.0
2021-03-11,Keshopur APMC,9.05,850.0,3,summer,agra,32.5,17.1,0.0,53,31.4,15.6,0.0,40.0
2021-03-12,Keshopur APMC,249.55,800.0,3,summer,agra,29.9,17.9,0.9,56,32.5,15.0,0.0,38.0
2021-03-13,Keshopur APMC,238.45,800.0,3,summer,agra,30.1,16.0,0.0,62,34.1,17.2,0.0,37.0
2021-03-14,Keshopur APMC,178.95,820.0,3,summer,agra,30.2,16.1,0.0,51,33.5,19.3,0.0,41.0
2021-03-15,Keshopur APMC,146.6,830.0,3,summer,agra,31.7,17.5,0.0,52,33.6,20.4,0.0,52.0
2021-03-16,Keshopur APMC,287.7,830.0,3,summer,agra,32.3,17.0,0.0,49,33.2,19.6,0.0,48.0
2021-03-18,Keshopur APMC,21.8,850.0,3,summer,agra,32.6,17.4,0.0,49,31.0,20.6,0.0,50.0
2021-03-19,Keshopur APMC,329.25,640.0,3,summer,agra,31.7,19.4,0.0,52,30.9,18.6,0.2,56.0
2021-03-22,Keshopur APMC,165.3,650.0,3,summer,agra,33.2,18.7,0.3,49,33.5,18.7,0.0,46.0
2021-03-23,Keshopur APMC,158.85,660.0,3,summer,agra,32.1,19.8,0.5,49,34.3,17.5,0.0,43.0
2021-03-25,Keshopur APMC,3.6,640.0,3,summer,agra,30.7,16.7,0.0,40,33.0,19.8,0.4,50.0
2021-04-03,Keshopur APMC,229.95,800.0,4,summer,agra,33.9,15.8,0.0,20,36.1,19.1,0.0,44.0
2021-04-04,Keshopur APMC,320.05,780.0,4,summer,agra,35.3,17.5,0.0,23,38.0,20.2,0.0,33.0
2021-04-05,Keshopur APMC,131.3,800.0,4,summer,agra,37.8,19.2,0.0,28,39.2,21.9,0.0,21.0
2021-04-06,Keshopur APMC,139.75,850.0,4,summer,agra,37.5,22.5,0.0,29,36.3,23.2,0.0,21.0
2021-04-08,Keshopur APMC,6.5,800.0,4,summer,agra,33.9,20.3,0.0,26,34.5,17.2,0.0,19.0
2021-04-09,Keshopur APMC,187.6,800.0,4,summer,agra,35.2,18.7,0.0,23,34.4,17.8,0.0,19.0
2021-04-12,Keshopur APMC,168.85,950.0,4,summer,agra,38.0,20.4,0.0,21,40.4,22.7,0.0,22.0
2021-04-13,Keshopur APMC,211.85,900.0,4,summer,agra,38.1,21.3,0.0,24,38.3,24.8,0.0,23.0
2021-04-15,Keshopur APMC,18.6,900.0,4,summer,agra,38.6,22.3,0.0,20,37.0,20.9,0.0,18.0
2021-04-16,Keshopur APMC,193.95,900.0,4,summer,agra,38.7,23.0,2.8,32,37.2,20.2,0.0,17.0
2021-04-17,Keshopur APMC,149.9,850.0,4,summer,agra,34.8,20.4,0.2,44,37.9,20.3,0.0,17.0
2021-04-20,Keshopur APMC,92.65,850.0,4,summer,agra,33.7,22.0,0.0,29,39.7,22.6,0.0,20.0
2021-04-22,Keshopur APMC,27.65,900.0,4,summer,agra,32.8,20.1,0.0,42,39.8,23.2,0.0,21.0
2021-04-23,Keshopur APMC,279.65,850.0,4,summer,agra,34.9,22.6,0.0,35,35.7,22.8,0.0,35.0
2021-05-10,Keshopur APMC,53.9,1050.0,5,summer,agra,36.0,25.0,0.3,42,40.2,26.1,0.0,24.0
2021-05-11,Keshopur APMC,59.05,1050.0,5,summer,agra,38.8,25.1,0.1,41,39.6,27.2,0.0,32.0
2021-05-14,Keshopur APMC,88.9,1200.0,5,summer,agra,36.0,22.8,0.0,46,37.8,25.9,0.0,38.0
2021-05-15,Keshopur APMC,62.35,1200.0,5,summer,agra,35.7,24.8,0.0,41,37.5,26.6,0.5,38.0
2021-05-16,Keshopur APMC,70.0,1200.0,5,summer,agra,38.4,23.9,0.0,38,39.2,25.8,0.0,37.0
2021-05-17,Keshopur APMC,149.95,1100.0,5,summer,agra,37.1,26.2,0.0,36,38.7,25.7,0.0,38.0
2021-05-18,Keshopur APMC,75.65,1100.0,5,summer,agra,30.8,24.5,1.2,57,36.5,26.0,0.1,43.0
2021-05-20,Keshopur APMC,57.1,1100.0,5,summer,agra,29.7,20.6,33.7,78,36.7,24.2,0.0,48.0
2021-05-21,Keshopur APMC,109.96,1050.0,5,summer,agra,31.4,20.8,1.4,79,37.1,25.8,0.0,43.0
2021-05-22,Keshopur APMC,115.95,1050.0,5,summer,agra,33.1,23.8,0.0,69,38.9,26.3,0.0,35.0
2021-05-23,Keshopur APMC,155.15,1050.0,5,summer,agra,33.9,22.5,0.0,61,35.4,25.9,0.0,44.0
2021-05-24,Keshopur APMC,89.65,1100.0,5,summer,agra,35.1,22.1,0.0,49,28.8,23.1,8.3,69.0
2021-05-25,Keshopur APMC,98.65,1050.0,5,summer,agra,37.1,23.7,0.0,43,27.4,21.7,44.0,89.0
2021-05-27,Keshopur APMC,15.5,1200.0,5,summer,agra,37.6,22.0,0.0,47,33.3,21.2,0.0,73.0
2021-05-28,Keshopur APMC,178.65,1050.0,5,summer,agra,36.8,24.1,0.0,62,34.3,23.8,0.2,67.0
2021-05-29,Keshopur APMC,221.9,1100.0,5,summer,agra,37.2,26.1,0.0,57,35.1,24.3,0.0,56.0
2021-06-01,Keshopur APMC,68.5,1100.0,6,monsoon,solan,33.6,22.4,0.0,69,28.3,14.1,0.0,42.0
2021-06-03,Keshopur APMC,34.65,1100.0,6,monsoon,solan,35.1,25.3,0.0,63,29.4,15.4,0.0,54.0
2021-06-04,Keshopur APMC,111.25,1000.0,6,monsoon,solan,35.8,25.3,0.1,64,28.2,17.3,4.1,74.0
2021-06-05,Keshopur APMC,60.35,1050.0,6,monsoon,solan,36.1,25.8,0.0,61,27.0,16.8,7.0,76.0
2021-06-06,Keshopur APMC,95.8,1100.0,6,monsoon,solan,38.1,26.2,0.0,55,26.9,16.2,0.6,69.0
2021-06-07,Keshopur APMC,95.55,1100.0,6,monsoon,solan,39.7,26.7,0.0,51,25.7,16.4,3.0,72.0
2021-06-08,Keshopur APMC,110.55,1100.0,6,monsoon,solan,41.6,28.7,0.0,39,24.1,15.6,6.0,73.0
2021-06-10,Keshopur APMC,15.0,1000.0,6,monsoon,solan,37.8,29.9,0.0,58,24.8,15.4,0.4,68.0
2021-06-11,Keshopur APMC,96.4,950.0,6,monsoon,solan,37.2,27.3,0.0,60,27.1,15.8,3.6,69.0
2021-06-12,Keshopur APMC,131.55,1000.0,6,monsoon,solan,37.7,28.6,0.3,59,26.6,16.4,1.4,69.0
2021-06-13,Keshopur APMC,91.65,1000.0,6,monsoon,solan,36.5,25.5,6.3,67,27.3,16.7,0.9,70.0
2021-06-17,Keshopur APMC,19.6,1000.0,6,monsoon,solan,34.7,26.1,0.0,71,25.7,18.0,18.2,85.0
2021-06-18,Keshopur APMC,153.45,1000.0,6,monsoon,solan,33.6,25.7,0.4,71,25.7,17.7,10.6,86.0
2021-06-19,Keshopur APMC,81.75,1000.0,6,monsoon,solan,33.6,25.2,0.1,73,27.4,17.3,5.7,82.0
2021-06-21,Keshopur APMC,49.6,1050.0,6,monsoon,solan,36.3,25.3,0.0,64,27.7,16.5,0.0,68.0
2021-06-22,Keshopur APMC,114.1,1050.0,6,monsoon,solan,39.7,28.2,0.0,48,22.2,17.9,9.1,87.0
2021-07-01,Keshopur APMC,9.65,1000.0,7,monsoon,solan,42.1,31.9,0.0,33,26.4,15.7,0.6,71.0
2021-07-02,Keshopur APMC,144.85,1000.0,7,monsoon,solan,41.6,31.6,0.1,42,25.7,16.9,4.1,76.0
2021-07-05,Keshopur APMC,103.6,950.0,7,monsoon,solan,39.6,29.2,0.0,47,29.1,18.0,0.0,62.0
2021-07-12,Keshopur APMC,87.9,1000.0,7,monsoon,solan,33.8,28.0,3.9,70,28.3,18.2,0.0,76.0
2021-07-13,Keshopur APMC,116.0,1000.0,7,monsoon,solan,33.5,27.5,6.3,78,29.3,18.8,0.0,70.0
2021-07-15,Keshopur APMC,13.15,950.0,7,monsoon,solan,34.3,27.4,3.0,79,26.9,19.0,4.5,83.0
2021-07-16,Keshopur APMC,116.4,1000.0,7,monsoon,solan,34.4,27.7,2.1,78,25.9,20.2,14.2,90.0
2021-07-17,Keshopur APMC,86.25,1050.0,7,monsoon,solan,36.7,28.4,0.4,71,26.5,20.1,14.2,90.0
2021-07-18,Keshopur APMC,164.4,1000.0,7,monsoon,solan,34.3,27.6,33.4,82,25.6,19.3,1.8,84.0
2021-07-19,Keshopur APMC,156.65,900.0,7,monsoon,solan,27.3,25.9,120.6,94,25.3,19.2,11.8,85.0
2021-07-20,Keshopur APMC,104.6,900.0,7,monsoon,solan,30.8,25.9,25.0,87,25.4,18.0,4.4,86.0
2021-07-22,Keshopur APMC,5.4,1000.0,7,monsoon,solan,30.2,25.9,4.7,88,25.9,18.6,3.4,85.0
2021-07-23,Keshopur APMC,154.5,950.0,7,monsoon,solan,32.1,26.1,9.5,85,27.0,18.9,2.2,86.0
2021-07-24,Keshopur APMC,193.15,950.0,7,monsoon,solan,34.0,27.3,0.6,81,25.4,20.3,15.6,90.0
2021-07-26,Keshopur APMC,223.5,950.0,7,monsoon,solan,30.7,28.0,5.4,85,25.7,18.9,14.6,96.0
2021-07-27,Keshopur APMC,121.55,1050.0,7,monsoon,solan,31.2,27.0,13.6,87,25.7,19.7,4.7,90.0
2021-07-29,Keshopur APMC,11.75,1000.0,7,monsoon,solan,29.7,25.7,7.3,88,25.1,19.2,3.3,89.0
2021-07-30,Keshopur APMC,132.35,1050.0,7,monsoon,solan,30.5,25.8,11.8,87,26.0,18.9,2.6,89.0
2021-07-31,Keshopur APMC,112.45,1000.0,7,monsoon,solan,31.9,25.4,3.7,86,26.4,19.3,7.2,91.0
2021-08-02,Keshopur APMC,159.85,1000.0,8,monsoon,solan,30.2,26.1,19.4,87,25.8,20.8,15.6,93.0
2021-08-05,Keshopur APMC,23.25,1050.0,8,monsoon,solan,32.9,26.0,0.3,80,24.3,19.5,14.3,91.0
2021-08-06,Keshopur APMC,290.8,1050.0,8,monsoon,solan,33.2,26.5,2.8,81,25.2,19.8,3.2,90.0
2021-08-07,Keshopur APMC,192.2,1000.0,8,monsoon,solan,32.2,27.6,8.0,87,26.2,18.4,1.5,85.0
2021-08-08,Keshopur APMC,146.2,1000.0,8,monsoon,solan,32.0,27.1,5.3,87,24.4,18.2,7.0,91.0
2021-08-09,Keshopur APMC,199.8,1000.0,8,monsoon,solan,31.0,26.7,1.4,87,26.1,20.1,4.2,85.0
2021-08-14,Keshopur APMC,132.55,1100.0,8,monsoon,solan,35.3,26.7,0.0,66,24.0,19.2,12.9,89.0
2021-08-20,Keshopur APMC,313.95,1000.0,8,monsoon,solan,29.8,26.8,1.5,84,25.0,18.6,2.8,88.0
2021-08-21,Keshopur APMC,77.95,1050.0,8,monsoon,solan,29.2,25.1,27.2,90,26.0,17.2,0.4,83.0
2021-08-22,Keshopur APMC,138.7,1000.0,8,monsoon,solan,31.1,25.0,8.1,89,26.0,16.0,0.0,81.0
2021-08-23,Keshopur APMC,50.9,1100.0,8,monsoon,solan,31.8,26.2,5.9,87,26.7,16.2,0.0,78.0
2021-08-31,Keshopur APMC,176.7,950.0,8,monsoon,solan,31.0,24.9,3.9,87,25.0,19.3,2.5,89.0
2021-09-02,Keshopur APMC,3.3,900.0,9,monsoon,agra,31.9,24.8,0.4,86,33.4,25.7,0.0,70.0
2021-09-03,Keshopur APMC,126.2,950.0,9,monsoon,agra,31.1,25.3,8.2,88,32.8,25.7,1.2,77.0
2021-09-04,Keshopur APMC,104.9,1000.0,9,monsoon,agra,30.7,25.6,10.9,89,30.9,26.6,8.2,87.0
2021-09-05,Keshopur APMC,114.65,900.0,9,monsoon,agra,31.6,25.8,5.7,86,29.9,25.1,16.2,88.0
2021-09-06,Keshopur APMC,146.55,900.0,9,monsoon,agra,32.2,26.6,2.6,84,30.7,25.3,17.4,89.0
2021-09-09,Keshopur APMC,14.0,900.0,9,monsoon,agra,31.0,25.2,3.9,84,31.3,25.6,4.6,87.0
2021-09-10,Keshopur APMC,185.2,900.0,9,monsoon,agra,30.0,25.0,10.5,88,32.4,25.8,1.8,84.0
2021-09-11,Keshopur APMC,174.9,950.0,9,monsoon,agra,28.8,24.2,15.3,90,32.9,26.2,0.1,82.0
2021-09-12,Keshopur APMC,187.75,950.0,9,monsoon,agra,29.0,24.8,8.1,90,33.3,26.8,0.5,83.0
2021-09-14,Keshopur APMC,145.75,900.0,9,monsoon,agra,31.2,25.9,1.3,84,31.4,26.6,4.3,81.0
2021-09-16,Keshopur APMC,4.75,900.0,9,monsoon,agra,32.8,25.4,3.4,78,29.4,25.1,9.4,87.0
2021-09-18,Keshopur APMC,134.1,950.0,9,monsoon,agra,31.1,24.3,0.0,81,31.8,24.6,12.3,86.0
2021-09-19,Keshopur APMC,237.5,1000.0,9,monsoon,agra,31.9,25.3,0.2,81,32.2,26.3,6.8,85.0
2021-09-20,Keshopur APMC,164.8,900.0,9,monsoon,agra,32.4,25.0,0.5,81,33.1,26.5,1.3,77.0
2021-09-21,Keshopur APMC,117.25,900.0,9,monsoon,agra,31.2,26.0,1.6,84,31.8,26.3,0.1,70.0
2021-09-23,Keshopur APMC,7.0,750.0,9,monsoon,agra,29.8,24.6,8.8,88,29.2,23.0,29.9,89.0
2021-09-24,Keshopur APMC,184.09,1000.0,9,monsoon,agra,30.9,24.7,2.5,84,31.4,24.6,2.1,86.0
2021-09-25,Keshopur APMC,154.1,900.0,9,monsoon,agra,30.8,24.7,1.9,85,31.4,24.9,0.7,82.0
2021-09-26,Keshopur APMC,204.8,900.0,9,monsoon,agra,30.7,24.4,1.4,85,32.2,24.7,0.0,81.0
2021-09-27,Keshopur APMC,117.2,1000.0,9,monsoon,agra,32.1,24.7,0.2,81,32.1,25.0,2.4,84.0
2021-09-28,Keshopur APMC,117.85,1000.0,9,monsoon,agra,32.2,25.6,3.2,82,29.9,24.7,16.9,88.0
2021-09-30,Keshopur APMC,10.0,1100.0,9,monsoon,agra,31.8,25.3,0.4,81,29.3,25.4,7.5,86.0
2021-10-07,Keshopur APMC,28.4,1000.0,10,post_monsoon,agra,32.9,23.1,0.0,69,32.2,25.2,0.3,79.0
2021-10-08,Keshopur APMC,323.45,1100.0,10,post_monsoon,agra,34.0,23.0,0.0,66,33.0,25.6,0.1,78.0
2021-10-09,Keshopur APMC,212.75,1000.0,10,post_monsoon,agra,34.9,22.7,0.0,61,32.9,25.7,0.4,78.0
2021-10-10,Keshopur APMC,175.45,1000.0,10,post_monsoon,agra,35.8,22.4,0.0,60,33.1,26.1,0.6,74.0
2021-10-11,Keshopur APMC,229.05,1100.0,10,post_monsoon,agra,35.6,22.8,0.0,57,33.0,25.6,0.0,73.0
2021-10-12,Keshopur APMC,119.8,1100.0,10,post_monsoon,agra,35.4,23.3,0.0,54,33.0,25.9,0.0,77.0
2021-10-14,Keshopur APMC,8.35,1150.0,10,post_monsoon,agra,32.7,19.6,0.0,53,33.3,22.5,0.0,71.0
2021-10-15,Keshopur APMC,310.55,1050.0,10,post_monsoon,agra,33.8,19.4,0.0,51,34.2,23.2,0.0,69.0
2021-10-16,Keshopur APMC,235.9,1100.0,10,post_monsoon,agra,34.1,21.6,0.0,58,34.3,22.3,0.0,63.0
2021-10-17,Keshopur APMC,113.15,1100.0,10,post_monsoon,agra,30.9,23.4,2.8,75,34.5,22.3,0.0,65.0
2021-10-18,Keshopur APMC,118.95,1150.0,10,post_monsoon,agra,23.8,21.1,27.7,92,34.3,22.1,0.0,65.0
2021-10-19,Keshopur APMC,139.7,1250.0,10,post_monsoon,agra,28.9,19.4,0.0,81,34.2,22.6,0.0,53.0
2021-10-21,Keshopur APMC,13.7,1400.0,10,post_monsoon,agra,29.9,17.9,0.0,65,33.0,19.7,0.0,56.0
2021-10-22,Keshopur APMC,162.45,1500.0,10,post_monsoon,agra,30.5,19.4,0.0,64,33.3,21.2,0.0,67.0
2021-10-23,Keshopur APMC,89.7,1500.0,10,post_monsoon,agra,29.8,18.9,0.0,67,30.2,24.6,6.6,80.0
2021-10-24,Keshopur APMC,95.3,1500.0,10,post_monsoon,agra,27.7,19.3,0.2,72,25.3,22.3,62.0,94.0
2021-10-25,Keshopur APMC,176.3,1400.0,10,post_monsoon,agra,27.5,17.8,0.0,79,29.6,20.6,0.0,79.0
2021-10-29,Keshopur APMC,151.5,2000.0,10,post_monsoon,agra,28.7,14.6,0.0,63,30.2,19.4,0.0,67.0
2021-10-30,Keshopur APMC,249.55,1800.0,10,post_monsoon,agra,29.1,15.2,0.0,57,29.3,20.6,0.1,68.0
2021-10-31,Keshopur APMC,259.3,1700.0,10,post_monsoon,agra,29.6,15.8,0.0,53,28.5,18.7,0.0,73.0
2021-11-02,Keshopur APMC,122.55,1600.0,11,post_monsoon,agra,28.4,16.5,0.0,63,27.7,15.8,0.0,69.0
2021-11-04,Keshopur APMC,15.25,1800.0,11,post_monsoon,agra,28.0,15.8,0.0,59,27.9,15.2,0.0,67.0
2021-11-05,Keshopur APMC,85.9,1600.0,11,post_monsoon,agra,27.8,15.2,0.0,60,28.6,16.2,0.0,63.0
2021-11-06,Keshopur APMC,58.45,1800.0,11,post_monsoon,agra,29.1,14.5,0.0,56,29.2,15.7,0.0,55.0
2021-11-07,Keshopur APMC,60.0,2000.0,11,post_monsoon,agra,28.8,15.4,0.0,59,29.5,14.9,0.0,61.0
2021-11-08,Keshopur APMC,57.3,2200.0,11,post_monsoon,agra,29.2,14.4,0.0,59,28.3,15.3,0.0,65.0
2021-11-09,Keshopur APMC,244.3,2000.0,11,post_monsoon,agra,28.5,14.9,0.0,59,28.2,14.6,0.0,68.0
2021-11-12,Keshopur APMC,240.3,1800.0,11,post_monsoon,agra,28.4,14.9,0.0,61,27.8,14.9,0.0,63.0
2021-11-13,Keshopur APMC,184.55,1800.0,11,post_monsoon,agra,27.5,13.1,0.0,58,28.4,15.1,0.0,64.0
2021-11-14,Keshopur APMC,181.8,1800.0,11,post_monsoon,agra,26.6,12.2,0.0,56,28.0,14.6,0.0,72.0
2021-11-15,Keshopur APMC,92.9,1700.0,11,post_monsoon,agra,26.1,11.6,0.0,55,27.6,14.7,0.0,71.0
2021-11-16,Keshopur APMC,129.65,1700.0,11,post_monsoon,agra,25.5,11.1,0.0,58,28.4,14.7,0.0,70.0
2021-11-18,Keshopur APMC,24.9,1800.0,11,post_monsoon,agra,24.7,12.5,0.0,68,27.2,13.9,0.0,71.0
2021-11-19,Keshopur APMC,150.15,1450.0,11,post_monsoon,agra,25.0,12.0,0.0,63,27.0,13.2,0.0,67.0
2021-11-20,Keshopur APMC,149.25,1500.0,11,post_monsoon,agra,25.5,15.0,0.0,59,26.2,11.9,0.0,68.0
2021-11-21,Keshopur APMC,161.05,1300.0,11,post_monsoon,agra,26.2,13.3,0.0,58,25.5,11.4,0.0,65.0
2021-11-22,Keshopur APMC,105.45,1400.0,11,post_monsoon,agra,26.6,12.4,0.0,52,25.3,11.6,0.0,65.0
2021-11-23,Keshopur APMC,121.1,1400.0,11,post_monsoon,agra,26.0,11.8,0.0,56,24.6,10.1,0.0,68.0
2021-11-25,Keshopur APMC,37.6,1400.0,11,post_monsoon,agra,25.4,11.9,0.0,68,21.6,16.2,2.8,80.0
2021-11-26,Keshopur APMC,390.5,1250.0,11,post_monsoon,agra,25.4,12.0,0.0,69,21.1,15.2,0.0,86.0
2021-11-27,Keshopur APMC,110.45,1200.0,11,post_monsoon,agra,25.5,13.2,0.0,71,26.0,14.6,0.0,76.0
2021-11-29,Keshopur APMC,245.35,1150.0,11,post_monsoon,agra,25.1,11.5,0.0,65,25.2,11.1,0.0,57.0
2021-11-30,Keshopur APMC,179.05,1250.0,11,post_monsoon,agra,25.1,12.2,0.0,66,25.6,10.4,0.0,70.0
2021-12-11,Keshopur APMC,127.75,950.0,12,winter,agra,21.8,9.1,0.0,69,24.5,12.8,0.0,78.0
2021-12-12,Keshopur APMC,126.1,850.0,12,winter,agra,20.9,8.4,0.0,67,23.0,15.6,0.1,79.0
2021-12-14,Keshopur APMC,129.55,750.0,12,winter,agra,20.6,8.5,0.0,73,22.7,10.9,0.0,71.0
2021-12-16,Keshopur APMC,5.25,900.0,12,winter,agra,17.8,9.9,0.0,73,22.3,10.4,0.0,74.0
2021-12-17,Keshopur APMC,103.6,850.0,12,winter,agra,18.0,7.7,0.0,61,21.3,9.2,0.0,69.0
2021-12-18,Keshopur APMC,277.15,850.0,12,winter,agra,17.9,6.2,0.0,67,20.8,7.4,0.0,68.0
2021-12-19,Keshopur APMC,237.5,1000.0,12,winter,agra,17.6,5.8,0.0,66,21.0,10.2,0.0,72.0
2021-12-20,Keshopur APMC,225.65,800.0,12,winter,agra,18.0,5.4,0.0,71,22.5,10.4,0.1,73.0
2021-12-21,Keshopur APMC,218.4,800.0,12,winter,agra,19.4,5.2,0.0,73,21.9,12.1,0.0,76.0
2021-12-23,Keshopur APMC,13.7,800.0,12,winter,agra,21.0,8.1,0.0,74,19.2,10.6,0.1,53.0
2021-12-24,Keshopur APMC,351.8,700.0,12,winter,agra,21.5,9.1,0.0,76,17.9,7.3,0.0,66.0
2021-12-25,Keshopur APMC,265.6,800.0,12,winter,agra,21.0,9.3,0.0,73,17.6,6.3,0.0,62.0
2021-12-26,Keshopur APMC,195.8,800.0,12,winter,agra,18.2,11.0,4.6,81,18.3,5.2,0.0,67.0
2021-12-27,Keshopur APMC,257.85,750.0,12,winter,agra,19.6,11.2,2.3,73,20.0,4.9,0.0,70.0
2021-12-28,Keshopur APMC,264.75,850.0,12,winter,agra,19.3,11.0,0.8,79,21.0,6.6,0.0,74.0
2021-12-30,Keshopur APMC,55.85,800.0,12,winter,agra,17.7,5.4,0.0,69,22.2,8.3,0.0,75.0
2021-12-31,Keshopur APMC,254.1,800.0,12,winter,agra,17.8,4.8,0.0,74,21.6,10.4,0.0,74.0
2022-01-01,Keshopur APMC,200.7,850.0,1,winter,agra,18.1,5.2,0.0,78,21.6,9.4,0.0,76.0
2022-01-02,Keshopur APMC,278.55,900.0,1,winter,agra,18.8,6.3,0.0,79,21.5,11.7,0.1,79.0
2022-01-03,Keshopur APMC,180.55,850.0,1,winter,agra,20.1,7.0,0.0,77,15.2,12.7,6.9,88.0
2022-01-06,Keshopur APMC,46.2,850.0,1,winter,agra,18.7,12.6,0.8,84,17.7,7.1,0.0,70.0
2022-01-07,Keshopur APMC,212.9,850.0,1,winter,agra,19.8,12.4,1.3,86,18.1,6.0,0.0,73.0
2022-01-08,Keshopur APMC,173.45,800.0,1,winter,agra,17.2,14.0,31.1,90,18.9,6.5,0.0,79.0
2022-01-09,Keshopur APMC,186.5,800.0,1,winter,agra,16.9,10.4,2.1,90,19.7,7.3,0.0,81.0
2022-01-10,Keshopur APMC,137.7,1100.0,1,winter,agra,16.8,7.9,0.0,84,21.4,7.5,0.0,80.0
2022-01-11,Keshopur APMC,145.8,1100.0,1,winter,agra,17.3,7.2,0.0,81,17.2,9.3,7.8,84.0
2022-01-13,Keshopur APMC,189.5,900.0,1,winter,agra,17.4,7.1,0.0,78,22.2,13.6,0.2,86.0
2022-01-14,Keshopur APMC,404.45,900.0,1,winter,agra,16.5,6.5,0.0,83,20.3,14.1,55.0,90.0
2022-01-15,Keshopur APMC,121.7,950.0,1,winter,agra,16.7,5.6,0.0,88,19.4,11.7,3.9,88.0
2022-01-16,Keshopur APMC,105.7,850.0,1,winter,agra,15.6,5.7,0.0,88,17.9,10.2,0.0,80.0
2022-01-17,Keshopur APMC,248.75,800.0,1,winter,agra,14.0,4.1,0.0,87,17.9,9.8,0.0,79.0
2022-01-18,Keshopur APMC,111.05,750.0,1,winter,agra,16.0,5.2,0.0,89,17.2,8.5,0.0,77.0
2022-01-20,Keshopur APMC,16.35,950.0,1,winter,agra,18.0,9.1,0.0,87,16.7,5.2,0.0,78.0
2022-01-21,Keshopur APMC,190.4,900.0,1,winter,agra,18.4,7.6,0.0,86,16.0,5.4,0.0,84.0
2022-01-22,Keshopur APMC,264.05,850.0,1,winter,agra,16.1,11.9,22.2,84,15.2,4.7,0.0,87.0
2022-01-23,Keshopur APMC,399.1,800.0,1,winter,agra,16.4,8.8,5.0,86,15.2,3.4,0.0,88.0
2022-01-24,Keshopur APMC,55.25,800.0,1,winter,agra,16.3,6.8,0.5,84,15.2,5.8,0.0,87.0
2022-01-27,Keshopur APMC,22.5,950.0,1,winter,agra,17.8,6.8,0.0,76,18.9,7.6,0.0,84.0
2022-01-28,Keshopur APMC,215.65,900.0,1,winter,agra,17.9,7.0,0.0,74,19.2,12.7,4.5,86.0
2022-01-29,Keshopur APMC,187.2,900.0,1,winter,agra,19.5,6.3,0.0,76,18.2,9.0,6.9,85.0
2022-01-30,Keshopur APMC,160.3,800.0,1,winter,agra,20.2,8.6,0.0,75,16.7,7.3,0.1,84.0
2022-01-31,Keshopur APMC,161.75,800.0,1,winter,agra,20.8,8.1,0.0,81,16.8,6.9,0.0,82.0
2022-02-01,Keshopur APMC,102.2,800.0,2,winter,agra,20.7,8.6,0.0,87,16.6,6.3,0.0,80.0
2022-02-03,Keshopur APMC,49.3,900.0,2,winter,agra,14.9,9.5,11.1,85,18.1,6.4,0.0,75.0
2022-02-04,Keshopur APMC,153.5,850.0,2,winter,agra,16.3,7.9,0.0,84,19.7,5.5,0.0,77.0
2022-02-05,Keshopur APMC,112.9,900.0,2,winter,agra,16.6,6.0,0.0,85,21.4,8.0,0.0,75.0
2022-02-06,Keshopur APMC,178.75,800.0,2,winter,agra,20.5,7.1,0.0,77,21.8,7.9,0.0,81.0
2022-02-07,Keshopur APMC,227.3,800.0,2,winter,agra,22.4,8.8,0.0,78,22.7,8.4,0.0,87.0
2022-02-08,Keshopur APMC,75.16,800.0,2,winter,agra,22.2,10.8,0.5,82,21.1,8.8,0.0,78.0
2022-02-10,Keshopur APMC,2.15,850.0,2,winter,agra,20.2,8.5,0.0,77,18.1,8.7,0.0,78.0
2022-02-11,Keshopur APMC,198.5,850.0,2,winter,agra,20.2,9.7,0.0,68,18.0,6.8,0.0,83.0
2022-02-12,Keshopur APMC,243.0,900.0,2,winter,agra,21.2,9.1,0.0,70,20.4,6.5,0.0,81.0
2022-02-13,Keshopur APMC,58.3,900.0,2,winter,agra,22.3,8.4,0.0,71,23.1,7.0,0.0,78.0
2022-02-14,Keshopur APMC,135.85,900.0,2,winter,agra,23.1,9.6,0.0,71,23.9,10.2,0.4,79.0
2022-02-15,Keshopur APMC,152.2,900.0,2,winter,agra,23.3,11.1,0.0,68,18.8,11.4,20.4,89.0
2022-02-17,Keshopur APMC,152.2,900.0,2,winter,agra,24.1,10.1,0.0,66,20.8,9.2,0.0,70.0
2022-02-18,Keshopur APMC,131.65,900.0,2,winter,agra,25.0,10.2,0.0,64,21.4,8.8,0.0,68.0
2022-02-19,Keshopur APMC,219.1,900.0,2,winter,agra,24.2,10.5,0.0,64,22.5,7.9,0.0,69.0
2022-02-20,Keshopur APMC,148.1,900.0,2,winter,agra,24.0,12.2,0.0,60,23.1,8.4,0.0,70.0
2022-02-21,Keshopur APMC,93.4,1000.0,2,winter,agra,24.5,10.5,0.0,56,23.4,9.6,0.0,66.0
2022-02-22,Keshopur APMC,103.55,900.0,2,winter,agra,25.9,11.8,0.0,57,24.2,9.6,0.0,64.0
2022-02-24,Keshopur APMC,1.85,900.0,2,winter,agra,25.2,12.5,0.0,72,25.3,11.3,0.2,64.0
2022-02-25,Keshopur APMC,136.35,1000.0,2,winter,agra,25.3,12.2,0.3,68,25.0,11.3,0.0,66.0
2022-02-26,Keshopur APMC,123.25,950.0,2,winter,agra,23.5,14.2,2.4,70,25.5,11.9,0.0,60.0
2022-02-27,Keshopur APMC,149.85,900.0,2,winter,agra,23.3,12.2,0.2,66,24.8,10.1,0.0,58.0
2022-02-28,Keshopur APMC,103.45,1000.0,2,winter,agra,23.0,10.7,0.0,65,27.4,12.2,0.0,55.0
2022-03-01,Keshopur APMC,110.15,950.0,3,summer,agra,24.6,10.4,0.0,66,25.7,15.1,0.0,63.0
2022-03-03,Keshopur APMC,4.55,1000.0,3,summer,agra,27.2,13.6,0.3,65,27.0,13.7,0.0,62.0
2022-03-04,Keshopur APMC,185.75,950.0,3,summer,agra,25.4,13.4,0.0,69,27.2,15.1,0.1,62.0
2022-03-06,Keshopur APMC,153.65,900.0,3,summer,agra,26.5,13.5,0.0,62,23.5,11.9,0.0,64.0
2022-03-07,Keshopur APMC,230.9,950.0,3,summer,agra,28.4,14.6,0.0,59,25.1,10.2,0.0,66.0
2022-03-08,Keshopur APMC,113.0,900.0,3,summer,agra,30.2,14.0,0.0,55,27.0,12.2,0.0,65.0
2022-03-10,Keshopur APMC,9.25,850.0,3,summer,agra,29.7,16.1,0.0,50,26.9,14.0,0.0,65.0
2022-03-11,Keshopur APMC,157.0,900.0,3,summer,agra,29.4,15.6,0.0,57,26.3,13.7,0.0,66.0
2022-03-14,Keshopur APMC,118.45,850.0,3,summer,agra,32.2,16.4,0.0,64,29.2,13.9,0.0,66.0
2022-03-15,Keshopur APMC,90.55,900.0,3,summer,agra,34.0,18.6,0.0,63,30.8,14.8,0.0,57.0
2022-03-17,Keshopur APMC,11.15,950.0,3,summer,agra,33.2,19.8,0.0,63,30.2,16.6,0.0,53.0
2022-03-20,Keshopur APMC,45.75,1000.0,3,summer,agra,36.7,22.0,0.0,45,33.1,17.2,0.0,58.0
2022-03-21,Keshopur APMC,74.6,1000.0,3,summer,agra,36.6,20.9,0.0,44,34.8,18.0,0.0,61.0
2022-03-22,Keshopur APMC,87.0,950.0,3,summer,agra,35.7,20.9,0.0,43,36.7,20.2,0.0,55.0
2022-03-24,Keshopur APMC,9.5,1000.0,3,summer,agra,35.1,19.9,0.0,36,34.8,22.0,0.0,59.0
2022-03-25,Keshopur APMC,280.15,1050.0,3,summer,agra,35.2,19.7,0.0,31,35.7,20.4,0.0,55.0
2022-03-26,Keshopur APMC,164.55,1000.0,3,summer,agra,35.4,19.3,0.0,31,38.3,21.3,0.0,39.0
2022-03-27,Keshopur APMC,149.25,1000.0,3,summer,agra,36.9,19.6,0.0,28,36.6,21.7,0.0,28.0
2022-03-28,Keshopur APMC,153.3,950.0,3,summer,agra,38.2,19.7,0.0,29,36.1,21.7,0.0,36.0
2022-03-29,Keshopur APMC,35.25,1000.0,3,summer,agra,39.0,19.4,0.0,27,36.3,19.3,0.0,36.0
2022-03-31,Keshopur APMC,22.95,1000.0,3,summer,agra,39.4,21.3,0.0,38,35.8,20.8,0.0,32.0
2022-04-01,Keshopur APMC,116.86,950.0,4,summer,agra,36.3,21.4,0.0,26,36.4,20.1,0.0,26.0
2022-04-02,Keshopur APMC,143.3,950.0,4,summer,agra,37.8,20.0,0.0,23,37.9,20.4,0.0,26.0
2022-04-03,Keshopur APMC,91.55,1050.0,4,summer,agra,39.1,21.5,0.0,19,38.8,19.1,0.0,25.0
2022-04-04,Keshopur APMC,93.2,1000.0,4,summer,agra,38.3,20.7,0.0,18,39.7,20.4,0.0,23.0
2022-04-05,Keshopur APMC,149.55,1050.0,4,summer,agra,38.8,20.6,0.0,21,39.6,21.9,0.0,24.0
2022-04-07,Keshopur APMC,14.85,1100.0,4,summer,agra,39.9,21.0,0.0,19,37.1,23.0,0.0,29.0
2022-04-08,Keshopur APMC,213.15,1100.0,4,summer,agra,41.3,22.3,0.0,16,38.0,19.5,0.0,24.0
2022-04-09,Keshopur APMC,79.42,1100.0,4,summer,agra,42.0,22.2,0.0,17,40.3,20.4,0.0,19.0
2022-04-10,Keshopur APMC,91.65,1100.0,4,summer,agra,41.4,23.4,0.0,16,40.3,20.8,0.0,15.0
2022-04-11,Keshopur APMC,79.3,1200.0,4,summer,agra,41.9,23.9,0.0,19,39.1,20.1,0.0,24.0
2022-04-15,Keshopur APMC,206.0,1100.0,4,summer,agra,39.4,24.3,0.0,22,42.5,23.7,0.0,15.0
2022-04-16,Keshopur APMC,108.4,1200.0,4,summer,agra,39.7,22.8,0.0,20,42.9,23.7,0.0,16.0
2022-04-17,Keshopur APMC,132.65,1200.0,4,summer,agra,40.6,23.1,0.0,22,42.4,23.4,0.0,16.0
2022-04-18,Keshopur APMC,34.3,1150.0,4,summer,agra,41.6,23.8,0.0,23,41.2,25.8,0.0,19.0
2022-04-19,Keshopur APMC,53.0,1100.0,4,summer,agra,42.2,24.6,0.0,18,40.6,25.5,0.0,20.0
2022-04-21,Keshopur APMC,7.75,1400.0,4,summer,agra,37.0,26.4,0.0,24,41.0,23.7,0.0,18.0
2022-04-22,Keshopur APMC,157.1,1200.0,4,summer,agra,38.4,23.2,0.0,29,41.2,23.4,0.0,17.0
2022-04-23,Keshopur APMC,66.1,1500.0,4,summer,agra,39.3,23.5,0.0,20,41.8,23.1,0.0,17.0
2022-04-24,Keshopur APMC,127.95,1500.0,4,summer,agra,40.0,23.4,0.0,21,42.6,24.3,0.0,20.0
2022-04-25,Keshopur APMC,95.35,1400.0,4,summer,agra,40.8,24.4,0.0,21,43.0,26.9,0.0,17.0
2022-04-26,Keshopur APMC,97.3,1300.0,4,summer,agra,41.0,24.2,0.0,21,41.8,28.1,0.0,16.0
2022-04-28,Keshopur APMC,1.45,1300.0,4,summer,agra,43.3,25.6,0.0,17,39.0,23.8,0.0,25.0
2022-04-29,Keshopur APMC,68.5,1300.0,4,summer,agra,43.8,26.5,0.0,14,40.3,23.3,0.0,22.0
2022-04-30,Keshopur APMC,78.5,1500.0,4,summer,agra,43.4,27.9,0.0,14,41.1,24.6,0.0,18.0
2022-05-01,Keshopur APMC,93.6,1450.0,5,summer,agra,41.4,26.8,0.0,32,41.1,24.6,0.0,20.0
2022-05-02,Keshopur APMC,90.8,1350.0,5,summer,agra,40.6,26.3,0.0,38,41.7,25.2,0.0,18.0
2022-05-03,Keshopur APMC,44.0,1400.0,5,summer,agra,39.2,26.9,0.0,42,42.6,24.7,0.0,18.0
2022-05-05,Keshopur APMC,20.8,1450.0,5,summer,agra,38.4,23.4,0.0,47,44.3,27.6,0.0,15.0
2022-05-08,Keshopur APMC,81.2,1450.0,5,summer,agra,41.4,26.0,0.0,35,42.7,27.0,0.0,29.0
2022-05-09,Keshopur APMC,108.95,1500.0,5,summer,agra,40.2,27.5,0.0,44,40.1,27.6,0.0,37.0
2022-05-10,Keshopur APMC,94.75,1500.0,5,summer,agra,39.7,28.2,0.0,45,41.7,26.0,0.0,36.0
2022-05-12,Keshopur APMC,8.25,1500.0,5,summer,agra,43.1,28.8,0.0,41,39.7,26.2,0.0,34.0
2022-05-13,Keshopur APMC,100.0,1500.0,5,summer,agra,44.2,28.2,0.0,41,41.3,26.9,0.0,25.0
2022-05-14,Keshopur APMC,77.25,1500.0,5,summer,agra,44.6,27.4,0.0,27,42.0,26.9,0.0,31.0
2022-05-15,Keshopur APMC,86.3,1500.0,5,summer,agra,45.6,28.6,0.0,17,41.0,28.0,0.0,39.0
2022-05-16,Keshopur APMC,115.35,1550.0,5,summer,agra,42.0,31.5,0.0,23,39.7,29.0,0.0,42.0
2022-05-17,Keshopur APMC,94.35,1500.0,5,summer,agra,38.8,28.2,0.0,42,41.7,28.9,0.0,40.0
2022-05-19,Keshopur APMC,13.2,1500.0,5,summer,agra,43.9,27.3,0.0,29,45.3,29.0,0.0,32.0
2022-05-20,Keshopur APMC,74.4,1500.0,5,summer,agra,45.5,28.8,0.0,23,45.3,27.9,0.0,23.0
2022-05-24,Keshopur APMC,60.75,1500.0,5,summer,agra,32.4,21.5,0.0,70,43.0,27.6,0.0,29.0
2022-05-26,Keshopur APMC,13.0,1550.0,5,summer,agra,35.1,23.4,0.0,61,45.8,28.5,0.0,17.0
2022-05-27,Keshopur APMC,134.25,1650.0,5,summer,agra,37.9,25.0,0.0,57,43.6,30.2,0.0,19.0
2022-05-28,Keshopur APMC,164.1,1400.0,5,summer,agra,39.7,26.3,0.0,54,40.8,28.1,0.0,28.0
2022-05-29,Keshopur APMC,56.5,1450.0,5,summer,agra,40.9,26.2,0.0,51,34.3,24.9,2.4,47.0
2022-05-30,Keshopur APMC,59.05,1600.0,5,summer,agra,41.1,27.3,0.3,48,34.0,22.1,5.9,59.0
2022-05-31,Keshopur APMC,71.17,1550.0,5,summer,agra,40.1,25.6,0.0,43,35.6,24.9,0.2,54.0
2022-06-02,Keshopur APMC,24.05,1450.0,6,monsoon,solan,42.8,27.9,0.0,28,26.0,16.0,3.6,67.0
2022-06-03,Keshopur APMC,82.9,1500.0,6,monsoon,solan,43.2,26.8,0.0,23,29.4,17.1,13.1,68.0
2022-06-04,Keshopur APMC,36.25,1450.0,6,monsoon,solan,44.2,27.0,0.0,21,28.4,16.8,2.3,66.0
2022-06-05,Keshopur APMC,87.25,1400.0,6,monsoon,solan,43.4,28.4,0.0,20,28.9,16.6,1.8,59.0
2022-06-06,Keshopur APMC,37.25,1500.0,6,monsoon,solan,42.9,27.5,0.0,18,28.6,16.9,0.1,47.0
2022-06-07,Keshopur APMC,72.15,1500.0,6,monsoon,solan,43.9,29.2,0.0,22,30.7,15.7,0.0,35.0
2022-06-10,Keshopur APMC,90.85,1500.0,6,monsoon,solan,42.8,30.5,0.0,22,33.0,18.0,0.0,27.0
2022-06-11,Keshopur APMC,73.05,1500.0,6,monsoon,solan,43.5,30.9,0.0,22,32.1,17.5,0.0,30.0
2022-06-12,Keshopur APMC,33.0,1600.0,6,monsoon,solan,43.1,29.4,0.0,24,33.0,18.2,0.0,29.0
2022-06-13,Keshopur APMC,80.35,1600.0,6,monsoon,solan,43.4,31.5,0.0,26,32.7,19.8,0.0,30.0
2022-06-14,Keshopur APMC,86.15,1550.0,6,monsoon,solan,39.0,31.1,0.0,39,32.5,19.1,0.0,32.0
2022-06-15,Keshopur APMC,8.85,1600.0,6,monsoon,solan,42.4,29.6,0.0,39,32.4,19.4,0.0,30.0
2022-06-16,Keshopur APMC,8.85,1600.0,6,monsoon,solan,37.6,31.0,1.9,45,32.8,18.9,0.0,30.0
2022-06-17,Keshopur APMC,115.6,1600.0,6,monsoon,solan,36.4,24.2,6.4,65,33.6,19.4,0.0,31.0
2022-06-18,Keshopur APMC,55.65,1650.0,6,monsoon,solan,33.7,24.5,4.0,67,32.4,19.6,0.0,35.0
2022-06-19,Keshopur APMC,67.25,1600.0,6,monsoon,solan,32.5,24.0,6.9,79,33.1,19.6,0.0,34.0
2022-06-23,Keshopur APMC,35.7,1650.0,6,monsoon,solan,37.1,25.9,0.0,55,26.1,18.1,4.2,78.0
2022-06-24,Keshopur APMC,149.55,1800.0,6,monsoon,solan,38.2,23.6,0.0,46,25.2,17.1,13.5,82.0
2022-06-25,Keshopur APMC,77.8,1700.0,6,monsoon,solan,39.3,24.8,0.0,38,25.3,16.0,1.1,71.0
2022-06-26,Keshopur APMC,123.0,1700.0,6,monsoon,solan,40.0,29.0,0.0,49,24.2,15.6,0.5,71.0
2022-06-27,Keshopur APMC,70.55,1600.0,6,monsoon,solan,39.3,30.7,0.1,52,23.8,15.3,1.6,71.0
2022-06-28,Keshopur APMC,61.45,1600.0,6,monsoon,solan,41.1,27.9,3.2,56,26.5,16.6,2.3,72.0
2022-06-29,Keshopur APMC,56.5,1450.0,6,monsoon,solan,42.1,29.5,0.0,58,27.8,16.4,0.0,65.0
2022-06-30,Keshopur APMC,8.95,1700.0,6,monsoon,solan,30.9,26.4,1.4,79,27.7,16.6,0.0,62.0
2022-07-01,Keshopur APMC,53.35,1700.0,7,monsoon,solan,31.5,25.0,1.3,83,28.4,18.3,0.8,65.0
2022-07-02,Keshopur APMC,40.05,1600.0,7,monsoon,solan,34.7,26.3,2.4,77,27.2,19.3,1.5,74.0
2022-07-03,Keshopur APMC,23.05,1700.0,7,monsoon,solan,34.0,25.4,7.8,82,27.7,19.5,2.2,82.0
2022-07-04,Keshopur APMC,24.35,1800.0,7,monsoon,solan,34.9,26.1,19.4,78,27.9,20.4,3.9,84.0
2022-07-05,Keshopur APMC,126.2,1900.0,7,monsoon,solan,36.2,27.3,0.2,74,26.8,20.3,17.7,87.0
2022-07-07,Keshopur APMC,10.45,1900.0,7,monsoon,solan,35.1,27.4,0.2,73,24.7,18.7,29.0,89.0
2022-07-08,Keshopur APMC,180.95,1900.0,7,monsoon,solan,36.6,28.6,0.3,67,25.7,19.7,12.9,90.0
2022-07-09,Keshopur APMC,110.5,1700.0,7,monsoon,solan,33.6,28.2,1.3,73,25.7,19.1,3.2,86.0
2022-07-10,Keshopur APMC,50.75,1750.0,7,monsoon,solan,32.8,27.0,4.6,79,26.3,19.2,10.6,87.0
2022-07-11,Keshopur APMC,14.8,1750.0,7,monsoon,solan,34.6,27.2,0.1,75,28.0,19.8,5.6,88.0
2022-07-12,Keshopur APMC,92.75,1950.0,7,monsoon,solan,34.6,28.3,0.8,75,27.1,20.2,5.5,83.0
2022-07-14,Keshopur APMC,6.85,1850.0,7,monsoon,solan,34.2,27.7,13.9,80,26.3,20.0,4.2,85.0
2022-07-15,Keshopur APMC,229.4,1800.0,7,monsoon,solan,35.6,28.6,4.3,72,25.1,19.7,14.9,89.0
2022-07-16,Keshopur APMC,114.95,1700.0,7,monsoon,solan,32.8,27.5,14.0,79,25.1,19.5,1.8,89.0
2022-07-17,Keshopur APMC,150.2,1800.0,7,monsoon,solan,33.7,26.1,10.6,83,26.3,19.5,6.2,85.0
2022-07-18,Keshopur APMC,78.4,1900.0,7,monsoon,solan,35.3,26.3,4.9,78,25.6,18.9,3.1,88.0
2022-07-19,Keshopur APMC,77.15,1800.0,7,monsoon,solan,35.1,26.8,1.6,78,26.1,19.2,2.6,87.0
2022-07-21,Keshopur APMC,15.4,1900.0,7,monsoon,solan,30.5,24.7,16.2,84,27.3,20.1,2.1,79.0
2022-07-22,Keshopur APMC,178.1,1800.0,7,monsoon,solan,31.3,25.1,3.0,86,27.6,19.5,2.5,76.0
2022-07-23,Keshopur APMC,81.1,1800.0,7,monsoon,solan,30.4,25.1,14.3,86,26.6,19.8,9.7,87.0
2022-07-24,Keshopur APMC,133.6,1800.0,7,monsoon,solan,33.1,25.7,6.7,81,26.8,19.6,1.4,81.0
2022-07-25,Keshopur APMC,60.0,1900.0,7,monsoon,solan,32.7,25.7,8.3,80,26.1,19.1,3.1,86.0
2022-07-26,Keshopur APMC,129.05,1900.0,7,monsoon,solan,31.5,25.4,2.0,81,25.6,19.5,16.4,88.0
2022-07-28,Keshopur APMC,7.35,2000.0,7,monsoon,solan,31.4,25.2,20.5,85,25.0,18.7,8.0,90.0
2022-07-29,Keshopur APMC,255.25,1800.0,7,monsoon,solan,30.1,25.0,8.8,87,26.2,18.9,12.0,89.0
2022-07-30,Keshopur APMC,194.75,1900.0,7,monsoon,solan,31.4,25.5,4.1,85,25.3,19.3,7.0,85.0
2022-08-02,Keshopur APMC,146.2,1900.0,8,monsoon,solan,33.5,25.8,0.3,79,24.7,19.2,6.6,88.0
2022-08-04,Keshopur APMC,5.25,1800.0,8,monsoon,solan,31.5,26.6,0.9,86,23.3,18.9,8.1,92.0
2022-08-05,Keshopur APMC,70.95,1800.0,8,monsoon,solan,30.7,24.8,7.2,86,22.7,19.3,11.4,93.0
2022-08-06,Keshopur APMC,89.65,1800.0,8,monsoon,solan,32.7,25.5,2.3,83,21.2,18.4,17.4,95.0
2022-08-07,Keshopur APMC,171.5,1600.0,8,monsoon,solan,30.7,25.2,21.5,86,24.6,18.3,12.9,92.0
2022-08-08,Keshopur APMC,126.5,1800.0,8,monsoon,solan,33.4,25.0,0.1,81,26.0,17.5,0.8,86.0
2022-08-09,Keshopur APMC,117.65,1600.0,8,monsoon,solan,33.8,27.4,0.2,78,26.6,16.7,2.1,85.0
2022-08-11,Keshopur APMC,8.1,1800.0,8,monsoon,solan,28.7,26.4,4.3,83,24.8,19.0,4.1,90.0
2022-08-12,Keshopur APMC,65.4,2000.0,8,monsoon,solan,33.9,25.1,0.0,74,26.2,18.5,5.0,87.0
2022-08-13,Keshopur APMC,27.65,2200.0,8,monsoon,solan,33.5,26.3,0.4,76,24.3,19.4,17.2,90.0
2022-08-14,Keshopur APMC,77.85,2000.0,8,monsoon,solan,32.9,26.1,9.9,85,26.9,19.8,0.6,83.0
2022-08-15,Keshopur APMC,163.4,1900.0,8,monsoon,solan,31.0,25.9,0.3,82,27.5,20.1,0.5,82.0
2022-08-16,Keshopur APMC,13.8,1700.0,8,monsoon,solan,30.7,25.7,8.7,80,27.3,19.4,0.0,80.0
2022-08-18,Keshopur APMC,13.45,1900.0,8,monsoon,solan,33.5,25.5,0.5,75,27.2,19.7,0.0,72.0
2022-08-19,Keshopur APMC,341.35,1700.0,8,monsoon,solan,34.1,26.5,0.5,73,27.7,18.8,0.5,84.0
2022-08-20,Keshopur APMC,127.5,1600.0,8,monsoon,solan,30.4,24.8,4.2,82,25.8,20.0,7.9,90.0
2022-08-21,Keshopur APMC,98.22,1600.0,8,monsoon,solan,33.6,25.6,0.4,76,23.4,19.2,2.7,82.0
2022-08-22,Keshopur APMC,82.5,1600.0,8,monsoon,solan,33.1,25.9,6.2,77,25.6,19.5,1.6,81.0
2022-08-23,Keshopur APMC,76.7,1700.0,8,monsoon,solan,33.8,26.2,1.8,70,26.2,18.5,2.5,86.0
2022-08-25,Keshopur APMC,12.3,1700.0,8,monsoon,solan,34.1,25.3,0.6,73,24.0,20.1,8.5,90.0
2022-08-26,Keshopur APMC,167.35,1700.0,8,monsoon,solan,35.3,26.6,0.6,64,23.3,19.2,22.0,93.0
2022-08-27,Keshopur APMC,103.05,1500.0,8,monsoon,solan,35.6,27.6,1.6,60,26.1,17.8,15.3,85.0
2022-08-28,Keshopur APMC,158.1,1600.0,8,monsoon,solan,36.3,27.6,0.1,54,25.1,17.7,1.4,85.0
2022-08-29,Keshopur APMC,51.65,1600.0,8,monsoon,solan,35.4,27.7,1.5,59,26.7,18.9,1.8,83.0
2022-08-30,Keshopur APMC,69.95,1750.0,8,monsoon,solan,37.3,26.6,0.0,66,24.7,19.6,5.3,87.0
2022-09-01,Keshopur APMC,7.6,1800.0,9,monsoon,agra,37.7,28.0,0.1,59,32.5,25.4,3.0,79.0
2022-09-02,Keshopur APMC,180.15,1600.0,9,monsoon,agra,37.5,28.0,0.0,57,33.1,26.6,0.1,70.0
2022-09-03,Keshopur APMC,148.45,1500.0,9,monsoon,agra,38.4,27.8,0.0,50,33.2,26.6,0.1,68.0
2022-09-04,Keshopur APMC,98.3,1600.0,9,monsoon,agra,37.7,27.9,0.0,49,33.1,25.7,0.0,69.0
2022-09-05,Keshopur APMC,86.7,1700.0,9,monsoon,agra,37.1,27.3,0.0,51,33.6,26.3,3.4,76.0
2022-09-06,Keshopur APMC,92.45,1700.0,9,monsoon,agra,37.9,27.7,0.4,51,33.8,26.6,1.3,76.0
2022-09-08,Keshopur APMC,13.25,1700.0,9,monsoon,agra,37.0,27.2,0.0,53,33.4,26.2,0.8,77.0
2022-09-09,Keshopur APMC,161.8,1800.0,9,monsoon,agra,35.3,27.9,0.2,61,34.9,26.9,0.1,68.0
2022-09-10,Keshopur APMC,57.85,1800.0,9,monsoon,agra,34.5,25.2,0.6,68,34.6,26.5,0.0,66.0
2022-09-11,Keshopur APMC,135.55,1800.0,9,monsoon,agra,33.4,24.1,2.8,70,33.8,25.9,0.0,65.0
2022-09-12,Keshopur APMC,72.05,1800.0,9,monsoon,agra,34.8,26.8,0.2,66,34.7,25.7,0.0,66.0
2022-09-13,Keshopur APMC,116.95,1800.0,9,monsoon,agra,34.7,25.0,4.1,67,35.1,25.6,0.0,64.0
2022-09-15,Keshopur APMC,9.05,1700.0,9,monsoon,agra,30.7,24.6,13.6,85,33.0,27.0,0.8,75.0
2022-09-16,Keshopur APMC,123.25,1600.0,9,monsoon,agra,30.7,23.6,5.8,84,33.5,26.6,2.3,78.0
2022-09-17,Keshopur APMC,106.05,1600.0,9,monsoon,agra,33.5,24.0,0.5,80,34.4,26.6,0.0,71.0
2022-09-18,Keshopur APMC,72.2,1700.0,9,monsoon,agra,33.0,23.5,0.1,81,33.5,27.0,0.7,69.0
2022-09-19,Keshopur APMC,70.95,1700.0,9,monsoon,agra,33.3,25.0,0.0,77,30.8,25.7,8.3,75.0
2022-09-20,Keshopur APMC,98.15,1700.0,9,monsoon,agra,31.8,24.3,7.8,84,28.7,25.4,3.9,84.0
2022-09-22,Keshopur APMC,45.65,1700.0,9,monsoon,agra,27.5,24.0,35.3,90,31.7,24.5,1.3,83.0
2022-09-23,Keshopur APMC,94.1,1700.0,9,monsoon,agra,28.5,23.8,52.0,92,33.1,23.8,1.8,82.0
2022-09-24,Keshopur APMC,54.9,1700.0,9,monsoon,agra,27.6,23.4,35.7,92,32.9,23.6,0.1,76.0
2022-09-25,Keshopur APMC,83.45,1800.0,9,monsoon,agra,30.7,23.6,0.6,84,31.6,24.3,1.4,82.0
2022-09-26,Keshopur APMC,164.85,1800.0,9,monsoon,agra,30.8,23.0,0.2,85,32.8,24.0,2.1,84.0
2022-09-27,Keshopur APMC,197.35,2000.0,9,monsoon,agra,31.4,22.7,0.2,80,29.1,24.4,22.9,90.0
2022-09-29,Keshopur APMC,12.75,2000.0,9,monsoon,agra,31.8,23.0,0.0,78,30.0,23.6,28.2,91.0
2022-09-30,Keshopur APMC,202.6,1900.0,9,monsoon,agra,31.9,23.1,0.0,77,28.2,24.5,27.5,90.0
2022-10-01,Keshopur APMC,280.05,1800.0,10,post_monsoon,agra,32.7,23.4,0.0,73,32.2,24.4,0.4,78.0
2022-10-02,Keshopur APMC,136.2,1700.0,10,post_monsoon,agra,33.2,22.9,0.0,70,30.9,23.4,0.7,81.0
2022-10-03,Keshopur APMC,18.6,1600.0,10,post_monsoon,agra,33.3,22.8,0.0,65,31.8,23.8,0.0,78.0
2022-10-04,Keshopur APMC,193.7,1900.0,10,post_monsoon,agra,32.7,22.6,0.0,70,32.8,23.1,0.3,72.0
2022-10-05,Keshopur APMC,86.15,1700.0,10,post_monsoon,agra,31.7,22.8,0.1,78,33.0,22.9,0.0,72.0
2022-10-06,Keshopur APMC,5.75,1700.0,10,post_monsoon,agra,30.8,23.1,0.0,76,32.5,23.3,0.0,74.0
2022-10-07,Keshopur APMC,95.5,1800.0,10,post_monsoon,agra,26.2,22.8,1.1,83,32.8,23.6,0.6,74.0
2022-10-08,Keshopur APMC,35.7,1800.0,10,post_monsoon,agra,23.7,21.8,37.7,92,32.7,23.4,0.4,71.0
2022-10-09,Keshopur APMC,137.25,1800.0,10,post_monsoon,agra,25.1,21.1,36.8,91,33.5,22.8,0.0,63.0
2022-10-10,Keshopur APMC,122.95,1800.0,10,post_monsoon,agra,27.5,21.3,1.1,88,31.9,24.5,2.5,73.0
2022-10-11,Keshopur APMC,27.5,2000.0,10,post_monsoon,agra,26.8,20.9,2.4,88,31.4,24.7,1.3,82.0
2022-10-12,Keshopur APMC,115.45,2000.0,10,post_monsoon,agra,28.4,20.2,0.0,84,29.6,23.9,0.2,81.0
2022-10-13,Keshopur APMC,7.0,2200.0,10,post_monsoon,agra,29.2,19.4,0.0,75,28.6,23.0,3.7,89.0
2022-10-14,Keshopur APMC,162.7,2000.0,10,post_monsoon,agra,29.5,18.8,0.0,71,28.1,23.1,57.1,92.0
2022-10-15,Keshopur APMC,138.15,2100.0,10,post_monsoon,agra,29.8,18.4,0.0,70,29.6,22.8,41.9,91.0
2022-10-16,Keshopur APMC,67.2,1900.0,10,post_monsoon,agra,30.0,18.8,0.0,70,29.1,22.8,7.0,88.0
2022-10-17,Keshopur APMC,113.85,2000.0,10,post_monsoon,agra,30.4,18.4,0.0,66,28.9,21.8,0.8,86.0
2022-10-18,Keshopur APMC,100.85,1800.0,10,post_monsoon,agra,30.6,18.0,0.0,64,28.9,21.3,0.4,84.0
2022-10-19,Keshopur APMC,137.65,2000.0,10,post_monsoon,agra,30.2,19.0,0.0,66,29.6,19.7,0.0,77.0
2022-10-20,Keshopur APMC,4.35,2000.0,10,post_monsoon,agra,30.4,18.6,0.0,66,29.8,20.0,0.0,73.0
2022-10-21,Keshopur APMC,80.45,2000.0,10,post_monsoon,agra,30.0,17.6,0.0,65,29.6,19.3,0.0,71.0
2022-10-22,Keshopur APMC,133.65,2000.0,10,post_monsoon,agra,29.2,18.1,0.0,69,29.7,19.4,0.0,74.0
2022-10-23,Keshopur APMC,136.1,1800.0,10,post_monsoon,agra,28.7,16.1,0.0,65,30.3,19.2,0.0,72.0
2022-10-24,Keshopur APMC,92.0,1800.0,10,post_monsoon,agra,29.7,16.4,0.0,64,30.3,19.2,0.0,64.0
2022-10-25,Keshopur APMC,28.85,1750.0,10,post_monsoon,agra,29.6,15.7,0.0,61,30.8,18.3,0.0,65.0
2022-10-26,Keshopur APMC,75.1,1900.0,10,post_monsoon,agra,29.8,16.0,0.0,65,30.4,20.0,0.0,61.0
2022-10-27,Keshopur APMC,7.6,1900.0,10,post_monsoon,agra,30.1,17.7,0.0,64,31.3,18.2,0.0,60.0
2022-10-28,Keshopur APMC,182.75,2200.0,10,post_monsoon,agra,29.9,17.1,0.0,67,30.2,18.7,0.0,62.0
2022-10-29,Keshopur APMC,54.5,2400.0,10,post_monsoon,agra,29.4,17.1,0.0,64,29.3,17.1,0.0,68.0
2022-10-31,Keshopur APMC,157.15,2000.0,10,post_monsoon,agra,29.4,16.0,0.0,66,29.5,17.0,0.0,61.0
2022-11-01,Keshopur APMC,169.55,2100.0,11,post_monsoon,agra,30.3,18.1,0.0,68,30.2,16.8,0.0,68.0
2022-11-02,Keshopur APMC,106.9,1900.0,11,post_monsoon,agra,29.2,17.6,0.0,73,30.3,17.5,0.0,71.0
2022-11-03,Keshopur APMC,18.5,2000.0,11,post_monsoon,agra,30.6,17.8,0.0,69,30.8,19.7,0.0,70.0
2022-11-04,Keshopur APMC,206.5,2100.0,11,post_monsoon,agra,30.5,20.2,0.0,67,30.3,18.5,0.0,67.0
2022-11-05,Keshopur APMC,233.15,2100.0,11,post_monsoon,agra,29.9,19.4,0.0,78,29.2,16.5,0.0,69.0
2022-11-06,Keshopur APMC,112.75,2000.0,11,post_monsoon,agra,29.3,18.9,0.0,79,29.3,16.1,0.0,68.0
2022-11-07,Keshopur APMC,120.35,2000.0,11,post_monsoon,agra,30.4,18.6,0.0,74,30.0,16.8,0.0,68.0
2022-11-08,Keshopur APMC,85.55,1800.0,11,post_monsoon,agra,28.7,17.8,7.9,76,30.4,18.5,0.0,69.0
2022-11-09,Keshopur APMC,124.6,1800.0,11,post_monsoon,agra,26.9,17.0,0.5,73,30.5,18.1,0.0,69.0
2022-11-10,Keshopur APMC,10.2,1600.0,11,post_monsoon,agra,25.8,18.1,0.0,76,31.3,17.9,0.0,72.0
2022-11-11,Keshopur APMC,125.95,1900.0,11,post_monsoon,agra,26.2,15.3,0.0,69,30.6,19.8,0.0,77.0
2022-11-12,Keshopur APMC,107.9,2000.0,11,post_monsoon,agra,26.3,15.0,0.0,64,30.2,18.9,0.0,77.0
2022-11-13,Keshopur APMC,161.2,1900.0,11,post_monsoon,agra,26.6,14.1,0.0,65,31.0,19.0,1.4,72.0
2022-11-14,Keshopur APMC,90.73,2000.0,11,post_monsoon,agra,27.7,15.4,0.0,65,29.8,17.6,0.0,70.0
2022-11-15,Keshopur APMC,75.2,1800.0,11,post_monsoon,agra,26.5,15.6,0.0,68,28.3,17.6,0.3,71.0
2022-11-16,Keshopur APMC,105.9,1700.0,11,post_monsoon,agra,25.2,15.3,0.0,64,27.6,18.2,1.6,79.0
2022-11-17,Keshopur APMC,35.75,1800.0,11,post_monsoon,agra,24.4,13.1,0.0,65,28.1,16.8,0.0,65.0
2022-11-18,Keshopur APMC,166.25,1400.0,11,post_monsoon,agra,24.3,11.4,0.0,63,27.1,16.3,0.0,59.0
2022-11-19,Keshopur APMC,151.05,1500.0,11,post_monsoon,agra,24.2,12.3,0.0,61,27.4,14.9,0.0,63.0
2022-11-20,Keshopur APMC,111.6,1700.0,11,post_monsoon,agra,25.3,11.3,0.0,66,28.0,14.4,0.0,65.0
2022-11-21,Keshopur APMC,76.8,1700.0,11,post_monsoon,agra,25.7,11.8,0.0,63,27.5,14.7,0.0,67.0
2022-11-22,Keshopur APMC,120.6,1600.0,11,post_monsoon,agra,25.3,11.8,0.0,60,26.4,15.3,0.0,64.0
2022-11-23,Keshopur APMC,113.4,1800.0,11,post_monsoon,agra,25.2,10.7,0.0,56,25.1,14.1,0.0,57.0
2022-11-24,Keshopur APMC,5.75,1850.0,11,post_monsoon,agra,25.2,11.1,0.0,59,24.8,12.6,0.0,59.0
2022-11-25,Keshopur APMC,131.5,1800.0,11,post_monsoon,agra,24.8,11.6,0.0,60,24.9,11.4,0.0,63.0
2022-11-26,Keshopur APMC,138.6,1900.0,11,post_monsoon,agra,25.1,10.7,0.0,61,25.3,12.8,0.0,67.0
2022-11-27,Keshopur APMC,127.7,1900.0,11,post_monsoon,agra,24.7,10.1,0.0,69,25.9,13.0,0.0,64.0
2022-11-28,Keshopur APMC,98.35,1500.0,11,post_monsoon,agra,24.2,9.9,0.0,65,25.6,12.4,0.0,61.0
2022-11-29,Keshopur APMC,225.8,1500.0,11,post_monsoon,agra,24.0,9.8,0.0,70,25.4,12.0,0.0,59.0
2022-11-30,Keshopur APMC,207.6,1800.0,11,post_monsoon,agra,24.0,10.9,0.0,74,25.0,10.9,0.0,58.0
2022-12-01,Keshopur APMC,4.8,1700.0,12,winter,agra,23.7,10.5,0.0,75,25.1,10.0,0.0,66.0
2022-12-02,Keshopur APMC,171.75,1800.0,12,winter,agra,23.4,10.1,0.0,74,25.0,11.0,0.0,62.0
2022-12-05,Keshopur APMC,125.25,1700.0,12,winter,agra,22.3,9.9,0.0,76,24.6,11.3,0.0,71.0
2022-12-06,Keshopur APMC,150.6,1700.0,12,winter,agra,22.9,10.7,0.0,71,24.2,10.4,0.0,74.0
2022-12-07,Keshopur APMC,18.55,1800.0,12,winter,agra,23.2,11.2,0.0,70,23.9,11.9,0.0,75.0
2022-12-08,Keshopur APMC,211.15,1800.0,12,winter,agra,22.8,10.4,0.0,76,23.6,10.6,0.0,74.0
2022-12-09,Keshopur APMC,111.0,1800.0,12,winter,agra,23.4,9.8,0.0,78,23.3,11.2,0.0,71.0
2022-12-10,Keshopur APMC,141.55,1800.0,12,winter,agra,25.1,10.7,0.0,73,23.5,11.1,0.0,78.0
2022-12-11,Keshopur APMC,126.85,1850.0,12,winter,agra,25.2,10.9,0.0,72,23.0,10.8,0.0,78.0
2022-12-12,Keshopur APMC,141.25,1900.0,12,winter,agra,24.7,10.8,0.0,66,23.3,10.8,0.0,71.0
2022-12-13,Keshopur APMC,100.35,1800.0,12,winter,agra,24.5,10.6,0.0,58,24.2,11.0,0.0,69.0
2022-12-14,Keshopur APMC,81.5,1600.0,12,winter,agra,22.2,10.6,0.0,60,23.8,10.4,0.0,73.0
2022-12-15,Keshopur APMC,1.0,1800.0,12,winter,agra,21.7,8.2,0.0,63,23.8,11.4,0.0,76.0
2022-12-16,Keshopur APMC,152.3,1700.0,12,winter,agra,21.1,8.0,0.0,71,25.5,10.5,0.0,76.0
2022-12-17,Keshopur APMC,177.7,1900.0,12,winter,agra,21.6,7.7,0.0,73,26.1,11.4,0.0,74.0
2022-12-18,Keshopur APMC,90.25,1850.0,12,winter,agra,21.3,7.5,0.0,79,26.0,12.3,0.0,67.0
2022-12-19,Keshopur APMC,177.75,1800.0,12,winter,agra,21.3,8.0,0.0,82,24.9,12.9,0.0,57.0
2022-12-20,Keshopur APMC,211.7,1800.0,12,winter,agra,20.7,8.1,0.0,79,23.7,12.1,0.0,58.0
2022-12-22,Keshopur APMC,12.0,1600.0,12,winter,agra,20.4,7.7,0.0,82,22.2,7.6,0.0,71.0
2022-12-23,Keshopur APMC,319.2,1300.0,12,winter,agra,18.8,7.1,0.0,85,22.3,8.1,0.0,72.0
2022-12-24,Keshopur APMC,122.8,1300.0,12,winter,agra,18.9,8.4,0.0,77,22.5,8.1,0.0,78.0
2022-12-25,Keshopur APMC,235.3,1600.0,12,winter,agra,17.1,5.5,0.0,84,22.2,8.8,0.0,80.0
2022-12-26,Keshopur APMC,125.9,1400.0,12,winter,agra,18.4,6.0,0.0,85,22.6,8.8,0.0,77.0
2023-01-09,Keshopur APMC,138.25,880.0,1,winter,agra,17.1,5.6,0.0,91,17.6,6.6,0.0,84.0
2023-01-10,Keshopur APMC,220.4,880.0,1,winter,agra,18.2,7.3,0.0,91,16.3,5.7,0.0,87.0
2023-01-21,Keshopur APMC,232.65,780.0,1,winter,agra,20.3,7.0,0.0,80,15.6,6.1,0.0,64.0
2023-01-22,Keshopur APMC,205.7,850.0,1,winter,agra,21.5,8.2,0.0,74,16.4,3.0,0.0,69.0
2023-01-23,Keshopur APMC,237.0,700.0,1,winter,agra,22.7,8.5,0.0,65,16.6,3.9,0.0,69.0
2023-01-24,Keshopur APMC,249.7,750.0,1,winter,agra,20.9,12.1,6.3,83,17.3,3.1,0.0,69.0
2023-01-25,Keshopur APMC,375.55,800.0,1,winter,agra,21.0,12.3,0.8,85,18.6,5.0,0.0,70.0
2023-01-27,Keshopur APMC,53.7,800.0,1,winter,agra,18.6,7.4,0.0,71,21.7,7.0,0.0,77.0
2023-01-28,Keshopur APMC,352.7,850.0,1,winter,agra,20.6,6.0,0.0,71,23.3,9.3,0.0,70.0
2023-01-29,Keshopur APMC,149.9,800.0,1,winter,agra,16.4,7.7,2.9,86,22.5,9.4,4.4,76.0
2023-01-30,Keshopur APMC,294.58,850.0,1,winter,agra,16.4,10.5,26.0,86,21.8,14.3,10.6,87.0
2023-02-03,Keshopur APMC,302.95,800.0,2,winter,agra,22.4,9.1,0.0,71,20.5,6.7,0.0,70.0
2023-02-04,Keshopur APMC,33.9,900.0,2,winter,agra,22.8,10.0,0.0,69,19.5,8.9,9.6,80.0
2023-02-05,Keshopur APMC,248.1,700.0,2,winter,agra,23.3,10.5,0.0,65,18.4,11.4,18.8,86.0
2023-02-06,Keshopur APMC,269.5,700.0,2,winter,agra,25.3,10.5,0.5,70,20.6,10.3,0.0,87.0
2023-02-14,Keshopur APMC,168.15,500.0,2,winter,agra,23.9,10.0,0.0,47,23.1,10.7,0.0,66.0
2023-02-16,Keshopur APMC,1.0,580.0,2,winter,agra,26.4,11.2,0.0,71,26.8,11.9,0.0,71.0
2023-02-17,Keshopur APMC,221.8,640.0,2,winter,agra,26.9,12.8,0.0,76,26.7,14.1,0.0,67.0
2023-02-18,Keshopur APMC,165.35,580.0,2,winter,agra,26.5,12.6,0.0,77,23.4,11.4,0.0,53.0
2023-02-19,Keshopur APMC,357.7,580.0,2,winter,agra,28.3,13.9,0.0,70,21.9,10.6,0.0,39.0
2023-02-20,Keshopur APMC,133.3,540.0,2,winter,agra,31.1,15.1,0.0,62,23.6,9.3,0.0,49.0
2023-02-21,Keshopur APMC,162.0,560.0,2,winter,agra,29.6,15.6,0.0,57,26.1,11.7,0.0,61.0
2023-02-23,Keshopur APMC,3.3,600.0,2,winter,agra,28.1,13.5,0.0,53,26.6,13.2,0.0,72.0
2023-02-24,Keshopur APMC,303.45,580.0,2,winter,agra,28.3,12.2,0.0,51,27.5,13.2,0.0,77.0
2023-02-25,Keshopur APMC,324.4,580.0,2,winter,agra,28.5,13.0,0.0,54,28.2,13.5,0.0,74.0
2023-02-28,Keshopur APMC,220.35,570.0,2,winter,agra,29.4,14.7,0.0,49,30.1,16.4,0.0,62.0
2023-03-02,Keshopur APMC,8.25,560.0,3,summer,agra,30.3,15.9,0.0,54,27.3,13.8,0.0,54.0
2023-03-03,Keshopur APMC,325.05,560.0,3,summer,agra,31.1,16.8,0.0,54,29.0,12.6,0.0,63.0
2023-03-07,Keshopur APMC,256.51,560.0,3,summer,agra,29.1,15.2,0.0,50,30.6,15.4,0.0,56.0
2023-03-10,Keshopur APMC,201.7,580.0,3,summer,agra,29.8,15.5,0.0,56,30.2,17.6,0.0,59.0
2023-03-17,Keshopur APMC,256.95,800.0,3,summer,agra,29.1,19.9,0.7,56,29.7,15.8,0.0,61.0
2023-03-18,Keshopur APMC,227.2,700.0,3,summer,agra,26.5,17.5,0.7,76,30.8,15.7,0.0,60.0
2023-03-19,Keshopur APMC,189.0,650.0,3,summer,agra,25.2,16.1,0.5,82,32.0,17.9,0.0,56.0
2023-03-20,Keshopur APMC,239.4,650.0,3,summer,agra,23.5,16.3,24.6,86,31.9,17.5,1.0,55.0
2023-03-30,Keshopur APMC,12.6,800.0,3,summer,agra,30.8,17.5,12.4,71,28.3,17.4,3.1,68.0
2023-03-31,Keshopur APMC,198.05,850.0,3,summer,agra,23.8,17.2,6.0,83,27.8,18.2,0.1,66.0
2023-04-01,Keshopur APMC,131.8,800.0,4,summer,agra,25.3,15.9,1.2,81,29.7,18.1,0.0,57.0
2023-04-17,Keshopur APMC,127.15,1000.0,4,summer,agra,39.2,24.7,0.0,25,36.8,19.3,0.0,30.0
2023-04-18,Keshopur APMC,91.2,1000.0,4,summer,agra,39.1,25.0,0.0,24,37.4,21.8,0.0,30.0
2023-04-20,Keshopur APMC,9.5,1000.0,4,summer,agra,34.6,23.2,0.0,44,38.6,22.7,0.0,31.0
2023-04-21,Keshopur APMC,159.9,1000.0,4,summer,agra,35.1,22.7,0.0,34,39.7,22.8,0.0,26.0
2023-04-25,Keshopur APMC,135.55,975.0,4,summer,agra,33.3,20.5,0.0,37,38.5,25.7,0.0,26.0
2023-04-27,Keshopur APMC,39.85,1000.0,4,summer,agra,36.4,23.2,0.0,31,36.3,24.0,0.0,34.0
2023-04-29,Keshopur APMC,112.0,1000.0,4,summer,agra,33.1,22.2,1.3,50,33.5,22.1,0.4,27.0
2023-04-30,Keshopur APMC,154.35,1000.0,4,summer,agra,30.1,21.6,1.5,63,30.5,19.8,0.5,41.0
2023-05-01,Keshopur APMC,154.35,1000.0,5,summer,agra,26.8,19.8,4.5,81,33.7,19.9,0.0,40.0
2023-05-06,Keshopur APMC,150.2,1350.0,5,summer,agra,34.4,20.0,0.1,57,31.6,20.4,2.1,55.0
2023-05-12,Keshopur APMC,165.3,1250.0,5,summer,agra,41.7,23.5,0.0,24,35.7,20.9,0.0,51.0
2023-05-13,Keshopur APMC,136.1,1350.0,5,summer,agra,41.5,24.8,0.0,26,37.1,21.5,0.0,44.0
2023-05-14,Keshopur APMC,151.4,1300.0,5,summer,agra,40.0,26.2,0.0,29,38.0,23.0,0.0,39.0
2023-05-15,Keshopur APMC,82.65,1300.0,5,summer,agra,40.2,24.6,0.0,26,37.6,21.6,0.0,37.0
2023-05-18,Keshopur APMC,67.95,1250.0,5,summer,agra,38.0,24.1,0.0,40,40.6,22.2,0.0,29.0
2023-05-19,Keshopur APMC,242.7,1350.0,5,summer,agra,38.2,25.5,0.0,36,41.0,23.8,0.0,31.0
2023-05-20,Keshopur APMC,159.2,1350.0,5,summer,agra,40.3,24.2,0.0,30,41.4,24.9,0.0,28.0
2023-05-21,Keshopur APMC,209.25,1400.0,5,summer,agra,43.0,25.3,0.0,23,40.3,24.3,0.0,29.0
2023-05-25,Keshopur APMC,7.2,1300.0,5,summer,agra,33.3,23.9,0.7,65,39.2,26.4,0.0,35.0
2023-05-26,Keshopur APMC,171.85,1350.0,5,summer,agra,33.8,22.7,0.0,60,40.8,24.6,0.0,29.0
2023-05-27,Keshopur APMC,56.95,1300.0,5,summer,agra,33.4,21.0,15.4,67,43.5,27.6,0.0,22.0
2023-05-28,Keshopur APMC,160.0,1350.0,5,summer,agra,33.3,23.9,0.6,71,43.5,28.1,0.0,22.0
2023-05-29,Keshopur APMC,97.55,1400.0,5,summer,agra,33.2,22.6,2.8,74,43.7,28.6,0.0,24.0
2023-05-30,Keshopur APMC,161.55,1300.0,5,summer,agra,33.5,22.7,0.5,69,39.7,27.8,0.0,39.0
2023-06-01,Keshopur APMC,8.2,1300.0,6,monsoon,solan,33.0,19.9,0.0,69,22.3,12.4,2.8,72.0
2023-06-02,Keshopur APMC,221.4,1400.0,6,monsoon,solan,32.5,22.1,1.6,60,23.7,13.6,0.6,67.0
2023-06-03,Keshopur APMC,162.05,1400.0,6,monsoon,solan,34.9,22.3,0.0,55,25.2,12.5,0.3,59.0
2023-06-04,Keshopur APMC,193.7,1400.0,6,monsoon,solan,35.9,23.5,0.2,58,24.2,15.0,8.4,68.0
2023-06-10,Keshopur APMC,103.15,1350.0,6,monsoon,solan,41.1,27.7,0.2,39,26.3,13.5,0.0,64.0
2023-06-11,Keshopur APMC,82.95,1500.0,6,monsoon,solan,39.3,28.2,0.0,46,25.9,13.7,1.0,66.0
2023-06-12,Keshopur APMC,81.5,1350.0,6,monsoon,solan,41.2,29.0,0.0,45,24.3,13.8,2.4,63.0
2023-06-13,Keshopur APMC,187.7,1350.0,6,monsoon,solan,42.3,30.2,0.0,35,25.1,14.2,1.3,61.0
2023-06-29,Keshopur APMC,5.0,1400.0,6,monsoon,solan,32.1,26.3,18.4,83,27.5,20.1,5.4,87.0
2023-06-30,Keshopur APMC,141.0,1400.0,6,monsoon,solan,33.6,25.5,9.2,82,27.6,19.9,9.8,86.0
2023-07-01,Keshopur APMC,66.25,1450.0,7,monsoon,solan,33.0,23.9,1.7,81,26.1,19.9,35.7,89.0
2023-07-15,Keshopur APMC,166.55,1450.0,7,monsoon,solan,33.2,26.2,13.1,85,22.6,19.7,58.5,93.0
2023-07-16,Keshopur APMC,165.1,1550.0,7,monsoon,solan,33.1,25.4,16.3,85,25.3,19.4,15.0,90.0
2023-07-17,Keshopur APMC,238.53,1550.0,7,monsoon,solan,33.3,26.7,7.6,85,25.1,19.6,15.3,88.0
2023-07-18,Keshopur APMC,281.0,1450.0,7,monsoon,solan,31.5,25.6,18.0,87,25.8,17.7,13.2,86.0
2023-07-20,Keshopur APMC,16.25,3600.0,7,monsoon,solan,35.2,27.3,27.9,80,25.8,18.3,2.6,87.0
2023-07-28,Keshopur APMC,189.1,1450.0,7,monsoon,solan,32.7,26.4,18.7,87,25.4,20.3,6.3,89.0
2023-07-29,Keshopur APMC,137.05,1450.0,7,monsoon,solan,31.4,25.1,6.4,84,26.0,18.4,6.7,85.0
2023-07-30,Keshopur APMC,129.65,1500.0,7,monsoon,solan,33.3,24.9,1.8,81,25.6,18.9,5.1,87.0
2023-07-31,Keshopur APMC,71.6,1550.0,7,monsoon,solan,33.7,25.6,1.1,79,26.0,19.0,5.9,87.0
2023-08-01,Keshopur APMC,175.15,1500.0,8,monsoon,solan,34.7,26.9,0.1,77,24.7,19.5,8.4,91.0
2023-08-03,Keshopur APMC,12.45,1500.0,8,monsoon,solan,34.0,26.6,13.5,82,24.0,19.1,11.3,92.0
2023-08-04,Keshopur APMC,121.3,1400.0,8,monsoon,solan,31.8,26.2,9.5,87,25.5,18.0,9.0,88.0
2023-08-05,Keshopur APMC,200.35,1400.0,8,monsoon,solan,33.6,26.7,5.1,84,25.3,17.1,7.5,87.0
2023-08-06,Keshopur APMC,98.75,1500.0,8,monsoon,solan,34.8,26.3,3.0,76,26.3,17.8,2.5,86.0
2023-08-07,Keshopur APMC,215.15,1450.0,8,monsoon,solan,34.1,26.9,0.2,71,27.2,18.2,0.0,85.0
2023-08-10,Keshopur APMC,13.55,1475.0,8,monsoon,solan,34.1,26.9,0.4,71,26.1,18.8,2.6,89.0
2023-08-11,Keshopur APMC,148.2,1450.0,8,monsoon,solan,34.6,27.2,0.7,69,26.2,18.3,2.7,89.0
2023-08-12,Keshopur APMC,158.9,1500.0,8,monsoon,solan,35.8,27.7,0.0,59,26.4,19.0,1.7,88.0
2023-08-13,Keshopur APMC,164.7,1500.0,8,monsoon,solan,35.6,27.4,0.5,63,25.7,18.8,1.9,90.0
2023-08-21,Keshopur APMC,140.95,1000.0,8,monsoon,solan,36.9,28.3,0.9,68,25.7,17.9,2.9,89.0
2023-09-15,Keshopur APMC,249.55,1375.0,9,monsoon,agra,32.0,26.1,7.4,88,29.0,24.9,33.2,90.0
2023-09-16,Keshopur APMC,156.7,1300.0,9,monsoon,agra,31.6,26.4,8.4,84,29.2,24.4,43.8,93.0
2023-09-17,Keshopur APMC,136.85,1350.0,9,monsoon,agra,31.5,25.2,6.3,87,30.9,24.2,13.5,86.0
2023-09-18,Keshopur APMC,122.65,1375.0,9,monsoon,agra,31.6,24.8,0.6,81,31.7,25.1,2.2,86.0
2023-09-19,Keshopur APMC,173.65,1350.0,9,monsoon,agra,33.0,24.9,0.2,78,33.0,25.0,1.8,84.0
2023-09-22,Keshopur APMC,173.05,1300.0,9,monsoon,agra,33.0,25.4,0.5,81,31.2,26.0,9.3,84.0
2023-09-23,Keshopur APMC,246.95,1300.0,9,monsoon,agra,32.3,25.7,1.0,84,30.7,25.9,2.0,77.0
2023-09-24,Keshopur APMC,164.5,1300.0,9,monsoon,agra,32.6,25.5,0.7,82,31.7,24.2,18.6,78.0
2023-09-29,Keshopur APMC,241.2,1300.0,9,monsoon,agra,33.1,20.8,0.0,66,32.4,23.7,2.5,84.0
2023-09-30,Keshopur APMC,254.35,1350.0,9,monsoon,agra,34.7,22.4,0.0,61,32.6,24.7,1.4,80.0
2023-10-05,Keshopur APMC,23.5,1350.0,10,post_monsoon,agra,34.4,20.0,0.0,54,33.7,20.5,0.0,62.0
2023-10-06,Keshopur APMC,209.15,1275.0,10,post_monsoon,agra,35.4,19.0,0.0,54,34.1,21.6,0.0,63.0
2023-10-07,Keshopur APMC,212.6,1250.0,10,post_monsoon,agra,35.3,21.2,0.0,63,34.5,23.8,0.0,54.0
2023-10-08,Keshopur APMC,213.75,1250.0,10,post_monsoon,agra,35.6,24.0,0.0,62,34.8,22.9,0.0,46.0
2023-10-09,Keshopur APMC,141.35,1275.0,10,post_monsoon,agra,35.6,24.4,0.0,58,34.5,20.6,0.0,37.0
2023-10-12,Keshopur APMC,30.15,1300.0,10,post_monsoon,agra,33.3,18.4,0.0,56,36.2,18.8,0.0,49.0
2023-10-13,Keshopur APMC,139.6,1350.0,10,post_monsoon,agra,34.9,20.5,0.0,57,35.9,21.9,0.0,58.0
2023-10-16,Keshopur APMC,256.35,1250.0,10,post_monsoon,agra,28.9,20.0,3.3,66,35.6,25.2,0.0,45.0
2023-10-20,Keshopur APMC,301.99,1350.0,10,post_monsoon,agra,29.2,17.1,0.0,65,35.5,22.5,0.0,47.0
2023-10-21,Keshopur APMC,181.2,1300.0,10,post_monsoon,agra,29.7,16.9,0.0,64,35.6,21.6,0.0,44.0
2023-10-22,Keshopur APMC,211.65,1325.0,10,post_monsoon,agra,30.3,17.2,0.0,63,32.9,22.2,0.2,57.0
2023-10-26,Keshopur APMC,65.4,1400.0,10,post_monsoon,agra,30.7,16.7,0.0,59,31.1,17.8,0.0,58.0
2023-10-27,Keshopur APMC,204.0,1350.0,10,post_monsoon,agra,30.4,16.0,0.0,55,31.4,18.3,0.0,59.0
2023-11-03,Keshopur APMC,159.09,1250.0,11,post_monsoon,agra,28.5,17.7,0.6,71,30.6,16.1,0.0,50.0
2023-11-04,Keshopur APMC,133.65,1250.0,11,post_monsoon,agra,29.6,15.7,0.0,68,32.0,17.6,0.0,57.0
2023-11-06,Keshopur APMC,131.0,1250.0,11,post_monsoon,agra,29.4,15.2,0.0,63,31.7,18.6,0.0,64.0
2023-11-09,Keshopur APMC,25.9,1225.0,11,post_monsoon,agra,29.2,16.6,0.0,68,31.0,17.1,0.3,63.0
2023-11-13,Keshopur APMC,76.4,1200.0,11,post_monsoon,agra,25.3,13.1,0.0,75,31.2,16.7,0.0,65.0
2023-11-14,Keshopur APMC,111.8,1200.0,11,post_monsoon,agra,25.1,14.3,0.0,73,30.9,16.6,0.0,61.0
2023-11-17,Keshopur APMC,176.45,1150.0,11,post_monsoon,agra,26.7,14.8,0.0,74,26.4,16.2,0.0,77.0
2023-11-23,Keshopur APMC,122.65,1200.0,11,post_monsoon,agra,24.6,11.0,0.0,72,25.9,13.0,0.0,72.0
2023-11-24,Keshopur APMC,315.3,1200.0,11,post_monsoon,agra,25.0,13.8,0.0,72,25.3,13.5,0.0,66.0
2023-11-25,Keshopur APMC,278.55,1300.0,11,post_monsoon,agra,25.0,11.8,0.0,70,26.1,13.7,0.0,70.0
2023-11-26,Keshopur APMC,144.6,1300.0,11,post_monsoon,agra,25.5,13.8,0.0,71,26.1,14.0,0.0,68.0
2023-11-30,Keshopur APMC,49.05,1300.0,11,post_monsoon,agra,21.2,14.3,1.5,86,25.0,13.0,0.0,72.0
2023-12-01,Keshopur APMC,250.95,1200.0,12,winter,agra,24.0,14.3,0.7,82,25.2,11.8,0.0,79.0
2023-12-02,Keshopur APMC,139.55,1300.0,12,winter,agra,24.1,13.7,0.0,79,25.2,12.9,0.0,75.0
2023-12-03,Keshopur APMC,197.15,1200.0,12,winter,agra,24.3,12.3,0.7,77,23.7,16.1,0.9,77.0
2023-12-04,Keshopur APMC,144.9,1200.0,12,winter,agra,22.8,14.2,0.0,73,24.6,15.9,1.5,77.0
2023-12-05,Keshopur APMC,169.55,1200.0,12,winter,agra,23.2,12.1,0.0,75,24.8,14.2,0.0,81.0
2023-12-07,Keshopur APMC,99.9,1100.0,12,winter,agra,24.1,11.3,0.0,78,24.2,15.5,0.1,87.0
2023-12-08,Keshopur APMC,195.95,1000.0,12,winter,agra,23.8,11.1,0.0,76,25.0,14.4,0.1,81.0
2023-12-10,Keshopur APMC,166.6,1200.0,12,winter,agra,22.6,10.6,0.0,70,22.0,15.0,10.5,85.0
2023-12-11,Keshopur APMC,239.75,1150.0,12,winter,agra,21.9,8.6,0.0,70,23.1,12.9,0.0,85.0
2023-12-14,Keshopur APMC,78.45,1250.0,12,winter,agra,22.1,9.4,0.0,72,23.8,12.6,0.0,78.0
2023-12-15,Keshopur APMC,226.75,1200.0,12,winter,agra,21.8,7.1,0.0,73,23.9,12.3,0.0,75.0
2023-12-16,Keshopur APMC,177.8,1150.0,12,winter,agra,22.3,7.9,0.0,71,23.0,11.3,0.0,74.0
2023-12-17,Keshopur APMC,176.85,1000.0,12,winter,agra,22.5,8.8,0.0,68,22.7,10.0,0.0,79.0
2023-12-18,Keshopur APMC,183.21,1000.0,12,winter,agra,21.6,8.8,0.0,69,22.9,9.9,0.0,73.0
2023-12-19,Keshopur APMC,222.18,1100.0,12,winter,agra,21.6,8.2,0.0,67,23.0,9.5,0.0,73.0
2023-12-21,Keshopur APMC,155.8,950.0,12,winter,agra,21.5,7.6,0.0,76,22.0,8.4,0.0,75.0
2023-12-22,Keshopur APMC,125.95,900.0,12,winter,agra,21.2,6.8,0.0,78,22.2,8.9,0.0,74.0
2023-12-23,Keshopur APMC,115.35,850.0,12,winter,agra,22.0,10.6,1.2,73,22.8,9.3,0.0,72.0
2023-12-24,Keshopur APMC,182.05,850.0,12,winter,agra,22.7,9.5,0.0,78,21.2,9.7,0.0,71.0
2023-12-26,Keshopur APMC,244.35,850.0,12,winter,agra,22.3,9.3,0.0,78,19.7,7.6,0.0,75.0
2023-12-28,Keshopur APMC,144.6,900.0,12,winter,agra,20.7,9.2,0.0,87,20.7,8.7,0.0,80.0
2023-12-29,Keshopur APMC,294.2,800.0,12,winter,agra,19.8,8.1,0.0,90,21.2,9.7,0.2,84.0
2023-12-30,Keshopur APMC,166.65,800.0,12,winter,agra,18.4,9.0,0.0,91,21.9,8.4,0.0,83.0
2023-12-31,Keshopur APMC,284.3,800.0,12,winter,agra,18.4,8.3,0.0,86,22.4,9.9,0.0,84.0
2024-01-01,Keshopur APMC,202.75,800.0,1,winter,agra,16.1,6.3,0.0,87,22.6,9.1,0.0,81.0
2024-01-02,Keshopur APMC,266.35,1050.0,1,winter,agra,15.0,4.6,0.0,87,22.1,8.2,0.0,83.0
2024-01-04,Keshopur APMC,151.1,800.0,1,winter,agra,17.5,5.2,0.0,84,18.5,9.3,0.0,90.0
2024-01-05,Keshopur APMC,229.2,800.0,1,winter,agra,17.1,8.1,0.1,87,17.4,8.6,0.0,91.0
2024-01-06,Keshopur APMC,243.2,800.0,1,winter,agra,16.9,6.6,0.0,84,18.0,7.6,0.0,90.0
2024-01-07,Keshopur APMC,166.0,800.0,1,winter,agra,17.4,6.7,0.0,81,17.7,6.9,0.0,87.0
2024-01-09,Keshopur APMC,188.35,800.0,1,winter,agra,18.0,6.4,0.0,87,17.5,9.7,0.0,84.0
2024-01-12,Keshopur APMC,243.1,800.0,1,winter,agra,17.4,5.3,0.0,88,18.0,7.3,0.0,82.0
2024-01-13,Keshopur APMC,194.75,800.0,1,winter,agra,17.8,5.7,0.0,86,18.3,6.7,0.0,85.0
2024-01-14,Keshopur APMC,154.55,750.0,1,winter,agra,17.7,4.5,0.0,87,18.8,6.8,0.0,87.0
2024-01-19,Keshopur APMC,198.85,750.0,1,winter,agra,16.4,6.2,0.0,90,19.0,5.1,0.0,89.0
2024-01-20,Keshopur APMC,225.6,775.0,1,winter,agra,15.8,5.5,0.0,89,19.5,5.3,0.0,86.0
2024-01-25,Keshopur APMC,121.45,875.0,1,winter,agra,17.2,6.0,0.0,89,16.0,5.1,0.0,91.0
2024-01-29,Keshopur APMC,196.9,900.0,1,winter,agra,21.2,8.7,0.0,86,17.1,5.3,0.0,93.0
2024-01-30,Keshopur APMC,264.0,825.0,1,winter,agra,20.3,9.8,0.0,91,19.1,8.0,0.0,90.0
2024-02-01,Keshopur APMC,130.6,1000.0,2,winter,agra,21.0,11.9,33.0,86,18.3,6.8,0.0,87.0
2024-02-02,Keshopur APMC,246.75,1000.0,2,winter,agra,19.2,8.8,0.0,85,21.6,6.6,0.0,85.0
2024-02-03,Keshopur APMC,59.15,875.0,2,winter,agra,20.4,7.7,0.0,72,22.9,8.2,0.0,84.0
2024-02-04,Keshopur APMC,120.35,875.0,2,winter,agra,21.1,12.6,4.3,86,21.8,10.7,0.0,85.0
2024-02-10,Keshopur APMC,131.15,850.0,2,winter,agra,19.7,7.2,0.0,81,22.6,13.7,28.1,84.0
2024-02-11,Keshopur APMC,176.25,850.0,2,winter,agra,21.4,7.9,0.0,77,20.8,12.3,0.7,89.0
2024-02-12,Keshopur APMC,127.95,850.0,2,winter,agra,21.5,8.2,0.0,77,19.6,9.1,0.0,76.0
2024-02-19,Keshopur APMC,204.9,825.0,2,winter,agra,27.2,14.9,0.0,61,23.1,9.5,0.0,81.0
2024-02-20,Keshopur APMC,194.6,1050.0,2,winter,agra,27.4,15.2,0.1,65,23.6,12.3,0.0,76.0
2024-02-22,Keshopur APMC,131.85,1000.0,2,winter,agra,24.2,11.1,0.0,51,24.0,10.4,0.0,74.0
2024-02-29,Keshopur APMC,108.25,1090.0,2,winter,agra,26.4,11.8,0.0,56,23.4,10.4,0.0,50.0
2024-03-02,Keshopur APMC,186.55,1075.0,3,summer,agra,25.2,17.6,6.7,73,24.7,10.8,0.0,48.0
2024-03-07,Keshopur APMC,104.9,1300.0,3,summer,agra,23.8,9.9,0.0,61,27.7,12.4,0.0,60.0
2024-03-08,Keshopur APMC,184.0,1300.0,3,summer,agra,25.1,10.6,0.0,58,26.5,16.5,7.6,74.0
2024-03-10,Keshopur APMC,81.15,1300.0,3,summer,agra,26.3,11.3,0.0,56,23.3,13.3,0.0,67.0
2024-03-11,Keshopur APMC,127.25,1300.0,3,summer,agra,29.3,15.3,0.0,51,22.2,9.1,0.0,58.0
2024-03-12,Keshopur APMC,259.25,1400.0,3,summer,agra,29.2,13.9,0.0,49,22.6,10.1,0.0,58.0
2024-03-14,Keshopur APMC,142.85,1400.0,3,summer,agra,29.0,14.0,0.0,54,26.0,11.3,0.0,59.0
2024-03-15,Keshopur APMC,159.5,1500.0,3,summer,agra,27.4,13.9,0.0,44,25.6,12.2,0.0,52.0
2024-03-28,Keshopur APMC,74.3,1350.0,3,summer,agra,36.8,22.1,0.0,42,32.1,17.3,0.0,54.0
2024-04-06,Keshopur APMC,178.25,1700.0,4,summer,agra,35.1,19.9,0.0,21,36.0,19.7,0.0,30.0
2024-04-07,Keshopur APMC,167.7,1650.0,4,summer,agra,35.4,17.5,0.0,21,34.2,19.9,0.0,30.0
2024-04-08,Keshopur APMC,189.45,1800.0,4,summer,agra,36.9,18.6,0.0,22,33.9,18.4,0.0,30.0
2024-04-09,Keshopur APMC,248.5,1800.0,4,summer,agra,37.7,18.6,0.0,19,36.3,18.9,0.0,25.0
2024-04-14,Keshopur APMC,160.03,1650.0,4,summer,agra,33.6,22.5,0.2,48,37.4,19.5,0.0,17.0
2024-04-15,Keshopur APMC,83.85,1750.0,4,summer,agra,36.2,22.0,0.0,51,38.2,19.9,0.0,18.0
2024-04-18,Keshopur APMC,109.6,1800.0,4,summer,agra,37.9,23.4,0.0,24,38.4,23.0,0.0,24.0
2024-04-19,Keshopur APMC,361.05,1800.0,4,summer,agra,38.3,24.6,0.0,30,37.6,23.0,0.0,33.0
2024-04-20,Keshopur APMC,118.95,1800.0,4,summer,agra,36.4,22.0,0.0,28,36.7,22.8,0.0,38.0
2024-04-25,Keshopur APMC,51.8,1900.0,4,summer,agra,38.3,21.4,0.0,26,39.9,25.3,0.0,23.0
2024-04-26,Keshopur APMC,179.6,1900.0,4,summer,agra,39.4,23.4,0.0,23,38.1,25.4,0.0,18.0
2024-04-27,Keshopur APMC,225.65,2000.0,4,summer,agra,38.1,25.7,0.0,27,36.9,24.7,0.0,26.0
2024-04-28,Keshopur APMC,129.75,1700.0,4,summer,agra,37.6,23.3,0.0,28,38.4,23.5,0.0,23.0
2024-04-29,Keshopur APMC,84.15,1800.0,4,summer,agra,38.1,23.5,0.0,27,39.1,23.4,0.0,21.0
2024-04-30,Keshopur APMC,112.9,1800.0,4,summer,agra,36.3,23.2,0.0,26,39.1,23.4,0.0,23.0
2024-05-02,Keshopur APMC,49.15,1700.0,5,summer,agra,35.1,19.2,0.0,27,40.9,24.2,0.0,21.0
2024-05-03,Keshopur APMC,190.3,1800.0,5,summer,agra,38.2,20.2,0.0,23,40.0,27.3,0.0,25.0
2024-05-04,Keshopur APMC,152.5,1700.0,5,summer,agra,40.7,26.4,0.0,19,39.7,23.3,0.0,20.0
2024-05-05,Keshopur APMC,203.45,1800.0,5,summer,agra,41.1,24.7,0.0,21,40.4,25.3,0.0,20.0
2024-05-06,Keshopur APMC,143.4,1800.0,5,summer,agra,40.7,25.7,0.0,22,37.9,25.3,0.0,20.0
2024-05-07,Keshopur APMC,78.85,1800.0,5,summer,agra,41.4,26.9,0.0,27,35.7,21.9,0.0,15.0
2024-05-13,Keshopur APMC,105.2,1800.0,5,summer,agra,40.8,26.8,0.0,30,43.2,25.9,0.0,25.0
2024-05-14,Keshopur APMC,181.85,1800.0,5,summer,agra,40.7,24.7,0.0,24,39.3,28.2,0.0,37.0
2024-05-16,Keshopur APMC,51.45,1700.0,5,summer,agra,42.5,25.5,0.0,20,40.5,27.3,0.0,39.0
2024-05-17,Keshopur APMC,208.15,1800.0,5,summer,agra,44.2,26.7,0.0,19,39.8,27.2,0.0,39.0
2024-05-18,Keshopur APMC,100.85,1800.0,5,summer,agra,44.3,27.2,0.0,20,39.2,26.4,0.0,40.0
2024-05-19,Keshopur APMC,184.55,1800.0,5,summer,agra,45.4,27.8,0.0,16,41.0,26.3,0.0,35.0
2024-05-20,Keshopur APMC,111.75,1800.0,5,summer,agra,44.2,29.3,0.0,19,41.1,23.6,0.0,31.0
2024-05-21,Keshopur APMC,179.75,1700.0,5,summer,agra,43.0,28.7,0.0,27,42.3,27.2,0.0,23.0
2024-05-23,Keshopur APMC,21.95,1800.0,5,summer,agra,41.3,30.7,0.0,35,44.2,27.4,0.0,20.0
2024-05-24,Keshopur APMC,100.1,1800.0,5,summer,agra,40.8,30.7,0.0,35,45.0,27.6,0.0,18.0
2024-05-26,Keshopur APMC,68.35,2000.0,5,summer,agra,46.3,29.3,0.0,18,44.5,28.7,0.0,18.0
2024-05-27,Keshopur APMC,152.0,1800.0,5,summer,agra,46.0,29.9,0.0,20,43.1,28.2,0.0,30.0
2024-05-28,Keshopur APMC,161.74,1700.0,5,summer,agra,46.4,28.6,0.0,16,42.3,30.1,0.0,37.0
2024-05-30,Keshopur APMC,34.6,1800.0,5,summer,agra,46.3,32.6,0.0,16,41.1,30.2,0.0,40.0
2024-06-01,Keshopur APMC,108.1,1800.0,6,monsoon,solan,44.5,30.4,0.0,17,34.2,16.3,0.0,30.0
2024-06-02,Keshopur APMC,109.8,1700.0,6,monsoon,solan,41.9,30.6,0.0,25,33.7,16.9,0.0,26.0
2024-06-03,Keshopur APMC,136.85,1800.0,6,monsoon,solan,44.7,29.6,0.0,24,34.3,17.5,0.0,22.0
2024-06-04,Keshopur APMC,91.8,1700.0,6,monsoon,solan,43.5,30.8,0.0,18,36.5,16.9,0.0,17.0
2024-06-06,Keshopur APMC,65.45,1800.0,6,monsoon,solan,41.0,27.6,0.0,31,35.0,18.0,0.0,17.0
2024-06-07,Keshopur APMC,191.6,2100.0,6,monsoon,solan,42.4,28.5,0.0,31,35.1,18.2,0.0,17.0
2024-06-08,Keshopur APMC,96.7,2000.0,6,monsoon,solan,40.1,27.9,0.0,28,32.0,17.7,0.2,30.0
2024-06-09,Keshopur APMC,213.7,1900.0,6,monsoon,solan,42.5,27.7,0.0,23,33.1,17.3,0.0,26.0
2024-06-11,Keshopur APMC,109.15,2000.0,6,monsoon,solan,43.5,28.9,0.0,19,32.6,18.3,1.3,38.0
2024-06-13,Keshopur APMC,24.5,2000.0,6,monsoon,solan,45.1,29.3,0.0,20,32.0,19.9,0.0,34.0
2024-06-14,Keshopur APMC,251.35,2000.0,6,monsoon,solan,43.7,32.7,0.0,27,30.7,20.1,0.0,34.0
2024-06-15,Keshopur APMC,127.65,2000.0,6,monsoon,solan,43.6,32.2,0.0,27,31.5,18.2,0.0,31.0
2024-06-21,Keshopur APMC,178.35,2200.0,6,monsoon,solan,38.0,25.3,1.5,54,33.8,22.0,0.0,26.0
2024-06-22,Keshopur APMC,195.25,2100.0,6,monsoon,solan,38.1,29.6,0.0,54,34.6,22.9,0.0,29.0
2024-06-23,Keshopur APMC,162.25,2100.0,6,monsoon,solan,39.2,30.0,0.0,52,34.7,24.1,0.0,28.0
2024-06-24,Keshopur APMC,78.5,2200.0,6,monsoon,solan,39.2,30.9,0.7,55,34.9,24.3,0.0,31.0
2024-06-25,Keshopur APMC,118.15,2100.0,6,monsoon,solan,37.0,29.7,2.3,62,33.4,21.6,0.7,35.0
2024-06-30,Keshopur APMC,125.1,2300.0,6,monsoon,solan,34.7,26.6,12.7,78,28.4,20.8,13.4,73.0
2024-07-01,Keshopur APMC,132.75,2300.0,7,monsoon,solan,34.6,26.0,11.7,80,30.1,21.3,9.2,76.0
2024-07-08,Keshopur APMC,115.2,2100.0,7,monsoon,solan,33.0,25.2,0.1,78,26.9,21.0,7.1,89.0
2024-07-11,Keshopur APMC,61.05,2300.0,7,monsoon,solan,36.4,27.2,1.3,78,26.1,19.9,6.4,89.0
2024-07-16,Keshopur APMC,152.35,2200.0,7,monsoon,solan,34.1,25.9,20.3,79,27.4,18.8,2.4,83.0
2024-07-18,Keshopur APMC,16.0,2200.0,7,monsoon,solan,34.6,27.6,3.4,78,28.3,18.6,0.6,80.0
2024-07-19,Keshopur APMC,171.25,2300.0,7,monsoon,solan,34.5,27.6,0.7,79,26.5,18.5,0.5,82.0
2024-07-20,Keshopur APMC,119.2,2300.0,7,monsoon,solan,35.1,27.1,0.2,77,26.7,18.1,3.3,81.0
2024-07-21,Keshopur APMC,204.0,2300.0,7,monsoon,solan,34.9,27.3,1.7,79,27.5,18.6,3.8,83.0
2024-07-22,Keshopur APMC,88.8,2300.0,7,monsoon,solan,34.7,27.7,5.9,79,27.0,20.2,6.0,84.0
2024-08-02,Keshopur APMC,234.1,2600.0,8,monsoon,solan,32.2,25.7,3.3,84,26.6,20.2,3.0,86.0
2024-08-03,Keshopur APMC,99.9,2500.0,8,monsoon,solan,32.3,26.2,1.4,83,28.9,21.7,1.8,79.0
2024-08-22,Keshopur APMC,30.95,2450.0,8,monsoon,solan,32.7,24.8,6.2,85,26.9,18.9,4.6,88.0
2024-08-23,Keshopur APMC,108.65,2500.0,8,monsoon,solan,31.2,24.8,0.4,86,26.1,19.3,6.2,89.0
2024-09-05,Keshopur APMC,64.95,2350.0,9,monsoon,agra,31.7,25.0,2.9,84,32.1,25.0,3.7,83.0
2024-09-07,Keshopur APMC,169.5,2400.0,9,monsoon,agra,30.3,24.3,27.0,87,33.3,26.5,4.7,81.0
2024-09-08,Keshopur APMC,125.65,2350.0,9,monsoon,agra,31.4,24.6,9.9,87,32.3,25.9,2.0,82.0
2024-09-09,Keshopur APMC,125.6,2300.0,9,monsoon,agra,32.8,25.6,3.1,81,32.6,26.3,5.7,84.0
2024-09-16,Keshopur APMC,154.2,2250.0,9,monsoon,agra,32.4,23.7,0.0,74,32.7,25.7,1.5,86.0
2024-09-19,Keshopur APMC,46.65,2400.0,9,monsoon,agra,29.8,23.0,3.3,85,30.3,23.5,6.3,87.0
2024-09-20,Keshopur APMC,192.05,2400.0,9,monsoon,agra,31.4,24.2,0.1,81,31.3,23.4,0.0,82.0
2024-09-21,Keshopur APMC,162.15,2400.0,9,monsoon,agra,31.8,25.0,0.3,79,31.9,23.6,0.0,76.0
2024-09-23,Keshopur APMC,165.75,2300.0,9,monsoon,agra,33.5,25.2,0.0,79,31.9,25.0,0.2,75.0
2024-09-24,Keshopur APMC,142.3,2350.0,9,monsoon,agra,33.6,25.3,0.0,77,26.0,22.7,60.2,92.0
2024-09-26,Keshopur APMC,28.4,2250.0,9,monsoon,agra,31.4,25.3,0.4,82,30.4,22.3,0.1,83.0
2024-09-28,Keshopur APMC,111.3,2350.0,9,monsoon,agra,30.6,23.1,0.0,81,33.2,25.4,0.0,77.0
2024-09-29,Keshopur APMC,212.35,2400.0,9,monsoon,agra,30.8,22.9,0.2,83,34.3,27.0,0.0,75.0
2024-09-30,Keshopur APMC,152.55,2350.0,9,monsoon,agra,33.0,23.6,0.0,78,33.8,25.3,0.0,77.0
2024-10-04,Keshopur APMC,373.25,2200.0,10,post_monsoon,agra,33.9,23.9,0.0,69,29.2,24.7,0.5,82.0
2024-10-05,Keshopur APMC,164.95,2150.0,10,post_monsoon,agra,34.1,24.1,0.0,67,30.4,24.1,0.9,84.0
2024-10-06,Keshopur APMC,256.85,2000.0,10,post_monsoon,agra,34.2,23.6,0.0,65,32.3,24.0,0.0,79.0
2024-10-07,Keshopur APMC,215.15,2000.0,10,post_monsoon,agra,32.9,22.3,0.0,68,33.8,24.4,0.0,76.0
2024-10-08,Keshopur APMC,95.2,2000.0,10,post_monsoon,agra,33.2,22.2,0.0,68,35.1,25.2,0.0,70.0
2024-10-10,Keshopur APMC,58.8,2000.0,10,post_monsoon,agra,33.2,21.9,0.0,57,33.6,23.7,0.0,65.0
2024-10-11,Keshopur APMC,208.85,1950.0,10,post_monsoon,agra,32.5,19.3,0.0,52,33.4,23.9,0.0,68.0
2024-10-12,Keshopur APMC,168.8,1900.0,10,post_monsoon,agra,32.8,19.3,0.0,56,33.7,22.9,0.0,69.0
2024-10-13,Keshopur APMC,124.4,1950.0,10,post_monsoon,agra,32.8,19.9,0.0,53,33.0,23.0,0.0,72.0
2024-10-15,Keshopur APMC,167.2,1800.0,10,post_monsoon,agra,32.7,19.3,0.0,55,33.0,22.2,0.0,67.0
2024-10-17,Keshopur APMC,92.45,1750.0,10,post_monsoon,agra,33.7,21.1,0.0,59,32.2,21.5,0.0,65.0
2024-10-18,Keshopur APMC,177.08,1800.0,10,post_monsoon,agra,34.1,20.9,0.0,60,32.0,22.1,0.0,64.0
2024-10-19,Keshopur APMC,249.15,1800.0,10,post_monsoon,agra,34.4,21.8,0.0,60,32.2,23.4,0.0,67.0
2024-10-20,Keshopur APMC,110.3,1800.0,10,post_monsoon,agra,33.6,21.3,0.0,64,31.6,23.1,0.0,65.0
2024-10-21,Keshopur APMC,184.75,1900.0,10,post_monsoon,agra,32.8,21.1,0.0,66,31.8,20.2,0.0,61.0
2024-10-22,Keshopur APMC,95.25,1950.0,10,post_monsoon,agra,31.9,20.8,0.0,66,32.8,20.1,0.0,59.0
2024-10-24,Keshopur APMC,75.75,1750.0,10,post_monsoon,agra,33.1,20.2,0.0,59,33.3,21.2,0.0,64.0
2024-10-25,Keshopur APMC,165.55,1750.0,10,post_monsoon,agra,32.7,19.0,0.0,59,34.1,20.6,0.0,61.0
2024-10-26,Keshopur APMC,191.7,1900.0,10,post_monsoon,agra,32.0,19.3,0.0,62,33.7,21.2,0.0,57.0
2024-10-27,Keshopur APMC,141.2,1950.0,10,post_monsoon,agra,31.6,20.5,0.0,70,32.7,21.2,0.0,64.0
2024-10-28,Keshopur APMC,138.35,1900.0,10,post_monsoon,agra,31.9,21.3,0.0,68,32.3,20.6,0.0,67.0
2024-10-31,Keshopur APMC,20.9,1900.0,10,post_monsoon,agra,33.3,21.1,0.0,61,31.3,20.5,0.0,67.0
2024-11-01,Keshopur APMC,172.2,1950.0,11,post_monsoon,agra,32.7,19.4,0.0,52,31.5,19.3,0.0,69.0
2024-11-02,Keshopur APMC,44.0,1900.0,11,post_monsoon,agra,32.0,17.9,0.0,55,31.1,19.9,0.0,73.0
2024-11-03,Keshopur APMC,47.7,1850.0,11,post_monsoon,agra,31.7,18.5,0.0,56,31.3,20.3,0.0,73.0
2024-11-04,Keshopur APMC,97.0,1800.0,11,post_monsoon,agra,30.7,17.4,0.0,64,32.5,21.0,0.0,72.0
2024-11-05,Keshopur APMC,88.15,2200.0,11,post_monsoon,agra,29.6,18.5,0.0,71,33.4,21.8,0.0,67.0
2024-11-07,Keshopur APMC,126.95,2100.0,11,post_monsoon,agra,30.2,19.5,0.0,66,32.1,19.2,0.0,60.0
2024-11-08,Keshopur APMC,213.5,2150.0,11,post_monsoon,agra,30.6,19.5,0.0,65,32.3,18.6,0.0,60.0
2024-11-09,Keshopur APMC,247.15,2100.0,11,post_monsoon,agra,31.0,20.0,0.0,65,31.6,19.0,0.0,62.0
2024-11-10,Keshopur APMC,105.75,2200.0,11,post_monsoon,agra,30.6,19.5,0.0,70,29.9,17.1,0.0,64.0
2024-11-11,Keshopur APMC,150.4,2100.0,11,post_monsoon,agra,29.9,19.3,0.0,73,29.5,17.8,0.0,67.0
2024-11-12,Keshopur APMC,182.95,2150.0,11,post_monsoon,agra,31.5,19.7,0.0,60,29.9,17.8,0.0,64.0
2024-11-14,Keshopur APMC,58.3,2200.0,11,post_monsoon,agra,29.9,18.4,0.0,58,29.9,18.5,0.0,68.0
2024-11-17,Keshopur APMC,196.8,1800.0,11,post_monsoon,agra,28.4,17.6,0.0,60,30.5,18.9,0.0,71.0
2024-11-18,Keshopur APMC,132.2,1900.0,11,post_monsoon,agra,26.4,15.6,0.0,61,30.9,18.0,0.0,67.0
2024-11-19,Keshopur APMC,108.6,1950.0,11,post_monsoon,agra,25.9,13.7,0.0,54,30.4,18.9,0.0,57.0
2024-11-21,Keshopur APMC,123.6,2000.0,11,post_monsoon,agra,25.8,13.1,0.0,53,29.6,17.6,0.0,62.0
2024-11-22,Keshopur APMC,109.85,2100.0,11,post_monsoon,agra,26.3,13.7,0.0,56,29.1,17.3,0.0,58.0
2024-11-23,Keshopur APMC,189.35,2050.0,11,post_monsoon,agra,27.5,14.2,0.0,54,29.5,17.3,0.0,58.0
2024-11-24,Keshopur APMC,175.75,2150.0,11,post_monsoon,agra,27.7,15.7,0.0,50,26.2,17.0,0.0,66.0
2024-11-25,Keshopur APMC,144.05,2200.0,11,post_monsoon,agra,25.9,14.9,0.0,59,25.8,14.4,0.0,58.0
2024-11-26,Keshopur APMC,181.6,2100.0,11,post_monsoon,agra,25.6,13.6,0.0,57,25.3,13.0,0.0,57.0
2024-11-28,Keshopur APMC,92.45,2200.0,11,post_monsoon,agra,25.4,12.6,0.0,54,25.5,13.0,0.0,62.0
2024-11-29,Keshopur APMC,119.55,2150.0,11,post_monsoon,agra,24.4,12.2,0.0,63,26.3,13.6,0.0,62.0
2024-11-30,Keshopur APMC,171.0,2200.0,11,post_monsoon,agra,24.8,12.2,0.0,63,27.2,14.5,0.0,58.0
2024-12-02,Keshopur APMC,217.75,2550.0,12,winter,agra,25.7,13.4,0.0,61,25.7,13.5,0.0,61.0
2024-12-03,Keshopur APMC,217.75,2550.0,12,winter,agra,26.4,13.3,0.0,58,26.0,13.2,0.0,64.0
2024-12-05,Keshopur APMC,98.7,2400.0,12,winter,agra,23.6,11.6,0.0,46,23.9,12.1,0.0,69.0
2024-12-06,Keshopur APMC,362.5,2400.0,12,winter,agra,23.6,11.1,0.0,48,24.1,12.0,0.0,69.0
2024-12-07,Keshopur APMC,200.35,2250.0,12,winter,agra,23.0,9.5,0.0,47,24.5,12.5,0.0,71.0
2024-12-08,Keshopur APMC,201.6,2300.0,12,winter,agra,22.5,11.2,0.6,54,25.2,13.1,0.0,68.0
2024-12-09,Keshopur APMC,196.75,1850.0,12,winter,agra,20.3,10.8,0.0,66,25.8,13.6,0.0,66.0
2024-12-10,Keshopur APMC,264.25,1850.0,12,winter,agra,20.2,9.5,0.0,54,25.4,14.0,0.0,65.0
2024-12-12,Keshopur APMC,108.35,1700.0,12,winter,agra,20.6,7.2,0.0,53,24.3,10.9,0.0,59.0
2024-12-13,Keshopur APMC,194.2,1900.0,12,winter,agra,20.5,9.1,0.0,48,23.8,11.1,0.0,61.0
2024-12-14,Keshopur APMC,214.45,1950.0,12,winter,agra,20.7,8.5,0.0,45,22.8,11.1,0.1,59.0
2024-12-15,Keshopur APMC,152.65,1900.0,12,winter,agra,20.7,7.0,0.0,54,20.7,11.1,0.1,67.0
2024-12-16,Keshopur APMC,290.25,2000.0,12,winter,agra,20.9,6.6,0.0,70,20.4,10.1,0.0,61.0
2024-12-17,Keshopur APMC,99.95,2000.0,12,winter,agra,20.4,7.3,0.0,75,20.1,7.9,0.0,55.0
2024-12-19,Keshopur APMC,206.45,1950.0,12,winter,agra,21.1,7.7,0.0,63,20.2,9.1,0.0,54.0
2024-12-20,Keshopur APMC,233.7,2000.0,12,winter,agra,23.0,9.9,0.0,65,20.3,8.2,0.0,51.0
2024-12-21,Keshopur APMC,107.95,2000.0,12,winter,agra,22.1,8.7,0.0,66,20.5,7.2,0.0,62.0
2024-12-22,Keshopur APMC,296.7,1950.0,12,winter,agra,22.6,9.9,0.0,61,20.0,6.7,0.0,71.0
2024-12-23,Keshopur APMC,195.65,1800.0,12,winter,agra,18.2,11.3,0.6,68,20.7,6.7,0.0,77.0
2024-12-26,Keshopur APMC,179.75,1200.0,12,winter,agra,22.5,9.7,0.0,70,22.4,10.3,0.0,72.0
2024-12-27,Keshopur APMC,252.5,1250.0,12,winter,agra,16.8,14.1,31.9,85,22.8,9.2,0.0,70.0
2024-12-28,Keshopur APMC,232.2,1350.0,12,winter,agra,18.2,12.1,2.9,89,22.0,8.7,0.0,68.0
2024-12-29,Keshopur APMC,137.55,1650.0,12,winter,agra,18.4,10.7,0.0,86,19.5,11.5,1.3,65.0
2024-12-30,Keshopur APMC,99.45,1750.0,12,winter,agra,18.3,9.5,0.0,87,18.9,13.1,1.9,82.0
2024-12-31,Keshopur APMC,175.65,1650.0,12,winter,agra,16.0,7.6,0.0,89,21.5,12.8,0.0,83.0
2025-01-03,Keshopur APMC,196.6,1500.0,1,winter,agra,19.5,8.2,0.0,89,19.8,14.3,9.2,90.0
2025-01-05,Keshopur APMC,119.4,1700.0,1,winter,agra,18.2,8.9,0.0,89,18.5,9.1,0.0,88.0
2025-01-06,Keshopur APMC,211.76,1650.0,1,winter,agra,18.1,9.3,4.3,89,16.5,7.9,0.0,88.0
2025-01-07,Keshopur APMC,243.6,1600.0,1,winter,agra,17.7,10.2,0.0,88,16.6,7.2,0.0,87.0
2025-01-09,Keshopur APMC,60.35,1650.0,1,winter,agra,18.6,7.3,0.0,79,20.5,7.7,0.0,84.0
2025-01-10,Keshopur APMC,210.55,1400.0,1,winter,agra,17.8,8.0,0.0,86,20.5,8.9,0.0,91.0
2025-01-11,Keshopur APMC,333.9,1300.0,1,winter,agra,16.8,7.6,7.6,88,19.2,7.9,0.0,92.0
2025-01-12,Keshopur APMC,201.1,1300.0,1,winter,agra,18.2,10.0,0.7,87,17.3,8.3,0.0,91.0
2025-01-13,Keshopur APMC,138.6,1400.0,1,winter,agra,19.2,8.0,0.0,86,17.5,9.7,0.0,88.0
2025-01-14,Keshopur APMC,93.45,1400.0,1,winter,agra,18.4,7.8,0.0,84,18.8,7.9,0.0,81.0
2025-01-16,Keshopur APMC,220.1,1450.0,1,winter,agra,18.2,11.2,1.3,83,18.9,7.5,0.0,82.0
2025-01-17,Keshopur APMC,198.15,1400.0,1,winter,agra,19.0,8.7,0.0,81,19.5,8.6,6.1,86.0
2025-01-18,Keshopur APMC,185.7,1200.0,1,winter,agra,17.8,7.6,0.0,88,19.9,12.2,3.5,85.0
2025-01-19,Keshopur APMC,204.95,1200.0,1,winter,agra,21.2,8.7,0.0,86,19.0,10.2,0.0,86.0
2025-01-20,Keshopur APMC,182.75,1100.0,1,winter,agra,22.0,11.2,0.0,83,18.8,9.2,0.0,87.0
2025-01-21,Keshopur APMC,244.15,1300.0,1,winter,agra,21.9,10.4,0.0,80,19.2,7.6,0.8,88.0
2025-01-23,Keshopur APMC,105.4,1250.0,1,winter,agra,22.1,11.6,0.8,71,19.3,9.5,0.0,85.0
2025-01-24,Keshopur APMC,366.68,750.0,1,winter,agra,21.0,10.2,0.0,68,18.8,7.3,0.0,87.0
2025-01-25,Keshopur APMC,160.75,950.0,1,winter,agra,20.8,9.0,0.0,65,22.4,7.6,0.0,88.0
2025-01-28,Keshopur APMC,318.45,1100.0,1,winter,agra,22.7,7.8,0.0,60,23.5,11.4,0.0,75.0
2025-01-30,Keshopur APMC,146.35,1100.0,1,winter,agra,25.4,11.2,0.0,65,20.9,10.8,0.0,69.0
2025-01-31,Keshopur APMC,285.0,1150.0,1,winter,agra,26.5,12.4,0.0,66,20.8,9.2,0.0,67.0
2025-02-01,Keshopur APMC,380.5,1150.0,2,winter,agra,25.9,12.4,0.0,63,20.7,7.6,0.0,69.0
2025-02-02,Keshopur APMC,182.05,1000.0,2,winter,agra,23.7,13.4,0.0,71,20.9,7.2,0.0,73.0
2025-02-03,Keshopur APMC,138.35,1000.0,2,winter,agra,22.8,10.5,1.0,67,21.8,7.8,0.0,70.0
2025-02-13,Keshopur APMC,191.05,1300.0,2,winter,agra,23.5,13.5,0.0,48,21.6,10.0,0.0,55.0
2025-02-14,Keshopur APMC,306.3,1000.0,2,winter,agra,24.7,12.3,0.0,43,23.7,10.2,0.0,54.0
2025-02-15,Keshopur APMC,137.85,1000.0,2,winter,agra,25.3,13.0,0.0,49,25.6,10.4,0.0,57.0
2025-02-16,Keshopur APMC,204.9,1000.0,2,winter,agra,27.2,13.2,0.0,53,27.6,11.4,0.0,58.0
2025-02-17,Keshopur APMC,197.7,1050.0,2,winter,agra,28.8,15.5,0.0,54,29.0,12.8,0.0,57.0
2025-02-18,Keshopur APMC,228.8,1000.0,2,winter,agra,26.4,16.3,0.0,55,26.5,13.5,0.0,54.0
2025-02-20,Keshopur APMC,193.75,1050.0,2,winter,agra,24.0,15.1,5.0,69,27.0,12.5,0.0,40.0
2025-02-21,Keshopur APMC,306.75,1150.0,2,winter,agra,24.7,13.6,0.3,73,28.2,13.1,0.0,53.0
2025-02-22,Keshopur APMC,156.35,1150.0,2,winter,agra,23.6,13.4,0.0,69,27.6,14.3,0.0,50.0
2025-02-23,Keshopur APMC,139.95,1200.0,2,winter,agra,24.9,13.0,0.0,65,28.3,15.8,0.0,52.0
2025-02-24,Keshopur APMC,337.0,1000.0,2,winter,agra,26.6,13.0,0.0,60,25.2,15.2,0.0,64.0
2025-02-27,Keshopur APMC,114.9,1100.0,2,winter,agra,23.1,18.8,2.8,70,27.6,15.3,0.0,64.0
2025-02-28,Keshopur APMC,162.95,1000.0,2,winter,agra,23.3,17.9,10.1,74,26.6,14.2,0.0,61.0
2025-03-01,Keshopur APMC,345.2,1050.0,3,summer,agra,24.0,15.3,7.8,82,26.5,14.1,0.0,56.0
2025-03-03,Keshopur APMC,189.45,1150.0,3,summer,agra,27.1,12.5,0.0,59,28.9,14.9,0.0,56.0
2025-03-04,Keshopur APMC,160.5,1100.0,3,summer,agra,24.6,15.1,0.0,60,30.3,16.2,0.0,53.0
2025-03-06,Keshopur APMC,148.65,1200.0,3,summer,agra,26.7,12.6,0.0,41,29.8,19.8,0.6,62.0
2025-03-07,Keshopur APMC,276.1,1150.0,3,summer,agra,28.6,12.4,0.0,44,28.1,17.3,0.4,69.0
2025-03-08,Keshopur APMC,241.65,1200.0,3,summer,agra,30.2,14.4,0.0,43,28.8,17.2,0.0,56.0
2025-03-09,Keshopur APMC,217.7,1250.0,3,summer,agra,32.6,17.1,0.0,42,28.3,15.3,0.0,46.0
2025-03-10,Keshopur APMC,383.25,1200.0,3,summer,agra,32.4,19.6,0.0,43,27.7,18.9,0.0,42.0
2025-03-11,Keshopur APMC,130.0,1200.0,3,summer,agra,34.5,20.3,0.0,46,24.3,13.9,0.0,40.0
2025-03-13,Keshopur APMC,79.1,1250.0,3,summer,agra,32.2,20.5,3.5,52,30.0,13.6,0.0,41.0
2025-03-14,Keshopur APMC,208.0,1200.0,3,summer,agra,34.1,19.6,0.0,48,30.9,16.3,0.0,37.0
2025-03-15,Keshopur APMC,76.7,1300.0,3,summer,agra,31.2,19.1,0.3,52,32.1,17.5,0.0,39.0
2025-03-16,Keshopur APMC,283.45,1275.0,3,summer,agra,29.9,18.2,0.0,49,32.8,18.8,0.0,39.0
2025-03-17,Keshopur APMC,78.85,1200.0,3,summer,agra,28.4,17.1,0.0,45,34.6,18.8,0.0,41.0
2025-03-18,Keshopur APMC,155.45,1200.0,3,summer,agra,29.9,17.1,0.0,44,34.3,20.0,0.0,46.0
2025-03-20,Keshopur APMC,129.4,1250.0,3,summer,agra,32.8,18.8,0.0,34,34.5,19.7,0.0,47.0
2025-03-21,Keshopur APMC,329.5,1275.0,3,summer,agra,32.0,18.9,0.0,33,34.2,21.1,0.0,41.0
2025-03-22,Keshopur APMC,116.45,1300.0,3,summer,agra,31.4,18.0,0.0,33,31.6,20.0,0.0,46.0
2025-03-23,Keshopur APMC,277.1,1275.0,3,summer,agra,32.9,19.0,0.0,34,30.3,18.9,0.0,40.0
2025-03-24,Keshopur APMC,125.45,1250.0,3,summer,agra,34.3,20.0,0.0,32,30.0,17.1,0.0,43.0
2025-03-25,Keshopur APMC,111.85,1300.0,3,summer,agra,36.8,21.0,0.0,32,32.5,17.0,0.0,37.0
2025-03-27,Keshopur APMC,121.35,1225.0,3,summer,agra,36.5,23.7,0.0,27,32.8,19.6,0.0,33.0
2025-03-28,Keshopur APMC,181.05,1000.0,3,summer,agra,31.3,21.8,0.0,24,31.3,18.3,0.0,34.0
2025-03-29,Keshopur APMC,175.15,1000.0,3,summer,agra,29.3,16.2,0.0,21,33.2,16.8,0.0,35.0
2025-03-30,Keshopur APMC,205.35,1050.0,3,summer,agra,31.9,17.6,0.0,21,34.4,18.7,0.0,31.0
2025-03-31,Keshopur APMC,256.75,1100.0,3,summer,agra,34.2,17.5,0.0,21,36.1,19.9,0.0,28.0
2025-04-01,Keshopur APMC,262.85,1075.0,4,summer,agra,33.8,19.1,0.0,19,38.5,21.5,0.0,25.0
2025-04-03,Keshopur APMC,209.7,1200.0,4,summer,agra,37.9,20.5,0.0,18,33.5,23.0,0.0,21.0
2025-04-04,Keshopur APMC,259.75,1200.0,4,summer,agra,37.2,22.3,0.0,17,31.4,17.3,0.0,18.0
2025-04-05,Keshopur APMC,344.0,1250.0,4,summer,agra,35.5,21.8,0.0,22,33.3,18.3,0.0,20.0
2025-04-06,Keshopur APMC,197.5,1200.0,4,summer,agra,38.3,21.8,0.0,22,34.7,17.8,0.0,21.0
2025-04-07,Keshopur APMC,140.6,1200.0,4,summer,agra,40.3,24.4,0.0,23,34.8,19.3,0.0,18.0
2025-04-08,Keshopur APMC,55.55,1200.0,4,summer,agra,40.2,25.7,0.0,23,36.1,20.3,0.0,17.0
2025-04-10,Keshopur APMC,171.6,1000.0,4,summer,agra,38.9,27.1,0.6,32,38.0,22.6,0.0,21.0
2025-04-11,Keshopur APMC,170.9,1250.0,4,summer,agra,34.6,22.4,11.3,58,37.0,22.3,0.0,19.0
2025-04-12,Keshopur APMC,145.4,1200.0,4,summer,agra,35.0,20.5,0.3,54,39.1,23.1,0.0,22.0
2025-04-13,Keshopur APMC,94.75,1250.0,4,summer,agra,36.1,21.5,0.0,44,40.9,25.0,0.0,21.0
2025-04-14,Keshopur APMC,111.85,1150.0,4,summer,agra,35.9,23.0,0.0,40,40.8,25.6,0.0,20.0
2025-04-15,Keshopur APMC,123.85,1250.0,4,summer,agra,37.2,25.2,0.0,34,40.7,26.7,0.0,24.0
2025-04-17,Keshopur APMC,121.6,1200.0,4,summer,agra,40.8,26.3,0.0,32,36.4,23.3,0.4,42.0
2025-04-18,Keshopur APMC,278.65,1200.0,4,summer,agra,41.4,26.2,0.0,40,36.6,22.3,0.0,39.0
2025-04-19,Keshopur APMC,120.65,1200.0,4,summer,agra,40.4,27.7,0.0,41,36.9,23.8,0.0,33.0
2025-04-20,Keshopur APMC,100.35,850.0,4,summer,agra,39.4,27.5,0.0,38,36.8,24.3,0.0,33.0
2025-04-21,Keshopur APMC,91.5,850.0,4,summer,agra,40.5,26.3,0.0,25,37.5,24.6,0.0,38.0
2025-04-22,Keshopur APMC,94.65,850.0,4,summer,agra,39.7,24.4,0.0,10,38.8,25.0,0.0,34.0
2025-04-24,Keshopur APMC,72.5,1000.0,4,summer,agra,40.7,24.2,0.0,11,42.3,25.9,0.0,34.0
2025-04-25,Keshopur APMC,107.15,1000.0,4,summer,agra,41.4,25.5,0.0,13,41.0,27.6,0.0,38.0
2025-04-26,Keshopur APMC,155.3,1000.0,4,summer,agra,42.4,26.3,0.0,13,41.3,27.1,0.0,32.0
2025-04-27,Keshopur APMC,160.0,1100.0,4,summer,agra,41.3,29.0,0.0,14,41.4,26.8,0.0,18.0
2025-04-28,Keshopur APMC,225.1,1050.0,4,summer,agra,41.4,26.7,0.0,20,41.2,25.7,0.0,8.0
2025-04-29,Keshopur APMC,160.55,1150.0,4,summer,agra,37.9,25.3,0.0,34,40.9,24.5,0.0,9.0
2025-05-01,Keshopur APMC,89.75,1200.0,5,summer,agra,37.7,26.4,0.0,36,43.0,25.5,0.0,10.0
2025-05-02,Keshopur APMC,217.55,1200.0,5,summer,agra,28.8,21.8,14.6,66,41.8,26.3,0.0,13.0
2025-05-03,Keshopur APMC,124.8,1200.0,5,summer,agra,35.7,24.0,3.8,54,40.3,27.5,0.0,16.0
2025-05-04,Keshopur APMC,128.55,1100.0,5,summer,agra,34.7,24.9,0.5,49,41.3,25.6,0.0,18.0
2025-05-05,Keshopur APMC,136.85,1000.0,5,summer,agra,35.2,24.2,1.7,58,39.4,25.6,0.0,34.0
2025-05-06,Keshopur APMC,153.7,950.0,5,summer,agra,34.0,22.2,1.2,64,38.3,26.7,0.0,35.0
2025-05-08,Keshopur APMC,101.9,1200.0,5,summer,agra,31.8,23.6,4.1,65,31.0,23.4,4.1,58.0
2025-05-09,Keshopur APMC,128.9,1200.0,5,summer,agra,37.5,24.8,0.8,50,37.4,24.2,0.0,47.0
2025-05-10,Keshopur APMC,156.25,1250.0,5,summer,agra,37.5,26.2,6.7,54,36.5,26.1,0.0,41.0
2025-05-11,Keshopur APMC,236.15,1275.0,5,summer,agra,38.3,25.1,0.0,49,38.0,25.2,0.0,49.0
2025-05-12,Keshopur APMC,152.85,1250.0,5,summer,agra,39.8,25.6,0.0,33,35.6,23.7,0.0,48.0
2025-05-13,Keshopur APMC,125.35,1000.0,5,summer,agra,41.4,28.8,0.0,24,33.2,23.6,1.4,60.0
2025-05-15,Keshopur APMC,119.2,1150.0,5,summer,agra,41.9,29.7,0.0,22,35.9,24.0,0.1,55.0
2025-05-16,Keshopur APMC,255.1,1200.0,5,summer,agra,42.8,28.4,0.0,24,38.4,26.1,0.8,49.0
2025-05-17,Keshopur APMC,73.2,1150.0,5,summer,agra,43.0,29.4,0.0,30,39.6,25.6,0.0,46.0
2025-05-18,Keshopur APMC,139.85,1150.0,5,summer,agra,42.2,28.6,0.0,33,39.9,26.6,0.0,34.0
2025-05-19,Keshopur APMC,103.05,1150.0,5,summer,agra,41.8,28.7,0.0,45,40.8,27.8,0.0,27.0
2025-05-20,Keshopur APMC,126.55,1150.0,5,summer,agra,42.5,28.5,0.0,44,42.7,28.4,0.0,23.0
2025-05-22,Keshopur APMC,70.6,1200.0,5,summer,agra,37.4,25.1,0.0,55,43.7,28.0,0.0,23.0
2025-05-23,Keshopur APMC,157.7,1100.0,5,summer,agra,38.6,26.7,0.0,51,41.8,28.9,0.0,27.0
2025-05-24,Keshopur APMC,165.55,1250.0,5,summer,agra,38.0,28.9,0.0,47,43.3,29.4,0.0,32.0
2025-05-25,Keshopur APMC,120.0,1200.0,5,summer,agra,31.6,22.9,0.9,67,41.4,28.5,0.0,42.0
2025-05-26,Keshopur APMC,161.3,1200.0,5,summer,agra,35.7,24.3,0.9,65,45.0,29.2,0.0,38.0
2025-05-27,Keshopur APMC,102.0,1200.0,5,summer,agra,36.3,26.4,0.0,62,42.8,28.6,0.0,37.0
2025-05-29,Keshopur APMC,36.6,1200.0,5,summer,agra,41.0,28.1,0.0,47,39.5,27.9,0.0,44.0
2025-05-30,Keshopur APMC,36.6,1200.0,5,summer,agra,36.4,28.6,0.0,41,39.3,29.6,0.0,44.0
2025-05-31,Keshopur APMC,142.65,1250.0,5,summer,agra,41.3,27.5,0.8,40,36.7,26.4,0.1,56.0
2025-06-01,Keshopur APMC,88.5,1250.0,6,monsoon,solan,37.3,27.3,3.1,47,27.7,13.5,1.1,68.0
2025-06-02,Keshopur APMC,141.75,1300.0,6,monsoon,solan,37.5,24.8,0.3,44,26.9,14.9,2.6,77.0
2025-06-05,Keshopur APMC,32.75,1350.0,6,monsoon,solan,37.2,24.1,0.1,49,29.3,14.0,1.3,53.0
2025-06-06,Keshopur APMC,278.5,1200.0,6,monsoon,solan,38.7,26.3,0.0,40,29.6,12.4,2.6,53.0
2025-06-07,Keshopur APMC,81.6,1300.0,6,monsoon,solan,41.7,28.4,0.0,36,28.0,12.8,0.3,47.0
2025-06-08,Keshopur APMC,101.4,1300.0,6,monsoon,solan,43.0,29.9,0.0,35,26.7,13.4,4.5,55.0
2025-06-09,Keshopur APMC,105.55,1350.0,6,monsoon,solan,43.8,30.2,0.0,28,25.9,13.0,5.1,68.0
2025-06-10,Keshopur APMC,121.9,1300.0,6,monsoon,solan,43.2,30.5,0.0,22,24.6,12.5,4.3,72.0
2025-06-12,Keshopur APMC,38.0,1400.0,6,monsoon,solan,43.6,31.6,0.6,44,27.7,12.3,0.0,62.0
2025-06-13,Keshopur APMC,97.7,1600.0,6,monsoon,solan,41.2,31.9,0.0,47,28.6,13.7,0.2,66.0
2025-06-14,Keshopur APMC,232.0,1350.0,6,monsoon,solan,43.3,31.0,0.0,46,30.0,16.3,0.0,60.0
2025-06-15,Keshopur APMC,134.05,1400.0,6,monsoon,solan,38.7,30.8,0.3,49,31.7,17.8,0.0,49.0
2025-06-16,Keshopur APMC,102.2,1400.0,6,monsoon,solan,32.5,25.2,21.2,78,32.3,16.4,0.0,47.0
2025-06-17,Keshopur APMC,123.7,1600.0,6,monsoon,solan,34.0,25.4,17.6,80,31.6,16.6,1.3,57.0
2025-06-19,Keshopur APMC,48.9,1700.0,6,monsoon,solan,32.9,27.3,0.1,76,29.8,18.4,5.4,72.0
2025-06-20,Keshopur APMC,165.9,1650.0,6,monsoon,solan,32.0,25.8,1.8,83,30.6,17.5,0.1,61.0
2025-06-21,Keshopur APMC,123.95,1600.0,6,monsoon,solan,35.3,26.4,1.4,75,29.7,18.7,0.6,69.0
2025-06-22,Keshopur APMC,117.2,1500.0,6,monsoon,solan,34.9,28.4,3.4,72,27.7,17.7,9.2,82.0
2025-06-23,Keshopur APMC,185.7,1600.0,6,monsoon,solan,36.9,28.3,0.4,68,25.7,18.7,0.5,83.0
2025-06-24,Keshopur APMC,117.75,1400.0,6,monsoon,solan,37.1,27.9,0.6,71,27.9,19.1,2.7,84.0
2025-06-26,Keshopur APMC,32.1,1550.0,6,monsoon,solan,34.7,26.2,19.2,76,27.6,19.2,6.6,91.0
2025-06-28,Keshopur APMC,168.05,1800.0,6,monsoon,solan,36.7,25.9,5.0,72,26.6,17.9,3.9,88.0
2025-06-29,Keshopur APMC,135.25,1800.0,6,monsoon,solan,33.8,26.3,13.9,78,26.4,18.9,3.5,83.0
2025-06-30,Keshopur APMC,93.25,1600.0,6,monsoon,solan,32.1,25.5,23.3,87,26.6,18.5,9.1,90.0
2025-07-01,Keshopur APMC,107.8,1600.0,7,monsoon,solan,33.4,25.1,11.0,83,27.0,19.7,23.0,91.0
2025-07-03,Keshopur APMC,101.7,1400.0,7,monsoon,solan,33.4,26.9,0.5,78,27.1,18.8,5.1,86.0
2025-07-04,Keshopur APMC,246.2,1450.0,7,monsoon,solan,34.4,26.9,0.4,77,26.8,19.1,9.8,88.0
2025-07-05,Keshopur APMC,161.4,1350.0,7,monsoon,solan,35.9,26.4,4.1,75,25.4,18.8,8.6,92.0
2025-07-06,Keshopur APMC,127.15,1450.0,7,monsoon,solan,35.8,27.1,8.3,74,22.2,18.5,16.3,95.0
2025-07-07,Keshopur APMC,197.0,1450.0,7,monsoon,solan,33.4,26.1,14.1,83,26.5,17.6,21.8,87.0
2025-07-10,Keshopur APMC,105.8,1550.0,7,monsoon,solan,29.9,26.0,2.2,85,25.6,18.6,4.4,87.0
2025-07-11,Keshopur APMC,256.4,1400.0,7,monsoon,solan,31.9,25.9,0.8,81,27.0,19.6,2.1,88.0
2025-07-12,Keshopur APMC,165.35,1400.0,7,monsoon,solan,33.9,26.5,2.6,79,27.4,20.2,7.2,90.0
2025-07-13,Keshopur APMC,145.35,1450.0,7,monsoon,solan,32.7,26.5,17.5,86,28.3,18.9,1.4,82.0
2025-07-14,Keshopur APMC,180.25,1350.0,7,monsoon,solan,30.9,26.1,16.9,84,26.8,19.6,3.1,86.0
2025-07-15,Keshopur APMC,158.2,1450.0,7,monsoon,solan,32.3,25.8,6.1,83,26.0,18.3,9.2,86.0
2025-07-17,Keshopur APMC,56.65,1300.0,7,monsoon,solan,31.2,26.9,2.1,82,25.4,17.6,4.4,84.0
2025-07-18,Keshopur APMC,331.8,1250.0,7,monsoon,solan,32.3,26.5,2.5,80,27.2,17.6,2.1,84.0
2025-07-19,Keshopur APMC,137.25,1300.0,7,monsoon,solan,32.7,25.9,0.1,76,26.7,18.3,5.8,84.0
2025-07-20,Keshopur APMC,264.0,1350.0,7,monsoon,solan,34.5,26.3,0.0,72,26.5,18.9,6.9,85.0
2025-07-21,Keshopur APMC,140.65,1350.0,7,monsoon,solan,31.5,26.8,0.9,78,27.2,19.2,2.3,83.0
2025-07-24,Keshopur APMC,41.38,1300.0,7,monsoon,solan,35.6,26.3,1.1,72,27.4,19.4,3.9,85.0
2025-07-25,Keshopur APMC,164.9,1350.0,7,monsoon,solan,36.4,26.7,0.0,67,27.2,18.2,3.0,86.0
2025-07-26,Keshopur APMC,273.95,1400.0,7,monsoon,solan,36.0,27.4,2.8,72,24.8,20.6,8.8,93.0
2025-07-27,Keshopur APMC,197.75,1350.0,7,monsoon,solan,36.7,29.2,1.3,67,22.8,19.1,47.2,97.0
2025-07-28,Keshopur APMC,188.5,1300.0,7,monsoon,solan,37.5,28.6,0.4,65,25.3,18.7,1.0,87.0
2025-07-29,Keshopur APMC,139.55,1350.0,7,monsoon,solan,32.4,27.5,7.3,81,27.3,19.1,2.4,85.0
2025-07-31,Keshopur APMC,34.25,1350.0,7,monsoon,solan,31.5,25.5,22.2,88,27.4,17.9,1.1,85.0
2025-08-01,Keshopur APMC,210.45,1450.0,8,monsoon,solan,32.0,25.7,6.8,85,28.2,18.8,4.5,85.0
2025-08-02,Keshopur APMC,115.45,1350.0,8,monsoon,solan,32.8,26.1,1.8,78,26.0,19.3,4.2,91.0
2025-08-03,Keshopur APMC,114.0,1400.0,8,monsoon,solan,33.3,27.0,0.5,77,26.0,19.7,5.1,90.0
2025-08-04,Keshopur APMC,173.05,1400.0,8,monsoon,solan,31.3,26.2,0.6,81,25.8,19.4,10.2,89.0
2025-08-05,Keshopur APMC,151.8,1350.0,8,monsoon,solan,29.9,27.1,9.0,84,27.1,19.7,1.6,86.0
2025-08-07,Keshopur APMC,79.25,1350.0,8,monsoon,solan,34.1,26.2,0.0,72,25.4,19.3,10.4,90.0
2025-08-08,Keshopur APMC,185.5,1300.0,8,monsoon,solan,33.3,26.6,0.0,70,26.2,18.0,9.3,90.0
2025-08-09,Keshopur APMC,276.95,1250.0,8,monsoon,solan,30.9,26.4,10.8,84,25.6,18.9,14.1,92.0
2025-08-10,Keshopur APMC,120.05,1300.0,8,monsoon,solan,32.5,26.2,1.2,82,26.1,18.7,3.0,89.0
2025-08-11,Keshopur APMC,103.6,1300.0,8,monsoon,solan,34.0,26.7,2.9,77,22.5,18.9,4.8,92.0
2025-08-12,Keshopur APMC,173.85,1300.0,8,monsoon,solan,33.4,26.9,0.7,78,25.5,18.1,17.5,91.0
2025-08-14,Keshopur APMC,77.25,1350.0,8,monsoon,solan,29.7,26.3,8.2,88,27.6,17.7,1.8,86.0
2025-08-16,Keshopur APMC,68.4,1350.0,8,monsoon,solan,31.2,26.5,9.9,87,24.9,17.4,12.3,92.0
2025-08-17,Keshopur APMC,269.35,1300.0,8,monsoon,solan,32.2,27.4,2.8,86,23.9,19.1,25.4,95.0
2025-08-18,Keshopur APMC,135.35,1350.0,8,monsoon,solan,32.0,27.3,11.6,83,25.7,19.3,16.0,88.0
2025-08-19,Keshopur APMC,210.9,1300.0,8,monsoon,solan,32.0,26.8,5.9,81,27.3,19.5,1.2,87.0
2025-08-21,Keshopur APMC,61.75,1250.0,8,monsoon,solan,33.8,25.3,15.2,76,24.7,18.9,7.7,92.0
2025-08-22,Keshopur APMC,246.25,1350.0,8,monsoon,solan,34.7,25.8,2.3,73,24.9,18.1,6.0,92.0
2025-08-23,Keshopur APMC,219.85,1250.0,8,monsoon,solan,32.6,25.9,9.6,83,25.9,18.4,5.0,88.0
2025-08-24,Keshopur APMC,144.9,1250.0,8,monsoon,solan,31.4,26.1,14.8,86,26.2,18.8,8.3,86.0
2025-08-25,Keshopur APMC,152.3,1200.0,8,monsoon,solan,29.5,24.7,11.6,88,26.1,16.8,4.0,87.0
2025-08-26,Keshopur APMC,128.3,1250.0,8,monsoon,solan,30.1,25.3,6.1,88,26.1,16.8,5.5,87.0
2025-08-28,Keshopur APMC,128.3,1250.0,8,monsoon,solan,32.6,25.7,10.3,85,26.4,17.1,1.3,85.0
2025-08-29,Keshopur APMC,249.3,1250.0,8,monsoon,solan,31.7,25.1,9.1,87,25.1,16.9,10.2,90.0
2025-08-30,Keshopur APMC,166.65,1100.0,8,monsoon,solan,31.9,26.2,3.3,83,24.0,17.9,5.9,92.0
2025-08-31,Keshopur APMC,320.3,1150.0,8,monsoon,solan,30.2,24.7,14.8,90,23.9,18.6,5.1,93.0
2025-09-01,Keshopur APMC,217.55,1175.0,9,monsoon,agra,29.1,24.3,31.6,92,31.9,24.9,3.0,86.0
2025-09-02,Keshopur APMC,141.15,1150.0,9,monsoon,agra,27.0,24.0,30.0,92,32.7,25.1,5.3,85.0
2025-09-04,Keshopur APMC,48.25,1100.0,9,monsoon,agra,31.7,23.9,10.1,86,32.3,26.8,1.1,83.0
2025-09-05,Keshopur APMC,191.9,1200.0,9,monsoon,agra,31.2,25.6,5.2,84,32.8,26.4,9.6,82.0
2025-09-06,Keshopur APMC,155.3,1175.0,9,monsoon,agra,31.6,24.6,9.3,85,30.5,25.1,9.7,90.0
2025-09-07,Keshopur APMC,227.2,1150.0,9,monsoon,agra,32.1,24.9,4.3,85,30.9,24.8,30.5,91.0
2025-09-08,Keshopur APMC,187.55,1200.0,9,monsoon,agra,32.1,25.2,0.7,82,29.8,24.7,3.6,90.0
2025-09-09,Keshopur APMC,214.15,1200.0,9,monsoon,agra,32.5,25.9,0.5,76,30.1,24.6,3.9,90.0
2025-09-11,Keshopur APMC,143.35,1200.0,9,monsoon,agra,33.1,25.0,0.0,68,29.3,25.4,20.4,88.0
2025-09-12,Keshopur APMC,282.0,1300.0,9,monsoon,agra,33.9,25.0,0.2,65,32.4,24.6,5.0,81.0
2025-09-13,Keshopur APMC,201.05,1275.0,9,monsoon,agra,35.6,26.8,0.3,58,31.9,24.5,5.1,86.0
2025-09-14,Keshopur APMC,235.45,1350.0,9,monsoon,agra,36.6,27.7,0.0,54,32.7,25.3,0.0,78.0
2025-09-15,Keshopur APMC,110.85,1200.0,9,monsoon,agra,36.8,28.0,0.0,52,32.9,25.3,0.0,73.0
2025-09-16,Keshopur APMC,94.15,1250.0,9,monsoon,agra,37.0,27.8,0.0,54,33.4,25.8,0.0,71.0
2025-09-18,Keshopur APMC,21.25,1350.0,9,monsoon,agra,35.1,25.5,2.2,65,32.4,24.6,0.0,73.0
2025-09-19,Keshopur APMC,223.05,1350.0,9,monsoon,agra,35.4,27.3,0.8,61,32.9,24.8,0.5,74.0
2025-09-20,Keshopur APMC,226.95,1300.0,9,monsoon,agra,36.3,27.0,0.0,55,33.9,25.5,0.0,75.0
2025-09-21,Keshopur APMC,282.75,1400.0,9,monsoon,agra,36.5,26.0,0.0,53,34.0,26.0,0.2,70.0
2025-09-22,Keshopur APMC,302.7,1400.0,9,monsoon,agra,37.1,26.6,0.0,49,33.9,25.8,0.1,74.0
2025-09-23,Keshopur APMC,190.4,1450.0,9,monsoon,agra,36.8,26.6,0.0,47,33.0,25.4,1.8,81.0
2025-09-25,Keshopur APMC,92.95,1300.0,9,monsoon,agra,36.3,26.2,0.0,51,33.4,25.4,0.1,78.0
2025-09-26,Keshopur APMC,290.6,1100.0,9,monsoon,agra,37.0,25.8,0.0,53,34.7,25.9,0.0,68.0
2025-09-28,Keshopur APMC,261.8,1100.0,9,monsoon,agra,37.0,29.2,0.0,56,35.6,24.7,0.0,62.0
2025-09-29,Keshopur APMC,212.3,1100.0,9,monsoon,agra,36.9,28.2,0.2,56,35.7,25.1,0.0,57.0
2025-09-30,Keshopur APMC,121.8,1100.0,9,monsoon,agra,34.2,24.9,7.3,68,35.1,25.3,0.0,56.0
2025-10-03,Keshopur APMC,38.6,1350.0,10,post_monsoon,agra,33.7,24.8,0.7,72,34.6,26.3,2.4,71.0
2025-10-04,Keshopur APMC,226.1,1250.0,10,post_monsoon,agra,34.5,26.4,0.1,62,35.0,27.1,2.2,68.0
2025-10-05,Keshopur APMC,174.35,1400.0,10,post_monsoon,agra,34.2,24.9,0.0,61,34.6,27.0,1.0,73.0
2025-10-06,Keshopur APMC,244.3,1400.0,10,post_monsoon,agra,29.3,22.4,17.7,84,33.0,23.8,19.5,80.0
2025-10-09,Keshopur APMC,122.0,1400.0,10,post_monsoon,agra,28.4,20.5,0.1,75,31.6,24.7,0.2,81.0
2025-10-10,Keshopur APMC,229.65,1600.0,10,post_monsoon,agra,28.6,19.4,0.0,68,32.3,24.2,0.1,78.0
2025-10-11,Keshopur APMC,183.75,1500.0,10,post_monsoon,agra,29.0,19.4,0.0,69,33.3,23.8,0.0,70.0
2025-10-13,Keshopur APMC,130.1,1400.0,10,post_monsoon,agra,31.7,20.6,0.0,58,29.2,21.6,11.6,86.0
2025-10-14,Keshopur APMC,133.15,1800.0,10,post_monsoon,agra,31.8,21.0,0.0,53,28.2,20.2,1.7,80.0
2025-10-16,Keshopur APMC,165.15,1450.0,10,post_monsoon,agra,31.5,20.2,0.0,53,29.4,19.8,0.0,65.0
2025-10-17,Keshopur APMC,301.9,1400.0,10,post_monsoon,agra,32.2,20.3,0.0,55,29.5,19.0,0.0,63.0
2025-10-18,Keshopur APMC,158.65,1400.0,10,post_monsoon,agra,33.3,21.7,0.0,55,30.5,21.0,0.0,64.0
2025-10-20,Keshopur APMC,215.9,1600.0,10,post_monsoon,agra,33.2,22.5,0.0,52,30.8,20.0,0.0,68.0
2025-10-21,Keshopur APMC,77.69,1450.0,10,post_monsoon,agra,31.0,23.4,0.6,59,31.1,19.8,0.0,64.0
2025-10-23,Keshopur APMC,46.0,1600.0,10,post_monsoon,agra,31.8,20.7,0.0,46,31.5,19.1,0.0,62.0
2025-10-24,Keshopur APMC,133.35,1400.0,10,post_monsoon,agra,32.2,20.0,0.0,46,31.3,19.3,0.0,64.0
2025-10-25,Keshopur APMC,126.9,1500.0,10,post_monsoon,agra,31.9,20.2,0.0,45,31.6,21.3,0.0,64.0
2025-10-26,Keshopur APMC,152.75,1600.0,10,post_monsoon,agra,32.1,19.4,0.0,46,30.5,20.6,0.0,71.0
2025-10-27,Keshopur APMC,219.0,1500.0,10,post_monsoon,agra,30.6,19.9,0.0,54,29.8,21.2,0.2,76.0
2025-10-28,Keshopur APMC,256.9,1600.0,10,post_monsoon,agra,27.5,21.7,0.0,68,31.3,21.1,0.0,72.0
2025-10-30,Keshopur APMC,171.35,1500.0,10,post_monsoon,agra,27.8,22.6,0.0,73,30.7,19.0,0.0,62.0
2025-10-31,Keshopur APMC,189.45,1700.0,10,post_monsoon,agra,30.6,21.7,0.2,73,30.7,18.7,0.0,62.0
2025-11-01,Keshopur APMC,242.6,1400.0,11,post_monsoon,agra,31.1,20.6,0.0,61,30.1,19.8,0.0,65.0
2025-11-02,Keshopur APMC,219.95,1650.0,11,post_monsoon,agra,29.5,19.2,0.0,59,25.6,20.7,2.9,74.0
2025-11-03,Keshopur APMC,201.45,1650.0,11,post_monsoon,agra,30.7,17.8,0.0,52,21.5,19.3,11.6,91.0
2025-11-04,Keshopur APMC,198.35,1600.0,11,post_monsoon,agra,29.8,18.6,0.0,59,28.2,19.2,0.5,80.0
2025-11-08,Keshopur APMC,2014.5,1750.0,11,post_monsoon,agra,27.1,13.9,0.0,44,29.7,20.3,0.0,66.0
2025-11-09,Keshopur APMC,104.8,1700.0,11,post_monsoon,agra,27.1,13.8,0.0,47,30.6,17.7,0.0,64.0
2025-11-10,Keshopur APMC,208.85,1650.0,11,post_monsoon,agra,27.4,13.6,0.0,46,27.0,18.5,0.2,71.0
2025-11-11,Keshopur APMC,136.45,1600.0,11,post_monsoon,agra,27.5,13.3,0.0,48,29.9,18.8,0.0,71.0
2025-11-13,Keshopur APMC,124.85,1450.0,11,post_monsoon,agra,26.3,12.8,0.0,53,26.4,14.1,0.0,58.0
2025-11-14,Keshopur APMC,233.7,1400.0,11,post_monsoon,agra,26.1,13.0,0.0,52,26.0,13.2,0.0,57.0
2025-11-15,Keshopur APMC,206.95,1500.0,11,post_monsoon,agra,26.7,12.4,0.0,52,25.7,12.3,0.0,62.0
2025-11-16,Keshopur APMC,257.55,1600.0,11,post_monsoon,agra,27.0,12.1,0.0,50,26.4,12.1,0.0,62.0
2025-11-17,Keshopur APMC,171.09,1350.0,11,post_monsoon,agra,26.3,12.0,0.0,51,26.1,12.7,0.0,66.0
2025-11-18,Keshopur APMC,229.45,1750.0,11,post_monsoon,agra,26.1,13.2,0.0,59,26.7,12.7,0.0,64.0
2025-11-20,Keshopur APMC,42.65,1750.0,11,post_monsoon,agra,26.5,13.9,0.0,63,25.4,11.9,0.0,63.0
2025-11-23,Keshopur APMC,133.65,1400.0,11,post_monsoon,agra,26.1,13.4,0.0,57,24.9,11.4,0.0,67.0
2025-11-24,Keshopur APMC,154.65,1450.0,11,post_monsoon,agra,25.0,12.3,0.0,59,24.4,11.6,0.0,73.0
2025-11-27,Keshopur APMC,57.45,1550.0,11,post_monsoon,agra,24.5,11.8,0.0,58,24.9,12.8,0.0,77.0
2025-11-28,Keshopur APMC,211.2,1500.0,11,post_monsoon,agra,25.6,11.6,0.0,61,25.3,12.8,0.0,74.0
2025-11-30,Keshopur APMC,268.03,1450.0,11,post_monsoon,agra,23.7,11.3,0.0,50,24.2,11.7,0.0,72.0
2025-12-01,Keshopur APMC,173.01,1200.0,12,winter,agra,24.5,9.8,0.0,50,23.3,11.4,0.0,71.0
2025-12-02,Keshopur APMC,240.37,1400.0,12,winter,agra,25.5,12.7,0.0,56,22.6,10.5,0.0,73.0
2025-12-04,Keshopur APMC,103.55,1200.0,12,winter,agra,22.1,9.4,0.0,56,23.1,10.5,0.0,77.0
2025-12-05,Keshopur APMC,247.65,1200.0,12,winter,agra,22.1,8.3,0.0,56,24.8,12.6,0.0,73.0
2025-12-06,Keshopur APMC,273.65,1200.0,12,winter,agra,23.8,10.1,0.0,53,24.1,12.6,0.0,71.0
2025-12-07,Keshopur APMC,170.5,950.0,12,winter,agra,24.4,10.7,0.0,56,24.0,11.2,0.0,73.0
2025-12-08,Keshopur APMC,225.55,1000.0,12,winter,agra,25.4,11.7,0.0,53,25.0,13.2,0.0,78.0
2025-12-09,Keshopur APMC,173.7,950.0,12,winter,agra,24.6,11.7,0.0,54,22.5,12.9,0.0,72.0
2025-12-11,Keshopur APMC,163.0,850.0,12,winter,agra,24.8,10.5,0.0,61,21.4,8.4,0.0,71.0
2025-12-12,Keshopur APMC,259.4,950.0,12,winter,agra,24.5,10.1,0.0,64,22.0,9.0,0.0,69.0
2025-12-14,Keshopur APMC,2219.0,1000.0,12,winter,agra,24.3,11.6,0.0,69,23.9,10.7,0.0,69.0
2025-12-15,Keshopur APMC,173.15,1050.0,12,winter,agra,23.4,10.3,0.0,74,24.0,10.6,0.0,64.0
2025-12-16,Keshopur APMC,270.2,1000.0,12,winter,agra,23.5,11.6,0.0,69,23.7,10.8,0.0,70.0
2025-12-18,Keshopur APMC,206.55,950.0,12,winter,agra,22.6,11.1,0.0,76,23.6,10.0,0.0,78.0
2025-12-19,Keshopur APMC,349.95,950.0,12,winter,agra,22.0,10.5,0.0,78,23.4,9.8,0.0,82.0
2025-12-20,Keshopur APMC,147.5,950.0,12,winter,agra,22.0,9.3,0.0,77,22.0,10.1,0.0,88.0
2025-12-21,Keshopur APMC,154.16,850.0,12,winter,agra,20.7,10.7,0.0,81,21.3,9.8,0.0,90.0
2025-12-22,Keshopur APMC,262.05,950.0,12,winter,agra,21.7,11.6,0.0,81,22.6,9.5,0.0,77.0
2025-12-23,Keshopur APMC,227.55,1000.0,12,winter,agra,23.2,11.5,0.0,80,22.7,10.3,0.0,79.0
2025-12-26,Keshopur APMC,226.8,1000.0,12,winter,agra,20.9,9.9,0.0,70,19.9,8.1,0.0,88.0
2025-12-27,Keshopur APMC,212.3,1000.0,12,winter,agra,20.5,9.3,0.0,77,18.9,10.0,0.0,91.0
2026-01-01,Keshopur APMC,172.7,1000.0,1,winter,agra,16.9,10.7,2.5,90,20.4,8.6,0.0,77.0
2026-01-02,Keshopur APMC,286.2,1100.0,1,winter,agra,17.6,11.4,0.0,78,19.9,8.7,0.0,82.0
2026-01-03,Keshopur APMC,234.25,850.0,1,winter,agra,17.4,10.9,0.0,77,20.2,8.9,0.0,84.0
2026-01-04,Keshopur APMC,204.7,850.0,1,winter,agra,17.2,8.6,0.0,79,18.6,9.3,0.0,91.0
2026-01-05,Keshopur APMC,134.6,700.0,1,winter,agra,17.5,8.5,0.0,79,19.2,8.5,0.0,92.0
2026-01-06,Keshopur APMC,2245.0,600.0,1,winter,agra,17.2,8.4,0.0,84,19.9,9.0,0.0,89.0
2026-01-08,Keshopur APMC,176.15,700.0,1,winter,agra,14.4,7.3,0.0,88,17.8,10.2,0.2,89.0
2026-01-11,Keshopur APMC,1299.5,700.0,1,winter,agra,16.5,5.6,0.0,77,16.6,6.2,0.0,88.0
2026-01-12,Keshopur APMC,1733.0,750.0,1,winter,agra,17.3,4.4,0.0,71,17.6,8.4,0.0,87.0
2026-01-13,Keshopur APMC,1567.5,600.0,1,winter,agra,18.2,4.5,0.0,78,15.8,6.7,0.0,91.0
2026-01-15,Keshopur APMC,1316.0,600.0,1,winter,agra,17.6,5.7,0.0,79,16.8,6.5,0.0,87.0
2026-01-16,Keshopur APMC,279.7,500.0,1,winter,agra,20.3,5.5,0.0,71,19.2,6.1,0.0,80.0
2026-01-17,Keshopur APMC,2838.0,600.0,1,winter,agra,22.4,7.1,0.0,73,18.5,7.8,0.0,76.0
2026-01-18,Keshopur APMC,134.85,650.0,1,winter,agra,22.3,8.0,0.0,78,18.5,5.3,0.0,73.0
2026-01-19,Keshopur APMC,1894.0,650.0,1,winter,agra,24.8,10.1,0.0,66,19.8,5.6,0.0,80.0
2026-01-20,Keshopur APMC,195.6,600.0,1,winter,agra,24.2,9.4,0.0,64,19.5,7.3,0.0,81.0
2026-01-22,Keshopur APMC,184.55,600.0,1,winter,agra,25.4,9.4,0.0,62,21.2,6.6,0.0,77.0
2026-01-23,Keshopur APMC,229.3,600.0,1,winter,agra,17.6,12.9,29.7,83,21.7,6.1,0.0,82.0
2026-01-24,Keshopur APMC,2029.0,600.0,1,winter,agra,16.4,9.0,0.0,69,22.4,8.5,0.1,81.0
2026-01-29,Keshopur APMC,108.7,600.0,1,winter,agra,18.4,9.8,0.0,87,20.9,14.3,2.2,79.0
2026-01-30,Keshopur APMC,2057.5,600.0,1,winter,agra,19.5,9.2,0.0,83,19.3,11.8,1.2,80.0
2026-01-31,Keshopur APMC,148.95,500.0,1,winter,agra,20.0,8.8,0.0,86,18.2,7.5,0.0,66.0
2026-02-01,Keshopur APMC,208.65,550.0,2,winter,agra,21.0,12.3,2.7,82,20.3,6.5,0.0,70.0
2026-02-02,Keshopur APMC,175.5,750.0,2,winter,agra,20.1,12.5,0.0,88,21.2,11.8,26.3,86.0
2026-02-03,Keshopur APMC,151.15,600.0,2,winter,agra,19.7,10.3,0.0,83,19.5,12.7,0.7,88.0
2026-02-05,Keshopur APMC,105.9,650.0,2,winter,agra,21.4,9.9,0.0,73,19.1,9.1,0.0,87.0
2026-02-06,Keshopur APMC,1977.5,750.0,2,winter,agra,22.7,10.8,0.0,69,19.8,8.5,2.7,87.0
2026-02-07,Keshopur APMC,219.85,800.0,2,winter,agra,23.7,12.4,0.0,69,21.4,11.8,8.2,85.0
2026-02-08,Keshopur APMC,189.65,550.0,2,winter,agra,22.9,11.2,0.0,62,21.3,12.2,0.0,89.0
2026-02-09,Keshopur APMC,184.5,500.0,2,winter,agra,24.7,10.6,0.0,59,20.5,11.0,0.0,87.0
2026-02-10,Keshopur APMC,215.25,600.0,2,winter,agra,27.6,11.9,0.0,58,20.8,10.3,0.0,81.0
2026-02-12,Keshopur APMC,188.85,950.0,2,winter,agra,25.0,12.6,0.0,55,22.8,10.2,0.0,72.0
2026-02-13,Keshopur APMC,236.6,750.0,2,winter,agra,25.5,12.3,0.0,53,24.0,11.8,0.0,74.0
2026-02-14,Keshopur APMC,239.75,800.0,2,winter,agra,27.0,12.4,0.0,53,23.7,11.5,0.0,75.0
2026-02-15,Keshopur APMC,217.05,850.0,2,winter,agra,28.2,13.4,0.0,54,24.3,10.5,0.0,72.0
2026-02-16,Keshopur APMC,214.7,800.0,2,winter,agra,30.2,13.4,0.0,52,25.6,11.6,0.0,70.0
2026-03-14,Keshopur APMC,2684.0,850.0,3,summer,agra,33.0,19.7,0.0,35,34.7,18.8,0.0,53.0
2026-03-15,Keshopur APMC,1951.0,800.0,3,summer,agra,27.7,18.8,2.1,54,35.1,19.1,0.0,54.0
2026-03-16,Keshopur APMC,1748.0,850.0,3,summer,agra,30.9,17.4,0.0,49,35.5,19.8,0.0,55.0
2026-03-19,Keshopur APMC,1892.0,700.0,3,summer,agra,27.2,18.2,3.1,67,33.4,20.2,0.0,40.0
2026-03-20,Keshopur APMC,2696.0,750.0,3,summer,agra,20.5,16.4,2.6,87,33.1,20.6,0.0,37.0
2026-03-21,Keshopur APMC,2153.0,800.0,3,summer,agra,25.5,15.0,0.0,78,29.9,21.1,1.6,47.0
2026-03-22,Keshopur APMC,94.4,1800.0,3,summer,agra,27.1,15.9,0.0,67,32.3,18.9,0.0,42.0
2026-03-23,Keshopur APMC,2208.0,850.0,3,summer,agra,26.7,17.9,6.3,72,33.9,18.3,0.0,45.0
2026-03-24,Keshopur APMC,3587.0,1000.0,3,summer,agra,29.5,18.2,0.0,64,33.8,19.6,0.0,51.0
2026-03-26,Keshopur APMC,296.9,1100.0,3,summer,agra,34.3,20.7,0.0,48,22.6,17.6,6.2,79.0
2026-03-27,Keshopur APMC,2580.0,1100.0,3,summer,agra,29.0,21.4,0.3,52,26.3,15.3,0.0,71.0
2026-03-28,Keshopur APMC,1997.0,1050.0,3,summer,agra,32.8,20.3,0.0,47,29.3,17.0,0.0,62.0
2026-03-29,Keshopur APMC,1380.0,1100.0,3,summer,agra,34.6,22.6,0.2,48,26.2,18.9,0.4,72.0
2026-03-30,Keshopur APMC,1236.0,1150.0,3,summer,agra,35.2,22.2,0.0,49,31.1,17.7,0.0,59.0
2026-03-31,Keshopur APMC,1400.0,1150.0,3,summer,agra,34.0,21.2,1.0,55,32.3,17.8,0.0,52.0
2026-04-02,Keshopur APMC,948.0,1150.0,4,summer,agra,34.9,21.8,0.0,43,31.7,23.2,2.6,51.0
2026-04-03,Keshopur APMC,1853.0,1100.0,4,summer,agra,32.4,22.5,0.7,53,33.2,20.0,0.0,53.0
2026-04-04,Keshopur APMC,1451.0,750.0,4,summer,agra,30.4,21.4,0.7,61,36.2,21.9,0.0,43.0
2026-04-05,Keshopur APMC,1846.0,800.0,4,summer,agra,30.0,20.2,0.3,50,36.0,22.2,0.0,44.0
2026-04-06,Keshopur APMC,2421.0,750.0,4,summer,agra,31.5,21.1,0.0,38,35.0,21.6,4.7,53.0
2026-04-07,Keshopur APMC,1555.0,600.0,4,summer,agra,29.1,18.2,9.0,56,33.8,21.7,0.3,47.0
2026-04-09,Keshopur APMC,99.7,750.0,4,summer,agra,28.6,16.2,0.0,61,33.6,22.7,0.4,45.0
2026-04-10,Keshopur APMC,1382.0,650.0,4,summer,agra,31.2,17.7,0.0,43,31.1,20.5,7.0,66.0
2026-04-12,Keshopur APMC,188.5,600.0,4,summer,agra,33.9,22.2,0.0,34,32.1,18.5,0.0,47.0
2026-04-13,Keshopur APMC,199.2,800.0,4,summer,agra,34.7,21.3,0.0,30,31.9,19.8,5.7,59.0
2026-04-14,Keshopur APMC,2675.0,850.0,4,summer,agra,37.7,22.6,0.0,28,27.4,17.8,3.1,69.0
2026-04-16,Keshopur APMC,133.4,750.0,4,summer,agra,39.9,25.0,0.0,25,31.2,17.8,0.0,44.0
2026-04-17,Keshopur APMC,125.7,750.0,4,summer,agra,40.9,26.9,0.0,26,33.9,20.1,0.0,38.0
2026-04-18,Keshopur APMC,129.95,700.0,4,summer,agra,40.3,24.4,0.0,31,34.9,21.7,0.0,34.0
2026-04-19,Keshopur APMC,200.3,750.0,4,summer,agra,40.0,25.6,0.0,24,35.7,21.6,0.0,29.0
2026-04-20,Keshopur APMC,151.0,700.0,4,summer,agra,39.3,25.3,0.0,25,38.1,22.0,0.0,27.0
2026-04-21,Keshopur APMC,111.15,700.0,4,summer,agra,38.8,25.4,0.0,19,38.8,24.0,0.0,28.0
2026-04-23,Keshopur APMC,97.8,750.0,4,summer,agra,41.3,27.5,0.0,20,40.3,26.0,0.0,23.0
2026-04-24,Keshopur APMC,158.7,650.0,4,summer,agra,42.1,27.8,0.0,24,41.2,25.4,0.0,26.0
2026-04-25,Keshopur APMC,194.9,750.0,4,summer,agra,42.3,28.9,0.0,24,41.1,24.7,0.0,26.0
2026-04-30,Keshopur APMC,109.7,700.0,4,summer,agra,37.7,25.5,0.0,41,42.2,26.2,0.0,21.0
2026-05-01,Keshopur APMC,151.4,650.0,5,summer,agra,36.0,23.1,0.0,50,42.8,27.5,0.0,24.0
2026-05-02,Keshopur APMC,206.4,600.0,5,summer,agra,35.8,26.4,0.2,42,42.3,29.2,0.0,23.0
2026-05-03,Keshopur APMC,147.8,600.0,5,summer,agra,34.4,26.1,0.0,44,43.1,28.5,0.0,23.0
2026-05-04,Keshopur APMC,149.4,750.0,5,summer,agra,30.3,21.4,4.8,64,40.6,29.3,0.0,26.0
2026-05-05,Keshopur APMC,137.25,750.0,5,summer,agra,30.1,22.8,0.6,64,39.4,27.3,0.0,32.0
2026-05-07,Keshopur APMC,81.3,800.0,5,summer,agra,30.4,23.7,0.0,51,36.7,23.5,0.0,46.0
2026-05-08,Keshopur APMC,144.95,600.0,5,summer,agra,34.1,22.2,0.4,56,37.7,26.8,0.5,42.0
2026-05-09,Keshopur APMC,1159.0,800.0,5,summer,agra,35.5,24.7,0.0,47,37.9,25.8,0.1,41.0
2026-05-10,Keshopur APMC,223.8,700.0,5,summer,agra,37.7,26.5,0.0,44,32.6,22.2,0.7,57.0
2026-05-11,Keshopur APMC,146.8,700.0,5,summer,agra,37.8,27.6,0.0,42,29.5,21.8,5.9,70.0
2026-05-12,Keshopur APMC,121.9,650.0,5,summer,agra,39.0,28.2,6.6,46,33.2,21.6,0.0,58.0
2026-05-14,Keshopur APMC,47.1,600.0,5,summer,agra,39.7,27.0,0.3,38,34.5,21.6,0.2,54.0
2026-05-15,Keshopur APMC,160.1,650.0,5,summer,agra,40.2,28.0,0.0,32,34.8,23.7,0.0,52.0
2026-05-16,Keshopur APMC,103.35,600.0,5,summer,agra,40.6,28.8,0.0,29,35.8,24.9,0.0,50.0
2026-05-17,Keshopur APMC,112.75,950.0,5,summer,agra,41.4,30.0,0.0,26,37.0,27.0,0.0,43.0
2026-05-18,Keshopur APMC,99.7,900.0,5,summer,agra,43.6,30.2,0.0,25,39.2,27.8,0.0,39.0
2026-05-19,Keshopur APMC,179.3,1000.0,5,summer,agra,44.6,31.6,0.0,18,39.6,26.5,0.0,43.0
2026-05-21,Keshopur APMC,117.6,700.0,5,summer,agra,43.1,33.4,0.0,21,40.2,29.5,0.0,35.0
2026-05-22,Keshopur APMC,142.3,800.0,5,summer,agra,42.4,32.3,0.0,19,40.8,27.9,0.0,35.0
2026-05-23,Keshopur APMC,54.03,1000.0,5,summer,agra,41.5,31.9,0.0,22,41.6,28.0,0.0,30.0
2026-05-24,Keshopur APMC,50.55,800.0,5,summer,agra,42.5,30.5,0.0,20,43.2,29.2,0.0,28.0
2026-05-25,Keshopur APMC,240.8,900.0,5,summer,agra,43.3,32.9,0.1,18,44.5,31.9,0.0,21.0
2026-05-26,Keshopur APMC,153.2,900.0,5,summer,agra,43.0,32.1,0.0,17,43.8,31.2,0.0,24.0
2026-05-29,Keshopur APMC,114.75,950.0,5,summer,agra,34.4,26.5,1.1,54,42.8,30.3,0.0,25.0
2026-05-30,Keshopur APMC,88.15,900.0,5,summer,agra,35.5,24.3,4.9,64,43.7,30.3,0.0,23.0
2026-06-01,Keshopur APMC,153.2,1000.0,6,monsoon,solan,33.5,25.0,0.7,58,29.7,14.0,0.0,35.0
2026-06-02,Keshopur APMC,162.4,950.0,6,monsoon,solan,36.7,25.3,0.5,50,30.9,14.5,0.0,34.0
2026-06-04,Keshopur APMC,95.6,950.0,6,monsoon,solan,39.7,26.6,0.8,43,26.1,15.6,3.1,67.0
2026-06-05,Keshopur APMC,206.1,1000.0,6,monsoon,solan,34.6,25.3,2.6,59,20.1,13.5,10.3,86.0
2026-06-06,Keshopur APMC,71.45,1000.0,6,monsoon,solan,40.0,28.7,0.1,43,20.6,15.0,3.8,78.0
2026-06-07,Keshopur APMC,152.55,950.0,6,monsoon,solan,40.4,29.0,0.6,43,24.2,14.9,2.8,82.0
2026-06-08,Keshopur APMC,147.25,1000.0,6,monsoon,solan,41.9,30.2,0.0,33,26.1,15.4,5.6,77.0
2026-06-09,Keshopur APMC,129.8,1000.0,6,monsoon,solan,43.2,32.1,0.0,27,26.5,15.7,0.3,70.0
2026-06-11,Keshopur APMC,37.15,1200.0,6,monsoon,solan,36.9,26.8,0.6,48,26.6,16.4,2.4,73.0
2026-06-12,Keshopur APMC,193.25,1000.0,6,monsoon,solan,32.5,23.2,6.0,74,28.6,15.0,0.0,52.0
2026-06-13,Keshopur APMC,92.95,1150.0,6,monsoon,solan,34.4,25.1,0.2,67,28.5,14.0,0.0,49.0
2026-06-14,Keshopur APMC,136.9,1100.0,6,monsoon,solan,37.2,26.3,0.5,58,29.2,14.8,0.0,49.0
2026-06-15,Keshopur APMC,145.55,1150.0,6,monsoon,solan,36.6,27.5,0.8,52,29.9,15.1,0.0,46.0
2026-06-16,Keshopur APMC,138.25,1150.0,6,monsoon,solan,32.6,26.0,0.2,61,30.4,15.8,0.1,51.0
2026-06-18,Keshopur APMC,59.7,1200.0,6,monsoon,solan,39.2,29.7,0.1,42,25.2,15.4,5.3,81.0
2026-06-19,Keshopur APMC,164.0,1150.0,6,monsoon,solan,38.5,28.3,0.0,41,25.1,15.1,2.7,76.0
2026-06-20,Keshopur APMC,144.25,1150.0,6,monsoon,solan,38.4,30.8,0.3,41,26.7,13.0,1.6,68.0
2026-06-21,Keshopur APMC,132.15,1100.0,6,monsoon,solan,39.1,30.0,0.0,38,26.4,14.7,1.7,69.0
2026-06-22,Keshopur APMC,90.1,1200.0,6,monsoon,solan,36.8,28.8,1.3,40,27.3,15.2,4.1,74.0
2026-06-23,Keshopur APMC,90.5,1250.0,6,monsoon,solan,39.0,30.3,0.9,41,26.8,16.0,3.4,76.0
2026-06-25,Keshopur APMC,48.1,1000.0,6,monsoon,solan,39.1,29.5,2.2,43,27.3,17.8,3.3,74.0
2026-06-26,Keshopur APMC,127.15,900.0,6,monsoon,solan,41.0,31.1,0.5,42,28.1,15.2,0.1,68.0
2026-06-27,Keshopur APMC,97.15,900.0,6,monsoon,solan,40.7,29.5,1.2,41,28.3,17.7,0.4,64.0
2026-06-28,Keshopur APMC,132.55,1150.0,6,monsoon,solan,42.0,30.4,0.2,41,25.7,17.3,0.8,72.0
2026-06-29,Keshopur APMC,134.75,1600.0,6,monsoon,solan,41.6,32.9,1.4,38,27.4,15.5,0.5,64.0
2026-06-30,Keshopur APMC,189.5,950.0,6,monsoon,solan,39.6,30.6,4.3,52,27.2,16.3,7.7,79.0
2026-07-02,Keshopur APMC,61.65,1400.0,7,monsoon,solan,32.1,26.0,5.9,76,28.7,16.7,2.5,81.0
2026-07-03,Keshopur APMC,258.7,1300.0,7,monsoon,solan,35.8,27.4,0.1,68,29.1,17.0,0.8,78.0
2026-07-04,Keshopur APMC,162.55,1200.0,7,monsoon,solan,36.3,29.8,1.0,64,28.4,17.8,2.6,76.0
2026-07-05,Keshopur APMC,137.65,1150.0,7,monsoon,solan,34.9,29.1,2.4,75,28.5,18.9,7.8,79.0
2026-07-06,Keshopur APMC,129.65,1250.0,7,monsoon,solan,36.5,27.0,0.5,71,27.9,20.5,10.3,87.0
2026-07-09,Keshopur APMC,32.3,1200.0,7,monsoon,solan,29.1,25.2,103.3,91,28.7,18.8,7.4,88.0
2026-07-10,Keshopur APMC,260.6,1300.0,7,monsoon,solan,33.1,25.5,1.1,80,27.3,19.3,8.5,91.0
2026-07-12,Keshopur APMC,227.5,1200.0,7,monsoon,solan,35.2,28.9,1.5,68,26.1,20.3,7.6,92.0
2026-07-13,Keshopur APMC,230.15,1200.0,7,monsoon,solan,35.8,28.5,0.2,64,26.7,19.9,3.0,85.0
2026-07-14,Keshopur APMC,137.75,1200.0,7,monsoon,solan,36.4,26.0,1.4,70,23.5,20.2,3.9,95.0
2026-07-16,Keshopur APMC,65.75,1200.0,7,monsoon,solan,37.5,29.8,0.0,54,22.1,19.2,54.9,99.0
2026-07-17,Keshopur APMC,177.3,1200.0,7,monsoon,solan,37.3,31.2,0.3,55,26.7,19.1,1.8,89.0
2026-07-18,Keshopur APMC,169.55,1050.0,7,monsoon,solan,36.6,30.9,0.0,54,28.3,18.4,2.2,74.0
2026-07-19,Keshopur APMC,112.4,1200.0,7,monsoon,solan,37.1,29.9,2.8,62,28.6,19.3,1.3,71.0
2026-07-20,Keshopur APMC,161.65,1150.0,7,monsoon,solan,32.2,26.6,33.0,86,27.7,18.1,0.0,78.0
2026-07-21,Keshopur APMC,150.05,1150.0,7,monsoon,solan,29.9,26.0,12.8,89,28.2,17.8,0.0,78.0
2026-07-24,Keshopur APMC,181.95,1300.0,7,monsoon,solan,31.3,25.8,9.2,83,27.7,21.3,0.4,80.0
2026-07-25,Keshopur APMC,230.95,1000.0,7,monsoon,solan,32.8,27.3,2.5,79,27.2,21.3,1.8,86.0
2026-07-26,Keshopur APMC,187.45,1050.0,7,monsoon,solan,34.1,27.4,2.5,78,27.1,20.0,19.8,93.0
2026-07-27,Keshopur APMC,223.1,1050.0,7,monsoon,solan,35.6,29.6,1.3,72,26.1,19.2,8.2,93.0
2026-07-28,Keshopur APMC,221.18,1050.0,7,monsoon,solan,30.8,26.3,17.8,89,26.1,19.3,5.5,89.0
2026-07-30,Keshopur APMC,74.85,1000.0,7,monsoon,solan,33.5,25.6,8.5,81,26.0,19.1,20.2,88.0
2026-07-31,Keshopur APMC,201.45,1000.0,7,monsoon,solan,32.7,28.1,3.5,78,25.7,18.8,6.6,88.0
2026-08-01,Keshopur APMC,245.05,1100.0,8,monsoon,solan,33.2,27.1,3.8,80,26.3,18.3,15.1,92.0
2026-08-02,Keshopur APMC,119.0,1100.0,8,monsoon,solan,34.1,26.9,6.8,82,26.3,19.5,3.3,91.0
2026-08-03,Keshopur APMC,195.0,1050.0,8,monsoon,solan,34.2,26.7,16.1,85,24.4,19.5,6.6,94.0
2026-08-04,Keshopur APMC,176.85,1250.0,8,monsoon,solan,30.0,26.6,12.4,92,25.7,19.4,5.8,90.0
2026-08-06,Keshopur APMC,62.5,1050.0,8,monsoon,solan,27.9,26.8,13.2,90,26.9,18.1,6.2,89.0
2026-08-07,Keshopur APMC,166.65,1000.0,8,monsoon,solan,28.8,25.7,62.9,95,26.1,18.7,19.3,93.0
2026-08-08,Keshopur APMC,212.6,1050.0,8,monsoon,solan,32.2,24.7,29.3,85,26.7,18.8,10.5,91.0
2026-08-09,Keshopur APMC,231.65,950.0,8,monsoon,solan,33.9,25.0,3.0,80,26.5,19.1,6.5,93.0
2026-08-10,Keshopur APMC,157.95,1000.0,8,monsoon,solan,33.4,26.5,12.1,86,22.8,19.3,13.3,98.0
2026-08-11,Keshopur APMC,180.55,950.0,8,monsoon,solan,30.5,27.0,11.8,88,26.1,19.8,6.2,92.0
2026-08-13,Keshopur APMC,111.8,1000.0,8,monsoon,solan,33.8,26.7,2.6,81,25.3,19.8,2.8,89.0
2026-08-14,Keshopur APMC,220.45,1000.0,8,monsoon,solan,32.0,27.0,8.4,87,26.1,19.9,4.5,91.0
2026-08-16,Keshopur APMC,88.45,900.0,8,monsoon,solan,33.7,25.7,5.3,79,23.8,19.7,5.2,94.0
2026-08-17,Keshopur APMC,244.0,950.0,8,monsoon,solan,33.1,24.7,3.2,81,22.7,19.5,13.1,96.0
2026-08-18,Keshopur APMC,212.9,950.0,8,monsoon,solan,33.3,26.4,1.8,76,27.9,18.3,3.5,87.0
2026-08-20,Keshopur APMC,136.35,800.0,8,monsoon,solan,33.4,26.9,3.4,84,25.8,18.9,11.2,94.0
2026-08-21,Keshopur APMC,231.25,900.0,8,monsoon,solan,34.1,26.9,2.1,77,26.2,18.8,2.1,88.0
2021-01-01,Shahdara APMC,303.1,1100.0,1,winter,agra,17.9,3.2,0.0,78,32.2,27.2,1.5,78.0
2021-01-02,Shahdara APMC,321.3,1300.0,1,winter,agra,17.9,9.8,2.7,75,32.2,27.2,1.5,78.0
2021-01-03,Shahdara APMC,270.35,1300.0,1,winter,agra,20.8,12.1,12.2,84,20.2,5.0,0.0,69.0
2021-01-04,Shahdara APMC,145.0,1200.0,1,winter,agra,22.3,12.5,5.3,88,20.9,10.4,1.1,71.0
2021-01-05,Shahdara APMC,436.1,1100.0,1,winter,agra,21.5,14.5,2.5,85,20.9,10.4,1.1,71.0
2021-01-06,Shahdara APMC,448.1,1100.0,1,winter,agra,21.6,14.7,2.5,87,25.0,14.6,0.9,81.0
2021-01-07,Shahdara APMC,126.2,1100.0,1,winter,agra,19.3,11.1,0.0,87,20.2,5.0,0.0,69.0
2021-01-08,Shahdara APMC,345.6,900.0,1,winter,agra,18.8,9.3,0.0,88,20.9,10.4,1.1,71.0
2021-01-09,Shahdara APMC,531.85,900.0,1,winter,agra,19.7,10.9,0.0,83,21.6,12.8,6.8,84.0
2021-01-10,Shahdara APMC,244.8,900.0,1,winter,agra,17.4,8.5,0.0,78,25.0,14.6,0.9,81.0
2021-01-11,Shahdara APMC,214.8,1000.0,1,winter,agra,17.7,7.1,0.0,82,24.6,14.6,0.0,77.0
2021-01-12,Shahdara APMC,395.85,900.0,1,winter,agra,18.0,6.4,0.0,81,22.1,15.4,5.3,85.0
2021-01-13,Shahdara APMC,321.15,900.0,1,winter,agra,18.1,5.4,0.0,80,22.0,12.8,0.0,82.0
2021-01-14,Shahdara APMC,234.6,900.0,1,winter,agra,18.5,4.9,0.0,81,19.5,10.3,9.7,87.0
2021-01-16,Shahdara APMC,259.85,800.0,1,winter,agra,16.7,5.3,0.0,89,20.2,10.8,0.0,74.0
2021-01-17,Shahdara APMC,254.05,800.0,1,winter,agra,18.7,6.7,0.0,85,18.2,8.2,0.0,76.0
2021-01-18,Shahdara APMC,318.0,800.0,1,winter,agra,17.9,10.3,2.5,86,19.5,5.7,0.0,75.0
2021-01-19,Shahdara APMC,422.1,700.0,1,winter,agra,20.6,9.6,0.0,88,19.4,5.5,0.0,74.0
2021-01-20,Shahdara APMC,326.85,700.0,1,winter,agra,19.8,9.9,0.0,85,19.6,5.3,0.0,77.0
2021-01-21,Shahdara APMC,365.3,700.0,1,winter,agra,20.1,9.1,0.0,79,19.6,5.0,0.0,83.0
2021-01-25,Shahdara APMC,435.55,700.0,1,winter,agra,18.2,6.2,0.0,82,22.1,9.7,0.0,81.0
2021-01-26,Shahdara APMC,42.15,700.0,1,winter,agra,18.1,6.8,0.0,79,21.6,10.4,0.0,82.0
2021-01-27,Shahdara APMC,221.2,600.0,1,winter,agra,18.6,6.3,0.0,76,22.5,9.2,0.0,70.0
2021-01-28,Shahdara APMC,216.2,700.0,1,winter,agra,17.9,5.0,0.0,78,22.8,7.5,0.0,73.0
2021-01-29,Shahdara APMC,386.3,700.0,1,winter,agra,18.4,5.7,0.0,76,22.9,9.2,0.0,77.0
2021-01-31,Shahdara APMC,313.1,700.0,1,winter,agra,20.1,4.8,0.0,68,18.0,7.0,0.0,76.0
2021-02-01,Shahdara APMC,293.8,700.0,2,winter,agra,21.9,7.0,0.0,75,18.1,6.1,0.0,79.0
2021-02-02,Shahdara APMC,254.7,700.0,2,winter,agra,22.9,7.3,0.0,75,19.6,6.5,0.0,70.0
2021-02-04,Shahdara APMC,358.9,600.0,2,winter,agra,21.1,11.1,8.3,81,18.9,6.1,0.0,75.0
2021-02-05,Shahdara APMC,287.8,800.0,2,winter,agra,19.5,8.6,0.0,84,20.1,6.4,0.0,68.0
2021-02-06,Shahdara APMC,215.3,600.0,2,winter,agra,19.8,8.6,0.0,75,21.2,7.0,0.0,65.0
2021-02-07,Shahdara APMC,344.7,600.0,2,winter,agra,21.1,9.4,0.0,74,23.1,6.8,0.0,67.0
2021-02-08,Shahdara APMC,252.45,600.0,2,winter,agra,22.2,8.5,0.0,77,24.7,7.9,0.0,67.0
2021-02-10,Shahdara APMC,315.35,500.0,2,winter,agra,24.8,12.1,0.0,74,24.7,14.1,0.0,64.0
2021-02-12,Shahdara APMC,234.98,600.0,2,winter,agra,24.1,11.5,0.0,78,21.1,10.3,0.0,72.0
2021-02-13,Shahdara APMC,223.05,600.0,2,winter,agra,23.6,11.3,0.0,80,22.4,9.4,0.0,71.0
2021-02-14,Shahdara APMC,212.55,600.0,2,winter,agra,25.3,11.0,0.0,73,23.5,8.8,0.0,70.0
2021-02-15,Shahdara APMC,250.25,600.0,2,winter,agra,26.7,12.4,0.4,70,25.9,9.4,0.0,67.0
2021-02-16,Shahdara APMC,236.5,600.0,2,winter,agra,26.4,12.4,0.0,71,26.7,11.7,0.0,67.0
2021-02-17,Shahdara APMC,324.55,600.0,2,winter,agra,25.2,12.1,0.0,72,26.3,10.1,0.0,72.0
2021-02-18,Shahdara APMC,354.09,400.0,2,winter,agra,25.1,11.3,0.0,73,24.5,11.6,0.0,76.0
2021-02-19,Shahdara APMC,555.52,500.0,2,winter,agra,25.2,11.1,0.0,75,25.8,10.5,0.0,73.0
2021-02-20,Shahdara APMC,361.8,500.0,2,winter,agra,25.6,11.6,0.0,70,26.4,11.3,0.0,72.0
2021-02-21,Shahdara APMC,520.05,500.0,2,winter,agra,25.8,11.4,0.0,68,28.3,12.5,0.0,67.0
2021-02-22,Shahdara APMC,588.6,500.0,2,winter,agra,27.3,12.4,0.0,68,28.0,14.3,0.8,67.0
2021-02-23,Shahdara APMC,401.05,500.0,2,winter,agra,29.3,12.4,0.0,62,27.3,12.1,0.0,66.0
2021-02-24,Shahdara APMC,553.25,600.0,2,winter,agra,29.9,13.3,0.0,61,26.5,12.4,0.0,65.0
2021-02-25,Shahdara APMC,508.0,500.0,2,winter,agra,30.2,13.9,0.0,61,26.7,12.4,0.0,65.0
2021-02-26,Shahdara APMC,580.35,500.0,2,winter,agra,30.7,15.1,0.0,59,26.6,12.3,0.0,66.0
2021-02-27,Shahdara APMC,481.75,600.0,2,winter,agra,30.2,18.5,0.0,44,27.2,11.2,0.0,63.0
2021-02-28,Shahdara APMC,541.64,600.0,2,winter,agra,29.9,17.0,0.0,50,28.7,12.2,0.0,61.0
2021-03-01,Shahdara APMC,596.9,600.0,3,summer,agra,27.4,13.9,0.0,47,29.7,12.9,0.0,59.0
2021-03-02,Shahdara APMC,560.65,600.0,3,summer,agra,27.6,14.4,0.0,42,31.0,12.8,0.0,52.0
2021-03-03,Shahdara APMC,689.0,600.0,3,summer,agra,29.3,14.3,0.0,42,31.3,14.1,0.0,52.0
2021-03-04,Shahdara APMC,580.45,700.0,3,summer,agra,31.0,15.1,0.0,49,32.2,15.1,0.0,46.0
2021-03-05,Shahdara APMC,559.9,700.0,3,summer,agra,30.2,15.5,0.0,45,32.3,19.3,0.0,44.0
2021-03-06,Shahdara APMC,698.65,600.0,3,summer,agra,30.7,15.1,0.0,44,30.5,18.3,0.0,48.0
2021-03-07,Shahdara APMC,795.5,600.0,3,summer,agra,33.2,15.3,0.0,44,29.3,15.9,0.0,44.0
2021-03-08,Shahdara APMC,555.35,800.0,3,summer,agra,31.1,19.3,0.0,51,28.7,14.0,0.0,42.0
2021-03-09,Shahdara APMC,607.75,900.0,3,summer,agra,31.9,18.3,0.1,59,30.5,13.0,0.0,41.0
2021-03-10,Shahdara APMC,523.6,700.0,3,summer,agra,30.6,18.7,0.2,62,32.4,13.5,0.0,43.0
2021-03-11,Shahdara APMC,557.6,800.0,3,summer,agra,32.5,17.1,0.0,53,31.4,15.6,0.0,40.0
2021-03-13,Shahdara APMC,436.73,800.0,3,summer,agra,30.1,16.0,0.0,62,34.1,17.2,0.0,37.0
2021-03-14,Shahdara APMC,572.25,800.0,3,summer,agra,30.2,16.1,0.0,51,33.5,19.3,0.0,41.0
2021-03-15,Shahdara APMC,754.05,900.0,3,summer,agra,31.7,17.5,0.0,52,33.6,20.4,0.0,52.0
2021-03-16,Shahdara APMC,618.48,800.0,3,summer,agra,32.3,17.0,0.0,49,33.2,19.6,0.0,48.0
2021-03-17,Shahdara APMC,588.6,500.0,3,summer,agra,32.9,17.0,0.0,44,34.0,17.6,0.0,47.0
2021-03-18,Shahdara APMC,512.4,500.0,3,summer,agra,32.6,17.4,0.0,49,31.0,20.6,0.0,50.0
2021-03-19,Shahdara APMC,526.4,400.0,3,summer,agra,31.7,19.4,0.0,52,30.9,18.6,0.2,56.0
2021-03-20,Shahdara APMC,369.17,500.0,3,summer,agra,32.9,17.3,0.0,45,31.6,17.3,0.0,53.0
2021-03-21,Shahdara APMC,336.13,500.0,3,summer,agra,33.8,17.8,0.0,44,33.2,17.7,0.0,46.0
2021-03-22,Shahdara APMC,588.43,500.0,3,summer,agra,33.2,18.7,0.3,49,33.5,18.7,0.0,46.0
2021-03-23,Shahdara APMC,570.98,400.0,3,summer,agra,32.1,19.8,0.5,49,34.3,17.5,0.0,43.0
2021-03-24,Shahdara APMC,548.5,500.0,3,summer,agra,31.2,16.7,0.0,45,34.0,19.0,0.0,44.0
2021-03-25,Shahdara APMC,560.74,600.0,3,summer,agra,30.7,16.7,0.0,40,33.0,19.8,0.4,50.0
2021-03-26,Shahdara APMC,436.1,550.0,3,summer,agra,31.2,16.2,0.0,46,33.5,19.3,0.0,43.0
2021-03-31,Shahdara APMC,386.2,700.0,3,summer,agra,34.4,21.6,0.0,23,32.0,18.6,0.0,34.0
2021-04-03,Shahdara APMC,646.87,700.0,4,summer,agra,33.9,15.8,0.0,20,36.1,19.1,0.0,44.0
2021-04-04,Shahdara APMC,517.18,700.0,4,summer,agra,35.3,17.5,0.0,23,38.0,20.2,0.0,33.0
2021-04-05,Shahdara APMC,377.69,700.0,4,summer,agra,37.8,19.2,0.0,28,39.2,21.9,0.0,21.0
2021-04-06,Shahdara APMC,366.9,1000.0,4,summer,agra,37.5,22.5,0.0,29,36.3,23.2,0.0,21.0
2021-04-07,Shahdara APMC,363.2,800.0,4,summer,agra,35.6,21.4,0.0,31,35.5,20.4,0.0,16.0
2021-04-08,Shahdara APMC,539.3,700.0,4,summer,agra,33.9,20.3,0.0,26,34.5,17.2,0.0,19.0
2021-04-10,Shahdara APMC,600.5,700.0,4,summer,agra,36.3,19.3,0.0,19,35.9,18.4,0.0,22.0
2021-04-11,Shahdara APMC,411.4,700.0,4,summer,agra,37.4,20.8,0.0,20,38.9,19.9,0.0,25.0
2021-04-12,Shahdara APMC,514.7,700.0,4,summer,agra,38.0,20.4,0.0,21,40.4,22.7,0.0,22.0
2021-04-13,Shahdara APMC,566.26,800.0,4,summer,agra,38.1,21.3,0.0,24,38.3,24.8,0.0,23.0
2021-04-14,Shahdara APMC,682.75,800.0,4,summer,agra,38.6,22.5,0.0,23,36.6,23.5,0.0,21.0
2021-04-16,Shahdara APMC,573.9,900.0,4,summer,agra,38.7,23.0,2.8,32,37.2,20.2,0.0,17.0
2021-04-17,Shahdara APMC,417.85,900.0,4,summer,agra,34.8,20.4,0.2,44,37.9,20.3,0.0,17.0
2021-04-18,Shahdara APMC,471.1,800.0,4,summer,agra,35.4,21.5,0.0,31,38.8,21.5,0.0,17.0
2021-04-19,Shahdara APMC,331.7,900.0,4,summer,agra,37.2,21.3,0.0,31,39.9,22.4,0.0,19.0
2021-04-20,Shahdara APMC,378.0,900.0,4,summer,agra,33.7,22.0,0.0,29,39.7,22.6,0.0,20.0
2021-04-21,Shahdara APMC,506.9,900.0,4,summer,agra,31.7,19.0,0.1,41,39.7,23.3,0.0,19.0
2021-04-22,Shahdara APMC,470.3,900.0,4,summer,agra,32.8,20.1,0.0,42,39.8,23.2,0.0,21.0
2021-04-25,Shahdara APMC,257.45,800.0,4,summer,agra,36.6,20.9,0.0,28,38.9,21.9,0.0,24.0
2021-04-26,Shahdara APMC,160.15,800.0,4,summer,agra,38.8,20.9,0.0,26,38.6,22.4,0.0,24.0
2021-04-27,Shahdara APMC,211.6,800.0,4,summer,agra,41.1,23.6,0.0,24,35.7,24.1,0.0,30.0
2021-04-28,Shahdara APMC,264.3,800.0,4,summer,agra,41.5,24.7,0.0,21,34.5,22.1,0.0,33.0
2021-04-29,Shahdara APMC,209.0,800.0,4,summer,agra,40.9,25.0,0.0,23,38.3,23.6,0.0,26.0
2021-04-30,Shahdara APMC,268.9,800.0,4,summer,agra,39.1,24.6,0.0,29,34.8,22.8,0.0,29.0
2021-05-01,Shahdara APMC,262.85,800.0,5,summer,agra,39.6,25.2,0.0,31,37.6,22.2,0.0,23.0
2021-05-02,Shahdara APMC,233.8,800.0,5,summer,agra,38.8,26.1,0.0,32,39.2,21.6,0.0,19.0
2021-05-03,Shahdara APMC,228.3,800.0,5,summer,agra,37.0,25.4,0.0,33,41.5,23.9,0.0,15.0
2021-05-04,Shahdara APMC,229.65,800.0,5,summer,agra,40.1,26.0,0.0,31,42.1,24.5,0.0,16.0
2021-05-05,Shahdara APMC,271.0,800.0,5,summer,agra,37.8,26.1,0.0,39,41.5,25.4,0.0,17.0
2021-05-06,Shahdara APMC,445.3,800.0,5,summer,agra,39.2,24.1,7.6,53,40.1,25.7,0.0,29.0
2021-05-07,Shahdara APMC,328.45,800.0,5,summer,agra,34.6,22.0,1.9,56,40.2,25.4,0.0,28.0
2021-05-08,Shahdara APMC,215.3,800.0,5,summer,agra,37.1,23.7,0.0,40,38.1,27.6,0.0,29.0
2021-05-09,Shahdara APMC,74.4,800.0,5,summer,agra,37.7,25.3,0.0,40,38.4,26.4,0.0,29.0
2021-05-10,Shahdara APMC,306.65,800.0,5,summer,agra,36.0,25.0,0.3,42,40.2,26.1,0.0,24.0
2021-05-11,Shahdara APMC,437.05,800.0,5,summer,agra,38.8,25.1,0.1,41,39.6,27.2,0.0,32.0
2021-05-12,Shahdara APMC,315.4,700.0,5,summer,agra,35.2,24.6,0.0,46,39.2,26.6,0.0,42.0
2021-05-14,Shahdara APMC,235.4,700.0,5,summer,agra,36.0,22.8,0.0,46,37.8,25.9,0.0,38.0
2021-05-16,Shahdara APMC,32.75,700.0,5,summer,agra,38.4,23.9,0.0,38,39.2,25.8,0.0,37.0
2021-05-17,Shahdara APMC,426.45,700.0,5,summer,agra,37.1,26.2,0.0,36,38.7,25.7,0.0,38.0
2021-05-18,Shahdara APMC,314.2,800.0,5,summer,agra,30.8,24.5,1.2,57,36.5,26.0,0.1,43.0
2021-05-19,Shahdara APMC,442.85,800.0,5,summer,agra,24.4,21.0,95.5,85,35.2,24.5,1.3,54.0
2021-05-20,Shahdara APMC,236.5,900.0,5,summer,agra,29.7,20.6,33.7,78,36.7,24.2,0.0,48.0
2021-05-21,Shahdara APMC,272.45,900.0,5,summer,agra,31.4,20.8,1.4,79,37.1,25.8,0.0,43.0
2021-05-22,Shahdara APMC,305.9,900.0,5,summer,agra,33.1,23.8,0.0,69,38.9,26.3,0.0,35.0
2021-05-23,Shahdara APMC,58.9,900.0,5,summer,agra,33.9,22.5,0.0,61,35.4,25.9,0.0,44.0
2021-05-24,Shahdara APMC,416.35,1000.0,5,summer,agra,35.1,22.1,0.0,49,28.8,23.1,8.3,69.0
2021-05-26,Shahdara APMC,343.8,900.0,5,summer,agra,37.6,22.1,0.0,44,29.6,21.9,3.0,77.0
2021-05-27,Shahdara APMC,292.65,900.0,5,summer,agra,37.6,22.0,0.0,47,33.3,21.2,0.0,73.0
2021-05-28,Shahdara APMC,346.25,900.0,5,summer,agra,36.8,24.1,0.0,62,34.3,23.8,0.2,67.0
2021-05-30,Shahdara APMC,51.8,800.0,5,summer,agra,36.2,25.1,0.7,64,35.2,23.8,0.0,47.0
2021-05-31,Shahdara APMC,381.25,800.0,5,summer,agra,37.2,26.2,0.0,59,36.6,24.0,0.0,42.0
2021-06-01,Shahdara APMC,334.6,900.0,6,monsoon,solan,33.6,22.4,0.0,69,28.3,14.1,0.0,42.0
2021-06-03,Shahdara APMC,203.05,1000.0,6,monsoon,solan,35.1,25.3,0.0,63,29.4,15.4,0.0,54.0
2021-06-04,Shahdara APMC,355.9,900.0,6,monsoon,solan,35.8,25.3,0.1,64,28.2,17.3,4.1,74.0
2021-06-05,Shahdara APMC,219.15,800.0,6,monsoon,solan,36.1,25.8,0.0,61,27.0,16.8,7.0,76.0
2021-06-06,Shahdara APMC,47.3,1000.0,6,monsoon,solan,38.1,26.2,0.0,55,26.9,16.2,0.6,69.0
2021-06-07,Shahdara APMC,479.2,1000.0,6,monsoon,solan,39.7,26.7,0.0,51,25.7,16.4,3.0,72.0
2021-06-08,Shahdara APMC,417.45,1100.0,6,monsoon,solan,41.6,28.7,0.0,39,24.1,15.6,6.0,73.0
2021-06-09,Shahdara APMC,235.7,1000.0,6,monsoon,solan,41.9,30.8,0.0,38,25.3,15.4,5.5,72.0
2021-06-10,Shahdara APMC,357.45,1000.0,6,monsoon,solan,37.8,29.9,0.0,58,24.8,15.4,0.4,68.0
2021-06-12,Shahdara APMC,302.35,1000.0,6,monsoon,solan,37.7,28.6,0.3,59,26.6,16.4,1.4,69.0
2021-06-13,Shahdara APMC,179.65,1000.0,6,monsoon,solan,36.5,25.5,6.3,67,27.3,16.7,0.9,70.0
2021-06-14,Shahdara APMC,506.6,900.0,6,monsoon,solan,36.7,26.1,0.0,61,29.7,19.9,0.0,66.0
2021-06-15,Shahdara APMC,213.9,1000.0,6,monsoon,solan,37.2,27.0,4.5,62,29.6,20.1,1.5,70.0
2021-06-16,Shahdara APMC,321.05,1000.0,6,monsoon,solan,35.0,26.1,2.0,72,26.6,18.6,14.4,82.0
2021-06-17,Shahdara APMC,340.95,1000.0,6,monsoon,solan,34.7,26.1,0.0,71,25.7,18.0,18.2,85.0
2021-06-18,Shahdara APMC,358.25,900.0,6,monsoon,solan,33.6,25.7,0.4,71,25.7,17.7,10.6,86.0
2021-06-20,Shahdara APMC,276.6,1000.0,6,monsoon,solan,33.5,25.4,1.0,74,27.0,15.7,0.0,77.0
2021-06-21,Shahdara APMC,279.3,1000.0,6,monsoon,solan,36.3,25.3,0.0,64,27.7,16.5,0.0,68.0
2021-06-22,Shahdara APMC,445.8,1000.0,6,monsoon,solan,39.7,28.2,0.0,48,22.2,17.9,9.1,87.0
2021-06-23,Shahdara APMC,343.4,800.0,6,monsoon,solan,40.5,28.4,0.0,46,24.8,16.9,7.2,84.0
2021-06-24,Shahdara APMC,338.55,800.0,6,monsoon,solan,38.6,28.4,0.0,58,24.4,17.4,10.4,87.0
2021-06-25,Shahdara APMC,334.35,1100.0,6,monsoon,solan,39.9,28.5,2.6,58,24.7,15.7,2.7,83.0
2021-06-26,Shahdara APMC,333.35,1100.0,6,monsoon,solan,38.1,26.9,0.0,57,24.5,16.5,2.9,82.0
2021-06-27,Shahdara APMC,262.05,1100.0,6,monsoon,solan,38.8,28.9,0.0,53,26.6,16.7,0.0,79.0
2021-06-28,Shahdara APMC,121.15,1000.0,6,monsoon,solan,40.1,28.9,0.0,49,28.0,16.9,0.0,69.0
2021-06-29,Shahdara APMC,478.85,1000.0,6,monsoon,solan,42.6,29.4,0.0,38,27.9,16.9,0.0,63.0
2021-06-30,Shahdara APMC,476.4,900.0,6,monsoon,solan,43.8,29.6,0.0,31,26.8,17.0,1.7,71.0
2021-07-01,Shahdara APMC,527.0,1000.0,7,monsoon,solan,42.1,31.9,0.0,33,26.4,15.7,0.6,71.0
2021-07-02,Shahdara APMC,423.0,1000.0,7,monsoon,solan,41.6,31.6,0.1,42,25.7,16.9,4.1,76.0
2021-07-03,Shahdara APMC,200.85,1000.0,7,monsoon,solan,39.3,29.4,0.1,50,27.4,15.9,0.0,73.0
2021-07-04,Shahdara APMC,293.4,1000.0,7,monsoon,solan,40.3,28.8,0.0,49,27.8,17.5,0.0,73.0
2021-07-06,Shahdara APMC,339.25,1000.0,7,monsoon,solan,40.3,29.9,0.1,44,30.6,21.0,0.0,56.0
2021-07-07,Shahdara APMC,327.1,1000.0,7,monsoon,solan,41.8,31.4,0.0,40,29.8,19.9,0.4,69.0
2021-07-09,Shahdara APMC,412.8,1000.0,7,monsoon,solan,38.3,28.4,0.2,57,26.6,17.9,3.2,74.0
2021-07-10,Shahdara APMC,386.6,1000.0,7,monsoon,solan,38.1,30.1,1.2,57,27.6,17.3,0.8,75.0
2021-07-11,Shahdara APMC,401.1,1000.0,7,monsoon,solan,36.7,29.1,1.6,64,27.0,18.0,3.9,80.0
2021-07-12,Shahdara APMC,354.5,1000.0,7,monsoon,solan,33.8,28.0,3.9,70,28.3,18.2,0.0,76.0
2021-07-14,Shahdara APMC,334.2,1000.0,7,monsoon,solan,32.3,27.4,11.2,83,28.7,17.7,1.4,72.0
2021-07-15,Shahdara APMC,361.4,900.0,7,monsoon,solan,34.3,27.4,3.0,79,26.9,19.0,4.5,83.0
2021-07-16,Shahdara APMC,393.8,1000.0,7,monsoon,solan,34.4,27.7,2.1,78,25.9,20.2,14.2,90.0
2021-07-20,Shahdara APMC,239.65,1000.0,7,monsoon,solan,30.8,25.9,25.0,87,25.4,18.0,4.4,86.0
2021-07-21,Shahdara APMC,290.75,1000.0,7,monsoon,solan,32.6,25.9,7.6,85,26.3,17.9,5.0,85.0
2021-07-22,Shahdara APMC,257.9,1000.0,7,monsoon,solan,30.2,25.9,4.7,88,25.9,18.6,3.4,85.0
2021-07-24,Shahdara APMC,406.55,1000.0,7,monsoon,solan,34.0,27.3,0.6,81,25.4,20.3,15.6,90.0
2021-07-25,Shahdara APMC,657.9,900.0,7,monsoon,solan,34.3,27.9,0.1,78,22.7,19.8,54.8,95.0
2021-07-26,Shahdara APMC,499.2,1000.0,7,monsoon,solan,30.7,28.0,5.4,85,25.7,18.9,14.6,96.0
2021-07-27,Shahdara APMC,502.35,1000.0,7,monsoon,solan,31.2,27.0,13.6,87,25.7,19.7,4.7,90.0
2021-07-28,Shahdara APMC,336.6,1000.0,7,monsoon,solan,29.0,26.2,18.9,89,23.3,19.0,8.9,93.0
2021-07-29,Shahdara APMC,375.5,1000.0,7,monsoon,solan,29.7,25.7,7.3,88,25.1,19.2,3.3,89.0
2021-07-30,Shahdara APMC,481.6,1000.0,7,monsoon,solan,30.5,25.8,11.8,87,26.0,18.9,2.6,89.0
2021-07-31,Shahdara APMC,454.5,1100.0,7,monsoon,solan,31.9,25.4,3.7,86,26.4,19.3,7.2,91.0
2021-08-01,Shahdara APMC,538.5,1100.0,8,monsoon,solan,32.3,26.8,0.6,83,24.1,20.7,22.2,94.0
2021-08-02,Shahdara APMC,317.4,900.0,8,monsoon,solan,30.2,26.1,19.4,87,25.8,20.8,15.6,93.0
2021-08-03,Shahdara APMC,453.25,900.0,8,monsoon,solan,32.3,26.4,5.1,85,21.4,20.1,164.0,98.0
2021-08-05,Shahdara APMC,449.8,900.0,8,monsoon,solan,32.9,26.0,0.3,80,24.3,19.5,14.3,91.0
2021-08-06,Shahdara APMC,440.95,900.0,8,monsoon,solan,33.2,26.5,2.8,81,25.2,19.8,3.2,90.0
2021-08-07,Shahdara APMC,388.85,900.0,8,monsoon,solan,32.2,27.6,8.0,87,26.2,18.4,1.5,85.0
2021-08-08,Shahdara APMC,427.05,900.0,8,monsoon,solan,32.0,27.1,5.3,87,24.4,18.2,7.0,91.0
2021-08-09,Shahdara APMC,352.6,900.0,8,monsoon,solan,31.0,26.7,1.4,87,26.1,20.1,4.2,85.0
2021-08-10,Shahdara APMC,319.65,900.0,8,monsoon,solan,34.6,26.6,0.8,78,25.5,19.7,12.5,94.0
2021-08-11,Shahdara APMC,500.3,1150.0,8,monsoon,solan,35.2,27.5,0.0,67,24.7,19.3,11.9,95.0
2021-08-14,Shahdara APMC,379.7,1000.0,8,monsoon,solan,35.3,26.7,0.0,66,24.0,19.2,12.9,89.0
2021-08-15,Shahdara APMC,112.1,1000.0,8,monsoon,solan,35.2,26.4,0.0,65,24.7,18.8,3.1,90.0
2021-08-16,Shahdara APMC,662.5,600.0,8,monsoon,solan,35.6,26.6,0.0,66,26.0,17.7,0.3,83.0
2021-08-17,Shahdara APMC,428.55,600.0,8,monsoon,solan,36.1,26.9,0.0,67,26.3,17.5,0.4,81.0
2021-08-18,Shahdara APMC,697.4,600.0,8,monsoon,solan,36.0,27.3,0.0,65,25.6,18.6,2.7,88.0
2021-08-21,Shahdara APMC,194.05,600.0,8,monsoon,solan,29.2,25.1,27.2,90,26.0,17.2,0.4,83.0
2021-08-22,Shahdara APMC,96.4,600.0,8,monsoon,solan,31.1,25.0,8.1,89,26.0,16.0,0.0,81.0
2021-08-23,Shahdara APMC,256.8,600.0,8,monsoon,solan,31.8,26.2,5.9,87,26.7,16.2,0.0,78.0
2021-08-24,Shahdara APMC,230.6,900.0,8,monsoon,solan,31.9,27.0,2.5,86,26.7,17.1,0.0,80.0
2021-08-25,Shahdara APMC,384.45,800.0,8,monsoon,solan,34.4,27.7,0.0,71,25.2,18.0,1.9,86.0
2021-08-26,Shahdara APMC,539.6,900.0,8,monsoon,solan,34.0,26.9,0.0,69,22.8,19.1,34.2,94.0
2021-08-27,Shahdara APMC,605.95,850.0,8,monsoon,solan,34.2,25.4,0.0,68,24.1,18.8,33.3,91.0
2021-08-31,Shahdara APMC,447.95,850.0,8,monsoon,solan,31.0,24.9,3.9,87,25.0,19.3,2.5,89.0
2021-09-01,Shahdara APMC,370.45,900.0,9,monsoon,agra,29.8,24.5,11.5,90,33.0,26.9,0.0,68.0
2021-09-02,Shahdara APMC,394.55,850.0,9,monsoon,agra,31.9,24.8,0.4,86,33.4,25.7,0.0,70.0
2021-09-03,Shahdara APMC,356.25,850.0,9,monsoon,agra,31.1,25.3,8.2,88,32.8,25.7,1.2,77.0
2021-09-04,Shahdara APMC,443.0,850.0,9,monsoon,agra,30.7,25.6,10.9,89,30.9,26.6,8.2,87.0
2021-09-05,Shahdara APMC,644.1,700.0,9,monsoon,agra,31.6,25.8,5.7,86,29.9,25.1,16.2,88.0
2021-09-06,Shahdara APMC,430.55,800.0,9,monsoon,agra,32.2,26.6,2.6,84,30.7,25.3,17.4,89.0
2021-09-07,Shahdara APMC,504.75,800.0,9,monsoon,agra,30.6,26.2,7.1,88,30.7,25.5,14.4,87.0
2021-09-08,Shahdara APMC,505.8,800.0,9,monsoon,agra,30.6,26.1,1.6,81,32.9,25.3,7.7,87.0
2021-09-09,Shahdara APMC,431.1,800.0,9,monsoon,agra,31.0,25.2,3.9,84,31.3,25.6,4.6,87.0
2021-09-11,Shahdara APMC,411.8,800.0,9,monsoon,agra,28.8,24.2,15.3,90,32.9,26.2,0.1,82.0
2021-09-12,Shahdara APMC,263.0,800.0,9,monsoon,agra,29.0,24.8,8.1,90,33.3,26.8,0.5,83.0
2021-09-13,Shahdara APMC,376.85,750.0,9,monsoon,agra,31.6,25.7,7.2,87,31.8,26.9,2.0,82.0
2021-09-14,Shahdara APMC,300.1,800.0,9,monsoon,agra,31.2,25.9,1.3,84,31.4,26.6,4.3,81.0
2021-09-15,Shahdara APMC,504.45,900.0,9,monsoon,agra,32.2,25.4,0.0,79,31.0,25.7,5.2,85.0
2021-09-16,Shahdara APMC,504.4,900.0,9,monsoon,agra,32.8,25.4,3.4,78,29.4,25.1,9.4,87.0
2021-09-17,Shahdara APMC,525.0,800.0,9,monsoon,agra,29.6,23.5,1.0,78,30.6,24.3,21.7,90.0
2021-09-18,Shahdara APMC,473.5,900.0,9,monsoon,agra,31.1,24.3,0.0,81,31.8,24.6,12.3,86.0
2021-09-19,Shahdara APMC,330.3,900.0,9,monsoon,agra,31.9,25.3,0.2,81,32.2,26.3,6.8,85.0
2021-09-20,Shahdara APMC,401.3,800.0,9,monsoon,agra,32.4,25.0,0.5,81,33.1,26.5,1.3,77.0
2021-09-22,Shahdara APMC,498.85,850.0,9,monsoon,agra,29.7,24.6,17.5,89,29.0,23.5,35.4,80.0
2021-09-23,Shahdara APMC,373.55,800.0,9,monsoon,agra,29.8,24.6,8.8,88,29.2,23.0,29.9,89.0
2021-09-24,Shahdara APMC,492.2,800.0,9,monsoon,agra,30.9,24.7,2.5,84,31.4,24.6,2.1,86.0
2021-09-25,Shahdara APMC,415.65,800.0,9,monsoon,agra,30.8,24.7,1.9,85,31.4,24.9,0.7,82.0
2021-09-26,Shahdara APMC,510.4,800.0,9,monsoon,agra,30.7,24.4,1.4,85,32.2,24.7,0.0,81.0
2021-09-27,Shahdara APMC,484.55,800.0,9,monsoon,agra,32.1,24.7,0.2,81,32.1,25.0,2.4,84.0
2021-09-29,Shahdara APMC,362.5,900.0,9,monsoon,agra,31.6,25.3,0.2,80,31.9,25.0,1.8,83.0
2021-10-02,Shahdara APMC,124.7,700.0,10,post_monsoon,agra,33.3,25.5,0.2,78,30.0,24.4,2.1,86.0
2021-10-03,Shahdara APMC,610.45,700.0,10,post_monsoon,agra,34.0,25.6,0.0,75,32.3,25.0,1.9,83.0
2021-10-04,Shahdara APMC,512.35,800.0,10,post_monsoon,agra,33.3,25.6,0.0,70,31.9,25.9,1.9,83.0
2021-10-05,Shahdara APMC,584.6,1000.0,10,post_monsoon,agra,32.5,24.8,2.3,76,30.7,25.7,0.8,83.0
2021-10-06,Shahdara APMC,763.4,1150.0,10,post_monsoon,agra,32.7,25.6,0.0,75,31.8,25.4,0.3,81.0
2021-10-07,Shahdara APMC,674.6,1150.0,10,post_monsoon,agra,32.9,23.1,0.0,69,32.2,25.2,0.3,79.0
2021-10-08,Shahdara APMC,621.65,800.0,10,post_monsoon,agra,34.0,23.0,0.0,66,33.0,25.6,0.1,78.0
2021-10-09,Shahdara APMC,508.3,800.0,10,post_monsoon,agra,34.9,22.7,0.0,61,32.9,25.7,0.4,78.0
2021-10-10,Shahdara APMC,681.05,900.0,10,post_monsoon,agra,35.8,22.4,0.0,60,33.1,26.1,0.6,74.0
2021-10-11,Shahdara APMC,437.95,900.0,10,post_monsoon,agra,35.6,22.8,0.0,57,33.0,25.6,0.0,73.0
2021-10-12,Shahdara APMC,698.15,900.0,10,post_monsoon,agra,35.4,23.3,0.0,54,33.0,25.9,0.0,77.0
2021-10-13,Shahdara APMC,613.4,900.0,10,post_monsoon,agra,33.7,21.6,0.0,52,32.7,24.4,0.0,72.0
2021-10-14,Shahdara APMC,513.65,1000.0,10,post_monsoon,agra,32.7,19.6,0.0,53,33.3,22.5,0.0,71.0
2021-10-15,Shahdara APMC,557.8,1000.0,10,post_monsoon,agra,33.8,19.4,0.0,51,34.2,23.2,0.0,69.0
2021-10-18,Shahdara APMC,395.3,900.0,10,post_monsoon,agra,23.8,21.1,27.7,92,34.3,22.1,0.0,65.0
2021-10-19,Shahdara APMC,219.6,1400.0,10,post_monsoon,agra,28.9,19.4,0.0,81,34.2,22.6,0.0,53.0
2021-10-20,Shahdara APMC,408.65,1300.0,10,post_monsoon,agra,31.0,19.8,0.0,72,32.4,20.5,0.0,56.0
2021-10-21,Shahdara APMC,479.7,1300.0,10,post_monsoon,agra,29.9,17.9,0.0,65,33.0,19.7,0.0,56.0
2021-10-22,Shahdara APMC,379.0,1200.0,10,post_monsoon,agra,30.5,19.4,0.0,64,33.3,21.2,0.0,67.0
2021-10-23,Shahdara APMC,535.1,1100.0,10,post_monsoon,agra,29.8,18.9,0.0,67,30.2,24.6,6.6,80.0
2021-10-24,Shahdara APMC,503.6,1100.0,10,post_monsoon,agra,27.7,19.3,0.2,72,25.3,22.3,62.0,94.0
2021-10-25,Shahdara APMC,472.3,900.0,10,post_monsoon,agra,27.5,17.8,0.0,79,29.6,20.6,0.0,79.0
2021-10-29,Shahdara APMC,637.5,1800.0,10,post_monsoon,agra,28.7,14.6,0.0,63,30.2,19.4,0.0,67.0
2021-10-30,Shahdara APMC,690.45,1900.0,10,post_monsoon,agra,29.1,15.2,0.0,57,29.3,20.6,0.1,68.0
2021-10-31,Shahdara APMC,435.3,1900.0,10,post_monsoon,agra,29.6,15.8,0.0,53,28.5,18.7,0.0,73.0
2021-11-01,Shahdara APMC,469.6,1900.0,11,post_monsoon,agra,29.6,16.7,0.0,53,28.3,18.5,0.0,72.0
2021-11-02,Shahdara APMC,284.85,1800.0,11,post_monsoon,agra,28.4,16.5,0.0,63,27.7,15.8,0.0,69.0
2021-11-05,Shahdara APMC,222.45,1900.0,11,post_monsoon,agra,27.8,15.2,0.0,60,28.6,16.2,0.0,63.0
2021-11-06,Shahdara APMC,288.1,1800.0,11,post_monsoon,agra,29.1,14.5,0.0,56,29.2,15.7,0.0,55.0
2021-11-07,Shahdara APMC,278.75,1900.0,11,post_monsoon,agra,28.8,15.4,0.0,59,29.5,14.9,0.0,61.0
2021-11-09,Shahdara APMC,459.85,900.0,11,post_monsoon,agra,28.5,14.9,0.0,59,28.2,14.6,0.0,68.0
2021-11-10,Shahdara APMC,606.4,1100.0,11,post_monsoon,agra,29.2,14.0,0.0,60,27.9,15.1,0.0,70.0
2021-11-11,Shahdara APMC,652.9,1100.0,11,post_monsoon,agra,28.7,14.0,0.0,60,27.3,14.6,0.0,66.0
2021-11-14,Shahdara APMC,549.15,1600.0,11,post_monsoon,agra,26.6,12.2,0.0,56,28.0,14.6,0.0,72.0
2021-11-15,Shahdara APMC,430.85,1500.0,11,post_monsoon,agra,26.1,11.6,0.0,55,27.6,14.7,0.0,71.0
2021-11-16,Shahdara APMC,353.5,1500.0,11,post_monsoon,agra,25.5,11.1,0.0,58,28.4,14.7,0.0,70.0
2021-11-17,Shahdara APMC,383.9,1400.0,11,post_monsoon,agra,24.8,10.6,0.0,66,27.6,13.0,0.0,67.0
2021-11-18,Shahdara APMC,439.8,1400.0,11,post_monsoon,agra,24.7,12.5,0.0,68,27.2,13.9,0.0,71.0
2021-11-19,Shahdara APMC,407.95,1500.0,11,post_monsoon,agra,25.0,12.0,0.0,63,27.0,13.2,0.0,67.0
2021-11-20,Shahdara APMC,427.3,1650.0,11,post_monsoon,agra,25.5,15.0,0.0,59,26.2,11.9,0.0,68.0
2021-11-21,Shahdara APMC,447.2,1450.0,11,post_monsoon,agra,26.2,13.3,0.0,58,25.5,11.4,0.0,65.0
2021-11-22,Shahdara APMC,520.25,2050.0,11,post_monsoon,agra,26.6,12.4,0.0,52,25.3,11.6,0.0,65.0
2021-11-23,Shahdara APMC,321.95,1200.0,11,post_monsoon,agra,26.0,11.8,0.0,56,24.6,10.1,0.0,68.0
2021-11-24,Shahdara APMC,370.1,900.0,11,post_monsoon,agra,26.3,11.0,0.0,59,23.3,13.7,0.0,73.0
2021-11-25,Shahdara APMC,342.35,800.0,11,post_monsoon,agra,25.4,11.9,0.0,68,21.6,16.2,2.8,80.0
2021-11-26,Shahdara APMC,353.7,800.0,11,post_monsoon,agra,25.4,12.0,0.0,69,21.1,15.2,0.0,86.0
2021-11-27,Shahdara APMC,452.8,1150.0,11,post_monsoon,agra,25.5,13.2,0.0,71,26.0,14.6,0.0,76.0
2021-11-28,Shahdara APMC,482.85,1050.0,11,post_monsoon,agra,25.2,13.6,0.0,74,25.4,14.3,0.0,59.0
2021-11-29,Shahdara APMC,466.2,1150.0,11,post_monsoon,agra,25.1,11.5,0.0,65,25.2,11.1,0.0,57.0
2021-11-30,Shahdara APMC,578.7,1100.0,11,post_monsoon,agra,25.1,12.2,0.0,66,25.6,10.4,0.0,70.0
2021-12-01,Shahdara APMC,425.15,1150.0,12,winter,agra,21.9,13.4,0.0,74,24.7,11.4,0.0,70.0
2021-12-02,Shahdara APMC,522.7,1150.0,12,winter,agra,19.8,13.9,3.3,81,25.4,10.9,0.0,74.0
2021-12-03,Shahdara APMC,705.85,1150.0,12,winter,agra,22.4,12.9,0.0,79,25.8,12.6,0.0,73.0
2021-12-04,Shahdara APMC,567.95,900.0,12,winter,agra,23.9,11.9,0.0,74,26.0,13.5,0.0,76.0
2021-12-05,Shahdara APMC,596.95,1100.0,12,winter,agra,24.5,13.4,0.2,74,25.0,13.1,0.0,77.0
2021-12-06,Shahdara APMC,679.65,1100.0,12,winter,agra,23.2,14.0,2.0,80,23.9,11.5,0.0,73.0
2021-12-07,Shahdara APMC,414.3,1050.0,12,winter,agra,22.9,12.5,0.0,75,20.2,13.1,0.0,81.0
2021-12-08,Shahdara APMC,675.84,1050.0,12,winter,agra,22.1,10.8,0.0,72,19.2,15.9,0.1,79.0
2021-12-10,Shahdara APMC,606.4,700.0,12,winter,agra,22.2,9.7,0.0,71,24.7,12.6,0.0,77.0
2021-12-11,Shahdara APMC,652.9,900.0,12,winter,agra,21.8,9.1,0.0,69,24.5,12.8,0.0,78.0
2021-12-12,Shahdara APMC,671.65,850.0,12,winter,agra,20.9,8.4,0.0,67,23.0,15.6,0.1,79.0
2021-12-13,Shahdara APMC,624.95,750.0,12,winter,agra,19.2,8.4,0.0,69,23.7,13.0,0.0,75.0
2021-12-14,Shahdara APMC,466.85,900.0,12,winter,agra,20.6,8.5,0.0,73,22.7,10.9,0.0,71.0
2021-12-15,Shahdara APMC,769.55,750.0,12,winter,agra,20.6,9.1,0.0,69,22.4,9.5,0.0,73.0
2021-12-16,Shahdara APMC,694.65,850.0,12,winter,agra,17.8,9.9,0.0,73,22.3,10.4,0.0,74.0
2021-12-17,Shahdara APMC,364.35,850.0,12,winter,agra,18.0,7.7,0.0,61,21.3,9.2,0.0,69.0
2021-12-18,Shahdara APMC,462.02,725.0,12,winter,agra,17.9,6.2,0.0,67,20.8,7.4,0.0,68.0
2021-12-19,Shahdara APMC,705.7,725.0,12,winter,agra,17.6,5.8,0.0,66,21.0,10.2,0.0,72.0
2021-12-20,Shahdara APMC,588.0,650.0,12,winter,agra,18.0,5.4,0.0,71,22.5,10.4,0.1,73.0
2021-12-21,Shahdara APMC,332.0,700.0,12,winter,agra,19.4,5.2,0.0,73,21.9,12.1,0.0,76.0
2021-12-22,Shahdara APMC,747.55,700.0,12,winter,agra,20.0,5.8,0.0,69,22.0,11.5,0.1,73.0
2021-12-24,Shahdara APMC,594.7,650.0,12,winter,agra,21.5,9.1,0.0,76,17.9,7.3,0.0,66.0
2021-12-25,Shahdara APMC,505.4,650.0,12,winter,agra,21.0,9.3,0.0,73,17.6,6.3,0.0,62.0
2021-12-26,Shahdara APMC,566.25,650.0,12,winter,agra,18.2,11.0,4.6,81,18.3,5.2,0.0,67.0
2021-12-27,Shahdara APMC,608.15,600.0,12,winter,agra,19.6,11.2,2.3,73,20.0,4.9,0.0,70.0
2021-12-28,Shahdara APMC,541.1,600.0,12,winter,agra,19.3,11.0,0.8,79,21.0,6.6,0.0,74.0
2021-12-29,Shahdara APMC,391.8,750.0,12,winter,agra,19.1,8.5,0.0,76,21.9,7.4,0.0,73.0
2021-12-30,Shahdara APMC,432.98,1000.0,12,winter,agra,17.7,5.4,0.0,69,22.2,8.3,0.0,75.0
2022-01-01,Shahdara APMC,869.25,850.0,1,winter,agra,18.1,5.2,0.0,78,21.6,9.4,0.0,76.0
2022-01-02,Shahdara APMC,493.2,775.0,1,winter,agra,18.8,6.3,0.0,79,21.5,11.7,0.1,79.0
2022-01-03,Shahdara APMC,396.0,700.0,1,winter,agra,20.1,7.0,0.0,77,15.2,12.7,6.9,88.0
2022-01-04,Shahdara APMC,509.31,700.0,1,winter,agra,21.9,8.0,0.0,74,19.2,9.7,0.0,81.0
2022-01-07,Shahdara APMC,670.0,700.0,1,winter,agra,19.8,12.4,1.3,86,18.1,6.0,0.0,73.0
2022-01-08,Shahdara APMC,524.57,700.0,1,winter,agra,17.2,14.0,31.1,90,18.9,6.5,0.0,79.0
2022-01-09,Shahdara APMC,292.6,700.0,1,winter,agra,16.9,10.4,2.1,90,19.7,7.3,0.0,81.0
2022-01-10,Shahdara APMC,608.05,700.0,1,winter,agra,16.8,7.9,0.0,84,21.4,7.5,0.0,80.0
2022-01-11,Shahdara APMC,768.86,750.0,1,winter,agra,17.3,7.2,0.0,81,17.2,9.3,7.8,84.0
2022-01-12,Shahdara APMC,412.45,750.0,1,winter,agra,17.2,7.6,0.0,82,18.4,12.8,6.6,87.0
2022-01-13,Shahdara APMC,381.95,750.0,1,winter,agra,17.4,7.1,0.0,78,22.2,13.6,0.2,86.0
2022-01-14,Shahdara APMC,692.82,650.0,1,winter,agra,16.5,6.5,0.0,83,20.3,14.1,55.0,90.0
2022-01-15,Shahdara APMC,579.5,650.0,1,winter,agra,16.7,5.6,0.0,88,19.4,11.7,3.9,88.0
2022-01-16,Shahdara APMC,703.15,650.0,1,winter,agra,15.6,5.7,0.0,88,17.9,10.2,0.0,80.0
2022-01-17,Shahdara APMC,695.3,725.0,1,winter,agra,14.0,4.1,0.0,87,17.9,9.8,0.0,79.0
2022-01-18,Shahdara APMC,592.12,725.0,1,winter,agra,16.0,5.2,0.0,89,17.2,8.5,0.0,77.0
2022-01-19,Shahdara APMC,457.25,650.0,1,winter,agra,17.5,6.3,0.5,90,16.9,6.7,0.0,77.0
2022-01-20,Shahdara APMC,637.45,800.0,1,winter,agra,18.0,9.1,0.0,87,16.7,5.2,0.0,78.0
2022-01-21,Shahdara APMC,755.35,900.0,1,winter,agra,18.4,7.6,0.0,86,16.0,5.4,0.0,84.0
2022-01-22,Shahdara APMC,429.27,750.0,1,winter,agra,16.1,11.9,22.2,84,15.2,4.7,0.0,87.0
2022-01-23,Shahdara APMC,399.25,750.0,1,winter,agra,16.4,8.8,5.0,86,15.2,3.4,0.0,88.0
2022-01-24,Shahdara APMC,243.6,700.0,1,winter,agra,16.3,6.8,0.5,84,15.2,5.8,0.0,87.0
2022-01-25,Shahdara APMC,126.54,675.0,1,winter,agra,16.5,6.2,0.0,82,16.8,5.6,0.0,90.0
2022-01-26,Shahdara APMC,159.6,725.0,1,winter,agra,16.8,6.0,0.0,83,18.3,6.9,0.0,90.0
2022-01-28,Shahdara APMC,597.05,700.0,1,winter,agra,17.9,7.0,0.0,74,19.2,12.7,4.5,86.0
2022-01-30,Shahdara APMC,489.45,700.0,1,winter,agra,20.2,8.6,0.0,75,16.7,7.3,0.1,84.0
2022-01-31,Shahdara APMC,575.2,700.0,1,winter,agra,20.8,8.1,0.0,81,16.8,6.9,0.0,82.0
2022-02-01,Shahdara APMC,749.85,700.0,2,winter,agra,20.7,8.6,0.0,87,16.6,6.3,0.0,80.0
2022-02-02,Shahdara APMC,539.08,800.0,2,winter,agra,20.4,8.5,0.0,80,18.2,7.2,0.0,79.0
2022-02-04,Shahdara APMC,369.25,800.0,2,winter,agra,16.3,7.9,0.0,84,19.7,5.5,0.0,77.0
2022-02-06,Shahdara APMC,338.9,800.0,2,winter,agra,20.5,7.1,0.0,77,21.8,7.9,0.0,81.0
2022-02-07,Shahdara APMC,578.05,775.0,2,winter,agra,22.4,8.8,0.0,78,22.7,8.4,0.0,87.0
2022-02-08,Shahdara APMC,537.9,800.0,2,winter,agra,22.2,10.8,0.5,82,21.1,8.8,0.0,78.0
2022-02-09,Shahdara APMC,706.15,1250.0,2,winter,agra,18.5,10.9,3.1,84,22.4,12.2,0.9,74.0
2022-02-10,Shahdara APMC,186.65,1200.0,2,winter,agra,20.2,8.5,0.0,77,18.1,8.7,0.0,78.0
2022-02-12,Shahdara APMC,519.25,1100.0,2,winter,agra,21.2,9.1,0.0,70,20.4,6.5,0.0,81.0
2022-02-13,Shahdara APMC,620.25,850.0,2,winter,agra,22.3,8.4,0.0,71,23.1,7.0,0.0,78.0
2022-02-14,Shahdara APMC,581.25,800.0,2,winter,agra,23.1,9.6,0.0,71,23.9,10.2,0.4,79.0
2022-02-15,Shahdara APMC,660.65,850.0,2,winter,agra,23.3,11.1,0.0,68,18.8,11.4,20.4,89.0
2022-02-16,Shahdara APMC,675.5,800.0,2,winter,agra,23.6,10.5,0.0,72,20.1,9.7,0.0,80.0
2022-02-17,Shahdara APMC,570.5,850.0,2,winter,agra,24.1,10.1,0.0,66,20.8,9.2,0.0,70.0
2022-02-18,Shahdara APMC,406.31,850.0,2,winter,agra,25.0,10.2,0.0,64,21.4,8.8,0.0,68.0
2022-02-19,Shahdara APMC,322.1,800.0,2,winter,agra,24.2,10.5,0.0,64,22.5,7.9,0.0,69.0
2022-02-20,Shahdara APMC,496.45,800.0,2,winter,agra,24.0,12.2,0.0,60,23.1,8.4,0.0,70.0
2022-02-21,Shahdara APMC,519.3,800.0,2,winter,agra,24.5,10.5,0.0,56,23.4,9.6,0.0,66.0
2022-02-22,Shahdara APMC,364.15,800.0,2,winter,agra,25.9,11.8,0.0,57,24.2,9.6,0.0,64.0
2022-02-23,Shahdara APMC,472.6,800.0,2,winter,agra,24.2,14.9,0.0,68,25.0,11.1,0.0,66.0
2022-02-24,Shahdara APMC,626.05,800.0,2,winter,agra,25.2,12.5,0.0,72,25.3,11.3,0.2,64.0
2022-02-26,Shahdara APMC,499.4,800.0,2,winter,agra,23.5,14.2,2.4,70,25.5,11.9,0.0,60.0
2022-02-27,Shahdara APMC,403.8,800.0,2,winter,agra,23.3,12.2,0.2,66,24.8,10.1,0.0,58.0
2022-02-28,Shahdara APMC,510.95,900.0,2,winter,agra,23.0,10.7,0.0,65,27.4,12.2,0.0,55.0
2022-03-01,Shahdara APMC,399.05,900.0,3,summer,agra,24.6,10.4,0.0,66,25.7,15.1,0.0,63.0
2022-03-02,Shahdara APMC,573.95,900.0,3,summer,agra,25.7,11.2,0.0,62,26.8,13.7,0.0,72.0
2022-03-03,Shahdara APMC,826.6,850.0,3,summer,agra,27.2,13.6,0.3,65,27.0,13.7,0.0,62.0
2022-03-04,Shahdara APMC,896.7,850.0,3,summer,agra,25.4,13.4,0.0,69,27.2,15.1,0.1,62.0
2022-03-05,Shahdara APMC,608.75,850.0,3,summer,agra,26.2,13.1,0.0,65,24.8,13.3,0.0,64.0
2022-03-06,Shahdara APMC,666.58,900.0,3,summer,agra,26.5,13.5,0.0,62,23.5,11.9,0.0,64.0
2022-03-07,Shahdara APMC,399.25,1000.0,3,summer,agra,28.4,14.6,0.0,59,25.1,10.2,0.0,66.0
2022-03-08,Shahdara APMC,508.15,900.0,3,summer,agra,30.2,14.0,0.0,55,27.0,12.2,0.0,65.0
2022-03-09,Shahdara APMC,572.5,1050.0,3,summer,agra,30.8,14.9,0.0,50,28.1,14.5,0.0,59.0
2022-03-10,Shahdara APMC,640.25,900.0,3,summer,agra,29.7,16.1,0.0,50,26.9,14.0,0.0,65.0
2022-03-12,Shahdara APMC,536.3,1000.0,3,summer,agra,30.5,14.8,0.0,54,26.5,12.1,0.0,66.0
2022-03-13,Shahdara APMC,671.15,900.0,3,summer,agra,31.9,16.5,0.0,59,28.0,14.8,0.0,63.0
2022-03-14,Shahdara APMC,733.15,900.0,3,summer,agra,32.2,16.4,0.0,64,29.2,13.9,0.0,66.0
2022-03-16,Shahdara APMC,690.75,900.0,3,summer,agra,35.3,19.8,0.0,58,30.1,17.6,0.8,51.0
2022-03-17,Shahdara APMC,539.42,900.0,3,summer,agra,33.2,19.8,0.0,63,30.2,16.6,0.0,53.0
2022-03-18,Shahdara APMC,62.55,900.0,3,summer,agra,34.5,22.0,0.0,63,30.5,15.1,0.0,52.0
2022-03-19,Shahdara APMC,207.9,750.0,3,summer,agra,35.2,21.0,0.0,58,32.8,15.3,0.0,54.0
2022-03-20,Shahdara APMC,215.3,800.0,3,summer,agra,36.7,22.0,0.0,45,33.1,17.2,0.0,58.0
2022-03-21,Shahdara APMC,627.95,800.0,3,summer,agra,36.6,20.9,0.0,44,34.8,18.0,0.0,61.0
2022-03-22,Shahdara APMC,722.35,800.0,3,summer,agra,35.7,20.9,0.0,43,36.7,20.2,0.0,55.0
2022-03-23,Shahdara APMC,600.85,700.0,3,summer,agra,35.8,19.0,0.0,38,34.9,19.6,0.0,58.0
2022-03-24,Shahdara APMC,553.04,700.0,3,summer,agra,35.1,19.9,0.0,36,34.8,22.0,0.0,59.0
2022-03-25,Shahdara APMC,554.75,800.0,3,summer,agra,35.2,19.7,0.0,31,35.7,20.4,0.0,55.0
2022-03-28,Shahdara APMC,414.35,700.0,3,summer,agra,38.2,19.7,0.0,29,36.1,21.7,0.0,36.0
2022-03-29,Shahdara APMC,352.7,700.0,3,summer,agra,39.0,19.4,0.0,27,36.3,19.3,0.0,36.0
2022-03-30,Shahdara APMC,578.9,700.0,3,summer,agra,38.8,20.6,0.0,28,36.8,21.6,0.0,30.0
2022-03-31,Shahdara APMC,642.15,900.0,3,summer,agra,39.4,21.3,0.0,38,35.8,20.8,0.0,32.0
2022-04-01,Shahdara APMC,518.2,900.0,4,summer,agra,36.3,21.4,0.0,26,36.4,20.1,0.0,26.0
2022-04-02,Shahdara APMC,524.95,900.0,4,summer,agra,37.8,20.0,0.0,23,37.9,20.4,0.0,26.0
2022-04-03,Shahdara APMC,650.0,900.0,4,summer,agra,39.1,21.5,0.0,19,38.8,19.1,0.0,25.0
2022-04-04,Shahdara APMC,736.65,900.0,4,summer,agra,38.3,20.7,0.0,18,39.7,20.4,0.0,23.0
2022-04-05,Shahdara APMC,747.6,1100.0,4,summer,agra,38.8,20.6,0.0,21,39.6,21.9,0.0,24.0
2022-04-06,Shahdara APMC,752.7,1100.0,4,summer,agra,39.3,20.8,0.0,19,40.0,22.0,0.0,26.0
2022-04-09,Shahdara APMC,408.05,1100.0,4,summer,agra,42.0,22.2,0.0,17,40.3,20.4,0.0,19.0
2022-04-10,Shahdara APMC,417.4,1100.0,4,summer,agra,41.4,23.4,0.0,16,40.3,20.8,0.0,15.0
2022-04-11,Shahdara APMC,525.99,1000.0,4,summer,agra,41.9,23.9,0.0,19,39.1,20.1,0.0,24.0
2022-04-12,Shahdara APMC,460.2,1000.0,4,summer,agra,40.0,25.9,0.0,21,39.6,20.1,0.0,20.0
2022-04-14,Shahdara APMC,441.65,900.0,4,summer,agra,39.7,24.7,0.0,20,41.6,21.1,0.0,18.0
2022-04-15,Shahdara APMC,632.0,900.0,4,summer,agra,39.4,24.3,0.0,22,42.5,23.7,0.0,15.0
2022-04-17,Shahdara APMC,402.5,1050.0,4,summer,agra,40.6,23.1,0.0,22,42.4,23.4,0.0,16.0
2022-04-18,Shahdara APMC,467.97,1050.0,4,summer,agra,41.6,23.8,0.0,23,41.2,25.8,0.0,19.0
2022-04-19,Shahdara APMC,345.1,1050.0,4,summer,agra,42.2,24.6,0.0,18,40.6,25.5,0.0,20.0
2022-04-20,Shahdara APMC,473.9,950.0,4,summer,agra,41.2,26.8,0.0,17,40.3,24.7,0.0,17.0
2022-04-21,Shahdara APMC,418.9,950.0,4,summer,agra,37.0,26.4,0.0,24,41.0,23.7,0.0,18.0
2022-04-22,Shahdara APMC,433.9,1000.0,4,summer,agra,38.4,23.2,0.0,29,41.2,23.4,0.0,17.0
2022-04-24,Shahdara APMC,482.34,1000.0,4,summer,agra,40.0,23.4,0.0,21,42.6,24.3,0.0,20.0
2022-04-25,Shahdara APMC,371.9,1000.0,4,summer,agra,40.8,24.4,0.0,21,43.0,26.9,0.0,17.0
2022-04-26,Shahdara APMC,409.4,1000.0,4,summer,agra,41.0,24.2,0.0,21,41.8,28.1,0.0,16.0
2022-04-27,Shahdara APMC,463.97,1000.0,4,summer,agra,41.6,23.7,0.0,17,38.5,25.7,0.0,23.0
2022-04-28,Shahdara APMC,496.1,1000.0,4,summer,agra,43.3,25.6,0.0,17,39.0,23.8,0.0,25.0
2022-04-29,Shahdara APMC,445.0,1100.0,4,summer,agra,43.8,26.5,0.0,14,40.3,23.3,0.0,22.0
2022-04-30,Shahdara APMC,399.35,1100.0,4,summer,agra,43.4,27.9,0.0,14,41.1,24.6,0.0,18.0
2022-05-01,Shahdara APMC,478.4,700.0,5,summer,agra,41.4,26.8,0.0,32,41.1,24.6,0.0,20.0
2022-05-02,Shahdara APMC,188.05,1200.0,5,summer,agra,40.6,26.3,0.0,38,41.7,25.2,0.0,18.0
2022-05-03,Shahdara APMC,177.39,1100.0,5,summer,agra,39.2,26.9,0.0,42,42.6,24.7,0.0,18.0
2022-05-04,Shahdara APMC,321.16,1350.0,5,summer,agra,39.0,26.6,0.1,47,43.6,24.9,0.0,15.0
2022-05-05,Shahdara APMC,379.63,1200.0,5,summer,agra,38.4,23.4,0.0,47,44.3,27.6,0.0,15.0
2022-05-07,Shahdara APMC,751.6,1300.0,5,summer,agra,40.1,26.2,0.0,32,41.0,27.6,0.0,28.0
2022-05-08,Shahdara APMC,449.6,1300.0,5,summer,agra,41.4,26.0,0.0,35,42.7,27.0,0.0,29.0
2022-05-09,Shahdara APMC,471.95,1250.0,5,summer,agra,40.2,27.5,0.0,44,40.1,27.6,0.0,37.0
2022-05-10,Shahdara APMC,275.05,1200.0,5,summer,agra,39.7,28.2,0.0,45,41.7,26.0,0.0,36.0
2022-05-11,Shahdara APMC,319.2,1300.0,5,summer,agra,41.1,27.8,0.0,44,38.9,25.5,0.0,39.0
2022-05-12,Shahdara APMC,402.3,1300.0,5,summer,agra,43.1,28.8,0.0,41,39.7,26.2,0.0,34.0
2022-05-15,Shahdara APMC,339.7,1200.0,5,summer,agra,45.6,28.6,0.0,17,41.0,28.0,0.0,39.0
2022-05-16,Shahdara APMC,303.6,1200.0,5,summer,agra,42.0,31.5,0.0,23,39.7,29.0,0.0,42.0
2022-05-17,Shahdara APMC,330.45,1200.0,5,summer,agra,38.8,28.2,0.0,42,41.7,28.9,0.0,40.0
2022-05-18,Shahdara APMC,482.2,1100.0,5,summer,agra,42.2,27.6,0.0,32,43.2,29.9,0.0,35.0
2022-05-19,Shahdara APMC,454.7,1200.0,5,summer,agra,43.9,27.3,0.0,29,45.3,29.0,0.0,32.0
2022-05-20,Shahdara APMC,331.5,1200.0,5,summer,agra,45.5,28.8,0.0,23,45.3,27.9,0.0,23.0
2022-05-22,Shahdara APMC,292.05,1200.0,5,summer,agra,39.8,26.7,0.0,33,44.3,31.3,0.0,14.0
2022-05-23,Shahdara APMC,320.7,1200.0,5,summer,agra,31.0,22.5,18.7,65,42.6,28.1,0.0,17.0
2022-05-24,Shahdara APMC,198.05,1200.0,5,summer,agra,32.4,21.5,0.0,70,43.0,27.6,0.0,29.0
2022-05-25,Shahdara APMC,281.78,1200.0,5,summer,agra,32.9,23.1,0.0,67,44.8,28.4,0.0,26.0
2022-05-26,Shahdara APMC,430.7,1200.0,5,summer,agra,35.1,23.4,0.0,61,45.8,28.5,0.0,17.0
2022-05-27,Shahdara APMC,473.65,1200.0,5,summer,agra,37.9,25.0,0.0,57,43.6,30.2,0.0,19.0
2022-05-28,Shahdara APMC,525.55,1300.0,5,summer,agra,39.7,26.3,0.0,54,40.8,28.1,0.0,28.0
2022-05-31,Shahdara APMC,314.85,1300.0,5,summer,agra,40.1,25.6,0.0,43,35.6,24.9,0.2,54.0
2022-06-01,Shahdara APMC,452.45,1300.0,6,monsoon,solan,41.1,25.4,0.0,35,24.5,14.1,2.4,67.0
2022-06-05,Shahdara APMC,398.9,1300.0,6,monsoon,solan,43.4,28.4,0.0,20,28.9,16.6,1.8,59.0
2022-06-06,Shahdara APMC,366.25,1300.0,6,monsoon,solan,42.9,27.5,0.0,18,28.6,16.9,0.1,47.0
2022-06-07,Shahdara APMC,433.85,1300.0,6,monsoon,solan,43.9,29.2,0.0,22,30.7,15.7,0.0,35.0
2022-06-08,Shahdara APMC,390.65,1400.0,6,monsoon,solan,43.2,31.7,0.0,20,31.7,16.8,0.0,29.0
2022-06-11,Shahdara APMC,382.75,1400.0,6,monsoon,solan,43.5,30.9,0.0,22,32.1,17.5,0.0,30.0
2022-06-12,Shahdara APMC,424.4,1500.0,6,monsoon,solan,43.1,29.4,0.0,24,33.0,18.2,0.0,29.0
2022-06-13,Shahdara APMC,414.85,1500.0,6,monsoon,solan,43.4,31.5,0.0,26,32.7,19.8,0.0,30.0
2022-06-14,Shahdara APMC,320.4,1400.0,6,monsoon,solan,39.0,31.1,0.0,39,32.5,19.1,0.0,32.0
2022-06-15,Shahdara APMC,500.4,1400.0,6,monsoon,solan,42.4,29.6,0.0,39,32.4,19.4,0.0,30.0
2022-06-16,Shahdara APMC,388.8,1400.0,6,monsoon,solan,37.6,31.0,1.9,45,32.8,18.9,0.0,30.0
2022-06-17,Shahdara APMC,535.3,1400.0,6,monsoon,solan,36.4,24.2,6.4,65,33.6,19.4,0.0,31.0
2022-06-18,Shahdara APMC,166.7,1400.0,6,monsoon,solan,33.7,24.5,4.0,67,32.4,19.6,0.0,35.0
2022-06-19,Shahdara APMC,385.55,1400.0,6,monsoon,solan,32.5,24.0,6.9,79,33.1,19.6,0.0,34.0
2022-06-20,Shahdara APMC,464.1,1500.0,6,monsoon,solan,32.5,23.2,0.0,75,32.7,21.9,0.0,31.0
2022-06-21,Shahdara APMC,378.4,1500.0,6,monsoon,solan,32.3,24.4,10.6,76,32.3,21.5,0.1,39.0
2022-06-22,Shahdara APMC,451.05,1500.0,6,monsoon,solan,34.7,24.1,8.1,68,29.3,17.6,1.7,61.0
2022-06-23,Shahdara APMC,550.15,1500.0,6,monsoon,solan,37.1,25.9,0.0,55,26.1,18.1,4.2,78.0
2022-06-24,Shahdara APMC,544.83,1500.0,6,monsoon,solan,38.2,23.6,0.0,46,25.2,17.1,13.5,82.0
2022-06-26,Shahdara APMC,595.8,1500.0,6,monsoon,solan,40.0,29.0,0.0,49,24.2,15.6,0.5,71.0
2022-06-27,Shahdara APMC,233.15,1700.0,6,monsoon,solan,39.3,30.7,0.1,52,23.8,15.3,1.6,71.0
2022-06-28,Shahdara APMC,299.9,1700.0,6,monsoon,solan,41.1,27.9,3.2,56,26.5,16.6,2.3,72.0
2022-07-02,Shahdara APMC,421.4,1800.0,7,monsoon,solan,34.7,26.3,2.4,77,27.2,19.3,1.5,74.0
2022-07-03,Shahdara APMC,478.7,1700.0,7,monsoon,solan,34.0,25.4,7.8,82,27.7,19.5,2.2,82.0
2022-07-04,Shahdara APMC,404.65,1700.0,7,monsoon,solan,34.9,26.1,19.4,78,27.9,20.4,3.9,84.0
2022-07-05,Shahdara APMC,478.0,1950.0,7,monsoon,solan,36.2,27.3,0.2,74,26.8,20.3,17.7,87.0
2022-07-06,Shahdara APMC,571.85,1800.0,7,monsoon,solan,35.7,28.6,1.3,78,22.1,19.6,72.8,94.0
2022-07-07,Shahdara APMC,389.2,1700.0,7,monsoon,solan,35.1,27.4,0.2,73,24.7,18.7,29.0,89.0
2022-07-08,Shahdara APMC,342.46,1800.0,7,monsoon,solan,36.6,28.6,0.3,67,25.7,19.7,12.9,90.0
2022-07-09,Shahdara APMC,440.4,1800.0,7,monsoon,solan,33.6,28.2,1.3,73,25.7,19.1,3.2,86.0
2022-07-10,Shahdara APMC,167.19,1700.0,7,monsoon,solan,32.8,27.0,4.6,79,26.3,19.2,10.6,87.0
2022-07-11,Shahdara APMC,394.15,1700.0,7,monsoon,solan,34.6,27.2,0.1,75,28.0,19.8,5.6,88.0
2022-07-12,Shahdara APMC,416.28,1700.0,7,monsoon,solan,34.6,28.3,0.8,75,27.1,20.2,5.5,83.0
2022-07-13,Shahdara APMC,394.2,1600.0,7,monsoon,solan,35.1,27.8,2.9,78,26.5,19.7,4.1,85.0
2022-07-14,Shahdara APMC,476.4,1900.0,7,monsoon,solan,34.2,27.7,13.9,80,26.3,20.0,4.2,85.0
2022-07-15,Shahdara APMC,474.6,1900.0,7,monsoon,solan,35.6,28.6,4.3,72,25.1,19.7,14.9,89.0
2022-07-16,Shahdara APMC,437.2,1800.0,7,monsoon,solan,32.8,27.5,14.0,79,25.1,19.5,1.8,89.0
2022-07-17,Shahdara APMC,480.75,1800.0,7,monsoon,solan,33.7,26.1,10.6,83,26.3,19.5,6.2,85.0
2022-07-18,Shahdara APMC,437.35,1900.0,7,monsoon,solan,35.3,26.3,4.9,78,25.6,18.9,3.1,88.0
2022-07-20,Shahdara APMC,582.4,1700.0,7,monsoon,solan,33.1,26.5,28.7,84,26.8,18.8,6.1,81.0
2022-07-21,Shahdara APMC,480.5,1600.0,7,monsoon,solan,30.5,24.7,16.2,84,27.3,20.1,2.1,79.0
2022-07-22,Shahdara APMC,493.3,1900.0,7,monsoon,solan,31.3,25.1,3.0,86,27.6,19.5,2.5,76.0
2022-07-23,Shahdara APMC,539.55,1700.0,7,monsoon,solan,30.4,25.1,14.3,86,26.6,19.8,9.7,87.0
2022-07-24,Shahdara APMC,485.25,1700.0,7,monsoon,solan,33.1,25.7,6.7,81,26.8,19.6,1.4,81.0
2022-07-26,Shahdara APMC,258.25,1800.0,7,monsoon,solan,31.5,25.4,2.0,81,25.6,19.5,16.4,88.0
2022-07-27,Shahdara APMC,585.55,1700.0,7,monsoon,solan,32.1,25.4,7.0,82,24.0,19.0,1.5,90.0
2022-07-28,Shahdara APMC,489.6,1800.0,7,monsoon,solan,31.4,25.2,20.5,85,25.0,18.7,8.0,90.0
2022-07-29,Shahdara APMC,630.3,1900.0,7,monsoon,solan,30.1,25.0,8.8,87,26.2,18.9,12.0,89.0
2022-07-30,Shahdara APMC,490.3,1800.0,7,monsoon,solan,31.4,25.5,4.1,85,25.3,19.3,7.0,85.0
2022-07-31,Shahdara APMC,480.35,1800.0,7,monsoon,solan,32.7,25.7,1.0,81,25.6,19.4,3.0,84.0
2022-08-01,Shahdara APMC,527.95,1700.0,8,monsoon,solan,31.3,25.4,8.8,84,24.7,19.7,13.8,88.0
2022-08-02,Shahdara APMC,681.87,1500.0,8,monsoon,solan,33.5,25.8,0.3,79,24.7,19.2,6.6,88.0
2022-08-03,Shahdara APMC,535.02,1300.0,8,monsoon,solan,33.0,26.5,0.4,81,24.8,18.5,5.2,91.0
2022-08-04,Shahdara APMC,475.81,1400.0,8,monsoon,solan,31.5,26.6,0.9,86,23.3,18.9,8.1,92.0
2022-08-05,Shahdara APMC,543.8,1700.0,8,monsoon,solan,30.7,24.8,7.2,86,22.7,19.3,11.4,93.0
2022-08-06,Shahdara APMC,426.65,1700.0,8,monsoon,solan,32.7,25.5,2.3,83,21.2,18.4,17.4,95.0
2022-08-07,Shahdara APMC,320.36,1600.0,8,monsoon,solan,30.7,25.2,21.5,86,24.6,18.3,12.9,92.0
2022-08-09,Shahdara APMC,353.85,1700.0,8,monsoon,solan,33.8,27.4,0.2,78,26.6,16.7,2.1,85.0
2022-08-10,Shahdara APMC,395.0,1500.0,8,monsoon,solan,34.5,27.5,0.4,74,24.9,19.4,6.9,91.0
2022-08-11,Shahdara APMC,329.25,1500.0,8,monsoon,solan,28.7,26.4,4.3,83,24.8,19.0,4.1,90.0
2022-08-13,Shahdara APMC,270.0,1600.0,8,monsoon,solan,33.5,26.3,0.4,76,24.3,19.4,17.2,90.0
2022-08-14,Shahdara APMC,580.6,1800.0,8,monsoon,solan,32.9,26.1,9.9,85,26.9,19.8,0.6,83.0
2022-08-15,Shahdara APMC,133.3,1800.0,8,monsoon,solan,31.0,25.9,0.3,82,27.5,20.1,0.5,82.0
2022-08-16,Shahdara APMC,690.0,1400.0,8,monsoon,solan,30.7,25.7,8.7,80,27.3,19.4,0.0,80.0
2022-08-17,Shahdara APMC,591.85,1400.0,8,monsoon,solan,31.9,25.2,0.2,78,24.9,19.7,9.5,83.0
2022-08-18,Shahdara APMC,600.95,1400.0,8,monsoon,solan,33.5,25.5,0.5,75,27.2,19.7,0.0,72.0
2022-08-19,Shahdara APMC,626.25,1400.0,8,monsoon,solan,34.1,26.5,0.5,73,27.7,18.8,0.5,84.0
2022-08-22,Shahdara APMC,475.65,1100.0,8,monsoon,solan,33.1,25.9,6.2,77,25.6,19.5,1.6,81.0
2022-08-23,Shahdara APMC,367.3,1400.0,8,monsoon,solan,33.8,26.2,1.8,70,26.2,18.5,2.5,86.0
2022-08-24,Shahdara APMC,518.7,1300.0,8,monsoon,solan,32.7,25.9,1.2,76,25.0,17.2,3.5,89.0
2022-08-25,Shahdara APMC,404.4,1500.0,8,monsoon,solan,34.1,25.3,0.6,73,24.0,20.1,8.5,90.0
2022-08-26,Shahdara APMC,435.15,1500.0,8,monsoon,solan,35.3,26.6,0.6,64,23.3,19.2,22.0,93.0
2022-08-27,Shahdara APMC,402.1,1700.0,8,monsoon,solan,35.6,27.6,1.6,60,26.1,17.8,15.3,85.0
2022-08-28,Shahdara APMC,465.75,1800.0,8,monsoon,solan,36.3,27.6,0.1,54,25.1,17.7,1.4,85.0
2022-08-29,Shahdara APMC,444.0,1900.0,8,monsoon,solan,35.4,27.7,1.5,59,26.7,18.9,1.8,83.0
2022-08-30,Shahdara APMC,322.75,1500.0,8,monsoon,solan,37.3,26.6,0.0,66,24.7,19.6,5.3,87.0
2022-08-31,Shahdara APMC,352.2,1600.0,8,monsoon,solan,37.2,28.0,0.4,61,25.4,18.4,1.8,85.0
2022-09-01,Shahdara APMC,539.4,1600.0,9,monsoon,agra,37.7,28.0,0.1,59,32.5,25.4,3.0,79.0
2022-09-04,Shahdara APMC,578.8,1400.0,9,monsoon,agra,37.7,27.9,0.0,49,33.1,25.7,0.0,69.0
2022-09-05,Shahdara APMC,367.35,1600.0,9,monsoon,agra,37.1,27.3,0.0,51,33.6,26.3,3.4,76.0
2022-09-06,Shahdara APMC,511.0,1600.0,9,monsoon,agra,37.9,27.7,0.4,51,33.8,26.6,1.3,76.0
2022-09-07,Shahdara APMC,587.8,1600.0,9,monsoon,agra,37.6,27.9,0.0,52,34.6,27.4,0.3,74.0
2022-09-09,Shahdara APMC,516.1,1600.0,9,monsoon,agra,35.3,27.9,0.2,61,34.9,26.9,0.1,68.0
2022-09-10,Shahdara APMC,504.35,1600.0,9,monsoon,agra,34.5,25.2,0.6,68,34.6,26.5,0.0,66.0
2022-09-11,Shahdara APMC,451.85,1600.0,9,monsoon,agra,33.4,24.1,2.8,70,33.8,25.9,0.0,65.0
2022-09-12,Shahdara APMC,554.7,1600.0,9,monsoon,agra,34.8,26.8,0.2,66,34.7,25.7,0.0,66.0
2022-09-13,Shahdara APMC,437.6,1600.0,9,monsoon,agra,34.7,25.0,4.1,67,35.1,25.6,0.0,64.0
2022-09-14,Shahdara APMC,395.85,1600.0,9,monsoon,agra,30.2,25.2,5.4,76,35.4,26.2,0.0,66.0
2022-09-15,Shahdara APMC,645.15,1600.0,9,monsoon,agra,30.7,24.6,13.6,85,33.0,27.0,0.8,75.0
2022-09-19,Shahdara APMC,431.15,1600.0,9,monsoon,agra,33.3,25.0,0.0,77,30.8,25.7,8.3,75.0
2022-09-20,Shahdara APMC,501.35,1600.0,9,monsoon,agra,31.8,24.3,7.8,84,28.7,25.4,3.9,84.0
2022-09-21,Shahdara APMC,653.25,1700.0,9,monsoon,agra,31.7,25.0,3.6,84,30.0,24.5,13.2,87.0
2022-09-22,Shahdara APMC,440.35,1700.0,9,monsoon,agra,27.5,24.0,35.3,90,31.7,24.5,1.3,83.0
2022-09-23,Shahdara APMC,422.95,1700.0,9,monsoon,agra,28.5,23.8,52.0,92,33.1,23.8,1.8,82.0
2022-09-24,Shahdara APMC,633.6,1700.0,9,monsoon,agra,27.6,23.4,35.7,92,32.9,23.6,0.1,76.0
2022-09-25,Shahdara APMC,604.99,1700.0,9,monsoon,agra,30.7,23.6,0.6,84,31.6,24.3,1.4,82.0
2022-09-28,Shahdara APMC,717.1,1700.0,9,monsoon,agra,32.1,23.3,0.0,77,27.9,24.1,58.6,94.0
2022-09-29,Shahdara APMC,946.75,1600.0,9,monsoon,agra,31.8,23.0,0.0,78,30.0,23.6,28.2,91.0
2022-09-30,Shahdara APMC,104.33,1600.0,9,monsoon,agra,31.9,23.1,0.0,77,28.2,24.5,27.5,90.0
2022-10-01,Shahdara APMC,542.03,1600.0,10,post_monsoon,agra,32.7,23.4,0.0,73,32.2,24.4,0.4,78.0
2022-10-02,Shahdara APMC,182.01,1600.0,10,post_monsoon,agra,33.2,22.9,0.0,70,30.9,23.4,0.7,81.0
2022-10-03,Shahdara APMC,774.85,1800.0,10,post_monsoon,agra,33.3,22.8,0.0,65,31.8,23.8,0.0,78.0
2022-10-04,Shahdara APMC,570.79,1700.0,10,post_monsoon,agra,32.7,22.6,0.0,70,32.8,23.1,0.3,72.0
2022-10-05,Shahdara APMC,567.9,1700.0,10,post_monsoon,agra,31.7,22.8,0.1,78,33.0,22.9,0.0,72.0
2022-10-06,Shahdara APMC,441.5,1800.0,10,post_monsoon,agra,30.8,23.1,0.0,76,32.5,23.3,0.0,74.0
2022-10-09,Shahdara APMC,175.45,1700.0,10,post_monsoon,agra,25.1,21.1,36.8,91,33.5,22.8,0.0,63.0
2022-10-10,Shahdara APMC,274.91,1700.0,10,post_monsoon,agra,27.5,21.3,1.1,88,31.9,24.5,2.5,73.0
2022-10-11,Shahdara APMC,525.07,1700.0,10,post_monsoon,agra,26.8,20.9,2.4,88,31.4,24.7,1.3,82.0
2022-10-12,Shahdara APMC,570.67,1700.0,10,post_monsoon,agra,28.4,20.2,0.0,84,29.6,23.9,0.2,81.0
2022-10-13,Shahdara APMC,534.3,1900.0,10,post_monsoon,agra,29.2,19.4,0.0,75,28.6,23.0,3.7,89.0
2022-10-14,Shahdara APMC,683.9,2000.0,10,post_monsoon,agra,29.5,18.8,0.0,71,28.1,23.1,57.1,92.0
2022-10-16,Shahdara APMC,495.44,1900.0,10,post_monsoon,agra,30.0,18.8,0.0,70,29.1,22.8,7.0,88.0
2022-10-17,Shahdara APMC,449.5,2000.0,10,post_monsoon,agra,30.4,18.4,0.0,66,28.9,21.8,0.8,86.0
2022-10-18,Shahdara APMC,434.46,1900.0,10,post_monsoon,agra,30.6,18.0,0.0,64,28.9,21.3,0.4,84.0
2022-10-19,Shahdara APMC,619.65,1900.0,10,post_monsoon,agra,30.2,19.0,0.0,66,29.6,19.7,0.0,77.0
2022-10-20,Shahdara APMC,547.9,1900.0,10,post_monsoon,agra,30.4,18.6,0.0,66,29.8,20.0,0.0,73.0
2022-10-21,Shahdara APMC,491.6,2000.0,10,post_monsoon,agra,30.0,17.6,0.0,65,29.6,19.3,0.0,71.0
2022-10-23,Shahdara APMC,506.7,2000.0,10,post_monsoon,agra,28.7,16.1,0.0,65,30.3,19.2,0.0,72.0
2022-10-24,Shahdara APMC,278.25,2000.0,10,post_monsoon,agra,29.7,16.4,0.0,64,30.3,19.2,0.0,64.0
2022-10-25,Shahdara APMC,186.05,1900.0,10,post_monsoon,agra,29.6,15.7,0.0,61,30.8,18.3,0.0,65.0
2022-10-26,Shahdara APMC,308.45,1900.0,10,post_monsoon,agra,29.8,16.0,0.0,65,30.4,20.0,0.0,61.0
2022-10-27,Shahdara APMC,306.05,1800.0,10,post_monsoon,agra,30.1,17.7,0.0,64,31.3,18.2,0.0,60.0
2022-10-28,Shahdara APMC,403.9,2000.0,10,post_monsoon,agra,29.9,17.1,0.0,67,30.2,18.7,0.0,62.0
2022-10-29,Shahdara APMC,422.45,2000.0,10,post_monsoon,agra,29.4,17.1,0.0,64,29.3,17.1,0.0,68.0
2022-10-30,Shahdara APMC,611.06,2000.0,10,post_monsoon,agra,29.7,16.4,0.0,65,29.5,17.2,0.0,67.0
2022-10-31,Shahdara APMC,717.52,2000.0,10,post_monsoon,agra,29.4,16.0,0.0,66,29.5,17.0,0.0,61.0
2022-11-01,Shahdara APMC,743.33,2100.0,11,post_monsoon,agra,30.3,18.1,0.0,68,30.2,16.8,0.0,68.0
2022-11-02,Shahdara APMC,548.65,2100.0,11,post_monsoon,agra,29.2,17.6,0.0,73,30.3,17.5,0.0,71.0
2022-11-03,Shahdara APMC,566.25,2100.0,11,post_monsoon,agra,30.6,17.8,0.0,69,30.8,19.7,0.0,70.0
2022-11-04,Shahdara APMC,500.37,1900.0,11,post_monsoon,agra,30.5,20.2,0.0,67,30.3,18.5,0.0,67.0
2022-11-05,Shahdara APMC,555.2,1700.0,11,post_monsoon,agra,29.9,19.4,0.0,78,29.2,16.5,0.0,69.0
2022-11-06,Shahdara APMC,604.45,1400.0,11,post_monsoon,agra,29.3,18.9,0.0,79,29.3,16.1,0.0,68.0
2022-11-07,Shahdara APMC,499.05,1300.0,11,post_monsoon,agra,30.4,18.6,0.0,74,30.0,16.8,0.0,68.0
2022-11-08,Shahdara APMC,395.05,1300.0,11,post_monsoon,agra,28.7,17.8,7.9,76,30.4,18.5,0.0,69.0
2022-11-09,Shahdara APMC,607.0,1400.0,11,post_monsoon,agra,26.9,17.0,0.5,73,30.5,18.1,0.0,69.0
2022-11-10,Shahdara APMC,426.55,1200.0,11,post_monsoon,agra,25.8,18.1,0.0,76,31.3,17.9,0.0,72.0
2022-11-12,Shahdara APMC,417.5,1000.0,11,post_monsoon,agra,26.3,15.0,0.0,64,30.2,18.9,0.0,77.0
2022-11-13,Shahdara APMC,382.95,1000.0,11,post_monsoon,agra,26.6,14.1,0.0,65,31.0,19.0,1.4,72.0
2022-11-14,Shahdara APMC,522.2,1300.0,11,post_monsoon,agra,27.7,15.4,0.0,65,29.8,17.6,0.0,70.0
2022-11-15,Shahdara APMC,475.55,800.0,11,post_monsoon,agra,26.5,15.6,0.0,68,28.3,17.6,0.3,71.0
2022-11-16,Shahdara APMC,557.16,800.0,11,post_monsoon,agra,25.2,15.3,0.0,64,27.6,18.2,1.6,79.0
2022-11-17,Shahdara APMC,617.9,1200.0,11,post_monsoon,agra,24.4,13.1,0.0,65,28.1,16.8,0.0,65.0
2022-11-18,Shahdara APMC,463.39,900.0,11,post_monsoon,agra,24.3,11.4,0.0,63,27.1,16.3,0.0,59.0
2022-11-20,Shahdara APMC,573.65,1100.0,11,post_monsoon,agra,25.3,11.3,0.0,66,28.0,14.4,0.0,65.0
2022-11-21,Shahdara APMC,564.0,1100.0,11,post_monsoon,agra,25.7,11.8,0.0,63,27.5,14.7,0.0,67.0
2022-11-22,Shahdara APMC,234.96,1000.0,11,post_monsoon,agra,25.3,11.8,0.0,60,26.4,15.3,0.0,64.0
2022-11-23,Shahdara APMC,495.95,1000.0,11,post_monsoon,agra,25.2,10.7,0.0,56,25.1,14.1,0.0,57.0
2022-11-24,Shahdara APMC,646.35,1400.0,11,post_monsoon,agra,25.2,11.1,0.0,59,24.8,12.6,0.0,59.0
2022-11-28,Shahdara APMC,638.55,1200.0,11,post_monsoon,agra,24.2,9.9,0.0,65,25.6,12.4,0.0,61.0
2022-11-29,Shahdara APMC,576.83,1400.0,11,post_monsoon,agra,24.0,9.8,0.0,70,25.4,12.0,0.0,59.0
2022-11-30,Shahdara APMC,534.2,1500.0,11,post_monsoon,agra,24.0,10.9,0.0,74,25.0,10.9,0.0,58.0
2022-12-01,Shahdara APMC,711.69,1400.0,12,winter,agra,23.7,10.5,0.0,75,25.1,10.0,0.0,66.0
2022-12-02,Shahdara APMC,763.63,1400.0,12,winter,agra,23.4,10.1,0.0,74,25.0,11.0,0.0,62.0
2022-12-06,Shahdara APMC,681.9,1250.0,12,winter,agra,22.9,10.7,0.0,71,24.2,10.4,0.0,74.0
2022-12-07,Shahdara APMC,681.9,1250.0,12,winter,agra,23.2,11.2,0.0,70,23.9,11.9,0.0,75.0
2022-12-08,Shahdara APMC,511.85,1050.0,12,winter,agra,22.8,10.4,0.0,76,23.6,10.6,0.0,74.0
2022-12-10,Shahdara APMC,633.23,1050.0,12,winter,agra,25.1,10.7,0.0,73,23.5,11.1,0.0,78.0
2022-12-11,Shahdara APMC,509.9,1000.0,12,winter,agra,25.2,10.9,0.0,72,23.0,10.8,0.0,78.0
2022-12-12,Shahdara APMC,680.0,900.0,12,winter,agra,24.7,10.8,0.0,66,23.3,10.8,0.0,71.0
2022-12-13,Shahdara APMC,651.9,1000.0,12,winter,agra,24.5,10.6,0.0,58,24.2,11.0,0.0,69.0
2022-12-14,Shahdara APMC,559.95,1000.0,12,winter,agra,22.2,10.6,0.0,60,23.8,10.4,0.0,73.0
2022-12-15,Shahdara APMC,480.9,900.0,12,winter,agra,21.7,8.2,0.0,63,23.8,11.4,0.0,76.0
2022-12-16,Shahdara APMC,684.02,1100.0,12,winter,agra,21.1,8.0,0.0,71,25.5,10.5,0.0,76.0
2022-12-17,Shahdara APMC,679.05,1100.0,12,winter,agra,21.6,7.7,0.0,73,26.1,11.4,0.0,74.0
2022-12-18,Shahdara APMC,657.45,1000.0,12,winter,agra,21.3,7.5,0.0,79,26.0,12.3,0.0,67.0
2022-12-19,Shahdara APMC,485.9,950.0,12,winter,agra,21.3,8.0,0.0,82,24.9,12.9,0.0,57.0
2022-12-21,Shahdara APMC,831.5,1000.0,12,winter,agra,20.4,7.8,0.0,80,22.2,9.2,0.0,65.0
2022-12-22,Shahdara APMC,466.15,900.0,12,winter,agra,20.4,7.7,0.0,82,22.2,7.6,0.0,71.0
2022-12-23,Shahdara APMC,556.3,900.0,12,winter,agra,18.8,7.1,0.0,85,22.3,8.1,0.0,72.0
2022-12-24,Shahdara APMC,725.55,800.0,12,winter,agra,18.9,8.4,0.0,77,22.5,8.1,0.0,78.0
2022-12-25,Shahdara APMC,582.61,800.0,12,winter,agra,17.1,5.5,0.0,84,22.2,8.8,0.0,80.0
2022-12-26,Shahdara APMC,484.44,800.0,12,winter,agra,18.4,6.0,0.0,85,22.6,8.8,0.0,77.0
2022-12-27,Shahdara APMC,601.75,700.0,12,winter,agra,18.7,6.4,0.0,81,21.8,9.4,0.0,77.0
2022-12-28,Shahdara APMC,622.0,800.0,12,winter,agra,19.5,7.7,0.0,75,21.8,9.7,0.0,75.0
2022-12-29,Shahdara APMC,833.1,1000.0,12,winter,agra,20.3,8.7,0.0,77,22.4,9.3,0.0,71.0
2022-12-31,Shahdara APMC,712.8,800.0,12,winter,agra,18.9,9.2,0.0,84,18.6,7.5,0.0,74.0
2023-01-01,Shahdara APMC,602.55,800.0,1,winter,agra,18.1,7.3,0.0,80,18.4,6.7,0.0,81.0
2023-01-02,Shahdara APMC,772.45,1400.0,1,winter,agra,17.8,6.4,0.0,80,19.8,7.3,0.0,78.0
2023-01-03,Shahdara APMC,700.65,800.0,1,winter,agra,16.5,5.6,0.0,88,21.0,7.4,0.0,65.0
2023-01-04,Shahdara APMC,655.5,800.0,1,winter,agra,16.5,5.0,0.0,89,22.4,8.2,0.0,67.0
2023-01-05,Shahdara APMC,463.35,1300.0,1,winter,agra,15.4,5.1,0.0,90,21.7,10.5,0.0,79.0
2023-01-06,Shahdara APMC,629.85,850.0,1,winter,agra,13.9,4.6,0.0,89,20.4,9.5,0.0,80.0
2023-01-07,Shahdara APMC,634.1,700.0,1,winter,agra,15.0,3.5,0.0,89,18.8,7.1,0.0,79.0
2023-01-08,Shahdara APMC,605.8,700.0,1,winter,agra,17.0,5.4,0.0,89,18.3,7.1,0.0,83.0
2023-01-09,Shahdara APMC,678.25,700.0,1,winter,agra,17.1,5.6,0.0,91,17.6,6.6,0.0,84.0
2023-01-10,Shahdara APMC,555.35,700.0,1,winter,agra,18.2,7.3,0.0,91,16.3,5.7,0.0,87.0
2023-01-11,Shahdara APMC,760.1,750.0,1,winter,agra,19.3,7.4,0.0,88,15.2,4.8,0.0,91.0
2023-01-12,Shahdara APMC,747.4,700.0,1,winter,agra,20.2,9.8,0.0,82,14.4,5.1,0.0,90.0
2023-01-13,Shahdara APMC,628.7,700.0,1,winter,agra,18.0,10.2,14.3,88,16.1,4.7,0.0,85.0
2023-01-14,Shahdara APMC,560.15,750.0,1,winter,agra,17.0,7.7,0.0,79,18.6,4.4,0.0,79.0
2023-01-15,Shahdara APMC,835.95,700.0,1,winter,agra,15.3,5.1,0.0,70,18.8,5.6,0.0,86.0
2023-01-18,Shahdara APMC,589.95,650.0,1,winter,agra,16.5,3.2,0.0,68,20.9,10.8,0.0,82.0
2023-01-19,Shahdara APMC,593.0,600.0,1,winter,agra,18.0,6.2,0.0,68,21.7,12.0,3.1,87.0
2023-01-20,Shahdara APMC,527.85,600.0,1,winter,agra,19.7,9.8,0.0,73,18.7,9.4,0.0,79.0
2023-01-21,Shahdara APMC,616.2,650.0,1,winter,agra,20.3,7.0,0.0,80,15.6,6.1,0.0,64.0
2023-01-22,Shahdara APMC,533.85,650.0,1,winter,agra,21.5,8.2,0.0,74,16.4,3.0,0.0,69.0
2023-01-23,Shahdara APMC,715.4,600.0,1,winter,agra,22.7,8.5,0.0,65,16.6,3.9,0.0,69.0
2023-01-24,Shahdara APMC,710.65,700.0,1,winter,agra,20.9,12.1,6.3,83,17.3,3.1,0.0,69.0
2023-01-25,Shahdara APMC,536.1,700.0,1,winter,agra,21.0,12.3,0.8,85,18.6,5.0,0.0,70.0
2023-01-27,Shahdara APMC,760.4,700.0,1,winter,agra,18.6,7.4,0.0,71,21.7,7.0,0.0,77.0
2023-01-28,Shahdara APMC,749.9,700.0,1,winter,agra,20.6,6.0,0.0,71,23.3,9.3,0.0,70.0
2023-01-29,Shahdara APMC,633.15,700.0,1,winter,agra,16.4,7.7,2.9,86,22.5,9.4,4.4,76.0
2023-01-30,Shahdara APMC,648.05,800.0,1,winter,agra,16.4,10.5,26.0,86,21.8,14.3,10.6,87.0
2023-01-31,Shahdara APMC,415.05,700.0,1,winter,agra,20.5,9.4,0.0,85,22.1,13.2,1.5,88.0
2023-02-01,Shahdara APMC,788.55,600.0,2,winter,agra,20.1,9.1,0.0,77,20.7,12.0,0.3,82.0
2023-02-02,Shahdara APMC,495.0,700.0,2,winter,agra,21.7,9.0,0.0,69,19.0,8.1,0.0,71.0
2023-02-03,Shahdara APMC,585.85,700.0,2,winter,agra,22.4,9.1,0.0,71,20.5,6.7,0.0,70.0
2023-02-04,Shahdara APMC,627.65,900.0,2,winter,agra,22.8,10.0,0.0,69,19.5,8.9,9.6,80.0
2023-02-05,Shahdara APMC,532.35,900.0,2,winter,agra,23.3,10.5,0.0,65,18.4,11.4,18.8,86.0
2023-02-06,Shahdara APMC,572.0,900.0,2,winter,agra,25.3,10.5,0.5,70,20.6,10.3,0.0,87.0
2023-02-07,Shahdara APMC,846.2,700.0,2,winter,agra,23.5,12.5,0.0,72,20.5,9.7,0.0,80.0
2023-02-08,Shahdara APMC,704.2,600.0,2,winter,agra,22.8,9.7,0.0,61,21.7,9.2,0.0,73.0
2023-02-09,Shahdara APMC,577.0,600.0,2,winter,agra,26.0,9.3,0.0,65,23.0,9.3,0.0,75.0
2023-02-11,Shahdara APMC,445.2,600.0,2,winter,agra,26.2,13.3,0.0,65,24.2,10.6,0.0,71.0
2023-02-12,Shahdara APMC,561.85,650.0,2,winter,agra,22.4,10.3,0.0,50,25.8,10.9,0.0,77.0
2023-02-13,Shahdara APMC,544.55,600.0,2,winter,agra,21.5,9.4,0.0,37,24.6,12.8,0.0,67.0
2023-02-14,Shahdara APMC,547.3,600.0,2,winter,agra,23.9,10.0,0.0,47,23.1,10.7,0.0,66.0
2023-02-15,Shahdara APMC,824.75,600.0,2,winter,agra,26.3,12.3,0.0,56,25.8,9.1,0.0,72.0
2023-02-16,Shahdara APMC,703.7,500.0,2,winter,agra,26.4,11.2,0.0,71,26.8,11.9,0.0,71.0
2023-02-17,Shahdara APMC,461.1,500.0,2,winter,agra,26.9,12.8,0.0,76,26.7,14.1,0.0,67.0
2023-02-18,Shahdara APMC,565.05,550.0,2,winter,agra,26.5,12.6,0.0,77,23.4,11.4,0.0,53.0
2023-02-19,Shahdara APMC,889.5,550.0,2,winter,agra,28.3,13.9,0.0,70,21.9,10.6,0.0,39.0
2023-02-20,Shahdara APMC,593.95,600.0,2,winter,agra,31.1,15.1,0.0,62,23.6,9.3,0.0,49.0
2023-02-21,Shahdara APMC,606.1,500.0,2,winter,agra,29.6,15.6,0.0,57,26.1,11.7,0.0,61.0
2023-02-22,Shahdara APMC,869.75,600.0,2,winter,agra,28.7,13.9,0.0,62,26.2,11.9,0.0,73.0
2023-02-23,Shahdara APMC,959.15,500.0,2,winter,agra,28.1,13.5,0.0,53,26.6,13.2,0.0,72.0
2023-02-24,Shahdara APMC,834.05,500.0,2,winter,agra,28.3,12.2,0.0,51,27.5,13.2,0.0,77.0
2023-02-25,Shahdara APMC,548.12,500.0,2,winter,agra,28.5,13.0,0.0,54,28.2,13.5,0.0,74.0
2023-02-26,Shahdara APMC,635.75,500.0,2,winter,agra,29.9,14.5,0.0,52,31.1,14.4,0.0,67.0
2023-02-27,Shahdara APMC,546.8,550.0,2,winter,agra,30.3,16.0,0.0,51,30.1,15.7,0.0,54.0
2023-02-28,Shahdara APMC,608.85,700.0,2,winter,agra,29.4,14.7,0.0,49,30.1,16.4,0.0,62.0
2023-03-01,Shahdara APMC,1014.0,700.0,3,summer,agra,30.0,16.3,0.0,48,29.1,15.0,0.0,55.0
2023-03-02,Shahdara APMC,672.75,500.0,3,summer,agra,30.3,15.9,0.0,54,27.3,13.8,0.0,54.0
2023-03-03,Shahdara APMC,714.65,600.0,3,summer,agra,31.1,16.8,0.0,54,29.0,12.6,0.0,63.0
2023-03-04,Shahdara APMC,541.35,500.0,3,summer,agra,30.4,17.3,0.0,54,29.6,15.3,0.0,60.0
2023-03-05,Shahdara APMC,643.75,600.0,3,summer,agra,30.2,15.8,0.0,52,30.0,15.3,0.0,61.0
2023-03-06,Shahdara APMC,772.9,600.0,3,summer,agra,29.2,15.5,0.0,50,29.7,14.6,0.0,58.0
2023-03-07,Shahdara APMC,11.56,600.0,3,summer,agra,29.1,15.2,0.0,50,30.6,15.4,0.0,56.0
2023-03-08,Shahdara APMC,5.1,600.0,3,summer,agra,28.2,15.3,0.4,53,30.3,15.3,0.0,59.0
2023-03-09,Shahdara APMC,17.15,600.0,3,summer,agra,28.5,16.1,0.0,59,30.6,16.1,0.0,60.0
2023-03-11,Shahdara APMC,564.95,800.0,3,summer,agra,30.3,16.8,0.0,50,30.1,16.7,0.0,60.0
2023-03-12,Shahdara APMC,715.55,800.0,3,summer,agra,32.1,17.4,0.0,47,29.3,16.9,0.0,55.0
2023-03-13,Shahdara APMC,728.75,500.0,3,summer,agra,32.3,17.8,0.0,49,29.0,15.6,0.0,55.0
2023-03-14,Shahdara APMC,699.5,500.0,3,summer,agra,32.0,17.4,0.0,48,28.3,16.2,2.4,62.0
2023-03-18,Shahdara APMC,737.95,500.0,3,summer,agra,26.5,17.5,0.7,76,30.8,15.7,0.0,60.0
2023-03-19,Shahdara APMC,581.4,600.0,3,summer,agra,25.2,16.1,0.5,82,32.0,17.9,0.0,56.0
2023-03-20,Shahdara APMC,492.25,500.0,3,summer,agra,23.5,16.3,24.6,86,31.9,17.5,1.0,55.0
2023-03-21,Shahdara APMC,361.2,700.0,3,summer,agra,23.1,15.2,4.3,85,32.4,16.5,0.2,51.0
2023-03-22,Shahdara APMC,506.55,700.0,3,summer,agra,26.2,14.5,0.0,77,32.1,18.1,0.2,47.0
2023-03-23,Shahdara APMC,964.4,750.0,3,summer,agra,28.0,15.5,0.0,67,26.6,17.3,1.2,66.0
2023-03-24,Shahdara APMC,953.35,800.0,3,summer,agra,27.2,17.0,18.4,70,24.0,18.0,9.5,74.0
2023-03-25,Shahdara APMC,702.85,500.0,3,summer,agra,26.3,17.3,1.3,79,24.7,16.7,9.2,83.0
2023-03-26,Shahdara APMC,602.25,500.0,3,summer,agra,27.6,16.4,0.0,65,24.3,16.2,9.4,86.0
2023-03-27,Shahdara APMC,622.09,550.0,3,summer,agra,26.7,15.1,0.0,66,24.7,14.9,6.4,83.0
2023-03-28,Shahdara APMC,652.4,550.0,3,summer,agra,28.4,15.7,0.0,64,26.9,14.7,0.0,76.0
2023-03-29,Shahdara APMC,707.3,800.0,3,summer,agra,31.2,16.8,0.2,58,28.5,16.3,0.0,70.0
2023-03-30,Shahdara APMC,604.15,850.0,3,summer,agra,30.8,17.5,12.4,71,28.3,17.4,3.1,68.0
2023-03-31,Shahdara APMC,405.15,800.0,3,summer,agra,23.8,17.2,6.0,83,27.8,18.2,0.1,66.0
2023-04-01,Shahdara APMC,348.25,800.0,4,summer,agra,25.3,15.9,1.2,81,29.7,18.1,0.0,57.0
2023-04-02,Shahdara APMC,558.4,800.0,4,summer,agra,28.4,16.3,0.0,72,29.2,17.1,0.0,53.0
2023-04-03,Shahdara APMC,561.25,900.0,4,summer,agra,31.2,16.2,0.0,64,30.5,16.4,0.0,52.0
2023-04-04,Shahdara APMC,453.85,900.0,4,summer,agra,28.3,17.3,0.0,64,32.5,17.9,0.0,47.0
2023-04-05,Shahdara APMC,546.4,900.0,4,summer,agra,30.3,16.0,0.0,53,32.3,18.8,0.7,53.0
2023-04-08,Shahdara APMC,502.45,800.0,4,summer,agra,32.4,17.1,0.0,31,29.9,16.3,0.0,65.0
2023-04-09,Shahdara APMC,490.0,900.0,4,summer,agra,33.6,17.9,0.0,28,32.8,16.9,0.0,54.0
2023-04-10,Shahdara APMC,654.8,900.0,4,summer,agra,33.9,19.2,0.0,28,30.1,18.1,0.0,57.0
2023-04-11,Shahdara APMC,397.1,900.0,4,summer,agra,36.7,19.3,0.0,27,32.4,17.2,0.0,47.0
2023-04-12,Shahdara APMC,102.9,500.0,4,summer,agra,36.9,22.7,0.0,27,32.2,18.2,0.0,38.0
2023-04-14,Shahdara APMC,376.35,450.0,4,summer,agra,37.8,21.4,0.0,27,33.8,18.7,0.0,34.0
2023-04-15,Shahdara APMC,470.6,900.0,4,summer,agra,39.3,21.1,0.0,24,34.4,19.6,0.0,32.0
2023-04-16,Shahdara APMC,496.7,800.0,4,summer,agra,39.2,23.6,0.0,26,35.1,17.6,0.0,30.0
2023-04-17,Shahdara APMC,507.75,800.0,4,summer,agra,39.2,24.7,0.0,25,36.8,19.3,0.0,30.0
2023-04-18,Shahdara APMC,426.85,1000.0,4,summer,agra,39.1,25.0,0.0,24,37.4,21.8,0.0,30.0
2023-04-21,Shahdara APMC,498.5,1000.0,4,summer,agra,35.1,22.7,0.0,34,39.7,22.8,0.0,26.0
2023-04-22,Shahdara APMC,165.8,1100.0,4,summer,agra,34.8,21.3,0.0,26,39.9,23.8,0.0,25.0
2023-04-23,Shahdara APMC,327.0,1100.0,4,summer,agra,34.1,21.3,0.0,27,40.2,24.6,0.0,24.0
2023-04-24,Shahdara APMC,444.35,1100.0,4,summer,agra,32.1,20.1,0.0,36,40.1,25.6,0.0,23.0
2023-04-25,Shahdara APMC,530.15,1000.0,4,summer,agra,33.3,20.5,0.0,37,38.5,25.7,0.0,26.0
2023-04-26,Shahdara APMC,577.5,900.0,4,summer,agra,35.3,21.7,0.0,33,36.7,23.3,0.0,35.0
2023-04-27,Shahdara APMC,649.9,900.0,4,summer,agra,36.4,23.2,0.0,31,36.3,24.0,0.0,34.0
2023-04-28,Shahdara APMC,473.35,900.0,4,summer,agra,33.7,22.7,0.0,37,36.4,22.0,0.0,30.0
2023-04-29,Shahdara APMC,5961.9,900.0,4,summer,agra,33.1,22.2,1.3,50,33.5,22.1,0.4,27.0
2023-04-30,Shahdara APMC,345.35,900.0,4,summer,agra,30.1,21.6,1.5,63,30.5,19.8,0.5,41.0
2023-05-01,Shahdara APMC,396.8,1000.0,5,summer,agra,26.8,19.8,4.5,81,33.7,19.9,0.0,40.0
2023-05-02,Shahdara APMC,256.6,900.0,5,summer,agra,27.1,19.5,6.6,84,35.4,20.8,0.0,33.0
2023-05-03,Shahdara APMC,477.2,1000.0,5,summer,agra,27.6,20.2,3.1,82,35.6,23.4,0.7,35.0
2023-05-04,Shahdara APMC,329.8,1100.0,5,summer,agra,29.1,19.0,0.0,76,33.5,23.5,0.0,39.0
2023-05-05,Shahdara APMC,691.3,1100.0,5,summer,agra,30.3,20.9,3.5,66,32.1,23.0,1.1,47.0
2023-05-06,Shahdara APMC,507.7,1000.0,5,summer,agra,34.4,20.0,0.1,57,31.6,20.4,2.1,55.0
2023-05-07,Shahdara APMC,517.65,1000.0,5,summer,agra,35.3,20.6,0.0,48,29.1,19.8,17.0,77.0
2023-05-08,Shahdara APMC,432.55,1000.0,5,summer,agra,36.1,21.7,0.0,44,28.6,19.5,2.5,79.0
2023-05-09,Shahdara APMC,506.35,1000.0,5,summer,agra,37.2,21.1,0.0,35,28.8,20.4,10.9,80.0
2023-05-10,Shahdara APMC,494.4,1100.0,5,summer,agra,36.8,21.8,0.0,22,30.0,19.4,0.0,70.0
2023-05-11,Shahdara APMC,404.15,1000.0,5,summer,agra,38.8,22.3,0.0,22,32.8,21.4,0.0,57.0
2023-05-12,Shahdara APMC,371.9,1000.0,5,summer,agra,41.7,23.5,0.0,24,35.7,20.9,0.0,51.0
2023-05-13,Shahdara APMC,466.15,1000.0,5,summer,agra,41.5,24.8,0.0,26,37.1,21.5,0.0,44.0
2023-05-14,Shahdara APMC,415.3,1000.0,5,summer,agra,40.0,26.2,0.0,29,38.0,23.0,0.0,39.0
2023-05-15,Shahdara APMC,310.2,1000.0,5,summer,agra,40.2,24.6,0.0,26,37.6,21.6,0.0,37.0
2023-05-16,Shahdara APMC,556.2,1000.0,5,summer,agra,38.9,26.4,0.0,28,36.7,21.1,0.0,32.0
2023-05-17,Shahdara APMC,465.8,1000.0,5,summer,agra,41.0,25.4,0.0,26,38.6,20.2,0.0,32.0
2023-05-18,Shahdara APMC,381.7,1000.0,5,summer,agra,38.0,24.1,0.0,40,40.6,22.2,0.0,29.0
2023-05-19,Shahdara APMC,353.95,1100.0,5,summer,agra,38.2,25.5,0.0,36,41.0,23.8,0.0,31.0
2023-05-20,Shahdara APMC,445.0,1100.0,5,summer,agra,40.3,24.2,0.0,30,41.4,24.9,0.0,28.0
2023-05-21,Shahdara APMC,381.55,1100.0,5,summer,agra,43.0,25.3,0.0,23,40.3,24.3,0.0,29.0
2023-05-22,Shahdara APMC,499.0,1000.0,5,summer,agra,42.6,29.3,0.0,20,38.0,27.4,0.2,29.0
2023-05-23,Shahdara APMC,393.4,1100.0,5,summer,agra,43.5,30.0,2.4,29,40.4,26.6,0.0,31.0
2023-05-24,Shahdara APMC,324.15,1000.0,5,summer,agra,38.1,26.3,0.0,51,38.0,26.5,0.0,37.0
2023-05-27,Shahdara APMC,355.05,1100.0,5,summer,agra,33.4,21.0,15.4,67,43.5,27.6,0.0,22.0
2023-05-28,Shahdara APMC,281.2,1100.0,5,summer,agra,33.3,23.9,0.6,71,43.5,28.1,0.0,22.0
2023-05-29,Shahdara APMC,482.2,1100.0,5,summer,agra,33.2,22.6,2.8,74,43.7,28.6,0.0,24.0
2023-05-30,Shahdara APMC,391.4,1100.0,5,summer,agra,33.5,22.7,0.5,69,39.7,27.8,0.0,39.0
2023-05-31,Shahdara APMC,529.95,1000.0,5,summer,agra,30.1,21.8,2.3,78,35.5,25.4,5.8,55.0
2023-06-01,Shahdara APMC,371.55,1100.0,6,monsoon,solan,33.0,19.9,0.0,69,22.3,12.4,2.8,72.0
2023-06-02,Shahdara APMC,530.85,1100.0,6,monsoon,solan,32.5,22.1,1.6,60,23.7,13.6,0.6,67.0
2023-06-03,Shahdara APMC,578.05,1100.0,6,monsoon,solan,34.9,22.3,0.0,55,25.2,12.5,0.3,59.0
2023-06-04,Shahdara APMC,391.55,1100.0,6,monsoon,solan,35.9,23.5,0.2,58,24.2,15.0,8.4,68.0
2023-06-05,Shahdara APMC,458.7,550.0,6,monsoon,solan,37.3,25.1,0.0,51,22.8,15.6,5.9,72.0
2023-06-06,Shahdara APMC,469.35,1100.0,6,monsoon,solan,38.8,25.0,0.1,42,20.1,14.5,55.7,81.0
2023-06-07,Shahdara APMC,535.85,1300.0,6,monsoon,solan,38.4,25.1,0.0,37,23.5,12.6,2.9,72.0
2023-06-08,Shahdara APMC,363.35,1100.0,6,monsoon,solan,39.4,25.9,0.0,35,21.6,13.4,15.2,75.0
2023-06-10,Shahdara APMC,357.75,1200.0,6,monsoon,solan,41.1,27.7,0.2,39,26.3,13.5,0.0,64.0
2023-06-11,Shahdara APMC,364.1,1300.0,6,monsoon,solan,39.3,28.2,0.0,46,25.9,13.7,1.0,66.0
2023-06-12,Shahdara APMC,390.5,1200.0,6,monsoon,solan,41.2,29.0,0.0,45,24.3,13.8,2.4,63.0
2023-06-13,Shahdara APMC,405.95,1200.0,6,monsoon,solan,42.3,30.2,0.0,35,25.1,14.2,1.3,61.0
2023-06-14,Shahdara APMC,437.75,1100.0,6,monsoon,solan,41.0,30.7,0.1,36,26.1,14.7,0.6,62.0
2023-06-15,Shahdara APMC,332.2,1300.0,6,monsoon,solan,37.5,30.5,0.2,46,28.6,15.3,0.0,56.0
2023-06-16,Shahdara APMC,347.9,1300.0,6,monsoon,solan,38.2,26.6,1.1,52,29.4,16.6,0.5,59.0
2023-06-17,Shahdara APMC,369.8,1300.0,6,monsoon,solan,39.4,27.6,0.3,52,28.0,17.6,0.3,69.0
2023-06-18,Shahdara APMC,339.55,1300.0,6,monsoon,solan,38.8,28.9,0.3,60,28.2,17.6,0.0,64.0
2023-06-19,Shahdara APMC,533.6,1200.0,6,monsoon,solan,32.1,28.1,7.2,70,29.4,20.0,0.5,63.0
2023-06-20,Shahdara APMC,415.5,1300.0,6,monsoon,solan,36.8,27.2,4.3,66,27.6,18.3,5.0,69.0
2023-06-21,Shahdara APMC,362.15,1300.0,6,monsoon,solan,35.8,26.3,19.5,78,25.7,17.4,4.7,72.0
2023-06-22,Shahdara APMC,307.0,1200.0,6,monsoon,solan,36.2,27.6,0.8,74,27.4,16.0,0.6,70.0
2023-06-23,Shahdara APMC,376.1,1300.0,6,monsoon,solan,35.5,26.6,3.3,78,28.5,18.3,0.5,67.0
2023-06-24,Shahdara APMC,449.8,1300.0,6,monsoon,solan,34.2,27.6,11.8,79,26.3,20.2,0.8,73.0
2023-06-25,Shahdara APMC,353.7,1300.0,6,monsoon,solan,32.4,26.1,21.6,86,28.6,18.2,5.6,72.0
2023-06-26,Shahdara APMC,325.1,1400.0,6,monsoon,solan,32.9,25.2,8.2,84,28.0,18.7,2.7,73.0
2023-06-28,Shahdara APMC,521.75,1300.0,6,monsoon,solan,33.7,26.2,16.5,83,27.5,18.9,3.4,85.0
2023-06-29,Shahdara APMC,379.35,1300.0,6,monsoon,solan,32.1,26.3,18.4,83,27.5,20.1,5.4,87.0
2023-06-30,Shahdara APMC,249.4,1400.0,6,monsoon,solan,33.6,25.5,9.2,82,27.6,19.9,9.8,86.0
2023-07-01,Shahdara APMC,461.05,1400.0,7,monsoon,solan,33.0,23.9,1.7,81,26.1,19.9,35.7,89.0
2023-07-02,Shahdara APMC,601.45,1300.0,7,monsoon,solan,35.0,25.9,1.0,76,25.2,19.1,12.1,87.0
2023-07-03,Shahdara APMC,541.5,1300.0,7,monsoon,solan,36.5,27.3,6.4,74,26.0,19.3,9.7,82.0
2023-07-04,Shahdara APMC,460.95,1300.0,7,monsoon,solan,36.4,26.3,0.4,74,26.8,18.4,4.2,81.0
2023-07-05,Shahdara APMC,589.6,1400.0,7,monsoon,solan,33.1,24.8,11.1,82,25.4,18.3,13.2,86.0
2023-07-06,Shahdara APMC,561.7,1400.0,7,monsoon,solan,33.2,25.6,1.0,79,26.8,18.8,6.9,83.0
2023-07-07,Shahdara APMC,453.3,1400.0,7,monsoon,solan,32.9,25.3,6.3,83,26.2,18.3,3.0,84.0
2023-07-08,Shahdara APMC,408.5,1500.0,7,monsoon,solan,29.5,26.1,36.0,90,27.0,18.5,0.0,81.0
2023-07-09,Shahdara APMC,421.1,1500.0,7,monsoon,solan,30.7,25.3,30.9,91,27.5,17.9,2.4,80.0
2023-07-14,Shahdara APMC,568.75,1400.0,7,monsoon,solan,33.6,25.8,16.7,84,22.6,18.9,22.7,91.0
2023-07-15,Shahdara APMC,548.08,1400.0,7,monsoon,solan,33.2,26.2,13.1,85,22.6,19.7,58.5,93.0
2023-07-16,Shahdara APMC,737.05,1300.0,7,monsoon,solan,33.1,25.4,16.3,85,25.3,19.4,15.0,90.0
2023-07-17,Shahdara APMC,538.85,1400.0,7,monsoon,solan,33.3,26.7,7.6,85,25.1,19.6,15.3,88.0
2023-07-18,Shahdara APMC,710.4,1400.0,7,monsoon,solan,31.5,25.6,18.0,87,25.8,17.7,13.2,86.0
2023-07-19,Shahdara APMC,428.35,1400.0,7,monsoon,solan,33.0,26.5,9.9,86,26.1,18.6,12.9,85.0
2023-07-20,Shahdara APMC,457.15,1400.0,7,monsoon,solan,35.2,27.3,27.9,80,25.8,18.3,2.6,87.0
2023-07-21,Shahdara APMC,484.2,1500.0,7,monsoon,solan,35.5,27.2,2.8,76,26.5,19.2,14.7,89.0
2023-07-22,Shahdara APMC,405.65,1500.0,7,monsoon,solan,34.3,26.9,9.6,79,26.2,19.9,7.7,89.0
2023-07-23,Shahdara APMC,357.8,1400.0,7,monsoon,solan,34.3,28.1,0.5,76,26.2,18.8,3.1,88.0
2023-07-24,Shahdara APMC,318.95,1500.0,7,monsoon,solan,34.0,27.5,6.1,80,25.0,18.7,13.4,90.0
2023-07-25,Shahdara APMC,449.6,1500.0,7,monsoon,solan,34.2,25.9,14.4,82,26.3,19.5,11.0,87.0
2023-07-26,Shahdara APMC,451.55,1600.0,7,monsoon,solan,29.8,25.8,23.8,89,27.4,19.6,3.7,83.0
2023-07-27,Shahdara APMC,485.3,1600.0,7,monsoon,solan,31.9,26.5,9.0,86,26.9,19.9,6.3,85.0
2023-07-28,Shahdara APMC,452.05,1500.0,7,monsoon,solan,32.7,26.4,18.7,87,25.4,20.3,6.3,89.0
2023-07-29,Shahdara APMC,551.6,1500.0,7,monsoon,solan,31.4,25.1,6.4,84,26.0,18.4,6.7,85.0
2023-07-30,Shahdara APMC,465.65,1500.0,7,monsoon,solan,33.3,24.9,1.8,81,25.6,18.9,5.1,87.0
2023-07-31,Shahdara APMC,499.15,1400.0,7,monsoon,solan,33.7,25.6,1.1,79,26.0,19.0,5.9,87.0
2023-08-01,Shahdara APMC,797.6,1500.0,8,monsoon,solan,34.7,26.9,0.1,77,24.7,19.5,8.4,91.0
2023-08-02,Shahdara APMC,560.65,1500.0,8,monsoon,solan,34.9,27.5,2.4,79,26.3,18.9,17.8,89.0
2023-08-03,Shahdara APMC,404.8,1600.0,8,monsoon,solan,34.0,26.6,13.5,82,24.0,19.1,11.3,92.0
2023-08-04,Shahdara APMC,476.0,1600.0,8,monsoon,solan,31.8,26.2,9.5,87,25.5,18.0,9.0,88.0
2023-08-05,Shahdara APMC,582.0,1600.0,8,monsoon,solan,33.6,26.7,5.1,84,25.3,17.1,7.5,87.0
2023-08-06,Shahdara APMC,540.8,1400.0,8,monsoon,solan,34.8,26.3,3.0,76,26.3,17.8,2.5,86.0
2023-08-07,Shahdara APMC,377.9,1500.0,8,monsoon,solan,34.1,26.9,0.2,71,27.2,18.2,0.0,85.0
2023-08-08,Shahdara APMC,467.8,1500.0,8,monsoon,solan,34.2,26.5,0.0,70,26.9,19.1,3.1,88.0
2023-08-09,Shahdara APMC,595.05,1400.0,8,monsoon,solan,34.6,26.9,0.0,69,26.8,19.1,1.7,88.0
2023-08-10,Shahdara APMC,492.8,1400.0,8,monsoon,solan,34.1,26.9,0.4,71,26.1,18.8,2.6,89.0
2023-08-11,Shahdara APMC,598.95,1400.0,8,monsoon,solan,34.6,27.2,0.7,69,26.2,18.3,2.7,89.0
2023-08-12,Shahdara APMC,441.75,1400.0,8,monsoon,solan,35.8,27.7,0.0,59,26.4,19.0,1.7,88.0
2023-08-13,Shahdara APMC,477.5,1300.0,8,monsoon,solan,35.6,27.4,0.5,63,25.7,18.8,1.9,90.0
2023-08-14,Shahdara APMC,331.6,1000.0,8,monsoon,solan,33.7,26.5,0.2,69,26.2,18.5,3.4,87.0
2023-08-15,Shahdara APMC,94.2,1000.0,8,monsoon,solan,34.8,25.9,0.0,74,26.5,18.8,0.5,86.0
2023-08-17,Shahdara APMC,483.55,1300.0,8,monsoon,solan,36.7,27.6,0.0,59,25.2,19.7,8.9,91.0
2023-08-18,Shahdara APMC,728.55,1000.0,8,monsoon,solan,36.7,28.0,0.2,60,24.2,19.9,7.4,92.0
2023-08-19,Shahdara APMC,511.55,900.0,8,monsoon,solan,34.6,26.6,7.3,74,23.8,20.3,14.8,94.0
2023-08-20,Shahdara APMC,573.55,1100.0,8,monsoon,solan,36.6,28.2,0.2,65,22.5,19.1,37.4,94.0
2023-08-21,Shahdara APMC,518.9,900.0,8,monsoon,solan,36.9,28.3,0.9,68,25.7,17.9,2.9,89.0
2023-08-22,Shahdara APMC,412.3,900.0,8,monsoon,solan,35.3,27.9,11.1,77,26.3,17.6,0.6,87.0
2023-08-23,Shahdara APMC,613.85,1000.0,8,monsoon,solan,29.9,25.6,21.1,88,26.1,18.2,0.7,87.0
2023-08-24,Shahdara APMC,227.25,1100.0,8,monsoon,solan,33.4,25.0,0.0,74,27.2,17.9,1.4,85.0
2023-08-25,Shahdara APMC,473.35,1100.0,8,monsoon,solan,34.2,25.5,0.0,66,26.5,19.0,6.2,86.0
2023-08-26,Shahdara APMC,558.35,1200.0,8,monsoon,solan,34.5,26.8,0.0,63,26.1,19.2,5.4,88.0
2023-08-27,Shahdara APMC,625.25,1200.0,8,monsoon,solan,35.4,26.7,0.1,57,26.3,19.5,2.5,89.0
2023-08-28,Shahdara APMC,410.5,1000.0,8,monsoon,solan,34.7,26.5,1.7,63,25.4,20.3,9.7,90.0
2023-08-29,Shahdara APMC,692.05,1000.0,8,monsoon,solan,35.9,25.7,0.0,58,22.6,19.2,32.3,94.0
2023-08-30,Shahdara APMC,718.4,1000.0,8,monsoon,solan,37.3,26.5,0.0,55,25.2,18.8,12.4,90.0
2023-08-31,Shahdara APMC,218.1,1000.0,8,monsoon,solan,37.3,25.9,0.0,57,26.1,18.2,1.8,88.0
2023-09-01,Shahdara APMC,284.7,1000.0,9,monsoon,agra,38.4,27.1,0.0,52,33.0,25.8,0.2,66.0
2023-09-02,Shahdara APMC,334.45,1200.0,9,monsoon,agra,38.1,27.3,0.0,49,33.6,26.0,0.0,65.0
2023-09-05,Shahdara APMC,681.25,1000.0,9,monsoon,agra,36.4,26.9,4.8,65,34.2,25.9,1.7,68.0
2023-09-10,Shahdara APMC,282.5,1200.0,9,monsoon,agra,29.9,24.6,41.0,88,36.1,25.4,0.0,57.0
2023-09-12,Shahdara APMC,589.45,1100.0,9,monsoon,agra,33.5,24.7,0.0,80,33.5,26.2,2.9,73.0
2023-09-13,Shahdara APMC,654.05,1100.0,9,monsoon,agra,33.9,26.5,6.8,81,34.4,26.9,2.9,71.0
2023-09-14,Shahdara APMC,526.8,1000.0,9,monsoon,agra,34.1,26.7,7.0,82,33.4,26.4,1.9,79.0
2023-09-15,Shahdara APMC,663.35,1100.0,9,monsoon,agra,32.0,26.1,7.4,88,29.0,24.9,33.2,90.0
2023-09-16,Shahdara APMC,523.9,1000.0,9,monsoon,agra,31.6,26.4,8.4,84,29.2,24.4,43.8,93.0
2023-09-17,Shahdara APMC,484.6,1000.0,9,monsoon,agra,31.5,25.2,6.3,87,30.9,24.2,13.5,86.0
2023-09-18,Shahdara APMC,522.05,1000.0,9,monsoon,agra,31.6,24.8,0.6,81,31.7,25.1,2.2,86.0
2023-09-19,Shahdara APMC,481.95,900.0,9,monsoon,agra,33.0,24.9,0.2,78,33.0,25.0,1.8,84.0
2023-09-20,Shahdara APMC,535.3,1000.0,9,monsoon,agra,33.1,25.7,0.5,77,32.5,25.9,4.7,84.0
2023-09-21,Shahdara APMC,508.6,1000.0,9,monsoon,agra,33.1,26.0,4.2,82,33.5,26.2,0.7,78.0
2023-09-25,Shahdara APMC,370.04,900.0,9,monsoon,agra,32.7,24.8,0.0,78,33.1,24.7,0.1,78.0
2023-09-27,Shahdara APMC,498.75,1000.0,9,monsoon,agra,33.2,23.5,0.0,70,33.7,25.5,0.9,81.0
2023-09-29,Shahdara APMC,552.4,1000.0,9,monsoon,agra,33.1,20.8,0.0,66,32.4,23.7,2.5,84.0
2023-10-03,Shahdara APMC,589.0,900.0,10,post_monsoon,agra,34.1,19.3,0.0,45,34.3,25.0,0.0,68.0
2023-10-04,Shahdara APMC,475.2,1100.0,10,post_monsoon,agra,34.0,18.8,0.0,56,33.3,21.7,0.0,60.0
2023-10-05,Shahdara APMC,826.35,800.0,10,post_monsoon,agra,34.4,20.0,0.0,54,33.7,20.5,0.0,62.0
2023-10-06,Shahdara APMC,571.77,1000.0,10,post_monsoon,agra,35.4,19.0,0.0,54,34.1,21.6,0.0,63.0
2023-10-07,Shahdara APMC,700.8,900.0,10,post_monsoon,agra,35.3,21.2,0.0,63,34.5,23.8,0.0,54.0
2023-10-08,Shahdara APMC,525.45,900.0,10,post_monsoon,agra,35.6,24.0,0.0,62,34.8,22.9,0.0,46.0
2023-10-10,Shahdara APMC,702.95,900.0,10,post_monsoon,agra,34.1,23.7,0.4,57,34.2,19.8,0.0,46.0
2023-10-11,Shahdara APMC,516.95,1100.0,10,post_monsoon,agra,33.8,21.2,0.0,58,34.7,20.9,0.0,50.0
2023-10-14,Shahdara APMC,666.7,1000.0,10,post_monsoon,agra,35.2,22.0,0.0,56,36.2,22.8,0.0,54.0
2023-10-15,Shahdara APMC,739.7,1000.0,10,post_monsoon,agra,33.6,22.2,0.1,56,36.5,25.8,0.0,46.0
2023-10-17,Shahdara APMC,717.95,900.0,10,post_monsoon,agra,28.5,19.0,2.6,72,35.5,23.4,0.0,50.0
2023-10-18,Shahdara APMC,763.7,1200.0,10,post_monsoon,agra,29.1,17.3,0.0,66,35.0,20.7,0.0,44.0
2023-10-19,Shahdara APMC,716.45,1100.0,10,post_monsoon,agra,28.6,16.8,0.0,64,35.6,21.2,0.0,51.0
2023-10-21,Shahdara APMC,636.75,1000.0,10,post_monsoon,agra,29.7,16.9,0.0,64,35.6,21.6,0.0,44.0
2023-10-22,Shahdara APMC,661.6,1000.0,10,post_monsoon,agra,30.3,17.2,0.0,63,32.9,22.2,0.2,57.0
2023-10-24,Shahdara APMC,450.55,1000.0,10,post_monsoon,agra,30.7,17.6,0.0,61,30.2,17.8,0.0,62.0
2023-10-26,Shahdara APMC,553.9,1000.0,10,post_monsoon,agra,30.7,16.7,0.0,59,31.1,17.8,0.0,58.0
2023-10-27,Shahdara APMC,665.75,1000.0,10,post_monsoon,agra,30.4,16.0,0.0,55,31.4,18.3,0.0,59.0
2023-10-28,Shahdara APMC,800.45,900.0,10,post_monsoon,agra,30.0,17.9,0.0,56,31.2,17.9,0.0,57.0
2023-10-29,Shahdara APMC,875.7,1000.0,10,post_monsoon,agra,31.3,17.8,0.0,61,31.3,17.9,0.0,58.0
2023-10-31,Shahdara APMC,644.05,900.0,10,post_monsoon,agra,30.9,19.0,0.0,69,31.8,17.7,0.0,50.0
2023-11-02,Shahdara APMC,457.4,1400.0,11,post_monsoon,agra,30.4,18.7,0.0,68,31.2,16.5,0.0,48.0
2023-11-03,Shahdara APMC,431.75,1300.0,11,post_monsoon,agra,28.5,17.7,0.6,71,30.6,16.1,0.0,50.0
2023-11-06,Shahdara APMC,425.5,700.0,11,post_monsoon,agra,29.4,15.2,0.0,63,31.7,18.6,0.0,64.0
2023-11-07,Shahdara APMC,610.8,1000.0,11,post_monsoon,agra,29.9,16.0,0.0,67,30.9,18.4,0.0,65.0
2023-11-08,Shahdara APMC,549.65,900.0,11,post_monsoon,agra,29.5,16.9,0.0,68,31.0,18.1,0.0,61.0
2023-11-13,Shahdara APMC,194.85,1300.0,11,post_monsoon,agra,25.3,13.1,0.0,75,31.2,16.7,0.0,65.0
2023-11-14,Shahdara APMC,317.9,1000.0,11,post_monsoon,agra,25.1,14.3,0.0,73,30.9,16.6,0.0,61.0
2023-11-16,Shahdara APMC,361.05,1100.0,11,post_monsoon,agra,26.0,13.3,0.0,72,29.3,17.9,3.1,67.0
2023-11-17,Shahdara APMC,513.7,800.0,11,post_monsoon,agra,26.7,14.8,0.0,74,26.4,16.2,0.0,77.0
2023-11-18,Shahdara APMC,650.2,700.0,11,post_monsoon,agra,26.1,14.2,0.0,73,25.8,15.0,0.0,73.0
2023-11-19,Shahdara APMC,661.3,700.0,11,post_monsoon,agra,25.5,14.3,0.0,69,26.1,14.1,0.0,74.0
2023-11-22,Shahdara APMC,756.45,1000.0,11,post_monsoon,agra,24.9,12.8,0.0,68,25.5,12.4,0.0,66.0
2023-11-23,Shahdara APMC,689.55,900.0,11,post_monsoon,agra,24.6,11.0,0.0,72,25.9,13.0,0.0,72.0
2023-11-24,Shahdara APMC,681.55,1000.0,11,post_monsoon,agra,25.0,13.8,0.0,72,25.3,13.5,0.0,66.0
2023-11-27,Shahdara APMC,527.65,1000.0,11,post_monsoon,agra,24.2,15.5,2.5,77,26.2,14.3,0.0,71.0
2023-11-28,Shahdara APMC,527.0,1000.0,11,post_monsoon,agra,20.4,15.4,2.8,87,24.9,13.4,0.0,69.0
2023-11-29,Shahdara APMC,676.05,1000.0,11,post_monsoon,agra,24.4,14.0,0.2,81,25.0,11.5,0.0,72.0
2023-11-30,Shahdara APMC,727.4,1000.0,11,post_monsoon,agra,21.2,14.3,1.5,86,25.0,13.0,0.0,72.0
2023-12-01,Shahdara APMC,536.05,1050.0,12,winter,agra,24.0,14.3,0.7,82,25.2,11.8,0.0,79.0
2023-12-04,Shahdara APMC,558.86,1000.0,12,winter,agra,22.8,14.2,0.0,73,24.6,15.9,1.5,77.0
2023-12-07,Shahdara APMC,566.05,1000.0,12,winter,agra,24.1,11.3,0.0,78,24.2,15.5,0.1,87.0
2023-12-08,Shahdara APMC,803.45,900.0,12,winter,agra,23.8,11.1,0.0,76,25.0,14.4,0.1,81.0
2023-12-09,Shahdara APMC,745.55,900.0,12,winter,agra,23.4,10.1,0.0,72,24.8,14.8,8.6,77.0
2023-12-10,Shahdara APMC,607.1,900.0,12,winter,agra,22.6,10.6,0.0,70,22.0,15.0,10.5,85.0
2023-12-11,Shahdara APMC,735.55,800.0,12,winter,agra,21.9,8.6,0.0,70,23.1,12.9,0.0,85.0
2023-12-12,Shahdara APMC,595.05,900.0,12,winter,agra,22.8,9.0,0.0,73,23.4,12.2,0.0,76.0
2023-12-13,Shahdara APMC,604.3,950.0,12,winter,agra,22.7,9.7,0.0,70,24.3,13.9,0.0,74.0
2023-12-14,Shahdara APMC,807.5,900.0,12,winter,agra,22.1,9.4,0.0,72,23.8,12.6,0.0,78.0
2023-12-15,Shahdara APMC,508.6,800.0,12,winter,agra,21.8,7.1,0.0,73,23.9,12.3,0.0,75.0
2023-12-16,Shahdara APMC,427.4,900.0,12,winter,agra,22.3,7.9,0.0,71,23.0,11.3,0.0,74.0
2023-12-17,Shahdara APMC,624.65,1100.0,12,winter,agra,22.5,8.8,0.0,68,22.7,10.0,0.0,79.0
2023-12-18,Shahdara APMC,697.85,800.0,12,winter,agra,21.6,8.8,0.0,69,22.9,9.9,0.0,73.0
2023-12-19,Shahdara APMC,598.0,800.0,12,winter,agra,21.6,8.2,0.0,67,23.0,9.5,0.0,73.0
2023-12-20,Shahdara APMC,598.0,800.0,12,winter,agra,20.5,7.2,0.0,73,22.6,9.5,0.0,73.0
2023-12-21,Shahdara APMC,559.2,950.0,12,winter,agra,21.5,7.6,0.0,76,22.0,8.4,0.0,75.0
2023-12-26,Shahdara APMC,509.5,800.0,12,winter,agra,22.3,9.3,0.0,78,19.7,7.6,0.0,75.0
2023-12-28,Shahdara APMC,685.1,1100.0,12,winter,agra,20.7,9.2,0.0,87,20.7,8.7,0.0,80.0
2023-12-31,Shahdara APMC,680.8,950.0,12,winter,agra,18.4,8.3,0.0,86,22.4,9.9,0.0,84.0
2024-01-01,Shahdara APMC,757.8,900.0,1,winter,agra,16.1,6.3,0.0,87,22.6,9.1,0.0,81.0
2024-01-02,Shahdara APMC,446.4,800.0,1,winter,agra,15.0,4.6,0.0,87,22.1,8.2,0.0,83.0
2024-01-05,Shahdara APMC,644.35,850.0,1,winter,agra,17.1,8.1,0.1,87,17.4,8.6,0.0,91.0
2024-01-06,Shahdara APMC,593.3,800.0,1,winter,agra,16.9,6.6,0.0,84,18.0,7.6,0.0,90.0
2024-01-07,Shahdara APMC,791.25,800.0,1,winter,agra,17.4,6.7,0.0,81,17.7,6.9,0.0,87.0
2024-01-09,Shahdara APMC,626.4,800.0,1,winter,agra,18.0,6.4,0.0,87,17.5,9.7,0.0,84.0
2024-01-10,Shahdara APMC,372.5,800.0,1,winter,agra,15.9,4.5,0.0,86,18.7,9.5,0.0,84.0
2024-01-13,Shahdara APMC,429.3,850.0,1,winter,agra,17.8,5.7,0.0,86,18.3,6.7,0.0,85.0
2024-01-14,Shahdara APMC,687.4,850.0,1,winter,agra,17.7,4.5,0.0,87,18.8,6.8,0.0,87.0
2024-01-15,Shahdara APMC,627.7,700.0,1,winter,agra,15.8,4.6,0.0,88,17.0,8.7,9.7,90.0
2024-01-17,Shahdara APMC,985.45,700.0,1,winter,agra,17.8,4.2,0.0,84,17.5,5.1,0.0,86.0
2024-01-18,Shahdara APMC,701.2,700.0,1,winter,agra,17.4,5.4,0.0,88,18.9,4.4,0.0,87.0
2024-01-19,Shahdara APMC,522.85,700.0,1,winter,agra,16.4,6.2,0.0,90,19.0,5.1,0.0,89.0
2024-01-20,Shahdara APMC,511.35,700.0,1,winter,agra,15.8,5.5,0.0,89,19.5,5.3,0.0,86.0
2024-01-21,Shahdara APMC,851.65,700.0,1,winter,agra,16.0,5.2,0.0,91,18.5,5.9,0.0,82.0
2024-01-22,Shahdara APMC,599.6,900.0,1,winter,agra,16.5,4.9,0.0,87,17.8,4.6,0.0,83.0
2024-01-24,Shahdara APMC,528.85,700.0,1,winter,agra,18.1,6.9,0.0,86,15.8,4.8,0.0,91.0
2024-01-27,Shahdara APMC,943.25,850.0,1,winter,agra,20.4,6.7,0.0,80,16.2,5.3,0.0,92.0
2024-01-28,Shahdara APMC,860.45,700.0,1,winter,agra,20.1,7.1,0.0,81,16.2,4.9,0.0,89.0
2024-01-30,Shahdara APMC,705.8,700.0,1,winter,agra,20.3,9.8,0.0,91,19.1,8.0,0.0,90.0
2024-01-31,Shahdara APMC,538.15,700.0,1,winter,agra,19.9,10.3,6.7,92,17.9,6.3,0.0,90.0
2024-02-01,Shahdara APMC,602.05,800.0,2,winter,agra,21.0,11.9,33.0,86,18.3,6.8,0.0,87.0
2024-02-02,Shahdara APMC,298.85,700.0,2,winter,agra,19.2,8.8,0.0,85,21.6,6.6,0.0,85.0
2024-02-03,Shahdara APMC,585.35,800.0,2,winter,agra,20.4,7.7,0.0,72,22.9,8.2,0.0,84.0
2024-02-04,Shahdara APMC,490.15,800.0,2,winter,agra,21.1,12.6,4.3,86,21.8,10.7,0.0,85.0
2024-02-05,Shahdara APMC,448.0,800.0,2,winter,agra,19.7,10.3,0.8,83,20.8,10.4,0.0,90.0
2024-02-06,Shahdara APMC,578.3,850.0,2,winter,agra,18.6,7.4,0.0,77,22.8,10.4,1.1,88.0
2024-02-07,Shahdara APMC,738.4,800.0,2,winter,agra,18.3,7.3,0.0,69,22.8,13.6,1.8,86.0
2024-02-08,Shahdara APMC,609.4,800.0,2,winter,agra,19.0,8.0,0.0,67,20.2,10.8,0.0,84.0
2024-02-09,Shahdara APMC,598.1,700.0,2,winter,agra,20.4,7.7,0.0,69,21.1,8.1,0.0,73.0
2024-02-10,Shahdara APMC,618.4,700.0,2,winter,agra,19.7,7.2,0.0,81,22.6,13.7,28.1,84.0
2024-02-11,Shahdara APMC,537.0,750.0,2,winter,agra,21.4,7.9,0.0,77,20.8,12.3,0.7,89.0
2024-02-12,Shahdara APMC,635.5,800.0,2,winter,agra,21.5,8.2,0.0,77,19.6,9.1,0.0,76.0
2024-02-13,Shahdara APMC,699.0,800.0,2,winter,agra,21.0,8.8,0.0,76,19.7,8.8,0.0,69.0
2024-02-14,Shahdara APMC,745.85,800.0,2,winter,agra,22.6,9.7,0.0,75,19.5,9.2,0.0,65.0
2024-02-15,Shahdara APMC,597.0,800.0,2,winter,agra,23.7,9.3,0.0,71,20.3,7.4,0.0,60.0
2024-02-16,Shahdara APMC,500.65,800.0,2,winter,agra,24.4,8.3,0.0,65,20.6,6.8,0.0,69.0
2024-02-17,Shahdara APMC,429.15,1050.0,2,winter,agra,24.6,8.9,0.0,62,21.2,7.2,0.0,80.0
2024-02-18,Shahdara APMC,446.8,900.0,2,winter,agra,27.5,10.0,0.0,58,21.3,7.7,0.0,78.0
2024-02-19,Shahdara APMC,580.75,900.0,2,winter,agra,27.2,14.9,0.0,61,23.1,9.5,0.0,81.0
2024-02-20,Shahdara APMC,913.9,900.0,2,winter,agra,27.4,15.2,0.1,65,23.6,12.3,0.0,76.0
2024-02-21,Shahdara APMC,670.4,800.0,2,winter,agra,26.1,12.2,0.0,58,23.5,10.6,0.0,78.0
2024-02-22,Shahdara APMC,700.65,800.0,2,winter,agra,24.2,11.1,0.0,51,24.0,10.4,0.0,74.0
2024-02-24,Shahdara APMC,388.85,900.0,2,winter,agra,23.1,9.5,0.0,45,27.0,10.9,0.0,61.0
2024-02-25,Shahdara APMC,637.4,1050.0,2,winter,agra,25.0,10.9,0.0,40,28.6,14.1,0.0,61.0
2024-02-26,Shahdara APMC,601.5,900.0,2,winter,agra,24.5,11.3,0.0,45,27.2,15.8,2.7,68.0
2024-03-11,Shahdara APMC,754.65,1200.0,3,summer,agra,29.3,15.3,0.0,51,22.2,9.1,0.0,58.0
2024-03-12,Shahdara APMC,689.65,1200.0,3,summer,agra,29.2,13.9,0.0,49,22.6,10.1,0.0,58.0
2024-03-14,Shahdara APMC,706.3,1200.0,3,summer,agra,29.0,14.0,0.0,54,26.0,11.3,0.0,59.0
2024-03-15,Shahdara APMC,521.7,1200.0,3,summer,agra,27.4,13.9,0.0,44,25.6,12.2,0.0,52.0
2024-03-16,Shahdara APMC,561.9,1200.0,3,summer,agra,27.6,12.3,0.0,45,27.2,10.7,0.0,57.0
2024-03-17,Shahdara APMC,497.7,1200.0,3,summer,agra,28.8,11.8,0.0,46,29.5,13.6,0.0,53.0
2024-03-18,Shahdara APMC,490.4,1200.0,3,summer,agra,28.4,13.1,0.0,48,29.7,14.6,0.0,53.0
2024-03-19,Shahdara APMC,790.8,1200.0,3,summer,agra,29.9,13.2,0.0,47,30.3,14.7,0.0,49.0
2024-03-20,Shahdara APMC,733.4,1200.0,3,summer,agra,32.1,14.4,0.0,44,29.9,15.3,0.0,50.0
2024-03-21,Shahdara APMC,612.05,1250.0,3,summer,agra,29.4,17.2,0.0,54,28.5,15.9,0.0,44.0
2024-03-22,Shahdara APMC,421.75,1100.0,3,summer,agra,32.6,18.0,0.0,52,27.9,13.2,0.0,44.0
2024-03-25,Shahdara APMC,155.6,1200.0,3,summer,agra,33.0,16.8,0.0,48,29.7,12.7,0.0,50.0
2024-03-26,Shahdara APMC,215.65,1000.0,3,summer,agra,33.5,18.1,0.0,44,30.5,13.6,0.0,49.0
2024-03-27,Shahdara APMC,347.45,1200.0,3,summer,agra,36.2,21.2,0.0,41,29.5,16.2,0.0,56.0
2024-03-29,Shahdara APMC,649.45,1200.0,3,summer,agra,36.1,21.4,1.3,47,34.8,18.6,0.0,43.0
2024-03-30,Shahdara APMC,648.15,1200.0,3,summer,agra,34.8,22.8,0.0,40,34.9,19.4,0.0,37.0
2024-03-31,Shahdara APMC,631.9,1200.0,3,summer,agra,34.5,20.1,0.0,39,33.4,18.0,0.0,43.0
2024-04-02,Shahdara APMC,509.7,1200.0,4,summer,agra,33.0,16.8,0.0,35,36.0,20.6,0.0,42.0
2024-04-03,Shahdara APMC,361.95,1200.0,4,summer,agra,35.6,20.9,0.0,26,37.9,21.4,0.0,40.0
2024-04-04,Shahdara APMC,446.6,1200.0,4,summer,agra,36.3,21.0,0.0,26,37.8,22.2,0.0,42.0
2024-04-06,Shahdara APMC,669.05,1300.0,4,summer,agra,35.1,19.9,0.0,21,36.0,19.7,0.0,30.0
2024-04-07,Shahdara APMC,75.13,1300.0,4,summer,agra,35.4,17.5,0.0,21,34.2,19.9,0.0,30.0
2024-04-08,Shahdara APMC,733.15,1300.0,4,summer,agra,36.9,18.6,0.0,22,33.9,18.4,0.0,30.0
2024-04-09,Shahdara APMC,585.8,1400.0,4,summer,agra,37.7,18.6,0.0,19,36.3,18.9,0.0,25.0
2024-04-11,Shahdara APMC,521.97,1300.0,4,summer,agra,38.1,21.4,0.0,21,36.3,22.3,0.0,26.0
2024-04-12,Shahdara APMC,522.55,1400.0,4,summer,agra,38.6,22.4,0.0,22,36.0,21.6,0.0,26.0
2024-04-13,Shahdara APMC,655.9,1400.0,4,summer,agra,38.6,24.9,2.4,28,36.1,19.7,0.0,21.0
2024-04-14,Shahdara APMC,525.9,1400.0,4,summer,agra,33.6,22.5,0.2,48,37.4,19.5,0.0,17.0
2024-04-15,Shahdara APMC,463.95,1600.0,4,summer,agra,36.2,22.0,0.0,51,38.2,19.9,0.0,18.0
2024-04-18,Shahdara APMC,589.9,1600.0,4,summer,agra,37.9,23.4,0.0,24,38.4,23.0,0.0,24.0
2024-04-19,Shahdara APMC,530.6,1700.0,4,summer,agra,38.3,24.6,0.0,30,37.6,23.0,0.0,33.0
2024-04-20,Shahdara APMC,350.95,1800.0,4,summer,agra,36.4,22.0,0.0,28,36.7,22.8,0.0,38.0
2024-04-21,Shahdara APMC,406.6,1800.0,4,summer,agra,36.6,23.5,0.0,27,37.2,24.5,0.3,44.0
2024-04-22,Shahdara APMC,368.6,1800.0,4,summer,agra,37.2,24.4,0.1,25,37.4,25.7,0.0,32.0
2024-04-23,Shahdara APMC,447.25,1800.0,4,summer,agra,37.9,22.7,0.0,28,37.0,24.5,0.0,23.0
2024-04-24,Shahdara APMC,458.8,1600.0,4,summer,agra,37.1,20.8,0.0,30,39.2,25.1,0.0,21.0
2024-04-25,Shahdara APMC,378.75,1600.0,4,summer,agra,38.3,21.4,0.0,26,39.9,25.3,0.0,23.0
2024-04-27,Shahdara APMC,354.3,1700.0,4,summer,agra,38.1,25.7,0.0,27,36.9,24.7,0.0,26.0
2024-04-28,Shahdara APMC,514.35,1700.0,4,summer,agra,37.6,23.3,0.0,28,38.4,23.5,0.0,23.0
2024-04-29,Shahdara APMC,477.55,1700.0,4,summer,agra,38.1,23.5,0.0,27,39.1,23.4,0.0,21.0
2024-04-30,Shahdara APMC,472.85,1700.0,4,summer,agra,36.3,23.2,0.0,26,39.1,23.4,0.0,23.0
2024-05-01,Shahdara APMC,610.5,1700.0,5,summer,agra,32.6,20.4,0.0,23,39.8,23.0,0.0,19.0
2024-05-02,Shahdara APMC,444.18,1700.0,5,summer,agra,35.1,19.2,0.0,27,40.9,24.2,0.0,21.0
2024-05-03,Shahdara APMC,596.8,1700.0,5,summer,agra,38.2,20.2,0.0,23,40.0,27.3,0.0,25.0
2024-05-04,Shahdara APMC,537.2,1700.0,5,summer,agra,40.7,26.4,0.0,19,39.7,23.3,0.0,20.0
2024-05-05,Shahdara APMC,242.45,1700.0,5,summer,agra,41.1,24.7,0.0,21,40.4,25.3,0.0,20.0
2024-05-06,Shahdara APMC,427.35,1700.0,5,summer,agra,40.7,25.7,0.0,22,37.9,25.3,0.0,20.0
2024-05-07,Shahdara APMC,351.85,1600.0,5,summer,agra,41.4,26.9,0.0,27,35.7,21.9,0.0,15.0
2024-05-09,Shahdara APMC,478.75,1600.0,5,summer,agra,39.6,26.3,0.0,37,39.2,21.4,0.0,20.0
2024-05-10,Shahdara APMC,486.75,1600.0,5,summer,agra,39.0,26.0,0.8,42,40.3,25.6,0.0,17.0
2024-05-11,Shahdara APMC,421.25,1600.0,5,summer,agra,38.7,26.2,0.7,44,42.0,27.9,0.0,19.0
2024-05-12,Shahdara APMC,489.55,1600.0,5,summer,agra,37.5,26.9,0.1,40,41.6,25.4,0.0,20.0
2024-05-13,Shahdara APMC,463.15,1600.0,5,summer,agra,40.8,26.8,0.0,30,43.2,25.9,0.0,25.0
2024-05-14,Shahdara APMC,333.85,1600.0,5,summer,agra,40.7,24.7,0.0,24,39.3,28.2,0.0,37.0
2024-05-15,Shahdara APMC,394.95,1600.0,5,summer,agra,42.5,24.4,0.0,22,39.9,27.3,0.0,36.0
2024-05-17,Shahdara APMC,450.0,1600.0,5,summer,agra,44.2,26.7,0.0,19,39.8,27.2,0.0,39.0
2024-05-18,Shahdara APMC,424.45,1600.0,5,summer,agra,44.3,27.2,0.0,20,39.2,26.4,0.0,40.0
2024-05-19,Shahdara APMC,442.95,1600.0,5,summer,agra,45.4,27.8,0.0,16,41.0,26.3,0.0,35.0
2024-05-24,Shahdara APMC,437.3,1400.0,5,summer,agra,40.8,30.7,0.0,35,45.0,27.6,0.0,18.0
2024-05-25,Shahdara APMC,79.15,1400.0,5,summer,agra,44.8,30.8,0.0,27,45.2,28.3,0.0,17.0
2024-05-26,Shahdara APMC,551.6,1400.0,5,summer,agra,46.3,29.3,0.0,18,44.5,28.7,0.0,18.0
2024-05-27,Shahdara APMC,455.85,1400.0,5,summer,agra,46.0,29.9,0.0,20,43.1,28.2,0.0,30.0
2024-05-28,Shahdara APMC,353.15,1400.0,5,summer,agra,46.4,28.6,0.0,16,42.3,30.1,0.0,37.0
2024-05-29,Shahdara APMC,501.4,1500.0,5,summer,agra,46.0,31.1,0.0,18,42.0,30.5,0.1,37.0
2024-05-30,Shahdara APMC,461.15,1600.0,5,summer,agra,46.3,32.6,0.0,16,41.1,30.2,0.0,40.0
2024-05-31,Shahdara APMC,346.45,1500.0,5,summer,agra,46.1,28.2,0.0,14,43.6,30.1,0.0,32.0
2024-06-01,Shahdara APMC,479.5,1600.0,6,monsoon,solan,44.5,30.4,0.0,17,34.2,16.3,0.0,30.0
2024-06-02,Shahdara APMC,333.7,1600.0,6,monsoon,solan,41.9,30.6,0.0,25,33.7,16.9,0.0,26.0
2024-06-03,Shahdara APMC,342.5,1600.0,6,monsoon,solan,44.7,29.6,0.0,24,34.3,17.5,0.0,22.0
2024-06-04,Shahdara APMC,451.85,1600.0,6,monsoon,solan,43.5,30.8,0.0,18,36.5,16.9,0.0,17.0
2024-06-05,Shahdara APMC,439.3,1600.0,6,monsoon,solan,41.9,31.0,0.0,23,35.6,20.0,0.0,16.0
2024-06-06,Shahdara APMC,424.95,1600.0,6,monsoon,solan,41.0,27.6,0.0,31,35.0,18.0,0.0,17.0
2024-06-07,Shahdara APMC,519.35,1600.0,6,monsoon,solan,42.4,28.5,0.0,31,35.1,18.2,0.0,17.0
2024-06-08,Shahdara APMC,397.1,1600.0,6,monsoon,solan,40.1,27.9,0.0,28,32.0,17.7,0.2,30.0
2024-06-09,Shahdara APMC,473.8,1600.0,6,monsoon,solan,42.5,27.7,0.0,23,33.1,17.3,0.0,26.0
2024-06-10,Shahdara APMC,591.3,1500.0,6,monsoon,solan,43.2,28.1,0.0,18,32.1,19.8,0.9,26.0
2024-06-11,Shahdara APMC,460.15,1500.0,6,monsoon,solan,43.5,28.9,0.0,19,32.6,18.3,1.3,38.0
2024-06-17,Shahdara APMC,167.4,1800.0,6,monsoon,solan,44.4,33.8,0.0,24,33.3,19.2,0.0,22.0
2024-06-18,Shahdara APMC,261.85,1800.0,6,monsoon,solan,44.4,34.1,0.0,24,34.6,17.5,0.0,21.0
2024-06-19,Shahdara APMC,496.85,1800.0,6,monsoon,solan,41.1,34.4,1.4,35,35.4,21.5,0.0,22.0
2024-06-20,Shahdara APMC,428.2,1900.0,6,monsoon,solan,38.8,25.6,2.4,46,34.4,21.4,0.0,24.0
2024-06-21,Shahdara APMC,351.6,1900.0,6,monsoon,solan,38.0,25.3,1.5,54,33.8,22.0,0.0,26.0
2024-06-22,Shahdara APMC,516.3,1900.0,6,monsoon,solan,38.1,29.6,0.0,54,34.6,22.9,0.0,29.0
2024-06-23,Shahdara APMC,477.35,1900.0,6,monsoon,solan,39.2,30.0,0.0,52,34.7,24.1,0.0,28.0
2024-06-24,Shahdara APMC,596.05,1800.0,6,monsoon,solan,39.2,30.9,0.7,55,34.9,24.3,0.0,31.0
2024-06-26,Shahdara APMC,416.95,1800.0,6,monsoon,solan,33.9,27.3,11.3,75,30.6,19.5,2.4,53.0
2024-06-28,Shahdara APMC,326.2,1800.0,6,monsoon,solan,30.9,25.9,14.3,86,28.7,18.9,0.7,64.0
2024-06-29,Shahdara APMC,343.7,1800.0,6,monsoon,solan,32.6,26.6,7.9,82,29.1,20.5,3.9,69.0
2024-06-30,Shahdara APMC,468.55,1800.0,6,monsoon,solan,34.7,26.6,12.7,78,28.4,20.8,13.4,73.0
2024-07-02,Shahdara APMC,562.4,2000.0,7,monsoon,solan,33.6,26.3,15.6,84,28.2,20.6,11.4,82.0
2024-07-04,Shahdara APMC,439.8,2200.0,7,monsoon,solan,31.7,25.6,7.2,84,27.2,19.9,9.1,82.0
2024-07-05,Shahdara APMC,430.45,2200.0,7,monsoon,solan,30.1,26.3,1.0,86,27.0,19.2,9.6,86.0
2024-07-06,Shahdara APMC,444.65,2400.0,7,monsoon,solan,32.7,26.0,0.8,83,27.1,20.3,4.4,83.0
2024-07-07,Shahdara APMC,592.6,2400.0,7,monsoon,solan,33.4,25.7,0.2,78,26.1,19.5,2.9,88.0
2024-07-08,Shahdara APMC,590.35,2400.0,7,monsoon,solan,33.0,25.2,0.1,78,26.9,21.0,7.1,89.0
2024-07-09,Shahdara APMC,482.45,2400.0,7,monsoon,solan,32.6,26.1,11.7,82,26.5,20.3,12.7,89.0
2024-07-10,Shahdara APMC,557.85,2400.0,7,monsoon,solan,34.1,26.7,9.3,81,25.9,20.0,7.3,89.0
2024-07-11,Shahdara APMC,468.6,2400.0,7,monsoon,solan,36.4,27.2,1.3,78,26.1,19.9,6.4,89.0
2024-07-12,Shahdara APMC,379.1,2400.0,7,monsoon,solan,35.4,26.6,0.8,76,26.2,18.8,3.6,88.0
2024-07-15,Shahdara APMC,386.6,2400.0,7,monsoon,solan,33.1,25.1,2.6,78,26.9,18.4,2.0,87.0
2024-07-17,Shahdara APMC,361.45,2400.0,7,monsoon,solan,34.5,28.1,0.0,78,27.3,20.3,0.9,83.0
2024-07-18,Shahdara APMC,469.45,2400.0,7,monsoon,solan,34.6,27.6,3.4,78,28.3,18.6,0.6,80.0
2024-07-19,Shahdara APMC,524.5,2400.0,7,monsoon,solan,34.5,27.6,0.7,79,26.5,18.5,0.5,82.0
2024-07-20,Shahdara APMC,347.25,2400.0,7,monsoon,solan,35.1,27.1,0.2,77,26.7,18.1,3.3,81.0
2024-07-21,Shahdara APMC,544.35,2400.0,7,monsoon,solan,34.9,27.3,1.7,79,27.5,18.6,3.8,83.0
2024-07-22,Shahdara APMC,389.2,2400.0,7,monsoon,solan,34.7,27.7,5.9,79,27.0,20.2,6.0,84.0
2024-07-23,Shahdara APMC,437.4,2300.0,7,monsoon,solan,34.8,27.1,5.2,81,27.0,20.4,3.3,88.0
2024-07-24,Shahdara APMC,419.4,2400.0,7,monsoon,solan,33.6,26.6,8.0,82,26.6,19.7,2.5,87.0
2024-07-26,Shahdara APMC,481.64,2100.0,7,monsoon,solan,33.3,27.7,10.2,81,27.3,19.8,1.7,85.0
2024-07-27,Shahdara APMC,520.3,2100.0,7,monsoon,solan,34.3,28.2,2.3,79,26.6,20.2,8.3,88.0
2024-07-28,Shahdara APMC,464.6,2100.0,7,monsoon,solan,35.4,29.0,4.0,76,25.8,20.0,13.8,90.0
2024-07-29,Shahdara APMC,471.5,2400.0,7,monsoon,solan,36.4,28.4,0.1,70,26.8,20.6,7.2,88.0
2024-07-30,Shahdara APMC,509.1,2000.0,7,monsoon,solan,37.4,29.3,0.0,67,26.4,19.4,3.1,89.0
2024-07-31,Shahdara APMC,521.55,1800.0,7,monsoon,solan,37.4,27.0,97.6,77,26.8,20.7,5.2,91.0
2024-08-01,Shahdara APMC,400.05,1900.0,8,monsoon,solan,31.4,25.8,31.0,84,27.2,20.3,5.8,89.0
2024-08-02,Shahdara APMC,340.3,1900.0,8,monsoon,solan,32.2,25.7,3.3,84,26.6,20.2,3.0,86.0
2024-08-03,Shahdara APMC,412.1,2200.0,8,monsoon,solan,32.3,26.2,1.4,83,28.9,21.7,1.8,79.0
2024-08-04,Shahdara APMC,534.65,2200.0,8,monsoon,solan,33.7,26.8,0.1,76,27.7,21.3,9.0,85.0
2024-08-05,Shahdara APMC,626.45,2000.0,8,monsoon,solan,32.7,26.6,0.8,78,28.0,21.8,6.5,89.0
2024-08-07,Shahdara APMC,551.65,2000.0,8,monsoon,solan,30.0,25.8,14.9,86,26.1,20.6,47.2,87.0
2024-08-08,Shahdara APMC,591.45,2000.0,8,monsoon,solan,31.7,25.8,9.6,86,26.2,19.3,30.8,88.0
2024-08-10,Shahdara APMC,599.2,2000.0,8,monsoon,solan,31.3,25.1,12.4,86,25.6,20.7,4.3,84.0
2024-08-11,Shahdara APMC,510.65,2000.0,8,monsoon,solan,31.4,25.7,17.2,88,26.0,19.5,18.6,89.0
2024-08-12,Shahdara APMC,399.15,2000.0,8,monsoon,solan,29.9,25.8,11.7,90,24.7,20.5,11.0,92.0
2024-08-13,Shahdara APMC,575.55,2000.0,8,monsoon,solan,30.5,25.5,7.0,89,24.8,19.6,10.4,90.0
2024-08-15,Shahdara APMC,180.1,2000.0,8,monsoon,solan,32.3,26.3,11.7,86,25.6,19.1,5.2,88.0
2024-08-16,Shahdara APMC,801.4,2000.0,8,monsoon,solan,32.4,25.7,10.6,87,24.7,18.4,5.3,92.0
2024-08-17,Shahdara APMC,571.3,2000.0,8,monsoon,solan,31.9,25.9,8.2,85,25.4,18.5,8.8,89.0
2024-08-18,Shahdara APMC,517.6,2000.0,8,monsoon,solan,32.8,26.3,4.5,84,26.1,18.5,13.0,90.0
2024-08-19,Shahdara APMC,285.25,2000.0,8,monsoon,solan,33.0,26.6,1.3,82,25.3,19.6,20.8,91.0
2024-08-20,Shahdara APMC,273.9,2000.0,8,monsoon,solan,31.6,26.4,6.5,86,25.4,19.9,15.8,92.0
2024-08-21,Shahdara APMC,296.45,2000.0,8,monsoon,solan,32.0,25.4,1.5,84,25.3,19.7,11.3,91.0
2024-08-22,Shahdara APMC,542.8,2000.0,8,monsoon,solan,32.7,24.8,6.2,85,26.9,18.9,4.6,88.0
2024-08-23,Shahdara APMC,583.22,2000.0,8,monsoon,solan,31.2,24.8,0.4,86,26.1,19.3,6.2,89.0
2024-08-26,Shahdara APMC,533.25,2000.0,8,monsoon,solan,32.1,26.2,4.5,83,25.3,18.7,3.2,88.0
2024-08-27,Shahdara APMC,545.97,1900.0,8,monsoon,solan,31.4,24.5,12.8,85,25.0,17.8,2.0,88.0
2024-08-28,Shahdara APMC,496.65,1900.0,8,monsoon,solan,30.5,24.4,8.5,86,26.0,17.6,0.3,84.0
2024-08-29,Shahdara APMC,509.75,2200.0,8,monsoon,solan,31.1,24.6,28.6,86,25.0,17.9,3.1,89.0
2024-08-30,Shahdara APMC,435.15,2000.0,8,monsoon,solan,31.4,25.2,7.2,87,25.8,18.8,7.7,87.0
2024-08-31,Shahdara APMC,717.8,2000.0,8,monsoon,solan,33.4,26.0,0.0,80,25.3,19.2,4.7,85.0
2024-09-01,Shahdara APMC,668.95,2000.0,9,monsoon,agra,33.7,26.0,0.0,77,31.5,25.7,5.8,83.0
2024-09-02,Shahdara APMC,377.1,2200.0,9,monsoon,agra,31.6,25.2,7.0,84,29.7,24.6,6.3,87.0
2024-09-03,Shahdara APMC,317.5,2200.0,9,monsoon,agra,31.8,25.5,18.5,86,30.9,24.6,7.7,87.0
2024-09-05,Shahdara APMC,461.45,2000.0,9,monsoon,agra,31.7,25.0,2.9,84,32.1,25.0,3.7,83.0
2024-09-07,Shahdara APMC,430.98,2000.0,9,monsoon,agra,30.3,24.3,27.0,87,33.3,26.5,4.7,81.0
2024-09-08,Shahdara APMC,558.15,2000.0,9,monsoon,agra,31.4,24.6,9.9,87,32.3,25.9,2.0,82.0
2024-09-09,Shahdara APMC,376.9,2000.0,9,monsoon,agra,32.8,25.6,3.1,81,32.6,26.3,5.7,84.0
2024-09-10,Shahdara APMC,404.7,2000.0,9,monsoon,agra,30.5,24.9,10.4,89,31.9,24.9,6.4,86.0
2024-09-11,Shahdara APMC,534.85,2200.0,9,monsoon,agra,31.6,25.4,27.7,89,30.4,26.0,5.1,87.0
2024-09-12,Shahdara APMC,349.85,2200.0,9,monsoon,agra,27.5,24.1,100.9,89,31.1,24.6,23.6,89.0
2024-09-16,Shahdara APMC,770.6,2000.0,9,monsoon,agra,32.4,23.7,0.0,74,32.7,25.7,1.5,86.0
2024-09-17,Shahdara APMC,712.25,2000.0,9,monsoon,agra,31.7,23.7,0.0,76,28.8,25.0,75.8,93.0
2024-09-18,Shahdara APMC,623.55,2200.0,9,monsoon,agra,28.1,23.1,48.4,86,26.0,24.4,156.3,94.0
2024-09-19,Shahdara APMC,567.65,2200.0,9,monsoon,agra,29.8,23.0,3.3,85,30.3,23.5,6.3,87.0
2024-09-20,Shahdara APMC,518.2,1800.0,9,monsoon,agra,31.4,24.2,0.1,81,31.3,23.4,0.0,82.0
2024-09-21,Shahdara APMC,620.45,2100.0,9,monsoon,agra,31.8,25.0,0.3,79,31.9,23.6,0.0,76.0
2024-09-22,Shahdara APMC,662.45,2200.0,9,monsoon,agra,33.2,25.7,0.0,78,32.2,23.7,0.0,71.0
2024-09-23,Shahdara APMC,496.3,2000.0,9,monsoon,agra,33.5,25.2,0.0,79,31.9,25.0,0.2,75.0
2024-09-26,Shahdara APMC,382.6,2200.0,9,monsoon,agra,31.4,25.3,0.4,82,30.4,22.3,0.1,83.0
2024-09-27,Shahdara APMC,577.0,2200.0,9,monsoon,agra,31.0,25.0,1.3,81,32.2,25.0,0.0,79.0
2024-09-28,Shahdara APMC,638.5,2200.0,9,monsoon,agra,30.6,23.1,0.0,81,33.2,25.4,0.0,77.0
2024-09-29,Shahdara APMC,506.65,2200.0,9,monsoon,agra,30.8,22.9,0.2,83,34.3,27.0,0.0,75.0
2024-09-30,Shahdara APMC,548.25,2200.0,9,monsoon,agra,33.0,23.6,0.0,78,33.8,25.3,0.0,77.0
2024-10-01,Shahdara APMC,552.35,2100.0,10,post_monsoon,agra,33.6,23.9,0.0,77,33.0,26.9,2.3,80.0
2024-10-02,Shahdara APMC,156.7,2200.0,10,post_monsoon,agra,35.2,24.8,0.0,73,31.5,25.5,0.7,79.0
2024-10-03,Shahdara APMC,853.65,2200.0,10,post_monsoon,agra,34.4,24.3,0.0,67,30.2,24.8,1.3,82.0
2024-10-05,Shahdara APMC,895.25,2200.0,10,post_monsoon,agra,34.1,24.1,0.0,67,30.4,24.1,0.9,84.0
2024-10-06,Shahdara APMC,983.85,2200.0,10,post_monsoon,agra,34.2,23.6,0.0,65,32.3,24.0,0.0,79.0
2024-10-07,Shahdara APMC,571.0,2300.0,10,post_monsoon,agra,32.9,22.3,0.0,68,33.8,24.4,0.0,76.0
2024-10-08,Shahdara APMC,559.75,2200.0,10,post_monsoon,agra,33.2,22.2,0.0,68,35.1,25.2,0.0,70.0
2024-10-09,Shahdara APMC,638.95,2300.0,10,post_monsoon,agra,32.9,20.9,0.0,64,35.0,24.3,0.0,66.0
2024-10-11,Shahdara APMC,636.5,2200.0,10,post_monsoon,agra,32.5,19.3,0.0,52,33.4,23.9,0.0,68.0
2024-10-12,Shahdara APMC,524.3,2200.0,10,post_monsoon,agra,32.8,19.3,0.0,56,33.7,22.9,0.0,69.0
2024-10-13,Shahdara APMC,449.8,2200.0,10,post_monsoon,agra,32.8,19.9,0.0,53,33.0,23.0,0.0,72.0
2024-10-14,Shahdara APMC,482.5,3000.0,10,post_monsoon,agra,32.4,21.0,0.0,54,32.8,21.9,0.0,73.0
2024-10-15,Shahdara APMC,525.85,2200.0,10,post_monsoon,agra,32.7,19.3,0.0,55,33.0,22.2,0.0,67.0
2024-10-17,Shahdara APMC,596.4,2200.0,10,post_monsoon,agra,33.7,21.1,0.0,59,32.2,21.5,0.0,65.0
2024-10-18,Shahdara APMC,633.05,2200.0,10,post_monsoon,agra,34.1,20.9,0.0,60,32.0,22.1,0.0,64.0
2024-10-19,Shahdara APMC,596.7,2300.0,10,post_monsoon,agra,34.4,21.8,0.0,60,32.2,23.4,0.0,67.0
2024-10-20,Shahdara APMC,601.1,2300.0,10,post_monsoon,agra,33.6,21.3,0.0,64,31.6,23.1,0.0,65.0
2024-10-21,Shahdara APMC,382.5,2300.0,10,post_monsoon,agra,32.8,21.1,0.0,66,31.8,20.2,0.0,61.0
2024-10-23,Shahdara APMC,648.9,1800.0,10,post_monsoon,agra,32.8,20.5,0.0,61,33.2,21.4,0.0,63.0
2024-10-24,Shahdara APMC,487.25,2200.0,10,post_monsoon,agra,33.1,20.2,0.0,59,33.3,21.2,0.0,64.0
2024-10-25,Shahdara APMC,651.6,2200.0,10,post_monsoon,agra,32.7,19.0,0.0,59,34.1,20.6,0.0,61.0
2024-10-26,Shahdara APMC,554.41,2200.0,10,post_monsoon,agra,32.0,19.3,0.0,62,33.7,21.2,0.0,57.0
2024-10-27,Shahdara APMC,643.35,2200.0,10,post_monsoon,agra,31.6,20.5,0.0,70,32.7,21.2,0.0,64.0
2024-10-28,Shahdara APMC,640.4,2000.0,10,post_monsoon,agra,31.9,21.3,0.0,68,32.3,20.6,0.0,67.0
2024-10-31,Shahdara APMC,417.15,2000.0,10,post_monsoon,agra,33.3,21.1,0.0,61,31.3,20.5,0.0,67.0
2024-11-01,Shahdara APMC,139.95,2000.0,11,post_monsoon,agra,32.7,19.4,0.0,52,31.5,19.3,0.0,69.0
2024-11-02,Shahdara APMC,310.75,2200.0,11,post_monsoon,agra,32.0,17.9,0.0,55,31.1,19.9,0.0,73.0
2024-11-03,Shahdara APMC,363.65,2200.0,11,post_monsoon,agra,31.7,18.5,0.0,56,31.3,20.3,0.0,73.0
2024-11-04,Shahdara APMC,397.5,2200.0,11,post_monsoon,agra,30.7,17.4,0.0,64,32.5,21.0,0.0,72.0
2024-11-07,Shahdara APMC,574.9,2200.0,11,post_monsoon,agra,30.2,19.5,0.0,66,32.1,19.2,0.0,60.0
2024-11-08,Shahdara APMC,505.3,2000.0,11,post_monsoon,agra,30.6,19.5,0.0,65,32.3,18.6,0.0,60.0
2024-11-09,Shahdara APMC,729.6,2000.0,11,post_monsoon,agra,31.0,20.0,0.0,65,31.6,19.0,0.0,62.0
2024-11-10,Shahdara APMC,525.3,2000.0,11,post_monsoon,agra,30.6,19.5,0.0,70,29.9,17.1,0.0,64.0
2024-11-11,Shahdara APMC,660.35,2200.0,11,post_monsoon,agra,29.9,19.3,0.0,73,29.5,17.8,0.0,67.0
2024-11-12,Shahdara APMC,457.45,1800.0,11,post_monsoon,agra,31.5,19.7,0.0,60,29.9,17.8,0.0,64.0
2024-11-13,Shahdara APMC,576.55,2200.0,11,post_monsoon,agra,30.1,18.7,0.0,58,29.7,18.7,0.0,69.0
2024-11-15,Shahdara APMC,659.65,2000.0,11,post_monsoon,agra,29.1,18.3,0.0,53,30.3,18.5,0.0,71.0
2024-11-16,Shahdara APMC,646.15,2200.0,11,post_monsoon,agra,28.8,17.4,0.0,58,31.2,18.8,0.0,69.0
2024-11-17,Shahdara APMC,706.4,2200.0,11,post_monsoon,agra,28.4,17.6,0.0,60,30.5,18.9,0.0,71.0
2024-11-18,Shahdara APMC,531.65,2200.0,11,post_monsoon,agra,26.4,15.6,0.0,61,30.9,18.0,0.0,67.0
2024-11-19,Shahdara APMC,609.3,2000.0,11,post_monsoon,agra,25.9,13.7,0.0,54,30.4,18.9,0.0,57.0
2024-11-20,Shahdara APMC,609.95,2000.0,11,post_monsoon,agra,26.0,13.2,0.0,52,29.5,18.2,0.0,67.0
2024-11-21,Shahdara APMC,482.85,2000.0,11,post_monsoon,agra,25.8,13.1,0.0,53,29.6,17.6,0.0,62.0
2024-11-22,Shahdara APMC,789.0,2100.0,11,post_monsoon,agra,26.3,13.7,0.0,56,29.1,17.3,0.0,58.0
2024-11-23,Shahdara APMC,574.85,2100.0,11,post_monsoon,agra,27.5,14.2,0.0,54,29.5,17.3,0.0,58.0
2024-11-24,Shahdara APMC,709.35,2100.0,11,post_monsoon,agra,27.7,15.7,0.0,50,26.2,17.0,0.0,66.0
2024-11-25,Shahdara APMC,563.62,2200.0,11,post_monsoon,agra,25.9,14.9,0.0,59,25.8,14.4,0.0,58.0
2024-11-26,Shahdara APMC,521.2,2200.0,11,post_monsoon,agra,25.6,13.6,0.0,57,25.3,13.0,0.0,57.0
2024-11-27,Shahdara APMC,557.5,2300.0,11,post_monsoon,agra,25.9,13.2,0.0,52,25.3,13.0,0.0,59.0
2024-11-29,Shahdara APMC,553.5,2200.0,11,post_monsoon,agra,24.4,12.2,0.0,63,26.3,13.6,0.0,62.0
2024-11-30,Shahdara APMC,733.5,2200.0,11,post_monsoon,agra,24.8,12.2,0.0,63,27.2,14.5,0.0,58.0
2024-12-01,Shahdara APMC,541.4,2200.0,12,winter,agra,24.8,14.0,0.0,63,26.6,15.0,0.0,58.0
2024-12-02,Shahdara APMC,625.9,2200.0,12,winter,agra,25.7,13.4,0.0,61,25.7,13.5,0.0,61.0
2024-12-03,Shahdara APMC,782.65,2200.0,12,winter,agra,26.4,13.3,0.0,58,26.0,13.2,0.0,64.0
2024-12-04,Shahdara APMC,593.6,2200.0,12,winter,agra,25.6,15.1,0.0,50,24.5,12.4,0.0,67.0
2024-12-05,Shahdara APMC,868.65,2200.0,12,winter,agra,23.6,11.6,0.0,46,23.9,12.1,0.0,69.0
2024-12-06,Shahdara APMC,828.75,2200.0,12,winter,agra,23.6,11.1,0.0,48,24.1,12.0,0.0,69.0
2024-12-10,Shahdara APMC,566.7,2200.0,12,winter,agra,20.2,9.5,0.0,54,25.4,14.0,0.0,65.0
2024-12-11,Shahdara APMC,818.25,2200.0,12,winter,agra,20.3,8.1,0.0,48,24.1,12.6,0.0,56.0
2024-12-12,Shahdara APMC,732.75,2200.0,12,winter,agra,20.6,7.2,0.0,53,24.3,10.9,0.0,59.0
2024-12-13,Shahdara APMC,383.5,2400.0,12,winter,agra,20.5,9.1,0.0,48,23.8,11.1,0.0,61.0
2024-12-14,Shahdara APMC,685.15,1900.0,12,winter,agra,20.7,8.5,0.0,45,22.8,11.1,0.1,59.0
2024-12-15,Shahdara APMC,688.9,1900.0,12,winter,agra,20.7,7.0,0.0,54,20.7,11.1,0.1,67.0
2024-12-16,Shahdara APMC,546.5,2000.0,12,winter,agra,20.9,6.6,0.0,70,20.4,10.1,0.0,61.0
2024-12-17,Shahdara APMC,695.0,2200.0,12,winter,agra,20.4,7.3,0.0,75,20.1,7.9,0.0,55.0
2024-12-19,Shahdara APMC,500.7,1900.0,12,winter,agra,21.1,7.7,0.0,63,20.2,9.1,0.0,54.0
2024-12-20,Shahdara APMC,931.1,2000.0,12,winter,agra,23.0,9.9,0.0,65,20.3,8.2,0.0,51.0
2024-12-21,Shahdara APMC,592.5,1800.0,12,winter,agra,22.1,8.7,0.0,66,20.5,7.2,0.0,62.0
2024-12-22,Shahdara APMC,574.2,1800.0,12,winter,agra,22.6,9.9,0.0,61,20.0,6.7,0.0,71.0
2024-12-23,Shahdara APMC,835.3,1500.0,12,winter,agra,18.2,11.3,0.6,68,20.7,6.7,0.0,77.0
2024-12-25,Shahdara APMC,490.25,1600.0,12,winter,agra,20.6,10.1,0.0,78,21.3,7.6,0.0,74.0
2024-12-26,Shahdara APMC,743.05,1600.0,12,winter,agra,22.5,9.7,0.0,70,22.4,10.3,0.0,72.0
2024-12-27,Shahdara APMC,684.05,1600.0,12,winter,agra,16.8,14.1,31.9,85,22.8,9.2,0.0,70.0
2024-12-28,Shahdara APMC,260.35,1600.0,12,winter,agra,18.2,12.1,2.9,89,22.0,8.7,0.0,68.0
2024-12-29,Shahdara APMC,433.3,1600.0,12,winter,agra,18.4,10.7,0.0,86,19.5,11.5,1.3,65.0
2024-12-30,Shahdara APMC,690.3,1800.0,12,winter,agra,18.3,9.5,0.0,87,18.9,13.1,1.9,82.0
2025-01-03,Shahdara APMC,580.25,1600.0,1,winter,agra,19.5,8.2,0.0,89,19.8,14.3,9.2,90.0
2025-01-04,Shahdara APMC,507.1,1600.0,1,winter,agra,20.9,8.0,0.0,90,19.4,11.9,0.0,86.0
2025-01-05,Shahdara APMC,757.6,1600.0,1,winter,agra,18.2,8.9,0.0,89,18.5,9.1,0.0,88.0
2025-01-06,Shahdara APMC,897.5,1500.0,1,winter,agra,18.1,9.3,4.3,89,16.5,7.9,0.0,88.0
2025-01-08,Shahdara APMC,384.05,2400.0,1,winter,agra,18.4,8.5,0.0,76,19.9,8.2,0.0,84.0
2025-01-10,Shahdara APMC,789.95,1400.0,1,winter,agra,17.8,8.0,0.0,86,20.5,8.9,0.0,91.0
2025-01-11,Shahdara APMC,700.45,1400.0,1,winter,agra,16.8,7.6,7.6,88,19.2,7.9,0.0,92.0
2025-01-12,Shahdara APMC,577.75,1400.0,1,winter,agra,18.2,10.0,0.7,87,17.3,8.3,0.0,91.0
2025-01-13,Shahdara APMC,597.9,1700.0,1,winter,agra,19.2,8.0,0.0,86,17.5,9.7,0.0,88.0
2025-01-14,Shahdara APMC,681.4,1300.0,1,winter,agra,18.4,7.8,0.0,84,18.8,7.9,0.0,81.0
2025-01-15,Shahdara APMC,802.75,1200.0,1,winter,agra,18.4,8.7,2.9,87,19.4,7.1,0.0,79.0
2025-01-17,Shahdara APMC,507.3,1100.0,1,winter,agra,19.0,8.7,0.0,81,19.5,8.6,6.1,86.0
2025-01-18,Shahdara APMC,433.6,1100.0,1,winter,agra,17.8,7.6,0.0,88,19.9,12.2,3.5,85.0
2025-01-19,Shahdara APMC,959.4,1100.0,1,winter,agra,21.2,8.7,0.0,86,19.0,10.2,0.0,86.0
2025-01-20,Shahdara APMC,697.55,1000.0,1,winter,agra,22.0,11.2,0.0,83,18.8,9.2,0.0,87.0
2025-01-21,Shahdara APMC,801.9,900.0,1,winter,agra,21.9,10.4,0.0,80,19.2,7.6,0.8,88.0
2025-01-23,Shahdara APMC,698.05,900.0,1,winter,agra,22.1,11.6,0.8,71,19.3,9.5,0.0,85.0
2025-01-24,Shahdara APMC,579.6,900.0,1,winter,agra,21.0,10.2,0.0,68,18.8,7.3,0.0,87.0
2025-01-25,Shahdara APMC,493.9,900.0,1,winter,agra,20.8,9.0,0.0,65,22.4,7.6,0.0,88.0
2025-01-26,Shahdara APMC,151.1,900.0,1,winter,agra,21.2,7.9,0.0,65,23.4,12.9,0.0,88.0
2025-01-27,Shahdara APMC,738.3,900.0,1,winter,agra,21.5,7.3,0.0,65,23.2,12.9,0.0,79.0
2025-01-28,Shahdara APMC,601.5,900.0,1,winter,agra,22.7,7.8,0.0,60,23.5,11.4,0.0,75.0
2025-01-29,Shahdara APMC,675.55,900.0,1,winter,agra,24.5,9.6,0.0,62,19.8,13.6,3.5,79.0
2025-02-03,Shahdara APMC,693.05,900.0,2,winter,agra,22.8,10.5,1.0,67,21.8,7.8,0.0,70.0
2025-02-05,Shahdara APMC,126.2,900.0,2,winter,agra,21.3,11.8,0.4,71,24.4,10.7,0.0,73.0
2025-02-07,Shahdara APMC,564.6,1000.0,2,winter,agra,20.9,10.4,0.0,55,25.6,13.0,0.0,70.0
2025-02-08,Shahdara APMC,480.5,900.0,2,winter,agra,23.2,10.8,0.0,55,24.9,13.1,0.0,72.0
2025-02-09,Shahdara APMC,564.5,900.0,2,winter,agra,25.2,10.2,0.0,60,24.3,12.2,0.0,66.0
2025-02-10,Shahdara APMC,667.6,800.0,2,winter,agra,27.4,11.4,0.0,60,25.1,14.4,3.7,73.0
2025-02-12,Shahdara APMC,744.25,900.0,2,winter,agra,25.3,13.6,0.0,52,21.8,9.9,0.0,52.0
2025-02-13,Shahdara APMC,496.1,800.0,2,winter,agra,23.5,13.5,0.0,48,21.6,10.0,0.0,55.0
2025-02-14,Shahdara APMC,445.45,800.0,2,winter,agra,24.7,12.3,0.0,43,23.7,10.2,0.0,54.0
2025-02-15,Shahdara APMC,536.85,800.0,2,winter,agra,25.3,13.0,0.0,49,25.6,10.4,0.0,57.0
2025-02-16,Shahdara APMC,682.55,800.0,2,winter,agra,27.2,13.2,0.0,53,27.6,11.4,0.0,58.0
2025-02-17,Shahdara APMC,666.25,800.0,2,winter,agra,28.8,15.5,0.0,54,29.0,12.8,0.0,57.0
2025-02-18,Shahdara APMC,455.55,800.0,2,winter,agra,26.4,16.3,0.0,55,26.5,13.5,0.0,54.0
2025-02-20,Shahdara APMC,647.65,700.0,2,winter,agra,24.0,15.1,5.0,69,27.0,12.5,0.0,40.0
2025-02-21,Shahdara APMC,541.95,700.0,2,winter,agra,24.7,13.6,0.3,73,28.2,13.1,0.0,53.0
2025-02-22,Shahdara APMC,668.8,900.0,2,winter,agra,23.6,13.4,0.0,69,27.6,14.3,0.0,50.0
2025-02-23,Shahdara APMC,530.7,900.0,2,winter,agra,24.9,13.0,0.0,65,28.3,15.8,0.0,52.0
2025-02-24,Shahdara APMC,532.95,900.0,2,winter,agra,26.6,13.0,0.0,60,25.2,15.2,0.0,64.0
2025-02-26,Shahdara APMC,385.6,900.0,2,winter,agra,30.8,18.4,0.0,50,27.1,16.6,1.1,62.0
2025-02-27,Shahdara APMC,442.05,900.0,2,winter,agra,23.1,18.8,2.8,70,27.6,15.3,0.0,64.0
2025-02-28,Shahdara APMC,596.95,900.0,2,winter,agra,23.3,17.9,10.1,74,26.6,14.2,0.0,61.0
2025-03-04,Shahdara APMC,580.45,900.0,3,summer,agra,24.6,15.1,0.0,60,30.3,16.2,0.0,53.0
2025-03-05,Shahdara APMC,913.55,800.0,3,summer,agra,22.8,12.5,0.0,46,28.8,18.3,0.0,55.0
2025-03-06,Shahdara APMC,631.6,800.0,3,summer,agra,26.7,12.6,0.0,41,29.8,19.8,0.6,62.0
2025-03-07,Shahdara APMC,426.7,800.0,3,summer,agra,28.6,12.4,0.0,44,28.1,17.3,0.4,69.0
2025-03-08,Shahdara APMC,549.65,900.0,3,summer,agra,30.2,14.4,0.0,43,28.8,17.2,0.0,56.0
2025-03-09,Shahdara APMC,773.9,900.0,3,summer,agra,32.6,17.1,0.0,42,28.3,15.3,0.0,46.0
2025-03-10,Shahdara APMC,585.2,800.0,3,summer,agra,32.4,19.6,0.0,43,27.7,18.9,0.0,42.0
2025-03-11,Shahdara APMC,622.65,1000.0,3,summer,agra,34.5,20.3,0.0,46,24.3,13.9,0.0,40.0
2025-03-12,Shahdara APMC,695.2,1200.0,3,summer,agra,32.9,19.5,0.0,50,27.8,13.2,0.0,33.0
2025-03-14,Shahdara APMC,138.5,1200.0,3,summer,agra,34.1,19.6,0.0,48,30.9,16.3,0.0,37.0
2025-03-15,Shahdara APMC,354.95,1200.0,3,summer,agra,31.2,19.1,0.3,52,32.1,17.5,0.0,39.0
2025-03-16,Shahdara APMC,498.4,1200.0,3,summer,agra,29.9,18.2,0.0,49,32.8,18.8,0.0,39.0
2025-03-17,Shahdara APMC,582.35,1200.0,3,summer,agra,28.4,17.1,0.0,45,34.6,18.8,0.0,41.0
2025-03-19,Shahdara APMC,812.65,1300.0,3,summer,agra,32.1,17.9,0.0,39,33.9,21.6,0.5,47.0
2025-03-20,Shahdara APMC,670.3,1200.0,3,summer,agra,32.8,18.8,0.0,34,34.5,19.7,0.0,47.0
2025-03-21,Shahdara APMC,364.65,1200.0,3,summer,agra,32.0,18.9,0.0,33,34.2,21.1,0.0,41.0
2025-03-22,Shahdara APMC,405.45,1200.0,3,summer,agra,31.4,18.0,0.0,33,31.6,20.0,0.0,46.0
2025-03-23,Shahdara APMC,423.82,1300.0,3,summer,agra,32.9,19.0,0.0,34,30.3,18.9,0.0,40.0
2025-03-24,Shahdara APMC,486.15,1100.0,3,summer,agra,34.3,20.0,0.0,32,30.0,17.1,0.0,43.0
2025-03-31,Shahdara APMC,421.15,1400.0,3,summer,agra,34.2,17.5,0.0,21,36.1,19.9,0.0,28.0
2025-04-01,Shahdara APMC,609.15,1500.0,4,summer,agra,33.8,19.1,0.0,19,38.5,21.5,0.0,25.0
2025-04-03,Shahdara APMC,854.8,1500.0,4,summer,agra,37.9,20.5,0.0,18,33.5,23.0,0.0,21.0
2025-04-04,Shahdara APMC,879.6,1200.0,4,summer,agra,37.2,22.3,0.0,17,31.4,17.3,0.0,18.0
2025-04-05,Shahdara APMC,839.65,1300.0,4,summer,agra,35.5,21.8,0.0,22,33.3,18.3,0.0,20.0
2025-04-06,Shahdara APMC,490.3,1300.0,4,summer,agra,38.3,21.8,0.0,22,34.7,17.8,0.0,21.0
2025-04-07,Shahdara APMC,480.85,1200.0,4,summer,agra,40.3,24.4,0.0,23,34.8,19.3,0.0,18.0
2025-04-08,Shahdara APMC,377.95,900.0,4,summer,agra,40.2,25.7,0.0,23,36.1,20.3,0.0,17.0
2025-04-10,Shahdara APMC,472.35,1000.0,4,summer,agra,38.9,27.1,0.6,32,38.0,22.6,0.0,21.0
2025-04-14,Shahdara APMC,537.25,1100.0,4,summer,agra,35.9,23.0,0.0,40,40.8,25.6,0.0,20.0
2025-04-16,Shahdara APMC,500.25,1000.0,4,summer,agra,38.6,26.5,0.0,32,39.4,25.8,0.0,25.0
2025-04-18,Shahdara APMC,288.1,1100.0,4,summer,agra,41.4,26.2,0.0,40,36.6,22.3,0.0,39.0
2025-04-24,Shahdara APMC,456.8,1100.0,4,summer,agra,40.7,24.2,0.0,11,42.3,25.9,0.0,34.0
2025-04-25,Shahdara APMC,616.25,1000.0,4,summer,agra,41.4,25.5,0.0,13,41.0,27.6,0.0,38.0
2025-04-26,Shahdara APMC,677.8,1200.0,4,summer,agra,42.4,26.3,0.0,13,41.3,27.1,0.0,32.0
2025-04-27,Shahdara APMC,512.45,1200.0,4,summer,agra,41.3,29.0,0.0,14,41.4,26.8,0.0,18.0
2025-04-28,Shahdara APMC,388.25,1200.0,4,summer,agra,41.4,26.7,0.0,20,41.2,25.7,0.0,8.0
2025-04-29,Shahdara APMC,438.35,1100.0,4,summer,agra,37.9,25.3,0.0,34,40.9,24.5,0.0,9.0
2025-04-30,Shahdara APMC,425.8,1100.0,4,summer,agra,37.3,26.7,0.1,36,42.0,24.9,0.0,9.0
2025-05-01,Shahdara APMC,500.45,1000.0,5,summer,agra,37.7,26.4,0.0,36,43.0,25.5,0.0,10.0
2025-05-02,Shahdara APMC,364.9,1100.0,5,summer,agra,28.8,21.8,14.6,66,41.8,26.3,0.0,13.0
2025-05-03,Shahdara APMC,428.75,1000.0,5,summer,agra,35.7,24.0,3.8,54,40.3,27.5,0.0,16.0
2025-05-04,Shahdara APMC,551.3,1000.0,5,summer,agra,34.7,24.9,0.5,49,41.3,25.6,0.0,18.0
2025-05-06,Shahdara APMC,446.6,1100.0,5,summer,agra,34.0,22.2,1.2,64,38.3,26.7,0.0,35.0
2025-05-07,Shahdara APMC,610.2,1100.0,5,summer,agra,32.1,23.7,2.7,65,38.9,25.7,0.0,37.0
2025-05-08,Shahdara APMC,469.45,1000.0,5,summer,agra,31.8,23.6,4.1,65,31.0,23.4,4.1,58.0
2025-05-09,Shahdara APMC,679.1,1000.0,5,summer,agra,37.5,24.8,0.8,50,37.4,24.2,0.0,47.0
2025-05-10,Shahdara APMC,464.5,1000.0,5,summer,agra,37.5,26.2,6.7,54,36.5,26.1,0.0,41.0
2025-05-12,Shahdara APMC,437.0,1100.0,5,summer,agra,39.8,25.6,0.0,33,35.6,23.7,0.0,48.0
2025-05-13,Shahdara APMC,422.85,1300.0,5,summer,agra,41.4,28.8,0.0,24,33.2,23.6,1.4,60.0
2025-05-14,Shahdara APMC,524.65,1200.0,5,summer,agra,41.3,28.5,0.0,22,33.0,24.4,0.6,61.0
2025-05-15,Shahdara APMC,408.9,1400.0,5,summer,agra,41.9,29.7,0.0,22,35.9,24.0,0.1,55.0
2025-05-16,Shahdara APMC,513.8,1400.0,5,summer,agra,42.8,28.4,0.0,24,38.4,26.1,0.8,49.0
2025-05-17,Shahdara APMC,405.35,1100.0,5,summer,agra,43.0,29.4,0.0,30,39.6,25.6,0.0,46.0
2025-05-18,Shahdara APMC,266.7,1100.0,5,summer,agra,42.2,28.6,0.0,33,39.9,26.6,0.0,34.0
2025-05-22,Shahdara APMC,466.45,1100.0,5,summer,agra,37.4,25.1,0.0,55,43.7,28.0,0.0,23.0
2025-05-23,Shahdara APMC,364.9,1200.0,5,summer,agra,38.6,26.7,0.0,51,41.8,28.9,0.0,27.0
2025-05-24,Shahdara APMC,510.85,1000.0,5,summer,agra,38.0,28.9,0.0,47,43.3,29.4,0.0,32.0
2025-05-25,Shahdara APMC,360.05,1000.0,5,summer,agra,31.6,22.9,0.9,67,41.4,28.5,0.0,42.0
2025-05-27,Shahdara APMC,437.15,1100.0,5,summer,agra,36.3,26.4,0.0,62,42.8,28.6,0.0,37.0
2025-05-28,Shahdara APMC,404.1,1100.0,5,summer,agra,39.6,27.7,0.0,54,38.2,27.3,0.0,46.0
2025-05-30,Shahdara APMC,387.0,1300.0,5,summer,agra,36.4,28.6,0.0,41,39.3,29.6,0.0,44.0
2025-05-31,Shahdara APMC,459.6,1300.0,5,summer,agra,41.3,27.5,0.8,40,36.7,26.4,0.1,56.0
2025-06-01,Shahdara APMC,362.45,1400.0,6,monsoon,solan,37.3,27.3,3.1,47,27.7,13.5,1.1,68.0
2025-06-02,Shahdara APMC,469.15,1400.0,6,monsoon,solan,37.5,24.8,0.3,44,26.9,14.9,2.6,77.0
2025-06-03,Shahdara APMC,481.7,1300.0,6,monsoon,solan,35.1,26.8,0.2,44,28.8,15.8,1.2,66.0
2025-06-04,Shahdara APMC,416.25,1300.0,6,monsoon,solan,36.7,25.3,0.5,55,29.7,14.5,0.6,53.0
2025-06-05,Shahdara APMC,301.15,1300.0,6,monsoon,solan,37.2,24.1,0.1,49,29.3,14.0,1.3,53.0
2025-06-06,Shahdara APMC,463.3,1300.0,6,monsoon,solan,38.7,26.3,0.0,40,29.6,12.4,2.6,53.0
2025-06-07,Shahdara APMC,254.95,1400.0,6,monsoon,solan,41.7,28.4,0.0,36,28.0,12.8,0.3,47.0
2025-06-08,Shahdara APMC,290.5,1400.0,6,monsoon,solan,43.0,29.9,0.0,35,26.7,13.4,4.5,55.0
2025-06-09,Shahdara APMC,472.8,1300.0,6,monsoon,solan,43.8,30.2,0.0,28,25.9,13.0,5.1,68.0
2025-06-11,Shahdara APMC,542.3,1500.0,6,monsoon,solan,43.4,30.9,0.0,32,25.7,10.8,1.0,62.0
2025-06-12,Shahdara APMC,305.15,1300.0,6,monsoon,solan,43.6,31.6,0.6,44,27.7,12.3,0.0,62.0
2025-06-13,Shahdara APMC,435.8,1300.0,6,monsoon,solan,41.2,31.9,0.0,47,28.6,13.7,0.2,66.0
2025-06-14,Shahdara APMC,318.3,1300.0,6,monsoon,solan,43.3,31.0,0.0,46,30.0,16.3,0.0,60.0
2025-06-16,Shahdara APMC,420.35,1400.0,6,monsoon,solan,32.5,25.2,21.2,78,32.3,16.4,0.0,47.0
2025-06-17,Shahdara APMC,400.7,1300.0,6,monsoon,solan,34.0,25.4,17.6,80,31.6,16.6,1.3,57.0
2025-06-18,Shahdara APMC,4438.25,1400.0,6,monsoon,solan,33.3,24.2,4.9,77,30.5,17.0,2.5,70.0
2025-06-19,Shahdara APMC,527.7,1200.0,6,monsoon,solan,32.9,27.3,0.1,76,29.8,18.4,5.4,72.0
2025-06-20,Shahdara APMC,465.1,1300.0,6,monsoon,solan,32.0,25.8,1.8,83,30.6,17.5,0.1,61.0
2025-06-21,Shahdara APMC,604.35,1200.0,6,monsoon,solan,35.3,26.4,1.4,75,29.7,18.7,0.6,69.0
2025-06-22,Shahdara APMC,480.4,1200.0,6,monsoon,solan,34.9,28.4,3.4,72,27.7,17.7,9.2,82.0
2025-06-23,Shahdara APMC,517.95,1300.0,6,monsoon,solan,36.9,28.3,0.4,68,25.7,18.7,0.5,83.0
2025-06-24,Shahdara APMC,53.17,1200.0,6,monsoon,solan,37.1,27.9,0.6,71,27.9,19.1,2.7,84.0
2025-06-25,Shahdara APMC,388.3,1300.0,6,monsoon,solan,32.4,26.9,14.0,83,26.8,16.5,5.8,85.0
2025-06-27,Shahdara APMC,436.65,1300.0,6,monsoon,solan,33.8,27.8,2.2,75,26.0,20.0,3.7,88.0
2025-06-28,Shahdara APMC,516.05,1300.0,6,monsoon,solan,36.7,25.9,5.0,72,26.6,17.9,3.9,88.0
2025-06-29,Shahdara APMC,417.8,1100.0,6,monsoon,solan,33.8,26.3,13.9,78,26.4,18.9,3.5,83.0
2025-06-30,Shahdara APMC,410.05,1100.0,6,monsoon,solan,32.1,25.5,23.3,87,26.6,18.5,9.1,90.0
2025-07-01,Shahdara APMC,369.6,1200.0,7,monsoon,solan,33.4,25.1,11.0,83,27.0,19.7,23.0,91.0
2025-07-03,Shahdara APMC,563.55,1200.0,7,monsoon,solan,33.4,26.9,0.5,78,27.1,18.8,5.1,86.0
2025-07-04,Shahdara APMC,659.3,1300.0,7,monsoon,solan,34.4,26.9,0.4,77,26.8,19.1,9.8,88.0
2025-07-05,Shahdara APMC,633.9,1300.0,7,monsoon,solan,35.9,26.4,4.1,75,25.4,18.8,8.6,92.0
2025-07-06,Shahdara APMC,387.2,1200.0,7,monsoon,solan,35.8,27.1,8.3,74,22.2,18.5,16.3,95.0
2025-07-07,Shahdara APMC,572.05,1400.0,7,monsoon,solan,33.4,26.1,14.1,83,26.5,17.6,21.8,87.0
2025-07-08,Shahdara APMC,454.7,1400.0,7,monsoon,solan,34.3,27.2,0.1,76,27.9,18.3,9.3,83.0
2025-07-09,Shahdara APMC,622.15,1300.0,7,monsoon,solan,32.0,27.0,9.3,81,26.5,18.2,4.9,89.0
2025-07-10,Shahdara APMC,650.33,1400.0,7,monsoon,solan,29.9,26.0,2.2,85,25.6,18.6,4.4,87.0
2025-07-11,Shahdara APMC,475.25,1400.0,7,monsoon,solan,31.9,25.9,0.8,81,27.0,19.6,2.1,88.0
2025-07-12,Shahdara APMC,666.35,1200.0,7,monsoon,solan,33.9,26.5,2.6,79,27.4,20.2,7.2,90.0
2025-07-13,Shahdara APMC,529.88,1200.0,7,monsoon,solan,32.7,26.5,17.5,86,28.3,18.9,1.4,82.0
2025-07-14,Shahdara APMC,427.25,1200.0,7,monsoon,solan,30.9,26.1,16.9,84,26.8,19.6,3.1,86.0
2025-07-17,Shahdara APMC,647.35,1200.0,7,monsoon,solan,31.2,26.9,2.1,82,25.4,17.6,4.4,84.0
2025-07-23,Shahdara APMC,498.75,1400.0,7,monsoon,solan,33.5,27.2,4.0,78,25.7,19.1,0.5,82.0
2025-07-28,Shahdara APMC,488.45,1200.0,7,monsoon,solan,37.5,28.6,0.4,65,25.3,18.7,1.0,87.0
2025-07-29,Shahdara APMC,593.15,1200.0,7,monsoon,solan,32.4,27.5,7.3,81,27.3,19.1,2.4,85.0
2025-07-31,Shahdara APMC,646.55,1200.0,7,monsoon,solan,31.5,25.5,22.2,88,27.4,17.9,1.1,85.0
2025-08-01,Shahdara APMC,494.9,1200.0,8,monsoon,solan,32.0,25.7,6.8,85,28.2,18.8,4.5,85.0
2025-08-02,Shahdara APMC,503.15,1300.0,8,monsoon,solan,32.8,26.1,1.8,78,26.0,19.3,4.2,91.0
2025-08-03,Shahdara APMC,482.6,1300.0,8,monsoon,solan,33.3,27.0,0.5,77,26.0,19.7,5.1,90.0
2025-08-04,Shahdara APMC,535.4,1200.0,8,monsoon,solan,31.3,26.2,0.6,81,25.8,19.4,10.2,89.0
2025-08-05,Shahdara APMC,428.7,1300.0,8,monsoon,solan,29.9,27.1,9.0,84,27.1,19.7,1.6,86.0
2025-08-06,Shahdara APMC,572.2,1200.0,8,monsoon,solan,32.2,26.4,0.7,80,24.6,18.9,13.7,91.0
2025-08-07,Shahdara APMC,709.85,1200.0,8,monsoon,solan,34.1,26.2,0.0,72,25.4,19.3,10.4,90.0
2025-08-08,Shahdara APMC,717.15,1300.0,8,monsoon,solan,33.3,26.6,0.0,70,26.2,18.0,9.3,90.0
2025-08-09,Shahdara APMC,278.6,1200.0,8,monsoon,solan,30.9,26.4,10.8,84,25.6,18.9,14.1,92.0
2025-08-10,Shahdara APMC,286.95,1200.0,8,monsoon,solan,32.5,26.2,1.2,82,26.1,18.7,3.0,89.0
2025-08-15,Shahdara APMC,147.8,1300.0,8,monsoon,solan,31.8,25.4,2.3,85,26.5,19.1,7.5,89.0
2025-08-16,Shahdara APMC,661.65,1300.0,8,monsoon,solan,31.2,26.5,9.9,87,24.9,17.4,12.3,92.0
2025-08-17,Shahdara APMC,704.85,1300.0,8,monsoon,solan,32.2,27.4,2.8,86,23.9,19.1,25.4,95.0
2025-08-18,Shahdara APMC,551.05,1300.0,8,monsoon,solan,32.0,27.3,11.6,83,25.7,19.3,16.0,88.0
2025-08-20,Shahdara APMC,509.25,1100.0,8,monsoon,solan,32.7,26.8,5.7,78,22.0,19.2,7.6,96.0
2025-08-21,Shahdara APMC,600.6,1100.0,8,monsoon,solan,33.8,25.3,15.2,76,24.7,18.9,7.7,92.0
2025-08-25,Shahdara APMC,445.35,1000.0,8,monsoon,solan,29.5,24.7,11.6,88,26.1,16.8,4.0,87.0
2025-08-26,Shahdara APMC,481.95,1000.0,8,monsoon,solan,30.1,25.3,6.1,88,26.1,16.8,5.5,87.0
2025-08-27,Shahdara APMC,451.4,1100.0,8,monsoon,solan,32.7,25.4,1.1,85,25.7,16.5,3.3,87.0
2025-08-28,Shahdara APMC,517.75,1100.0,8,monsoon,solan,32.6,25.7,10.3,85,26.4,17.1,1.3,85.0
2025-08-29,Shahdara APMC,578.4,1000.0,8,monsoon,solan,31.7,25.1,9.1,87,25.1,16.9,10.2,90.0
2025-08-30,Shahdara APMC,419.6,1000.0,8,monsoon,solan,31.9,26.2,3.3,83,24.0,17.9,5.9,92.0
2025-08-31,Shahdara APMC,482.55,900.0,8,monsoon,solan,30.2,24.7,14.8,90,23.9,18.6,5.1,93.0
2025-09-05,Shahdara APMC,531.85,1100.0,9,monsoon,agra,31.2,25.6,5.2,84,32.8,26.4,9.6,82.0
2025-09-06,Shahdara APMC,586.65,1200.0,9,monsoon,agra,31.6,24.6,9.3,85,30.5,25.1,9.7,90.0
2025-09-07,Shahdara APMC,626.75,1200.0,9,monsoon,agra,32.1,24.9,4.3,85,30.9,24.8,30.5,91.0
2025-09-08,Shahdara APMC,572.35,1200.0,9,monsoon,agra,32.1,25.2,0.7,82,29.8,24.7,3.6,90.0
2025-09-09,Shahdara APMC,778.35,1300.0,9,monsoon,agra,32.5,25.9,0.5,76,30.1,24.6,3.9,90.0
2025-09-10,Shahdara APMC,748.6,1400.0,9,monsoon,agra,33.3,25.7,0.0,73,32.8,25.1,3.0,81.0
2025-09-11,Shahdara APMC,637.0,1300.0,9,monsoon,agra,33.1,25.0,0.0,68,29.3,25.4,20.4,88.0
2025-09-12,Shahdara APMC,643.4,1200.0,9,monsoon,agra,33.9,25.0,0.2,65,32.4,24.6,5.0,81.0
2025-09-13,Shahdara APMC,498.2,1200.0,9,monsoon,agra,35.6,26.8,0.3,58,31.9,24.5,5.1,86.0
2025-09-14,Shahdara APMC,334.4,1200.0,9,monsoon,agra,36.6,27.7,0.0,54,32.7,25.3,0.0,78.0
2025-09-15,Shahdara APMC,303.55,1300.0,9,monsoon,agra,36.8,28.0,0.0,52,32.9,25.3,0.0,73.0
2025-09-16,Shahdara APMC,534.05,1200.0,9,monsoon,agra,37.0,27.8,0.0,54,33.4,25.8,0.0,71.0
2025-09-17,Shahdara APMC,613.6,1300.0,9,monsoon,agra,36.3,27.1,0.3,60,32.5,25.1,0.0,70.0
2025-09-19,Shahdara APMC,615.55,1300.0,9,monsoon,agra,35.4,27.3,0.8,61,32.9,24.8,0.5,74.0
2025-09-20,Shahdara APMC,805.8,1400.0,9,monsoon,agra,36.3,27.0,0.0,55,33.9,25.5,0.0,75.0
2025-09-21,Shahdara APMC,736.45,1400.0,9,monsoon,agra,36.5,26.0,0.0,53,34.0,26.0,0.2,70.0
2025-09-22,Shahdara APMC,736.45,1300.0,9,monsoon,agra,37.1,26.6,0.0,49,33.9,25.8,0.1,74.0
2025-09-23,Shahdara APMC,633.2,1400.0,9,monsoon,agra,36.8,26.6,0.0,47,33.0,25.4,1.8,81.0
2025-09-24,Shahdara APMC,820.25,1400.0,9,monsoon,agra,36.3,26.2,0.0,49,32.7,24.7,3.4,82.0
2025-09-26,Shahdara APMC,775.5,1400.0,9,monsoon,agra,37.0,25.8,0.0,53,34.7,25.9,0.0,68.0
2025-09-27,Shahdara APMC,708.8,1400.0,9,monsoon,agra,38.5,26.9,0.4,54,35.0,24.3,0.0,65.0
2025-09-28,Shahdara APMC,446.9,1300.0,9,monsoon,agra,37.0,29.2,0.0,56,35.6,24.7,0.0,62.0
2025-09-29,Shahdara APMC,726.05,1200.0,9,monsoon,agra,36.9,28.2,0.2,56,35.7,25.1,0.0,57.0
2025-10-02,Shahdara APMC,130.45,1400.0,10,post_monsoon,agra,32.3,24.7,1.7,71,35.6,24.7,0.0,61.0
2025-10-03,Shahdara APMC,638.1,1500.0,10,post_monsoon,agra,33.7,24.8,0.7,72,34.6,26.3,2.4,71.0
2025-10-04,Shahdara APMC,399.65,1500.0,10,post_monsoon,agra,34.5,26.4,0.1,62,35.0,27.1,2.2,68.0
2025-10-05,Shahdara APMC,849.6,1400.0,10,post_monsoon,agra,34.2,24.9,0.0,61,34.6,27.0,1.0,73.0
2025-10-07,Shahdara APMC,531.9,1500.0,10,post_monsoon,agra,28.8,20.9,6.7,86,29.7,24.0,30.7,87.0
2025-10-11,Shahdara APMC,419.15,1400.0,10,post_monsoon,agra,29.0,19.4,0.0,69,33.3,23.8,0.0,70.0
2025-10-12,Shahdara APMC,509.45,1400.0,10,post_monsoon,agra,30.7,20.3,0.0,64,30.2,23.7,1.6,79.0
2025-10-13,Shahdara APMC,563.45,1500.0,10,post_monsoon,agra,31.7,20.6,0.0,58,29.2,21.6,11.6,86.0
2025-10-14,Shahdara APMC,457.25,1400.0,10,post_monsoon,agra,31.8,21.0,0.0,53,28.2,20.2,1.7,80.0
2025-10-20,Shahdara APMC,482.7,1400.0,10,post_monsoon,agra,33.2,22.5,0.0,52,30.8,20.0,0.0,68.0
2025-10-27,Shahdara APMC,593.5,1400.0,10,post_monsoon,agra,30.6,19.9,0.0,54,29.8,21.2,0.2,76.0
2025-10-28,Shahdara APMC,685.75,1600.0,10,post_monsoon,agra,27.5,21.7,0.0,68,31.3,21.1,0.0,72.0
2025-10-30,Shahdara APMC,530.1,1500.0,10,post_monsoon,agra,27.8,22.6,0.0,73,30.7,19.0,0.0,62.0
2025-11-01,Shahdara APMC,513.0,1500.0,11,post_monsoon,agra,31.1,20.6,0.0,61,30.1,19.8,0.0,65.0
