date,market,arrival_qty_mt,modal_price_rs_quintal,month,season,producing_region,delhi_temp_max,delhi_temp_min,delhi_rainfall,delhi_humidity,region_temp_max,region_temp_min,region_rainfall,region_humidity
2021-01-07,Azadpur APMC,32.7,1400.0,1,winter,agra,19.3,11.1,0.0,87,22.1,15.4,5.3,85.0
2021-01-08,Azadpur APMC,42.7,1200.0,1,winter,agra,18.8,9.3,0.0,88,22.0,12.8,0.0,82.0
2021-01-09,Azadpur APMC,54.8,1200.0,1,winter,agra,19.7,10.9,0.0,83,19.5,10.3,9.7,87.0
2021-01-11,Azadpur APMC,51.8,1200.0,1,winter,agra,17.7,7.1,0.0,82,20.2,10.8,0.0,74.0
2021-01-12,Azadpur APMC,46.9,1200.0,1,winter,agra,18.0,6.4,0.0,81,18.2,8.2,0.0,76.0
2021-01-13,Azadpur APMC,46.2,1200.0,1,winter,agra,18.1,5.4,0.0,80,19.5,5.7,0.0,75.0
2021-01-14,Azadpur APMC,43.9,1000.0,1,winter,agra,18.5,4.9,0.0,81,19.4,5.5,0.0,74.0
2021-01-15,Azadpur APMC,36.8,1000.0,1,winter,agra,19.0,7.4,0.0,85,19.6,5.3,0.0,77.0
2021-01-16,Azadpur APMC,39.4,1000.0,1,winter,agra,16.7,5.3,0.0,89,19.6,5.0,0.0,83.0
2021-01-18,Azadpur APMC,41.5,900.0,1,winter,agra,17.9,10.3,2.5,86,21.4,7.4,0.0,78.0
2021-01-19,Azadpur APMC,42.5,900.0,1,winter,agra,20.6,9.6,0.0,88,19.8,11.8,1.1,81.0
2021-01-20,Azadpur APMC,44.3,750.0,1,winter,agra,19.8,9.9,0.0,85,22.1,9.7,0.0,81.0
2021-01-21,Azadpur APMC,52.1,750.0,1,winter,agra,20.1,9.1,0.0,79,21.6,10.4,0.0,82.0
2021-01-22,Azadpur APMC,51.6,750.0,1,winter,agra,20.8,7.4,0.0,79,22.5,9.2,0.0,70.0
2021-01-23,Azadpur APMC,39.0,750.0,1,winter,agra,20.9,8.8,0.0,79,22.8,7.5,0.0,73.0
2021-01-25,Azadpur APMC,36.9,750.0,1,winter,agra,18.2,6.2,0.0,82,20.9,9.3,0.0,81.0
2021-01-27,Azadpur APMC,33.8,750.0,1,winter,agra,18.6,6.3,0.0,76,18.1,6.1,0.0,79.0
2021-01-28,Azadpur APMC,49.0,750.0,1,winter,agra,17.9,5.0,0.0,78,19.6,6.5,0.0,70.0
2021-01-29,Azadpur APMC,45.9,750.0,1,winter,agra,18.4,5.7,0.0,76,19.0,5.4,0.0,76.0
2021-01-30,Azadpur APMC,48.6,650.0,1,winter,agra,18.9,6.3,0.0,71,18.9,6.1,0.0,75.0
2021-02-04,Azadpur APMC,42.2,650.0,2,winter,agra,21.1,11.1,8.3,81,25.8,10.3,0.0,67.0
2021-02-05,Azadpur APMC,37.6,650.0,2,winter,agra,19.5,8.6,0.0,84,24.7,14.1,0.0,64.0
2021-02-06,Azadpur APMC,35.4,650.0,2,winter,agra,19.8,8.6,0.0,75,21.8,12.0,0.9,76.0
2021-02-08,Azadpur APMC,44.5,650.0,2,winter,agra,22.2,8.5,0.0,77,22.4,9.4,0.0,71.0
2021-02-09,Azadpur APMC,45.5,650.0,2,winter,agra,23.7,9.4,0.0,74,23.5,8.8,0.0,70.0
2021-02-10,Azadpur APMC,50.3,550.0,2,winter,agra,24.8,12.1,0.0,74,25.9,9.4,0.0,67.0
2021-02-11,Azadpur APMC,51.9,450.0,2,winter,agra,23.6,10.8,0.0,77,26.7,11.7,0.0,67.0
2021-02-12,Azadpur APMC,46.8,450.0,2,winter,agra,24.1,11.5,0.0,78,26.3,10.1,0.0,72.0
2021-02-13,Azadpur APMC,45.5,450.0,2,winter,agra,23.6,11.3,0.0,80,24.5,11.6,0.0,76.0
2021-02-15,Azadpur APMC,41.5,450.0,2,winter,agra,26.7,12.4,0.4,70,26.4,11.3,0.0,72.0
2021-02-16,Azadpur APMC,52.2,450.0,2,winter,agra,26.4,12.4,0.0,71,28.3,12.5,0.0,67.0
2021-02-17,Azadpur APMC,53.5,550.0,2,winter,agra,25.2,12.1,0.0,72,28.0,14.3,0.8,67.0
2021-02-18,Azadpur APMC,47.5,550.0,2,winter,agra,25.1,11.3,0.0,73,27.3,12.1,0.0,66.0
2021-02-19,Azadpur APMC,55.7,550.0,2,winter,agra,25.2,11.1,0.0,75,26.5,12.4,0.0,65.0
2021-02-20,Azadpur APMC,49.9,550.0,2,winter,agra,25.6,11.6,0.0,70,26.7,12.4,0.0,65.0
2021-02-22,Azadpur APMC,49.1,550.0,2,winter,agra,27.3,12.4,0.0,68,27.2,11.2,0.0,63.0
2021-02-23,Azadpur APMC,44.1,550.0,2,winter,agra,29.3,12.4,0.0,62,28.7,12.2,0.0,61.0
2021-02-24,Azadpur APMC,39.3,450.0,2,winter,agra,29.9,13.3,0.0,61,29.7,12.9,0.0,59.0
2021-02-25,Azadpur APMC,45.2,500.0,2,winter,agra,30.2,13.9,0.0,61,31.0,12.8,0.0,52.0
2021-02-26,Azadpur APMC,46.8,500.0,2,winter,agra,30.7,15.1,0.0,59,31.3,14.1,0.0,52.0
2021-02-27,Azadpur APMC,49.9,500.0,2,winter,agra,30.2,18.5,0.0,44,32.2,15.1,0.0,46.0
2021-03-03,Azadpur APMC,40.9,500.0,3,summer,agra,29.3,14.3,0.0,42,28.7,14.0,0.0,42.0
2021-03-04,Azadpur APMC,36.1,600.0,3,summer,agra,31.0,15.1,0.0,49,30.5,13.0,0.0,41.0
2021-03-05,Azadpur APMC,39.6,600.0,3,summer,agra,30.2,15.5,0.0,45,32.4,13.5,0.0,43.0
2021-03-06,Azadpur APMC,43.1,800.0,3,summer,agra,30.7,15.1,0.0,44,31.4,15.6,0.0,40.0
2021-03-08,Azadpur APMC,36.6,800.0,3,summer,agra,31.1,19.3,0.0,51,34.1,17.2,0.0,37.0
2021-03-09,Azadpur APMC,36.7,800.0,3,summer,agra,31.9,18.3,0.1,59,33.5,19.3,0.0,41.0
2021-03-11,Azadpur APMC,32.7,800.0,3,summer,agra,32.5,17.1,0.0,53,33.2,19.6,0.0,48.0
2021-03-12,Azadpur APMC,36.3,800.0,3,summer,agra,29.9,17.9,0.9,56,34.0,17.6,0.0,47.0
2021-03-13,Azadpur APMC,54.5,800.0,3,summer,agra,30.1,16.0,0.0,62,31.0,20.6,0.0,50.0
2021-03-15,Azadpur APMC,45.4,800.0,3,summer,agra,31.7,17.5,0.0,52,31.6,17.3,0.0,53.0
2021-03-16,Azadpur APMC,50.0,650.0,3,summer,agra,32.3,17.0,0.0,49,33.2,17.7,0.0,46.0
2021-03-17,Azadpur APMC,47.1,650.0,3,summer,agra,32.9,17.0,0.0,44,33.5,18.7,0.0,46.0
2021-03-18,Azadpur APMC,49.8,650.0,3,summer,agra,32.6,17.4,0.0,49,34.3,17.5,0.0,43.0
2021-03-19,Azadpur APMC,50.3,650.0,3,summer,agra,31.7,19.4,0.0,52,34.0,19.0,0.0,44.0
2021-03-20,Azadpur APMC,46.7,650.0,3,summer,agra,32.9,17.3,0.0,45,33.0,19.8,0.4,50.0
2021-03-22,Azadpur APMC,33.4,650.0,3,summer,agra,33.2,18.7,0.3,49,34.4,18.7,0.0,38.0
2021-03-23,Azadpur APMC,41.9,650.0,3,summer,agra,32.1,19.8,0.5,49,33.9,18.9,0.1,41.0
2021-03-24,Azadpur APMC,39.8,650.0,3,summer,agra,31.2,16.7,0.0,45,31.5,20.1,0.1,48.0
2021-03-25,Azadpur APMC,45.7,650.0,3,summer,agra,30.7,16.7,0.0,40,31.7,19.3,0.2,47.0
2021-03-26,Azadpur APMC,41.0,650.0,3,summer,agra,31.2,16.2,0.0,46,32.0,18.6,0.0,34.0
2021-03-27,Azadpur APMC,44.4,650.0,3,summer,agra,33.0,17.9,0.0,46,32.5,17.6,0.0,45.0
2021-03-30,Azadpur APMC,14.0,750.0,3,summer,agra,37.0,23.3,0.0,33,38.0,20.2,0.0,33.0
2021-03-31,Azadpur APMC,36.7,750.0,3,summer,agra,34.4,21.6,0.0,23,39.2,21.9,0.0,21.0
2021-04-05,Azadpur APMC,29.0,650.0,4,summer,solan,37.8,19.2,0.0,28,25.7,7.4,0.0,30.0
2021-04-06,Azadpur APMC,35.5,650.0,4,summer,solan,37.5,22.5,0.0,29,22.9,13.5,0.1,44.0
2021-04-07,Azadpur APMC,38.0,850.0,4,summer,solan,35.6,21.4,0.0,31,22.9,12.4,3.0,45.0
2021-04-08,Azadpur APMC,37.5,850.0,4,summer,solan,33.9,20.3,0.0,26,22.9,11.9,3.9,51.0
2021-04-09,Azadpur APMC,41.3,850.0,4,summer,solan,35.2,18.7,0.0,23,23.2,9.5,0.0,50.0
2021-04-10,Azadpur APMC,36.6,850.0,4,summer,solan,36.3,19.3,0.0,19,24.1,7.7,0.0,41.0
2021-04-12,Azadpur APMC,34.8,850.0,4,summer,solan,38.0,20.4,0.0,21,26.4,10.2,0.0,31.0
2021-04-13,Azadpur APMC,33.4,650.0,4,summer,solan,38.1,21.3,0.0,24,24.9,11.4,0.0,37.0
2021-04-14,Azadpur APMC,37.4,550.0,4,summer,solan,38.6,22.5,0.0,23,26.9,11.7,0.0,32.0
2021-04-15,Azadpur APMC,42.7,550.0,4,summer,solan,38.6,22.3,0.0,20,26.6,13.3,0.0,33.0
2021-04-16,Azadpur APMC,41.2,550.0,4,summer,solan,38.7,23.0,2.8,32,27.1,12.2,0.1,35.0
2021-04-17,Azadpur APMC,33.7,550.0,4,summer,solan,34.8,20.4,0.2,44,27.7,11.4,5.1,44.0
2021-04-19,Azadpur APMC,20.4,550.0,4,summer,solan,37.2,21.3,0.0,31,21.9,9.8,1.1,64.0
2021-04-20,Azadpur APMC,32.5,550.0,4,summer,solan,33.7,22.0,0.0,29,23.7,8.6,0.0,49.0
2021-04-21,Azadpur APMC,36.2,550.0,4,summer,solan,31.7,19.0,0.1,41,19.7,9.3,10.4,62.0
2021-04-22,Azadpur APMC,42.1,550.0,4,summer,solan,32.8,20.1,0.0,42,18.2,10.8,35.3,76.0
2021-04-23,Azadpur APMC,29.2,450.0,4,summer,solan,34.9,22.6,0.0,35,18.5,10.2,15.3,79.0
2021-04-24,Azadpur APMC,29.9,450.0,4,summer,solan,33.6,18.8,0.0,36,16.4,8.3,29.7,82.0
2021-04-26,Azadpur APMC,21.7,650.0,4,summer,solan,38.8,20.9,0.0,26,24.4,6.5,0.0,55.0
2021-04-27,Azadpur APMC,27.8,650.0,4,summer,solan,41.1,23.6,0.0,24,25.9,8.4,0.0,53.0
2021-04-28,Azadpur APMC,28.0,650.0,4,summer,solan,41.5,24.7,0.0,21,27.6,11.9,0.0,48.0
2021-04-29,Azadpur APMC,28.5,650.0,4,summer,solan,40.9,25.0,0.0,23,28.4,13.0,0.0,45.0
2021-04-30,Azadpur APMC,28.6,650.0,4,summer,solan,39.1,24.6,0.0,29,28.0,12.8,0.1,45.0
2021-05-03,Azadpur APMC,26.1,650.0,5,summer,solan,37.0,25.4,0.0,33,26.6,13.3,2.4,61.0
2021-05-04,Azadpur APMC,28.3,650.0,5,summer,solan,40.1,26.0,0.0,31,24.8,13.8,3.4,65.0
2021-05-05,Azadpur APMC,29.8,650.0,5,summer,solan,37.8,26.1,0.0,39,24.6,13.7,1.0,67.0
2021-05-06,Azadpur APMC,29.9,650.0,5,summer,solan,39.2,24.1,7.6,53,24.5,15.5,4.0,67.0
2021-05-07,Azadpur APMC,21.6,650.0,5,summer,solan,34.6,22.0,1.9,56,24.1,13.7,9.1,74.0
2021-05-08,Azadpur APMC,31.2,650.0,5,summer,solan,37.1,23.7,0.0,40,20.6,14.2,8.7,77.0
2021-05-10,Azadpur APMC,26.1,650.0,5,summer,solan,36.0,25.0,0.3,42,23.7,12.7,0.8,66.0
2021-05-11,Azadpur APMC,27.8,650.0,5,summer,solan,38.8,25.1,0.1,41,24.3,12.7,4.2,69.0
2021-05-12,Azadpur APMC,29.5,650.0,5,summer,solan,35.2,24.6,0.0,46,24.9,12.6,3.2,72.0
2021-05-13,Azadpur APMC,31.7,650.0,5,summer,solan,31.3,22.5,2.2,59,22.2,13.2,1.3,73.0
2021-05-14,Azadpur APMC,16.8,750.0,5,summer,solan,36.0,22.8,0.0,46,20.0,12.2,6.1,77.0
2021-05-15,Azadpur APMC,28.3,750.0,5,summer,solan,35.7,24.8,0.0,41,23.5,11.1,0.0,62.0
2021-05-17,Azadpur APMC,15.4,750.0,5,summer,solan,37.1,26.2,0.0,36,26.9,11.9,0.0,56.0
2021-05-18,Azadpur APMC,27.4,750.0,5,summer,solan,30.8,24.5,1.2,57,28.5,13.2,0.0,51.0
2021-05-19,Azadpur APMC,9.0,750.0,5,summer,solan,24.4,21.0,95.5,85,25.9,14.3,0.2,64.0
2021-05-20,Azadpur APMC,8.8,850.0,5,summer,solan,29.7,20.6,33.7,78,20.8,16.4,6.3,85.0
2021-05-21,Azadpur APMC,11.4,1000.0,5,summer,solan,31.4,20.8,1.4,79,23.3,15.5,10.6,81.0
2021-05-22,Azadpur APMC,22.0,1000.0,5,summer,solan,33.1,23.8,0.0,69,25.4,13.4,0.0,71.0
2021-05-24,Azadpur APMC,21.7,1000.0,5,summer,solan,35.1,22.1,0.0,49,25.9,13.6,0.1,57.0
2021-05-25,Azadpur APMC,25.6,1000.0,5,summer,solan,37.1,23.7,0.0,43,26.2,15.8,0.0,52.0
2021-05-26,Azadpur APMC,25.6,850.0,5,summer,solan,37.6,22.1,0.0,44,27.8,14.1,0.0,39.0
2021-05-27,Azadpur APMC,22.2,850.0,5,summer,solan,37.6,22.0,0.0,47,28.3,14.1,0.0,42.0
2021-05-28,Azadpur APMC,22.5,1250.0,5,summer,solan,36.8,24.1,0.0,62,29.6,14.9,0.0,44.0
2021-05-31,Azadpur APMC,14.3,1250.0,5,summer,solan,37.2,26.2,0.0,59,27.0,16.8,7.0,76.0
2021-06-04,Azadpur APMC,22.3,1250.0,6,monsoon,solan,35.8,25.3,0.1,64,25.3,15.4,5.5,72.0
2021-06-05,Azadpur APMC,19.8,1450.0,6,monsoon,solan,36.1,25.8,0.0,61,24.8,15.4,0.4,68.0
2021-06-07,Azadpur APMC,22.9,1300.0,6,monsoon,solan,39.7,26.7,0.0,51,26.6,16.4,1.4,69.0
2021-06-08,Azadpur APMC,21.4,1300.0,6,monsoon,solan,41.6,28.7,0.0,39,27.3,16.7,0.9,70.0
2021-06-09,Azadpur APMC,25.4,1300.0,6,monsoon,solan,41.9,30.8,0.0,38,29.7,19.9,0.0,66.0
2021-06-10,Azadpur APMC,25.2,1450.0,6,monsoon,solan,37.8,29.9,0.0,58,29.6,20.1,1.5,70.0
2021-06-11,Azadpur APMC,22.8,1450.0,6,monsoon,solan,37.2,27.3,0.0,60,26.6,18.6,14.4,82.0
2021-06-12,Azadpur APMC,26.9,1250.0,6,monsoon,solan,37.7,28.6,0.3,59,25.7,18.0,18.2,85.0
2021-06-14,Azadpur APMC,22.5,1150.0,6,monsoon,solan,36.7,26.1,0.0,61,27.4,17.3,5.7,82.0
2021-06-15,Azadpur APMC,25.0,1200.0,6,monsoon,solan,37.2,27.0,4.5,62,27.0,15.7,0.0,77.0
2021-06-16,Azadpur APMC,24.2,1450.0,6,monsoon,solan,35.0,26.1,2.0,72,27.7,16.5,0.0,68.0
2021-06-17,Azadpur APMC,28.1,1450.0,6,monsoon,solan,34.7,26.1,0.0,71,22.2,17.9,9.1,87.0
2021-06-18,Azadpur APMC,34.4,1450.0,6,monsoon,solan,33.6,25.7,0.4,71,24.8,16.9,7.2,84.0
2021-06-19,Azadpur APMC,30.3,1450.0,6,monsoon,solan,33.6,25.2,0.1,73,24.4,17.4,10.4,87.0
2021-06-21,Azadpur APMC,29.6,1250.0,6,monsoon,solan,36.3,25.3,0.0,64,24.5,16.5,2.9,82.0
2021-06-22,Azadpur APMC,32.0,1250.0,6,monsoon,solan,39.7,28.2,0.0,48,26.6,16.7,0.0,79.0
2021-06-23,Azadpur APMC,40.3,1250.0,6,monsoon,solan,40.5,28.4,0.0,46,28.0,16.9,0.0,69.0
2021-06-24,Azadpur APMC,40.9,1150.0,6,monsoon,solan,38.6,28.4,0.0,58,27.9,16.9,0.0,63.0
2021-06-25,Azadpur APMC,41.7,1150.0,6,monsoon,solan,39.9,28.5,2.6,58,26.8,17.0,1.7,71.0
2021-06-26,Azadpur APMC,38.0,1150.0,6,monsoon,solan,38.1,26.9,0.0,57,26.4,15.7,0.6,71.0
2021-06-28,Azadpur APMC,34.3,1150.0,6,monsoon,solan,40.1,28.9,0.0,49,27.4,15.9,0.0,73.0
2021-06-29,Azadpur APMC,42.4,1150.0,6,monsoon,solan,42.6,29.4,0.0,38,27.8,17.5,0.0,73.0
2021-06-30,Azadpur APMC,44.0,1150.0,6,monsoon,solan,43.8,29.6,0.0,31,29.1,18.0,0.0,62.0
2021-07-03,Azadpur APMC,41.5,1150.0,7,monsoon,agra,39.3,29.4,0.1,50,40.6,31.9,0.2,43.0
2021-07-05,Azadpur APMC,32.5,1150.0,7,monsoon,agra,39.6,29.2,0.0,47,40.1,29.2,0.0,45.0
2021-07-06,Azadpur APMC,44.4,1150.0,7,monsoon,agra,40.3,29.9,0.1,44,39.2,30.8,0.0,44.0
2021-07-07,Azadpur APMC,46.4,1000.0,7,monsoon,agra,41.8,31.4,0.0,40,41.6,30.8,0.0,43.0
2021-07-08,Azadpur APMC,46.6,800.0,7,monsoon,agra,40.3,32.1,0.0,39,42.7,32.3,0.0,36.0
2021-07-09,Azadpur APMC,44.7,950.0,7,monsoon,agra,38.3,28.4,0.2,57,41.0,33.0,0.0,36.0
2021-07-10,Azadpur APMC,43.8,950.0,7,monsoon,agra,38.1,30.1,1.2,57,38.5,29.5,0.0,53.0
2021-07-12,Azadpur APMC,32.2,950.0,7,monsoon,agra,33.8,28.0,3.9,70,34.2,28.1,4.9,70.0
2021-07-13,Azadpur APMC,42.5,950.0,7,monsoon,agra,33.5,27.5,6.3,78,32.7,27.8,2.0,75.0
2021-07-14,Azadpur APMC,42.1,800.0,7,monsoon,agra,32.3,27.4,11.2,83,36.1,27.8,0.7,67.0
2021-07-15,Azadpur APMC,32.5,950.0,7,monsoon,agra,34.3,27.4,3.0,79,37.3,29.3,0.2,60.0
2021-07-16,Azadpur APMC,43.3,950.0,7,monsoon,agra,34.4,27.7,2.1,78,38.0,29.9,0.1,57.0
2021-07-17,Azadpur APMC,44.0,950.0,7,monsoon,agra,36.7,28.4,0.4,71,38.2,30.0,0.5,58.0
2021-07-19,Azadpur APMC,23.6,950.0,7,monsoon,agra,27.3,25.9,120.6,94,33.4,26.8,83.5,82.0
2021-07-20,Azadpur APMC,11.3,950.0,7,monsoon,agra,30.8,25.9,25.0,87,31.6,26.1,62.4,89.0
2021-07-21,Azadpur APMC,19.4,950.0,7,monsoon,agra,32.6,25.9,7.6,85,31.1,26.3,24.9,87.0
2021-07-24,Azadpur APMC,27.7,1400.0,7,monsoon,agra,34.0,27.3,0.6,81,32.3,26.7,4.4,83.0
2021-08-04,Azadpur APMC,7.8,2000.0,8,monsoon,agra,32.7,26.2,0.0,79,30.2,26.1,2.8,83.0
2021-08-05,Azadpur APMC,12.8,1600.0,8,monsoon,agra,32.9,26.0,0.3,80,30.6,25.3,1.3,80.0
2021-08-06,Azadpur APMC,15.3,2000.0,8,monsoon,agra,33.2,26.5,2.8,81,31.8,25.6,4.9,83.0
2021-08-07,Azadpur APMC,8.1,2000.0,8,monsoon,agra,32.2,27.6,8.0,87,32.1,26.4,5.6,86.0
2021-08-09,Azadpur APMC,5.0,2000.0,8,monsoon,agra,31.0,26.7,1.4,87,31.8,26.1,15.9,88.0
2021-08-10,Azadpur APMC,13.2,2400.0,8,monsoon,agra,34.6,26.6,0.8,78,29.9,26.6,9.4,90.0
2021-08-11,Azadpur APMC,15.0,2400.0,8,monsoon,agra,35.2,27.5,0.0,67,33.8,26.1,0.3,78.0
2021-08-12,Azadpur APMC,15.3,2400.0,8,monsoon,agra,34.9,26.3,0.0,68,34.1,27.4,0.0,69.0
2021-08-13,Azadpur APMC,9.4,2000.0,8,monsoon,agra,35.6,26.8,0.0,67,33.8,26.4,0.0,71.0
2021-08-16,Azadpur APMC,9.1,2250.0,8,monsoon,agra,35.6,26.6,0.0,66,34.0,26.6,0.0,69.0
2021-08-17,Azadpur APMC,14.4,2250.0,8,monsoon,agra,36.1,26.9,0.0,67,34.6,26.4,0.0,70.0
2021-08-18,Azadpur APMC,20.3,1850.0,8,monsoon,agra,36.0,27.3,0.0,65,35.6,26.1,0.0,69.0
2021-08-19,Azadpur APMC,18.8,1850.0,8,monsoon,agra,34.8,27.9,0.6,72,34.7,26.9,0.0,72.0
2021-08-20,Azadpur APMC,23.5,1600.0,8,monsoon,agra,29.8,26.8,1.5,84,33.7,26.8,4.4,80.0
2021-08-21,Azadpur APMC,20.4,1600.0,8,monsoon,agra,29.2,25.1,27.2,90,29.6,26.1,20.0,90.0
2021-08-25,Azadpur APMC,24.1,1650.0,8,monsoon,agra,34.4,27.7,0.0,71,33.1,27.6,0.5,76.0
2021-08-26,Azadpur APMC,13.4,2000.0,8,monsoon,agra,34.0,26.9,0.0,69,34.4,28.8,0.0,67.0
2021-08-27,Azadpur APMC,14.4,2000.0,8,monsoon,agra,34.2,25.4,0.0,68,33.0,26.9,0.0,68.0
2021-08-28,Azadpur APMC,12.3,2000.0,8,monsoon,agra,33.5,26.6,0.0,75,33.4,25.7,0.0,70.0
2021-09-03,Azadpur APMC,13.7,2250.0,9,monsoon,agra,31.1,25.3,8.2,88,32.9,25.3,7.7,87.0
2021-09-04,Azadpur APMC,21.7,2250.0,9,monsoon,agra,30.7,25.6,10.9,89,31.3,25.6,4.6,87.0
2021-09-06,Azadpur APMC,15.0,2250.0,9,monsoon,agra,32.2,26.6,2.6,84,32.9,26.2,0.1,82.0
2021-09-07,Azadpur APMC,15.0,2250.0,9,monsoon,agra,30.6,26.2,7.1,88,33.3,26.8,0.5,83.0
2021-09-08,Azadpur APMC,11.7,2250.0,9,monsoon,agra,30.6,26.1,1.6,81,31.8,26.9,2.0,82.0
2021-09-09,Azadpur APMC,12.9,2250.0,9,monsoon,agra,31.0,25.2,3.9,84,31.4,26.6,4.3,81.0
2021-09-10,Azadpur APMC,12.4,2750.0,9,monsoon,agra,30.0,25.0,10.5,88,31.0,25.7,5.2,85.0
2021-09-20,Azadpur APMC,12.9,2400.0,9,monsoon,agra,32.4,25.0,0.5,81,31.4,24.9,0.7,82.0
2021-09-21,Azadpur APMC,14.9,2150.0,9,monsoon,agra,31.2,26.0,1.6,84,32.2,24.7,0.0,81.0
2021-09-29,Azadpur APMC,14.0,3000.0,9,monsoon,agra,31.6,25.3,0.2,80,31.9,25.9,1.9,83.0
2021-10-05,Azadpur APMC,15.3,3000.0,10,post_monsoon,agra,32.5,24.8,2.3,76,33.1,26.1,0.6,74.0
2021-10-06,Azadpur APMC,20.8,2500.0,10,post_monsoon,agra,32.7,25.6,0.0,75,33.0,25.6,0.0,73.0
2021-10-07,Azadpur APMC,19.7,2500.0,10,post_monsoon,agra,32.9,23.1,0.0,69,33.0,25.9,0.0,77.0
2021-10-08,Azadpur APMC,20.3,2500.0,10,post_monsoon,agra,34.0,23.0,0.0,66,32.7,24.4,0.0,72.0
2021-10-09,Azadpur APMC,23.6,2500.0,10,post_monsoon,agra,34.9,22.7,0.0,61,33.3,22.5,0.0,71.0
2021-10-11,Azadpur APMC,26.1,2150.0,10,post_monsoon,agra,35.6,22.8,0.0,57,34.3,22.3,0.0,63.0
2021-10-12,Azadpur APMC,35.1,2150.0,10,post_monsoon,agra,35.4,23.3,0.0,54,34.5,22.3,0.0,65.0
2021-10-15,Azadpur APMC,33.9,2000.0,10,post_monsoon,agra,33.8,19.4,0.0,51,32.4,20.5,0.0,56.0
2021-10-16,Azadpur APMC,38.6,2000.0,10,post_monsoon,agra,34.1,21.6,0.0,58,33.0,19.7,0.0,56.0
2021-10-18,Azadpur APMC,29.7,2000.0,10,post_monsoon,agra,23.8,21.1,27.7,92,30.2,24.6,6.6,80.0
2021-10-19,Azadpur APMC,28.9,2000.0,10,post_monsoon,agra,28.9,19.4,0.0,81,25.3,22.3,62.0,94.0
2021-10-20,Azadpur APMC,43.8,2000.0,10,post_monsoon,agra,31.0,19.8,0.0,72,29.6,20.6,0.0,79.0
2021-10-21,Azadpur APMC,54.2,1500.0,10,post_monsoon,agra,29.9,17.9,0.0,65,30.8,20.7,0.0,72.0
2021-10-22,Azadpur APMC,68.1,1500.0,10,post_monsoon,agra,30.5,19.4,0.0,64,30.7,19.0,0.0,66.0
2021-10-23,Azadpur APMC,58.6,1500.0,10,post_monsoon,agra,29.8,18.9,0.0,67,30.5,20.1,0.0,57.0
2021-10-25,Azadpur APMC,36.4,1500.0,10,post_monsoon,agra,27.5,17.8,0.0,79,29.3,20.6,0.1,68.0
2021-10-26,Azadpur APMC,63.9,1500.0,10,post_monsoon,agra,26.9,16.7,0.0,71,28.5,18.7,0.0,73.0
2021-10-27,Azadpur APMC,89.7,1300.0,10,post_monsoon,agra,27.7,15.3,0.0,65,28.3,18.5,0.0,72.0
2021-10-28,Azadpur APMC,83.5,1300.0,10,post_monsoon,agra,27.7,14.8,0.0,65,27.7,15.8,0.0,69.0
2021-10-29,Azadpur APMC,74.2,1400.0,10,post_monsoon,agra,28.7,14.6,0.0,63,27.8,15.9,0.0,67.0
2021-10-30,Azadpur APMC,94.4,1400.0,10,post_monsoon,agra,29.1,15.2,0.0,57,27.9,15.2,0.0,67.0
2021-11-03,Azadpur APMC,74.9,1150.0,11,post_monsoon,agra,29.2,15.7,0.0,58,28.3,15.3,0.0,65.0
2021-11-04,Azadpur APMC,54.1,1150.0,11,post_monsoon,agra,28.0,15.8,0.0,59,28.2,14.6,0.0,68.0
2021-11-05,Azadpur APMC,52.2,1150.0,11,post_monsoon,agra,27.8,15.2,0.0,60,27.9,15.1,0.0,70.0
2021-11-06,Azadpur APMC,63.8,1150.0,11,post_monsoon,agra,29.1,14.5,0.0,56,27.3,14.6,0.0,66.0
2021-11-08,Azadpur APMC,49.0,1150.0,11,post_monsoon,agra,29.2,14.4,0.0,59,28.4,15.1,0.0,64.0
2021-11-09,Azadpur APMC,82.9,1150.0,11,post_monsoon,agra,28.5,14.9,0.0,59,28.0,14.6,0.0,72.0
2021-11-10,Azadpur APMC,74.3,1150.0,11,post_monsoon,agra,29.2,14.0,0.0,60,27.6,14.7,0.0,71.0
2021-11-11,Azadpur APMC,54.0,1150.0,11,post_monsoon,agra,28.7,14.0,0.0,60,28.4,14.7,0.0,70.0
2021-11-12,Azadpur APMC,56.8,1150.0,11,post_monsoon,agra,28.4,14.9,0.0,61,27.6,13.0,0.0,67.0
2021-11-13,Azadpur APMC,78.8,1100.0,11,post_monsoon,agra,27.5,13.1,0.0,58,27.2,13.9,0.0,71.0
2021-11-15,Azadpur APMC,57.8,1100.0,11,post_monsoon,agra,26.1,11.6,0.0,55,26.2,11.9,0.0,68.0
2021-11-16,Azadpur APMC,63.4,1100.0,11,post_monsoon,agra,25.5,11.1,0.0,58,25.5,11.4,0.0,65.0
2021-11-17,Azadpur APMC,68.5,1150.0,11,post_monsoon,agra,24.8,10.6,0.0,66,25.3,11.6,0.0,65.0
2021-11-18,Azadpur APMC,70.2,1150.0,11,post_monsoon,agra,24.7,12.5,0.0,68,24.6,10.1,0.0,68.0
2021-11-19,Azadpur APMC,55.6,1000.0,11,post_monsoon,agra,25.0,12.0,0.0,63,23.3,13.7,0.0,73.0
2021-11-20,Azadpur APMC,62.4,1000.0,11,post_monsoon,agra,25.5,15.0,0.0,59,21.6,16.2,2.8,80.0
2021-11-22,Azadpur APMC,57.9,1000.0,11,post_monsoon,agra,26.6,12.4,0.0,52,26.0,14.6,0.0,76.0
2021-11-23,Azadpur APMC,60.9,1000.0,11,post_monsoon,agra,26.0,11.8,0.0,56,25.4,14.3,0.0,59.0
2021-11-24,Azadpur APMC,62.3,1000.0,11,post_monsoon,agra,26.3,11.0,0.0,59,25.2,11.1,0.0,57.0
2021-11-25,Azadpur APMC,60.5,1000.0,11,post_monsoon,agra,25.4,11.9,0.0,68,25.6,10.4,0.0,70.0
2021-11-26,Azadpur APMC,61.8,1000.0,11,post_monsoon,agra,25.4,12.0,0.0,69,24.7,11.4,0.0,70.0
2021-11-27,Azadpur APMC,50.8,850.0,11,post_monsoon,agra,25.5,13.2,0.0,71,25.4,10.9,0.0,74.0
2021-11-29,Azadpur APMC,48.5,850.0,11,post_monsoon,agra,25.1,11.5,0.0,65,26.0,13.5,0.0,76.0
2021-11-30,Azadpur APMC,56.9,850.0,11,post_monsoon,agra,25.1,12.2,0.0,66,25.0,13.1,0.0,77.0
2021-12-04,Azadpur APMC,55.9,1150.0,12,winter,agra,23.9,11.9,0.0,74,24.4,13.3,0.0,73.0
2021-12-06,Azadpur APMC,44.9,750.0,12,winter,agra,23.2,14.0,2.0,80,24.5,12.8,0.0,78.0
2021-12-07,Azadpur APMC,37.2,650.0,12,winter,agra,22.9,12.5,0.0,75,23.0,15.6,0.1,79.0
2021-12-08,Azadpur APMC,64.7,650.0,12,winter,agra,22.1,10.8,0.0,72,23.7,13.0,0.0,75.0
2021-12-09,Azadpur APMC,66.7,750.0,12,winter,agra,22.0,9.6,0.0,73,22.7,10.9,0.0,71.0
2021-12-10,Azadpur APMC,55.5,750.0,12,winter,agra,22.2,9.7,0.0,71,22.4,9.5,0.0,73.0
2021-12-11,Azadpur APMC,58.2,750.0,12,winter,agra,21.8,9.1,0.0,69,22.3,10.4,0.0,74.0
2021-12-13,Azadpur APMC,7.3,850.0,12,winter,agra,19.2,8.4,0.0,69,20.8,7.4,0.0,68.0
2021-12-14,Azadpur APMC,61.6,850.0,12,winter,agra,20.6,8.5,0.0,73,21.0,10.2,0.0,72.0
2021-12-15,Azadpur APMC,55.5,950.0,12,winter,agra,20.6,9.1,0.0,69,22.5,10.4,0.1,73.0
2021-12-16,Azadpur APMC,53.3,950.0,12,winter,agra,17.8,9.9,0.0,73,21.9,12.1,0.0,76.0
2021-12-17,Azadpur APMC,26.3,950.0,12,winter,agra,18.0,7.7,0.0,61,22.0,11.5,0.1,73.0
2021-12-18,Azadpur APMC,54.1,950.0,12,winter,agra,17.9,6.2,0.0,67,19.2,10.6,0.1,53.0
2021-12-20,Azadpur APMC,55.4,950.0,12,winter,agra,18.0,5.4,0.0,71,17.6,6.3,0.0,62.0
2021-12-21,Azadpur APMC,20.0,1000.0,12,winter,agra,19.4,5.2,0.0,73,18.3,5.2,0.0,67.0
2021-12-22,Azadpur APMC,49.6,1000.0,12,winter,agra,20.0,5.8,0.0,69,20.0,4.9,0.0,70.0
2021-12-23,Azadpur APMC,10.7,1150.0,12,winter,agra,21.0,8.1,0.0,74,21.0,6.6,0.0,74.0
2021-12-24,Azadpur APMC,45.3,1150.0,12,winter,agra,21.5,9.1,0.0,76,21.9,7.4,0.0,73.0
2021-12-25,Azadpur APMC,47.0,1150.0,12,winter,agra,21.0,9.3,0.0,73,22.2,8.3,0.0,75.0
2021-12-27,Azadpur APMC,46.5,1150.0,12,winter,agra,19.6,11.2,2.3,73,21.6,9.4,0.0,76.0
2021-12-28,Azadpur APMC,47.0,1000.0,12,winter,agra,19.3,11.0,0.8,79,21.5,11.7,0.1,79.0
2021-12-29,Azadpur APMC,40.1,1000.0,12,winter,agra,19.1,8.5,0.0,76,15.2,12.7,6.9,88.0
2021-12-30,Azadpur APMC,33.6,1000.0,12,winter,agra,17.7,5.4,0.0,69,19.2,9.7,0.0,81.0
2021-12-31,Azadpur APMC,48.1,1000.0,12,winter,agra,17.8,4.8,0.0,74,19.1,8.3,0.0,69.0
2022-01-01,Azadpur APMC,50.7,1000.0,1,winter,agra,18.1,5.2,0.0,78,17.7,7.1,0.0,70.0
2022-01-03,Azadpur APMC,41.7,1000.0,1,winter,agra,20.1,7.0,0.0,77,18.9,6.5,0.0,79.0
2022-01-04,Azadpur APMC,45.9,1000.0,1,winter,agra,21.9,8.0,0.0,74,19.7,7.3,0.0,81.0
2022-01-05,Azadpur APMC,51.4,1000.0,1,winter,agra,15.4,11.7,9.4,85,21.4,7.5,0.0,80.0
2022-01-07,Azadpur APMC,42.2,1200.0,1,winter,agra,19.8,12.4,1.3,86,18.4,12.8,6.6,87.0
2022-01-08,Azadpur APMC,53.1,1400.0,1,winter,agra,17.2,14.0,31.1,90,22.2,13.6,0.2,86.0
2022-01-10,Azadpur APMC,14.0,2000.0,1,winter,agra,16.8,7.9,0.0,84,19.4,11.7,3.9,88.0
2022-01-11,Azadpur APMC,44.1,1400.0,1,winter,agra,17.3,7.2,0.0,81,17.9,10.2,0.0,80.0
2022-01-12,Azadpur APMC,59.2,1150.0,1,winter,agra,17.2,7.6,0.0,82,17.9,9.8,0.0,79.0
2022-01-13,Azadpur APMC,81.3,1000.0,1,winter,agra,17.4,7.1,0.0,78,17.2,8.5,0.0,77.0
2022-01-14,Azadpur APMC,63.8,1000.0,1,winter,agra,16.5,6.5,0.0,83,16.9,6.7,0.0,77.0
2022-01-15,Azadpur APMC,45.7,850.0,1,winter,agra,16.7,5.6,0.0,88,16.7,5.2,0.0,78.0
2022-01-17,Azadpur APMC,33.2,750.0,1,winter,agra,14.0,4.1,0.0,87,15.2,4.7,0.0,87.0
2022-01-18,Azadpur APMC,41.1,750.0,1,winter,agra,16.0,5.2,0.0,89,15.2,3.4,0.0,88.0
2022-01-19,Azadpur APMC,52.6,750.0,1,winter,agra,17.5,6.3,0.5,90,15.2,5.8,0.0,87.0
2022-01-20,Azadpur APMC,47.1,650.0,1,winter,agra,18.0,9.1,0.0,87,16.8,5.6,0.0,90.0
2022-01-21,Azadpur APMC,57.9,650.0,1,winter,agra,18.4,7.6,0.0,86,18.3,6.9,0.0,90.0
2022-01-22,Azadpur APMC,40.7,750.0,1,winter,agra,16.1,11.9,22.2,84,18.9,7.6,0.0,84.0
2022-01-24,Azadpur APMC,42.2,850.0,1,winter,agra,16.3,6.8,0.5,84,18.2,9.0,6.9,85.0
2022-01-25,Azadpur APMC,44.6,850.0,1,winter,agra,16.5,6.2,0.0,82,16.7,7.3,0.1,84.0
2022-01-27,Azadpur APMC,3.1,850.0,1,winter,agra,17.8,6.8,0.0,76,16.6,6.3,0.0,80.0
2022-01-28,Azadpur APMC,64.6,850.0,1,winter,agra,17.9,7.0,0.0,74,18.2,7.2,0.0,79.0
2022-01-29,Azadpur APMC,61.6,850.0,1,winter,agra,19.5,6.3,0.0,76,18.1,6.4,0.0,75.0
2022-01-31,Azadpur APMC,30.0,750.0,1,winter,agra,20.8,8.1,0.0,81,21.4,8.0,0.0,75.0
2022-02-01,Azadpur APMC,54.8,750.0,2,winter,agra,20.7,8.6,0.0,87,21.8,7.9,0.0,81.0
2022-02-02,Azadpur APMC,53.4,800.0,2,winter,agra,20.4,8.5,0.0,80,22.7,8.4,0.0,87.0
2022-02-03,Azadpur APMC,59.0,1000.0,2,winter,agra,14.9,9.5,11.1,85,21.1,8.8,0.0,78.0
2022-02-04,Azadpur APMC,51.6,750.0,2,winter,agra,16.3,7.9,0.0,84,22.4,12.2,0.9,74.0
2022-02-05,Azadpur APMC,53.8,1000.0,2,winter,agra,16.6,6.0,0.0,85,18.1,8.7,0.0,78.0
2022-02-07,Azadpur APMC,47.2,1000.0,2,winter,agra,22.4,8.8,0.0,78,20.4,6.5,0.0,81.0
2022-02-08,Azadpur APMC,45.6,1000.0,2,winter,agra,22.2,10.8,0.5,82,23.1,7.0,0.0,78.0
2022-02-09,Azadpur APMC,46.3,1000.0,2,winter,agra,18.5,10.9,3.1,84,23.9,10.2,0.4,79.0
2022-02-10,Azadpur APMC,46.0,1000.0,2,winter,agra,20.2,8.5,0.0,77,18.8,11.4,20.4,89.0
2022-02-11,Azadpur APMC,45.8,1300.0,2,winter,agra,20.2,9.7,0.0,68,20.1,9.7,0.0,80.0
2022-02-12,Azadpur APMC,54.9,1300.0,2,winter,agra,21.2,9.1,0.0,70,20.8,9.2,0.0,70.0
2022-02-14,Azadpur APMC,22.5,1300.0,2,winter,agra,23.1,9.6,0.0,71,22.5,7.9,0.0,69.0
2022-02-15,Azadpur APMC,51.0,1000.0,2,winter,agra,23.3,11.1,0.0,68,23.1,8.4,0.0,70.0
2022-02-16,Azadpur APMC,48.5,1000.0,2,winter,agra,23.6,10.5,0.0,72,23.4,9.6,0.0,66.0
2022-02-17,Azadpur APMC,61.9,1000.0,2,winter,agra,24.1,10.1,0.0,66,24.2,9.6,0.0,64.0
2022-02-18,Azadpur APMC,50.1,1000.0,2,winter,agra,25.0,10.2,0.0,64,25.0,11.1,0.0,66.0
2022-02-19,Azadpur APMC,58.7,1000.0,2,winter,agra,24.2,10.5,0.0,64,25.3,11.3,0.2,64.0
2022-02-21,Azadpur APMC,37.6,1000.0,2,winter,agra,24.5,10.5,0.0,56,25.5,11.9,0.0,60.0
2022-02-22,Azadpur APMC,57.4,800.0,2,winter,agra,25.9,11.8,0.0,57,24.8,10.1,0.0,58.0
2022-02-23,Azadpur APMC,33.7,800.0,2,winter,agra,24.2,14.9,0.0,68,27.4,12.2,0.0,55.0
2022-02-24,Azadpur APMC,22.7,750.0,2,winter,agra,25.2,12.5,0.0,72,25.7,15.1,0.0,63.0
2022-02-25,Azadpur APMC,24.7,650.0,2,winter,agra,25.3,12.2,0.3,68,26.8,13.7,0.0,72.0
2022-02-26,Azadpur APMC,31.1,550.0,2,winter,agra,23.5,14.2,2.4,70,27.0,13.7,0.0,62.0
2022-02-28,Azadpur APMC,21.3,550.0,2,winter,agra,23.0,10.7,0.0,65,24.8,13.3,0.0,64.0
2022-03-01,Azadpur APMC,35.4,550.0,3,summer,agra,24.6,10.4,0.0,66,23.5,11.9,0.0,64.0
2022-03-02,Azadpur APMC,33.0,550.0,3,summer,agra,25.7,11.2,0.0,62,25.1,10.2,0.0,66.0
2022-03-03,Azadpur APMC,52.9,550.0,3,summer,agra,27.2,13.6,0.3,65,27.0,12.2,0.0,65.0
2022-03-04,Azadpur APMC,55.0,550.0,3,summer,agra,25.4,13.4,0.0,69,28.1,14.5,0.0,59.0
2022-03-05,Azadpur APMC,64.3,550.0,3,summer,agra,26.2,13.1,0.0,65,26.9,14.0,0.0,65.0
2022-03-07,Azadpur APMC,15.8,750.0,3,summer,agra,28.4,14.6,0.0,59,26.5,12.1,0.0,66.0
2022-03-08,Azadpur APMC,50.2,750.0,3,summer,agra,30.2,14.0,0.0,55,28.0,14.8,0.0,63.0
2022-03-09,Azadpur APMC,48.0,750.0,3,summer,agra,30.8,14.9,0.0,50,29.2,13.9,0.0,66.0
2022-03-10,Azadpur APMC,16.1,850.0,3,summer,agra,29.7,16.1,0.0,50,30.8,14.8,0.0,57.0
2022-03-11,Azadpur APMC,10.0,850.0,3,summer,agra,29.4,15.6,0.0,57,30.1,17.6,0.8,51.0
2022-03-12,Azadpur APMC,44.3,850.0,3,summer,agra,30.5,14.8,0.0,54,30.2,16.6,0.0,53.0
2022-03-14,Azadpur APMC,41.3,850.0,3,summer,agra,32.2,16.4,0.0,64,32.8,15.3,0.0,54.0
2022-03-15,Azadpur APMC,47.6,1000.0,3,summer,agra,34.0,18.6,0.0,63,33.1,17.2,0.0,58.0
2022-03-16,Azadpur APMC,49.4,1100.0,3,summer,agra,35.3,19.8,0.0,58,34.8,18.0,0.0,61.0
2022-03-17,Azadpur APMC,57.6,1100.0,3,summer,agra,33.2,19.8,0.0,63,36.7,20.2,0.0,55.0
2022-03-19,Azadpur APMC,15.8,1100.0,3,summer,agra,35.2,21.0,0.0,58,34.8,22.0,0.0,59.0
2022-03-21,Azadpur APMC,19.6,1300.0,3,summer,agra,36.6,20.9,0.0,44,38.3,21.3,0.0,39.0
2022-03-22,Azadpur APMC,32.4,1300.0,3,summer,agra,35.7,20.9,0.0,43,36.6,21.7,0.0,28.0
2022-03-23,Azadpur APMC,61.1,950.0,3,summer,agra,35.8,19.0,0.0,38,36.1,21.7,0.0,36.0
2022-03-24,Azadpur APMC,50.9,700.0,3,summer,agra,35.1,19.9,0.0,36,36.3,19.3,0.0,36.0
2022-03-25,Azadpur APMC,59.0,650.0,3,summer,agra,35.2,19.7,0.0,31,36.8,21.6,0.0,30.0
2022-03-26,Azadpur APMC,50.0,650.0,3,summer,agra,35.4,19.3,0.0,31,35.8,20.8,0.0,32.0
2022-03-29,Azadpur APMC,48.0,550.0,3,summer,agra,39.0,19.4,0.0,27,38.8,19.1,0.0,25.0
2022-03-30,Azadpur APMC,50.2,1000.0,3,summer,agra,38.8,20.6,0.0,28,39.7,20.4,0.0,23.0
2022-03-31,Azadpur APMC,50.0,1000.0,3,summer,agra,39.4,21.3,0.0,38,39.6,21.9,0.0,24.0
2022-04-01,Azadpur APMC,52.7,1000.0,4,summer,solan,36.3,21.4,0.0,26,28.7,11.5,0.0,31.0
2022-04-02,Azadpur APMC,44.2,1000.0,4,summer,solan,37.8,20.0,0.0,23,28.3,10.6,0.0,38.0
2022-04-04,Azadpur APMC,33.8,1150.0,4,summer,solan,38.3,20.7,0.0,18,29.3,10.9,0.0,25.0
2022-04-05,Azadpur APMC,48.7,1000.0,4,summer,solan,38.8,20.6,0.0,21,28.5,10.4,0.0,23.0
2022-04-06,Azadpur APMC,52.1,1000.0,4,summer,solan,39.3,20.8,0.0,19,28.4,12.9,0.0,28.0
2022-04-07,Azadpur APMC,60.8,1000.0,4,summer,solan,39.9,21.0,0.0,19,27.9,13.4,0.0,31.0
2022-04-08,Azadpur APMC,51.0,1000.0,4,summer,solan,41.3,22.3,0.0,16,29.2,13.6,0.0,31.0
2022-04-09,Azadpur APMC,45.4,1000.0,4,summer,solan,42.0,22.2,0.0,17,30.1,13.5,0.0,29.0
2022-04-11,Azadpur APMC,25.3,1000.0,4,summer,solan,41.9,23.9,0.0,19,29.7,13.1,0.0,31.0
2022-04-12,Azadpur APMC,48.9,1000.0,4,summer,solan,40.0,25.9,0.0,21,30.9,15.8,0.0,30.0
2022-04-13,Azadpur APMC,50.7,1000.0,4,summer,solan,39.0,24.9,0.0,21,30.4,14.6,0.0,37.0
2022-04-14,Azadpur APMC,50.5,650.0,4,summer,solan,39.7,24.7,0.0,20,27.6,16.0,0.3,39.0
2022-04-15,Azadpur APMC,44.1,650.0,4,summer,solan,39.4,24.3,0.0,22,27.9,13.4,0.4,38.0
2022-04-16,Azadpur APMC,55.0,650.0,4,summer,solan,39.7,22.8,0.0,20,26.2,11.2,3.2,49.0
2022-04-19,Azadpur APMC,46.5,650.0,4,summer,solan,42.2,24.6,0.0,18,29.6,12.7,0.0,38.0
2022-04-20,Azadpur APMC,30.4,1000.0,4,summer,solan,41.2,26.8,0.0,17,30.1,13.6,0.0,36.0
2022-04-21,Azadpur APMC,38.1,1000.0,4,summer,solan,37.0,26.4,0.0,24,29.3,15.7,0.0,33.0
2022-04-22,Azadpur APMC,36.9,1000.0,4,summer,solan,38.4,23.2,0.0,29,27.0,13.9,0.7,44.0
2022-04-23,Azadpur APMC,46.0,1000.0,4,summer,solan,39.3,23.5,0.0,20,26.2,10.9,0.0,51.0
2022-04-25,Azadpur APMC,12.6,1000.0,4,summer,solan,40.8,24.4,0.0,21,27.3,13.1,0.0,32.0
2022-04-26,Azadpur APMC,32.7,1000.0,4,summer,solan,41.0,24.2,0.0,21,29.0,17.3,0.0,30.0
2022-04-28,Azadpur APMC,38.1,1250.0,4,summer,solan,43.3,25.6,0.0,17,30.0,14.2,0.0,33.0
2022-04-29,Azadpur APMC,35.1,1250.0,4,summer,solan,43.8,26.5,0.0,14,31.7,16.8,0.0,30.0
2022-04-30,Azadpur APMC,32.1,1250.0,4,summer,solan,43.4,27.9,0.0,14,32.1,15.3,0.0,30.0
2022-05-02,Azadpur APMC,22.4,1250.0,5,summer,solan,40.6,26.3,0.0,38,29.7,16.7,0.3,43.0
2022-05-03,Azadpur APMC,35.9,1250.0,5,summer,solan,39.2,26.9,0.0,42,27.5,16.4,0.0,54.0
2022-05-04,Azadpur APMC,1.6,1250.0,5,summer,solan,39.0,26.6,0.1,47,26.6,16.7,10.4,66.0
2022-05-05,Azadpur APMC,34.0,1250.0,5,summer,solan,38.4,23.4,0.0,47,25.7,16.1,4.8,63.0
2022-05-06,Azadpur APMC,39.3,950.0,5,summer,solan,39.7,25.7,0.0,32,26.5,14.0,0.0,53.0
2022-05-07,Azadpur APMC,36.2,950.0,5,summer,solan,40.1,26.2,0.0,32,27.0,13.8,0.0,49.0
2022-05-09,Azadpur APMC,26.4,850.0,5,summer,solan,40.2,27.5,0.0,44,28.0,14.4,0.2,54.0
2022-05-10,Azadpur APMC,32.9,850.0,5,summer,solan,39.7,28.2,0.0,45,27.5,14.9,0.1,60.0
2022-05-11,Azadpur APMC,38.3,850.0,5,summer,solan,41.1,27.8,0.0,44,26.8,15.3,3.7,67.0
2022-05-12,Azadpur APMC,43.6,850.0,5,summer,solan,43.1,28.8,0.0,41,29.1,15.8,0.7,62.0
2022-05-13,Azadpur APMC,44.0,750.0,5,summer,solan,44.2,28.2,0.0,41,30.3,17.5,0.1,56.0
2022-05-14,Azadpur APMC,40.1,750.0,5,summer,solan,44.6,27.4,0.0,27,31.2,17.4,0.0,43.0
2022-05-16,Azadpur APMC,28.9,750.0,5,summer,solan,42.0,31.5,0.0,23,32.9,16.9,0.0,36.0
2022-05-17,Azadpur APMC,34.6,650.0,5,summer,solan,38.8,28.2,0.0,42,30.1,18.0,0.6,41.0
2022-05-18,Azadpur APMC,36.5,650.0,5,summer,solan,42.2,27.6,0.0,32,27.8,17.1,3.4,49.0
2022-05-19,Azadpur APMC,36.0,850.0,5,summer,solan,43.9,27.3,0.0,29,29.4,16.1,0.2,45.0
2022-05-20,Azadpur APMC,36.6,1000.0,5,summer,solan,45.5,28.8,0.0,23,30.9,15.7,0.0,43.0
2022-05-21,Azadpur APMC,32.1,1000.0,5,summer,solan,40.8,29.4,0.0,28,31.3,16.6,1.6,35.0
2022-05-23,Azadpur APMC,23.5,1000.0,5,summer,solan,31.0,22.5,18.7,65,26.8,15.3,0.3,45.0
2022-05-24,Azadpur APMC,22.9,1100.0,5,summer,solan,32.4,21.5,0.0,70,24.3,14.4,4.8,61.0
2022-05-25,Azadpur APMC,33.8,1100.0,5,summer,solan,32.9,23.1,0.0,67,20.9,14.8,14.9,72.0
2022-05-26,Azadpur APMC,31.5,1100.0,5,summer,solan,35.1,23.4,0.0,61,24.3,12.6,0.2,67.0
2022-05-27,Azadpur APMC,37.8,1100.0,5,summer,solan,37.9,25.0,0.0,57,24.5,14.1,2.4,67.0
2022-05-28,Azadpur APMC,39.8,900.0,5,summer,solan,39.7,26.3,0.0,54,26.0,16.0,3.6,67.0
2022-05-30,Azadpur APMC,22.4,1050.0,5,summer,solan,41.1,27.3,0.3,48,28.4,16.8,2.3,66.0
2022-05-31,Azadpur APMC,16.2,1050.0,5,summer,solan,40.1,25.6,0.0,43,28.9,16.6,1.8,59.0
2022-06-01,Azadpur APMC,26.9,950.0,6,monsoon,solan,41.1,25.4,0.0,35,28.6,16.9,0.1,47.0
2022-06-02,Azadpur APMC,39.9,800.0,6,monsoon,solan,42.8,27.9,0.0,28,30.7,15.7,0.0,35.0
2022-06-03,Azadpur APMC,34.8,1000.0,6,monsoon,solan,43.2,26.8,0.0,23,31.7,16.8,0.0,29.0
2022-06-04,Azadpur APMC,22.4,1000.0,6,monsoon,solan,44.2,27.0,0.0,21,31.3,16.8,0.0,29.0
2022-06-06,Azadpur APMC,16.6,1000.0,6,monsoon,solan,42.9,27.5,0.0,18,32.1,17.5,0.0,30.0
2022-06-07,Azadpur APMC,31.5,1000.0,6,monsoon,solan,43.9,29.2,0.0,22,33.0,18.2,0.0,29.0
2022-06-08,Azadpur APMC,37.1,1000.0,6,monsoon,solan,43.2,31.7,0.0,20,32.7,19.8,0.0,30.0
2022-06-09,Azadpur APMC,31.6,1000.0,6,monsoon,solan,43.1,30.2,0.0,23,32.5,19.1,0.0,32.0
2022-06-10,Azadpur APMC,34.0,1000.0,6,monsoon,solan,42.8,30.5,0.0,22,32.4,19.4,0.0,30.0
2022-06-11,Azadpur APMC,34.4,1000.0,6,monsoon,solan,43.5,30.9,0.0,22,32.8,18.9,0.0,30.0
2022-06-13,Azadpur APMC,22.0,1050.0,6,monsoon,solan,43.4,31.5,0.0,26,32.4,19.6,0.0,35.0
2022-06-14,Azadpur APMC,43.1,1050.0,6,monsoon,solan,39.0,31.1,0.0,39,33.1,19.6,0.0,34.0
2022-06-15,Azadpur APMC,36.9,1050.0,6,monsoon,solan,42.4,29.6,0.0,39,32.7,21.9,0.0,31.0
2022-06-16,Azadpur APMC,33.5,1000.0,6,monsoon,solan,37.6,31.0,1.9,45,32.3,21.5,0.1,39.0
2022-06-17,Azadpur APMC,32.6,1000.0,6,monsoon,solan,36.4,24.2,6.4,65,29.3,17.6,1.7,61.0
2022-06-18,Azadpur APMC,30.8,1000.0,6,monsoon,solan,33.7,24.5,4.0,67,26.1,18.1,4.2,78.0
2022-06-20,Azadpur APMC,14.7,1000.0,6,monsoon,solan,32.5,23.2,0.0,75,25.3,16.0,1.1,71.0
2022-06-21,Azadpur APMC,43.1,1000.0,6,monsoon,solan,32.3,24.4,10.6,76,24.2,15.6,0.5,71.0
2022-06-22,Azadpur APMC,45.1,1000.0,6,monsoon,solan,34.7,24.1,8.1,68,23.8,15.3,1.6,71.0
2022-06-23,Azadpur APMC,54.4,850.0,6,monsoon,solan,37.1,25.9,0.0,55,26.5,16.6,2.3,72.0
2022-06-24,Azadpur APMC,47.3,850.0,6,monsoon,solan,38.2,23.6,0.0,46,27.8,16.4,0.0,65.0
2022-06-25,Azadpur APMC,48.2,1050.0,6,monsoon,solan,39.3,24.8,0.0,38,27.7,16.6,0.0,62.0
2022-06-27,Azadpur APMC,28.8,1050.0,6,monsoon,solan,39.3,30.7,0.1,52,27.2,19.3,1.5,74.0
2022-06-28,Azadpur APMC,37.8,850.0,6,monsoon,solan,41.1,27.9,3.2,56,27.7,19.5,2.2,82.0
2022-06-29,Azadpur APMC,40.9,850.0,6,monsoon,solan,42.1,29.5,0.0,58,27.9,20.4,3.9,84.0
2022-06-30,Azadpur APMC,42.8,850.0,6,monsoon,solan,30.9,26.4,1.4,79,26.8,20.3,17.7,87.0
2022-07-01,Azadpur APMC,32.3,1500.0,7,monsoon,agra,31.5,25.0,1.3,83,33.3,26.0,10.6,79.0
2022-07-04,Azadpur APMC,31.2,1000.0,7,monsoon,agra,34.9,26.1,19.4,78,34.6,26.0,11.7,80.0
2022-07-06,Azadpur APMC,19.0,850.0,7,monsoon,agra,35.7,28.6,1.3,78,36.6,28.0,2.0,68.0
2022-07-07,Azadpur APMC,46.0,1000.0,7,monsoon,agra,35.1,27.4,0.2,73,35.5,29.8,1.8,69.0
2022-07-08,Azadpur APMC,41.4,1000.0,7,monsoon,agra,36.6,28.6,0.3,67,36.4,29.7,0.5,62.0
2022-07-09,Azadpur APMC,41.3,1000.0,7,monsoon,agra,33.6,28.2,1.3,73,37.3,28.9,0.0,58.0
2022-07-11,Azadpur APMC,31.5,1150.0,7,monsoon,agra,34.6,27.2,0.1,75,35.2,26.7,16.3,73.0
2022-07-12,Azadpur APMC,39.9,1000.0,7,monsoon,agra,34.6,28.3,0.8,75,36.6,28.4,0.3,63.0
2022-07-13,Azadpur APMC,39.9,950.0,7,monsoon,agra,35.1,27.8,2.9,78,36.6,28.7,0.7,62.0
2022-07-14,Azadpur APMC,39.3,1050.0,7,monsoon,agra,34.2,27.7,13.9,80,37.4,27.6,0.2,59.0
2022-07-15,Azadpur APMC,39.4,1050.0,7,monsoon,agra,35.6,28.6,4.3,72,37.2,30.3,2.9,55.0
2022-07-18,Azadpur APMC,29.4,1150.0,7,monsoon,agra,35.3,26.3,4.9,78,35.4,25.8,10.0,79.0
2022-07-19,Azadpur APMC,38.8,1500.0,7,monsoon,agra,35.1,26.8,1.6,78,36.0,27.8,1.1,68.0
2022-07-20,Azadpur APMC,30.4,1500.0,7,monsoon,agra,33.1,26.5,28.7,84,36.9,29.4,0.7,65.0
2022-07-21,Azadpur APMC,25.5,1250.0,7,monsoon,agra,30.5,24.7,16.2,84,35.2,27.2,24.9,80.0
2022-07-22,Azadpur APMC,35.6,1000.0,7,monsoon,agra,31.3,25.1,3.0,86,32.2,25.9,6.7,83.0
2022-07-23,Azadpur APMC,42.8,1000.0,7,monsoon,agra,30.4,25.1,14.3,86,31.1,25.3,22.2,89.0
2022-07-25,Azadpur APMC,22.5,1500.0,7,monsoon,agra,32.7,25.7,8.3,80,33.2,25.7,4.8,81.0
2022-07-26,Azadpur APMC,42.6,1500.0,7,monsoon,agra,31.5,25.4,2.0,81,32.1,25.6,9.1,86.0
2022-07-27,Azadpur APMC,40.3,1500.0,7,monsoon,agra,32.1,25.4,7.0,82,32.1,25.2,1.1,81.0
2022-07-28,Azadpur APMC,38.1,1800.0,7,monsoon,agra,31.4,25.2,20.5,85,32.0,25.1,11.2,84.0
2022-07-29,Azadpur APMC,33.1,1800.0,7,monsoon,agra,30.1,25.0,8.8,87,30.1,24.6,23.7,88.0
2022-07-30,Azadpur APMC,30.4,1800.0,7,monsoon,agra,31.4,25.5,4.1,85,31.2,25.6,5.1,86.0
2022-08-01,Azadpur APMC,26.6,1800.0,8,monsoon,agra,31.3,25.4,8.8,84,33.4,26.4,0.0,70.0
2022-08-02,Azadpur APMC,36.1,1800.0,8,monsoon,agra,33.5,25.8,0.3,79,32.6,25.9,3.6,76.0
2022-08-03,Azadpur APMC,38.7,2000.0,8,monsoon,agra,33.0,26.5,0.4,81,33.0,25.6,1.1,80.0
2022-08-04,Azadpur APMC,34.6,2000.0,8,monsoon,agra,31.5,26.6,0.9,86,31.9,26.7,7.0,86.0
2022-08-05,Azadpur APMC,42.6,1600.0,8,monsoon,agra,30.7,24.8,7.2,86,30.8,26.3,12.6,85.0
2022-08-06,Azadpur APMC,30.7,1600.0,8,monsoon,agra,32.7,25.5,2.3,83,30.4,25.4,7.5,86.0
2022-08-08,Azadpur APMC,15.6,1600.0,8,monsoon,agra,33.4,25.0,0.1,81,32.1,26.6,6.9,85.0
2022-08-09,Azadpur APMC,28.1,1600.0,8,monsoon,agra,33.8,27.4,0.2,78,32.5,25.2,7.5,83.0
2022-08-10,Azadpur APMC,23.3,1600.0,8,monsoon,agra,34.5,27.5,0.4,74,34.2,27.5,1.5,77.0
2022-08-11,Azadpur APMC,22.0,2000.0,8,monsoon,agra,28.7,26.4,4.3,83,34.4,28.5,0.0,69.0
2022-08-12,Azadpur APMC,12.3,4000.0,8,monsoon,agra,33.9,25.1,0.0,74,32.2,28.1,0.4,70.0
2022-08-13,Azadpur APMC,17.4,4000.0,8,monsoon,agra,33.5,26.3,0.4,76,31.1,26.5,6.7,80.0
2022-08-15,Azadpur APMC,12.3,4000.0,8,monsoon,agra,31.0,25.9,0.3,82,30.9,26.3,11.5,88.0
2022-08-16,Azadpur APMC,11.6,1600.0,8,monsoon,agra,30.7,25.7,8.7,80,31.4,26.0,5.3,81.0
2022-08-17,Azadpur APMC,29.8,1850.0,8,monsoon,agra,31.9,25.2,0.2,78,29.3,25.3,9.4,81.0
2022-08-18,Azadpur APMC,20.8,1850.0,8,monsoon,agra,33.5,25.5,0.5,75,31.7,25.1,0.7,75.0
2022-08-19,Azadpur APMC,18.8,1850.0,8,monsoon,agra,34.1,26.5,0.5,73,32.3,25.8,0.2,75.0
2022-08-20,Azadpur APMC,21.3,1850.0,8,monsoon,agra,30.4,24.8,4.2,82,33.1,26.2,0.6,74.0
2022-08-22,Azadpur APMC,27.6,1500.0,8,monsoon,agra,33.1,25.9,6.2,77,33.2,26.0,8.8,81.0
2022-08-23,Azadpur APMC,28.5,1500.0,8,monsoon,agra,33.8,26.2,1.8,70,32.3,24.7,31.0,81.0
2022-08-24,Azadpur APMC,20.1,2000.0,8,monsoon,agra,32.7,25.9,1.2,76,31.7,25.6,0.1,73.0
2022-08-25,Azadpur APMC,27.4,2000.0,8,monsoon,agra,34.1,25.3,0.6,73,32.1,25.2,0.0,75.0
2022-08-26,Azadpur APMC,27.0,1750.0,8,monsoon,agra,35.3,26.6,0.6,64,31.7,25.2,0.4,77.0
2022-08-27,Azadpur APMC,33.1,1750.0,8,monsoon,agra,35.6,27.6,1.6,60,32.5,25.4,3.0,79.0
2022-08-29,Azadpur APMC,20.8,1750.0,8,monsoon,agra,35.4,27.7,1.5,59,33.2,26.6,0.1,68.0
2022-08-30,Azadpur APMC,39.2,1750.0,8,monsoon,agra,37.3,26.6,0.0,66,33.1,25.7,0.0,69.0
2022-08-31,Azadpur APMC,38.1,1650.0,8,monsoon,agra,37.2,28.0,0.4,61,33.6,26.3,3.4,76.0
2022-09-01,Azadpur APMC,43.9,1650.0,9,monsoon,agra,37.7,28.0,0.1,59,33.8,26.6,1.3,76.0
2022-09-02,Azadpur APMC,41.2,1650.0,9,monsoon,agra,37.5,28.0,0.0,57,34.6,27.4,0.3,74.0
2022-09-03,Azadpur APMC,44.3,1650.0,9,monsoon,agra,38.4,27.8,0.0,50,33.4,26.2,0.8,77.0
2022-09-05,Azadpur APMC,39.7,1500.0,9,monsoon,agra,37.1,27.3,0.0,51,34.6,26.5,0.0,66.0
2022-09-06,Azadpur APMC,52.6,1500.0,9,monsoon,agra,37.9,27.7,0.4,51,33.8,25.9,0.0,65.0
2022-09-07,Azadpur APMC,43.7,1500.0,9,monsoon,agra,37.6,27.9,0.0,52,34.7,25.7,0.0,66.0
2022-09-08,Azadpur APMC,52.6,1500.0,9,monsoon,agra,37.0,27.2,0.0,53,35.1,25.6,0.0,64.0
2022-09-09,Azadpur APMC,54.2,1500.0,9,monsoon,agra,35.3,27.9,0.2,61,35.4,26.2,0.0,66.0
2022-09-10,Azadpur APMC,51.1,1500.0,9,monsoon,agra,34.5,25.2,0.6,68,33.0,27.0,0.8,75.0
2022-09-12,Azadpur APMC,32.3,1700.0,9,monsoon,agra,34.8,26.8,0.2,66,34.4,26.6,0.0,71.0
2022-09-13,Azadpur APMC,61.1,1500.0,9,monsoon,agra,34.7,25.0,4.1,67,33.5,27.0,0.7,69.0
2022-09-14,Azadpur APMC,69.5,1500.0,9,monsoon,agra,30.2,25.2,5.4,76,30.8,25.7,8.3,75.0
2022-09-15,Azadpur APMC,63.8,1500.0,9,monsoon,agra,30.7,24.6,13.6,85,28.7,25.4,3.9,84.0
2022-09-16,Azadpur APMC,58.2,1500.0,9,monsoon,agra,30.7,23.6,5.8,84,30.0,24.5,13.2,87.0
2022-09-17,Azadpur APMC,36.0,1700.0,9,monsoon,agra,33.5,24.0,0.5,80,31.7,24.5,1.3,83.0
2022-09-19,Azadpur APMC,51.2,1400.0,9,monsoon,agra,33.3,25.0,0.0,77,32.9,23.6,0.1,76.0
2022-09-20,Azadpur APMC,73.2,1150.0,9,monsoon,agra,31.8,24.3,7.8,84,31.6,24.3,1.4,82.0
2022-09-21,Azadpur APMC,63.2,1000.0,9,monsoon,agra,31.7,25.0,3.6,84,32.8,24.0,2.1,84.0
2022-09-22,Azadpur APMC,53.8,1400.0,9,monsoon,agra,27.5,24.0,35.3,90,29.1,24.4,22.9,90.0
2022-09-23,Azadpur APMC,68.3,1400.0,9,monsoon,agra,28.5,23.8,52.0,92,27.9,24.1,58.6,94.0
2022-09-24,Azadpur APMC,33.5,1850.0,9,monsoon,agra,27.6,23.4,35.7,92,30.0,23.6,28.2,91.0
2022-09-26,Azadpur APMC,37.1,1400.0,9,monsoon,agra,30.8,23.0,0.2,85,32.2,24.4,0.4,78.0
2022-09-27,Azadpur APMC,40.6,1400.0,9,monsoon,agra,31.4,22.7,0.2,80,30.9,23.4,0.7,81.0
2022-09-28,Azadpur APMC,40.9,1850.0,9,monsoon,agra,32.1,23.3,0.0,77,31.8,23.8,0.0,78.0
2022-09-29,Azadpur APMC,46.4,1850.0,9,monsoon,agra,31.8,23.0,0.0,78,32.8,23.1,0.3,72.0
2022-09-30,Azadpur APMC,45.9,1500.0,9,monsoon,agra,31.9,23.1,0.0,77,33.0,22.9,0.0,72.0
2022-10-01,Azadpur APMC,44.7,1500.0,10,post_monsoon,agra,32.7,23.4,0.0,73,32.5,23.3,0.0,74.0
2022-10-03,Azadpur APMC,26.5,1850.0,10,post_monsoon,agra,33.3,22.8,0.0,65,32.7,23.4,0.4,71.0
2022-10-04,Azadpur APMC,38.8,2150.0,10,post_monsoon,agra,32.7,22.6,0.0,70,33.5,22.8,0.0,63.0
2022-10-05,Azadpur APMC,35.9,2150.0,10,post_monsoon,agra,31.7,22.8,0.1,78,31.9,24.5,2.5,73.0
2022-10-06,Azadpur APMC,33.8,2000.0,10,post_monsoon,agra,30.8,23.1,0.0,76,31.4,24.7,1.3,82.0
2022-10-07,Azadpur APMC,46.9,2150.0,10,post_monsoon,agra,26.2,22.8,1.1,83,29.6,23.9,0.2,81.0
2022-10-08,Azadpur APMC,57.9,2000.0,10,post_monsoon,agra,23.7,21.8,37.7,92,28.6,23.0,3.7,89.0
2022-10-10,Azadpur APMC,31.4,2000.0,10,post_monsoon,agra,27.5,21.3,1.1,88,29.6,22.8,41.9,91.0
2022-10-11,Azadpur APMC,45.9,2000.0,10,post_monsoon,agra,26.8,20.9,2.4,88,29.1,22.8,7.0,88.0
2022-10-12,Azadpur APMC,70.2,2000.0,10,post_monsoon,agra,28.4,20.2,0.0,84,28.9,21.8,0.8,86.0
2022-10-13,Azadpur APMC,62.7,2000.0,10,post_monsoon,agra,29.2,19.4,0.0,75,28.9,21.3,0.4,84.0
2022-10-14,Azadpur APMC,51.3,2000.0,10,post_monsoon,agra,29.5,18.8,0.0,71,29.6,19.7,0.0,77.0
2022-10-15,Azadpur APMC,69.4,2000.0,10,post_monsoon,agra,29.8,18.4,0.0,70,29.8,20.0,0.0,73.0
2022-10-17,Azadpur APMC,50.5,2000.0,10,post_monsoon,agra,30.4,18.4,0.0,66,29.7,19.4,0.0,74.0
2022-10-18,Azadpur APMC,63.6,2000.0,10,post_monsoon,agra,30.6,18.0,0.0,64,30.3,19.2,0.0,72.0
2022-10-19,Azadpur APMC,71.2,2000.0,10,post_monsoon,agra,30.2,19.0,0.0,66,30.3,19.2,0.0,64.0
2022-10-20,Azadpur APMC,76.6,2000.0,10,post_monsoon,agra,30.4,18.6,0.0,66,30.8,18.3,0.0,65.0
2022-10-21,Azadpur APMC,77.0,2000.0,10,post_monsoon,agra,30.0,17.6,0.0,65,30.4,20.0,0.0,61.0
2022-10-22,Azadpur APMC,70.3,2000.0,10,post_monsoon,agra,29.2,18.1,0.0,69,31.3,18.2,0.0,60.0
2022-10-24,Azadpur APMC,40.9,2000.0,10,post_monsoon,agra,29.7,16.4,0.0,64,29.3,17.1,0.0,68.0
2022-10-25,Azadpur APMC,39.0,2000.0,10,post_monsoon,agra,29.6,15.7,0.0,61,29.5,17.2,0.0,67.0
2022-10-26,Azadpur APMC,62.2,2000.0,10,post_monsoon,agra,29.8,16.0,0.0,65,29.5,17.0,0.0,61.0
2022-10-27,Azadpur APMC,71.2,2000.0,10,post_monsoon,agra,30.1,17.7,0.0,64,30.2,16.8,0.0,68.0
2022-10-28,Azadpur APMC,57.9,1800.0,10,post_monsoon,agra,29.9,17.1,0.0,67,30.3,17.5,0.0,71.0
2022-10-29,Azadpur APMC,65.4,1800.0,10,post_monsoon,agra,29.4,17.1,0.0,64,30.8,19.7,0.0,70.0
2022-10-31,Azadpur APMC,44.9,1800.0,10,post_monsoon,agra,29.4,16.0,0.0,66,29.2,16.5,0.0,69.0
2022-11-01,Azadpur APMC,72.2,1900.0,11,post_monsoon,agra,30.3,18.1,0.0,68,29.3,16.1,0.0,68.0
2022-11-02,Azadpur APMC,88.1,1900.0,11,post_monsoon,agra,29.2,17.6,0.0,73,30.0,16.8,0.0,68.0
2022-11-03,Azadpur APMC,97.7,1900.0,11,post_monsoon,agra,30.6,17.8,0.0,69,30.4,18.5,0.0,69.0
2022-11-04,Azadpur APMC,89.2,1400.0,11,post_monsoon,agra,30.5,20.2,0.0,67,30.5,18.1,0.0,69.0
2022-11-05,Azadpur APMC,86.5,1400.0,11,post_monsoon,agra,29.9,19.4,0.0,78,31.3,17.9,0.0,72.0
2022-11-07,Azadpur APMC,59.5,1400.0,11,post_monsoon,agra,30.4,18.6,0.0,74,30.2,18.9,0.0,77.0
2022-11-08,Azadpur APMC,69.2,1150.0,11,post_monsoon,agra,28.7,17.8,7.9,76,31.0,19.0,1.4,72.0
2022-11-09,Azadpur APMC,61.8,900.0,11,post_monsoon,agra,26.9,17.0,0.5,73,29.8,17.6,0.0,70.0
2022-11-10,Azadpur APMC,63.0,900.0,11,post_monsoon,agra,25.8,18.1,0.0,76,28.3,17.6,0.3,71.0
2022-11-11,Azadpur APMC,70.2,900.0,11,post_monsoon,agra,26.2,15.3,0.0,69,27.6,18.2,1.6,79.0
2022-11-12,Azadpur APMC,74.0,900.0,11,post_monsoon,agra,26.3,15.0,0.0,64,28.1,16.8,0.0,65.0
2022-11-14,Azadpur APMC,52.0,900.0,11,post_monsoon,agra,27.7,15.4,0.0,65,27.4,14.9,0.0,63.0
2022-11-15,Azadpur APMC,51.6,1000.0,11,post_monsoon,agra,26.5,15.6,0.0,68,28.0,14.4,0.0,65.0
2022-11-16,Azadpur APMC,59.7,1000.0,11,post_monsoon,agra,25.2,15.3,0.0,64,27.5,14.7,0.0,67.0
2022-11-17,Azadpur APMC,59.6,1000.0,11,post_monsoon,agra,24.4,13.1,0.0,65,26.4,15.3,0.0,64.0
2022-11-18,Azadpur APMC,63.4,1000.0,11,post_monsoon,agra,24.3,11.4,0.0,63,25.1,14.1,0.0,57.0
2022-11-19,Azadpur APMC,58.5,850.0,11,post_monsoon,agra,24.2,12.3,0.0,61,24.8,12.6,0.0,59.0
2022-11-21,Azadpur APMC,42.4,850.0,11,post_monsoon,agra,25.7,11.8,0.0,63,25.3,12.8,0.0,67.0
2022-11-22,Azadpur APMC,65.7,850.0,11,post_monsoon,agra,25.3,11.8,0.0,60,25.9,13.0,0.0,64.0
2022-11-23,Azadpur APMC,61.2,1000.0,11,post_monsoon,agra,25.2,10.7,0.0,56,25.6,12.4,0.0,61.0
2022-11-24,Azadpur APMC,62.6,1000.0,11,post_monsoon,agra,25.2,11.1,0.0,59,25.4,12.0,0.0,59.0
2022-11-25,Azadpur APMC,70.9,1000.0,11,post_monsoon,agra,24.8,11.6,0.0,60,25.0,10.9,0.0,58.0
2022-11-26,Azadpur APMC,68.5,1000.0,11,post_monsoon,agra,25.1,10.7,0.0,61,25.1,10.0,0.0,66.0
2022-11-28,Azadpur APMC,57.3,1000.0,11,post_monsoon,agra,24.2,9.9,0.0,65,25.0,11.1,0.0,68.0
2022-11-29,Azadpur APMC,60.5,1000.0,11,post_monsoon,agra,24.0,9.8,0.0,70,25.1,10.6,0.0,72.0
2022-11-30,Azadpur APMC,69.6,1000.0,11,post_monsoon,agra,24.0,10.9,0.0,74,24.6,11.3,0.0,71.0
2022-12-01,Azadpur APMC,65.0,1000.0,12,winter,agra,23.7,10.5,0.0,75,24.2,10.4,0.0,74.0
2022-12-02,Azadpur APMC,59.7,800.0,12,winter,agra,23.4,10.1,0.0,74,23.9,11.9,0.0,75.0
2022-12-03,Azadpur APMC,65.0,800.0,12,winter,agra,23.7,10.6,0.0,74,23.6,10.6,0.0,74.0
2022-12-05,Azadpur APMC,59.3,900.0,12,winter,agra,22.3,9.9,0.0,76,23.5,11.1,0.0,78.0
2022-12-06,Azadpur APMC,68.9,900.0,12,winter,agra,22.9,10.7,0.0,71,23.0,10.8,0.0,78.0
2022-12-07,Azadpur APMC,14.1,900.0,12,winter,agra,23.2,11.2,0.0,70,23.3,10.8,0.0,71.0
2022-12-08,Azadpur APMC,54.6,800.0,12,winter,agra,22.8,10.4,0.0,76,24.2,11.0,0.0,69.0
2022-12-09,Azadpur APMC,67.7,800.0,12,winter,agra,23.4,9.8,0.0,78,23.8,10.4,0.0,73.0
2022-12-10,Azadpur APMC,70.6,800.0,12,winter,agra,25.1,10.7,0.0,73,23.8,11.4,0.0,76.0
2022-12-12,Azadpur APMC,47.4,800.0,12,winter,agra,24.7,10.8,0.0,66,26.1,11.4,0.0,74.0
2022-12-13,Azadpur APMC,57.2,800.0,12,winter,agra,24.5,10.6,0.0,58,26.0,12.3,0.0,67.0
2022-12-14,Azadpur APMC,59.7,650.0,12,winter,agra,22.2,10.6,0.0,60,24.9,12.9,0.0,57.0
2022-12-15,Azadpur APMC,61.5,650.0,12,winter,agra,21.7,8.2,0.0,63,23.7,12.1,0.0,58.0
2022-12-16,Azadpur APMC,57.3,650.0,12,winter,agra,21.1,8.0,0.0,71,22.2,9.2,0.0,65.0
2022-12-17,Azadpur APMC,60.3,650.0,12,winter,agra,21.6,7.7,0.0,73,22.2,7.6,0.0,71.0
2022-12-19,Azadpur APMC,50.5,650.0,12,winter,agra,21.3,8.0,0.0,82,22.5,8.1,0.0,78.0
2022-12-20,Azadpur APMC,46.4,650.0,12,winter,agra,20.7,8.1,0.0,79,22.2,8.8,0.0,80.0
2022-12-21,Azadpur APMC,52.3,650.0,12,winter,agra,20.4,7.8,0.0,80,22.6,8.8,0.0,77.0
2022-12-22,Azadpur APMC,57.6,650.0,12,winter,agra,20.4,7.7,0.0,82,21.8,9.4,0.0,77.0
2022-12-23,Azadpur APMC,52.0,650.0,12,winter,agra,18.8,7.1,0.0,85,21.8,9.7,0.0,75.0
2022-12-24,Azadpur APMC,52.6,650.0,12,winter,agra,18.9,8.4,0.0,77,22.4,9.3,0.0,71.0
2022-12-26,Azadpur APMC,41.6,650.0,12,winter,agra,18.4,6.0,0.0,85,18.6,7.5,0.0,74.0
2022-12-27,Azadpur APMC,42.0,550.0,12,winter,agra,18.7,6.4,0.0,81,18.4,6.7,0.0,81.0
2022-12-28,Azadpur APMC,42.4,550.0,12,winter,agra,19.5,7.7,0.0,75,19.8,7.3,0.0,78.0
2022-12-29,Azadpur APMC,45.6,650.0,12,winter,agra,20.3,8.7,0.0,77,21.0,7.4,0.0,65.0
2022-12-30,Azadpur APMC,47.6,650.0,12,winter,agra,20.5,10.7,0.0,77,22.4,8.2,0.0,67.0
2022-12-31,Azadpur APMC,48.8,650.0,12,winter,agra,18.9,9.2,0.0,84,21.7,10.5,0.0,79.0
2023-01-02,Azadpur APMC,39.3,650.0,1,winter,agra,17.8,6.4,0.0,80,18.8,7.1,0.0,79.0
2023-01-03,Azadpur APMC,51.7,650.0,1,winter,agra,16.5,5.6,0.0,88,18.3,7.1,0.0,83.0
2023-01-04,Azadpur APMC,55.0,650.0,1,winter,agra,16.5,5.0,0.0,89,17.6,6.6,0.0,84.0
2023-01-05,Azadpur APMC,54.6,650.0,1,winter,agra,15.4,5.1,0.0,90,16.3,5.7,0.0,87.0
2023-01-06,Azadpur APMC,48.5,650.0,1,winter,agra,13.9,4.6,0.0,89,15.2,4.8,0.0,91.0
2023-01-07,Azadpur APMC,47.6,650.0,1,winter,agra,15.0,3.5,0.0,89,14.4,5.1,0.0,90.0
2023-01-09,Azadpur APMC,34.4,650.0,1,winter,agra,17.1,5.6,0.0,91,18.6,4.4,0.0,79.0
2023-01-10,Azadpur APMC,44.0,650.0,1,winter,agra,18.2,7.3,0.0,91,18.8,5.6,0.0,86.0
2023-01-11,Azadpur APMC,51.8,1000.0,1,winter,agra,19.3,7.4,0.0,88,20.4,7.7,0.0,88.0
2023-01-13,Azadpur APMC,50.6,1000.0,1,winter,agra,18.0,10.2,14.3,88,20.9,10.8,0.0,82.0
2023-01-18,Azadpur APMC,49.9,1050.0,1,winter,agra,16.5,3.2,0.0,68,16.6,3.9,0.0,69.0
2023-01-19,Azadpur APMC,52.4,1050.0,1,winter,agra,18.0,6.2,0.0,68,17.3,3.1,0.0,69.0
2023-01-20,Azadpur APMC,53.3,1050.0,1,winter,agra,19.7,9.8,0.0,73,18.6,5.0,0.0,70.0
2023-01-21,Azadpur APMC,57.5,1000.0,1,winter,agra,20.3,7.0,0.0,80,20.8,7.4,0.0,70.0
2023-01-23,Azadpur APMC,32.5,950.0,1,winter,agra,22.7,8.5,0.0,65,23.3,9.3,0.0,70.0
2023-01-24,Azadpur APMC,44.1,950.0,1,winter,agra,20.9,12.1,6.3,83,22.5,9.4,4.4,76.0
2023-01-25,Azadpur APMC,55.7,950.0,1,winter,agra,21.0,12.3,0.8,85,21.8,14.3,10.6,87.0
2023-01-27,Azadpur APMC,36.0,950.0,1,winter,agra,18.6,7.4,0.0,71,20.7,12.0,0.3,82.0
2023-01-28,Azadpur APMC,57.0,950.0,1,winter,agra,20.6,6.0,0.0,71,19.0,8.1,0.0,71.0
2023-01-30,Azadpur APMC,38.4,750.0,1,winter,agra,16.4,10.5,26.0,86,19.5,8.9,9.6,80.0
2023-01-31,Azadpur APMC,40.4,650.0,1,winter,agra,20.5,9.4,0.0,85,18.4,11.4,18.8,86.0
2023-02-02,Azadpur APMC,67.1,750.0,2,winter,agra,21.7,9.0,0.0,69,20.5,9.7,0.0,80.0
2023-02-03,Azadpur APMC,69.9,550.0,2,winter,agra,22.4,9.1,0.0,71,21.7,9.2,0.0,73.0
2023-02-04,Azadpur APMC,62.5,550.0,2,winter,agra,22.8,10.0,0.0,69,23.0,9.3,0.0,75.0
2023-02-07,Azadpur APMC,44.1,550.0,2,winter,agra,23.5,12.5,0.0,72,25.8,10.9,0.0,77.0
2023-02-08,Azadpur APMC,60.3,550.0,2,winter,agra,22.8,9.7,0.0,61,24.6,12.8,0.0,67.0
2023-02-09,Azadpur APMC,65.1,450.0,2,winter,agra,26.0,9.3,0.0,65,23.1,10.7,0.0,66.0
2023-02-10,Azadpur APMC,55.6,450.0,2,winter,agra,25.7,12.8,0.0,70,25.8,9.1,0.0,72.0
2023-02-11,Azadpur APMC,68.5,450.0,2,winter,agra,26.2,13.3,0.0,65,26.8,11.9,0.0,71.0
2023-02-13,Azadpur APMC,38.7,450.0,2,winter,agra,21.5,9.4,0.0,37,23.4,11.4,0.0,53.0
2023-02-14,Azadpur APMC,55.6,500.0,2,winter,agra,23.9,10.0,0.0,47,21.9,10.6,0.0,39.0
2023-02-15,Azadpur APMC,59.6,500.0,2,winter,agra,26.3,12.3,0.0,56,23.6,9.3,0.0,49.0
2023-02-16,Azadpur APMC,53.2,500.0,2,winter,agra,26.4,11.2,0.0,71,26.1,11.7,0.0,61.0
2023-02-17,Azadpur APMC,56.6,500.0,2,winter,agra,26.9,12.8,0.0,76,26.2,11.9,0.0,73.0
2023-02-18,Azadpur APMC,46.7,500.0,2,winter,agra,26.5,12.6,0.0,77,26.6,13.2,0.0,72.0
2023-02-20,Azadpur APMC,46.8,500.0,2,winter,agra,31.1,15.1,0.0,62,28.2,13.5,0.0,74.0
2023-02-21,Azadpur APMC,57.8,500.0,2,winter,agra,29.6,15.6,0.0,57,31.1,14.4,0.0,67.0
2023-02-22,Azadpur APMC,55.1,500.0,2,winter,agra,28.7,13.9,0.0,62,30.1,15.7,0.0,54.0
2023-02-23,Azadpur APMC,51.5,500.0,2,winter,agra,28.1,13.5,0.0,53,30.1,16.4,0.0,62.0
2023-02-24,Azadpur APMC,54.7,600.0,2,winter,agra,28.3,12.2,0.0,51,29.1,15.0,0.0,55.0
2023-02-25,Azadpur APMC,52.9,750.0,2,winter,agra,28.5,13.0,0.0,54,27.3,13.8,0.0,54.0
2023-03-01,Azadpur APMC,48.7,600.0,3,summer,agra,30.0,16.3,0.0,48,29.7,14.6,0.0,58.0
2023-03-02,Azadpur APMC,52.9,600.0,3,summer,agra,30.3,15.9,0.0,54,30.6,15.4,0.0,56.0
2023-03-03,Azadpur APMC,52.6,600.0,3,summer,agra,31.1,16.8,0.0,54,30.3,15.3,0.0,59.0
2023-03-04,Azadpur APMC,51.1,750.0,3,summer,agra,30.4,17.3,0.0,54,30.6,16.1,0.0,60.0
2023-03-06,Azadpur APMC,42.5,750.0,3,summer,agra,29.2,15.5,0.0,50,30.1,16.7,0.0,60.0
2023-03-07,Azadpur APMC,48.6,750.0,3,summer,agra,29.1,15.2,0.0,50,29.3,16.9,0.0,55.0
2023-03-09,Azadpur APMC,15.1,1050.0,3,summer,agra,28.5,16.1,0.0,59,28.3,16.2,2.4,62.0
2023-03-10,Azadpur APMC,13.5,1050.0,3,summer,agra,29.8,15.5,0.0,56,24.5,16.5,1.9,78.0
2023-03-11,Azadpur APMC,53.8,1050.0,3,summer,agra,30.3,16.8,0.0,50,29.0,14.7,0.0,69.0
2023-03-13,Azadpur APMC,37.6,1050.0,3,summer,agra,32.3,17.8,0.0,49,30.8,15.7,0.0,60.0
2023-03-14,Azadpur APMC,42.3,1050.0,3,summer,agra,32.0,17.4,0.0,48,32.0,17.9,0.0,56.0
2023-03-15,Azadpur APMC,47.6,1050.0,3,summer,agra,32.6,18.1,0.0,43,31.9,17.5,1.0,55.0
2023-03-22,Azadpur APMC,30.4,950.0,3,summer,agra,26.2,14.5,0.0,77,24.7,14.9,6.4,83.0
2023-03-23,Azadpur APMC,31.4,950.0,3,summer,agra,28.0,15.5,0.0,67,26.9,14.7,0.0,76.0
2023-03-24,Azadpur APMC,42.0,800.0,3,summer,agra,27.2,17.0,18.4,70,28.5,16.3,0.0,70.0
2023-03-25,Azadpur APMC,49.0,800.0,3,summer,agra,26.3,17.3,1.3,79,28.3,17.4,3.1,68.0
2023-03-27,Azadpur APMC,29.1,800.0,3,summer,agra,26.7,15.1,0.0,66,29.7,18.1,0.0,57.0
2023-03-28,Azadpur APMC,49.4,800.0,3,summer,agra,28.4,15.7,0.0,64,29.2,17.1,0.0,53.0
2023-03-29,Azadpur APMC,47.3,800.0,3,summer,agra,31.2,16.8,0.2,58,30.5,16.4,0.0,52.0
2023-03-30,Azadpur APMC,39.1,800.0,3,summer,agra,30.8,17.5,12.4,71,32.5,17.9,0.0,47.0
2023-03-31,Azadpur APMC,27.1,650.0,3,summer,agra,23.8,17.2,6.0,83,32.3,18.8,0.7,53.0
2023-04-01,Azadpur APMC,38.3,650.0,4,summer,solan,25.3,15.9,1.2,81,12.9,9.2,20.4,86.0
2023-04-03,Azadpur APMC,30.6,650.0,4,summer,solan,31.2,16.2,0.0,64,16.9,7.2,2.3,78.0
2023-04-08,Azadpur APMC,36.3,1250.0,4,summer,solan,32.4,17.1,0.0,31,22.0,6.2,0.0,57.0
2023-04-10,Azadpur APMC,28.3,1250.0,4,summer,solan,33.9,19.2,0.0,28,23.0,8.9,0.0,56.0
2023-04-12,Azadpur APMC,35.2,1250.0,4,summer,solan,36.9,22.7,0.0,27,23.9,10.4,0.0,45.0
2023-04-13,Azadpur APMC,29.4,1250.0,4,summer,solan,37.8,21.4,0.0,28,24.9,12.1,0.0,44.0
2023-04-14,Azadpur APMC,34.0,1250.0,4,summer,solan,37.8,21.4,0.0,27,25.9,11.8,0.0,46.0
2023-04-15,Azadpur APMC,33.8,1250.0,4,summer,solan,39.3,21.1,0.0,24,27.9,12.2,0.0,45.0
2023-04-17,Azadpur APMC,34.9,1250.0,4,summer,solan,39.2,24.7,0.0,25,27.5,12.2,0.0,41.0
2023-04-18,Azadpur APMC,43.6,1050.0,4,summer,solan,39.1,25.0,0.0,24,29.2,12.9,0.0,37.0
2023-04-19,Azadpur APMC,39.3,950.0,4,summer,solan,37.5,25.2,0.0,36,28.9,14.4,6.9,47.0
2023-04-20,Azadpur APMC,35.6,1050.0,4,summer,solan,34.6,23.2,0.0,44,22.7,12.8,14.1,68.0
2023-04-21,Azadpur APMC,50.3,1050.0,4,summer,solan,35.1,22.7,0.0,34,19.8,11.6,17.8,74.0
2023-04-22,Azadpur APMC,44.2,1000.0,4,summer,solan,34.8,21.3,0.0,26,21.0,9.5,0.4,55.0
2023-04-24,Azadpur APMC,31.8,1000.0,4,summer,solan,32.1,20.1,0.0,36,21.8,7.7,0.0,53.0
2023-04-25,Azadpur APMC,47.3,1000.0,4,summer,solan,33.3,20.5,0.0,37,21.1,10.7,0.9,55.0
2023-04-26,Azadpur APMC,38.2,1000.0,4,summer,solan,35.3,21.7,0.0,33,21.0,9.5,0.2,66.0
2023-04-27,Azadpur APMC,37.0,1000.0,4,summer,solan,36.4,23.2,0.0,31,21.8,10.5,1.3,64.0
2023-05-01,Azadpur APMC,28.6,800.0,5,summer,solan,26.8,19.8,4.5,81,20.6,11.2,23.3,77.0
2023-05-02,Azadpur APMC,17.5,800.0,5,summer,solan,27.1,19.5,6.6,84,15.9,12.1,13.8,86.0
2023-05-03,Azadpur APMC,27.4,1000.0,5,summer,solan,27.6,20.2,3.1,82,17.9,11.3,2.5,82.0
2023-05-04,Azadpur APMC,24.0,1000.0,5,summer,solan,29.1,19.0,0.0,76,19.6,11.4,15.0,79.0
2023-05-06,Azadpur APMC,42.7,1000.0,5,summer,solan,34.4,20.0,0.1,57,20.5,11.1,5.2,72.0
2023-05-08,Azadpur APMC,7.3,1000.0,5,summer,solan,36.1,21.7,0.0,44,24.7,10.2,0.7,58.0
2023-05-09,Azadpur APMC,32.6,1000.0,5,summer,solan,37.2,21.1,0.0,35,23.3,10.7,1.8,56.0
2023-05-10,Azadpur APMC,37.5,1000.0,5,summer,solan,36.8,21.8,0.0,22,23.2,11.0,1.4,53.0
2023-05-11,Azadpur APMC,35.4,1000.0,5,summer,solan,38.8,22.3,0.0,22,23.8,11.0,0.0,49.0
2023-05-12,Azadpur APMC,38.8,1000.0,5,summer,solan,41.7,23.5,0.0,24,25.9,11.3,0.0,50.0
2023-05-13,Azadpur APMC,30.2,1000.0,5,summer,solan,41.5,24.8,0.0,26,27.7,11.3,0.0,48.0
2023-05-15,Azadpur APMC,25.8,850.0,5,summer,solan,40.2,24.6,0.0,26,28.4,14.1,0.7,45.0
2023-05-16,Azadpur APMC,43.1,850.0,5,summer,solan,38.9,26.4,0.0,28,27.7,13.5,0.0,44.0
2023-05-17,Azadpur APMC,37.6,850.0,5,summer,solan,41.0,25.4,0.0,26,28.3,12.3,0.0,44.0
2023-05-18,Azadpur APMC,29.9,850.0,5,summer,solan,38.0,24.1,0.0,40,29.0,15.3,0.7,43.0
2023-05-19,Azadpur APMC,35.8,850.0,5,summer,solan,38.2,25.5,0.0,36,24.1,13.6,4.3,64.0
2023-05-20,Azadpur APMC,35.8,850.0,5,summer,solan,40.3,24.2,0.0,30,26.1,14.1,0.0,53.0
2023-05-22,Azadpur APMC,22.2,850.0,5,summer,solan,42.6,29.3,0.0,20,30.1,13.9,0.0,42.0
2023-05-23,Azadpur APMC,34.9,850.0,5,summer,solan,43.5,30.0,2.4,29,31.7,14.9,0.0,37.0
2023-05-24,Azadpur APMC,33.4,850.0,5,summer,solan,38.1,26.3,0.0,51,30.7,16.5,0.4,45.0
2023-05-25,Azadpur APMC,30.5,950.0,5,summer,solan,33.3,23.9,0.7,65,25.7,15.7,12.9,68.0
2023-05-26,Azadpur APMC,32.9,1100.0,5,summer,solan,33.8,22.7,0.0,60,22.9,14.6,7.6,75.0
2023-05-27,Azadpur APMC,30.7,1100.0,5,summer,solan,33.4,21.0,15.4,67,22.3,12.4,2.8,72.0
2023-05-29,Azadpur APMC,13.2,1100.0,5,summer,solan,33.2,22.6,2.8,74,25.2,12.5,0.3,59.0
2023-05-30,Azadpur APMC,21.6,1100.0,5,summer,solan,33.5,22.7,0.5,69,24.2,15.0,8.4,68.0
2023-05-31,Azadpur APMC,41.5,1100.0,5,summer,solan,30.1,21.8,2.3,78,22.8,15.6,5.9,72.0
2023-06-01,Azadpur APMC,33.7,1100.0,6,monsoon,solan,33.0,19.9,0.0,69,20.1,14.5,55.7,81.0
2023-06-02,Azadpur APMC,40.0,950.0,6,monsoon,solan,32.5,22.1,1.6,60,23.5,12.6,2.9,72.0
2023-06-03,Azadpur APMC,45.3,950.0,6,monsoon,solan,34.9,22.3,0.0,55,21.6,13.4,15.2,75.0
2023-06-05,Azadpur APMC,25.3,950.0,6,monsoon,solan,37.3,25.1,0.0,51,26.3,13.5,0.0,64.0
2023-06-06,Azadpur APMC,40.1,1000.0,6,monsoon,solan,38.8,25.0,0.1,42,25.9,13.7,1.0,66.0
2023-06-07,Azadpur APMC,35.2,950.0,6,monsoon,solan,38.4,25.1,0.0,37,24.3,13.8,2.4,63.0
2023-06-08,Azadpur APMC,37.7,1000.0,6,monsoon,solan,39.4,25.9,0.0,35,25.1,14.2,1.3,61.0
2023-06-09,Azadpur APMC,36.4,1000.0,6,monsoon,solan,41.4,25.9,0.0,34,26.1,14.7,0.6,62.0
2023-06-10,Azadpur APMC,33.6,1000.0,6,monsoon,solan,41.1,27.7,0.2,39,28.6,15.3,0.0,56.0
2023-06-12,Azadpur APMC,33.5,1000.0,6,monsoon,solan,41.2,29.0,0.0,45,28.0,17.6,0.3,69.0
2023-06-13,Azadpur APMC,47.7,1000.0,6,monsoon,solan,42.3,30.2,0.0,35,28.2,17.6,0.0,64.0
2023-06-14,Azadpur APMC,42.4,1000.0,6,monsoon,solan,41.0,30.7,0.1,36,29.4,20.0,0.5,63.0
2023-06-15,Azadpur APMC,35.9,1000.0,6,monsoon,solan,37.5,30.5,0.2,46,27.6,18.3,5.0,69.0
2023-06-16,Azadpur APMC,24.5,1000.0,6,monsoon,solan,38.2,26.6,1.1,52,25.7,17.4,4.7,72.0
2023-06-17,Azadpur APMC,30.3,1000.0,6,monsoon,solan,39.4,27.6,0.3,52,27.4,16.0,0.6,70.0
2023-06-19,Azadpur APMC,15.4,1000.0,6,monsoon,solan,32.1,28.1,7.2,70,26.3,20.2,0.8,73.0
2023-06-20,Azadpur APMC,32.2,750.0,6,monsoon,solan,36.8,27.2,4.3,66,28.6,18.2,5.6,72.0
2023-06-21,Azadpur APMC,43.9,750.0,6,monsoon,solan,35.8,26.3,19.5,78,28.0,18.7,2.7,73.0
2023-06-22,Azadpur APMC,53.6,550.0,6,monsoon,solan,36.2,27.6,0.8,74,27.6,19.0,3.4,80.0
2023-06-23,Azadpur APMC,42.6,550.0,6,monsoon,solan,35.5,26.6,3.3,78,27.5,18.9,3.4,85.0
2023-06-24,Azadpur APMC,39.0,550.0,6,monsoon,solan,34.2,27.6,11.8,79,27.5,20.1,5.4,87.0
2023-06-26,Azadpur APMC,13.3,950.0,6,monsoon,solan,32.9,25.2,8.2,84,26.1,19.9,35.7,89.0
2023-06-27,Azadpur APMC,48.6,800.0,6,monsoon,solan,33.6,25.6,5.2,83,25.2,19.1,12.1,87.0
2023-06-28,Azadpur APMC,49.7,1000.0,6,monsoon,solan,33.7,26.2,16.5,83,26.0,19.3,9.7,82.0
2023-06-29,Azadpur APMC,42.8,1000.0,6,monsoon,solan,32.1,26.3,18.4,83,26.8,18.4,4.2,81.0
2023-06-30,Azadpur APMC,39.4,1000.0,6,monsoon,solan,33.6,25.5,9.2,82,25.4,18.3,13.2,86.0
2023-07-01,Azadpur APMC,47.6,1000.0,7,monsoon,agra,33.0,23.9,1.7,81,31.5,25.2,5.9,86.0
2023-07-03,Azadpur APMC,33.2,1000.0,7,monsoon,agra,36.5,27.3,6.4,74,34.5,26.2,0.4,76.0
2023-07-04,Azadpur APMC,50.5,1000.0,7,monsoon,agra,36.4,26.3,0.4,74,35.6,26.6,0.1,75.0
2023-07-05,Azadpur APMC,49.9,1000.0,7,monsoon,agra,33.1,24.8,11.1,82,35.6,28.2,1.9,77.0
2023-07-06,Azadpur APMC,51.5,1150.0,7,monsoon,agra,33.2,25.6,1.0,79,33.2,27.0,0.9,79.0
2023-07-07,Azadpur APMC,55.6,1150.0,7,monsoon,agra,32.9,25.3,6.3,83,32.8,26.4,0.1,78.0
2023-07-08,Azadpur APMC,48.7,1150.0,7,monsoon,agra,29.5,26.1,36.0,90,33.5,26.4,7.7,81.0
2023-07-10,Azadpur APMC,10.4,1400.0,7,monsoon,agra,31.0,26.0,25.1,89,32.5,25.6,19.6,88.0
2023-07-11,Azadpur APMC,19.5,1850.0,7,monsoon,agra,33.3,24.9,2.9,85,32.8,25.8,11.3,86.0
2023-07-12,Azadpur APMC,20.0,1850.0,7,monsoon,agra,33.3,25.9,13.1,87,32.0,25.4,11.9,88.0
2023-07-13,Azadpur APMC,20.0,1850.0,7,monsoon,agra,33.3,25.9,3.6,83,32.9,25.8,8.6,87.0
2023-07-14,Azadpur APMC,15.0,3250.0,7,monsoon,agra,33.6,25.8,16.7,84,31.9,26.4,0.8,88.0
2023-07-15,Azadpur APMC,18.5,2750.0,7,monsoon,agra,33.2,26.2,13.1,85,33.6,25.9,3.0,81.0
2023-07-17,Azadpur APMC,10.0,2750.0,7,monsoon,agra,33.3,26.7,7.6,85,32.9,25.4,33.2,83.0
2023-07-18,Azadpur APMC,18.0,2750.0,7,monsoon,agra,31.5,25.6,18.0,87,33.0,26.4,3.2,84.0
2023-07-19,Azadpur APMC,17.1,2750.0,7,monsoon,agra,33.0,26.5,9.9,86,33.0,26.8,3.1,83.0
2023-07-20,Azadpur APMC,16.4,2750.0,7,monsoon,agra,35.2,27.3,27.9,80,33.9,27.1,1.5,80.0
2023-07-21,Azadpur APMC,14.3,3000.0,7,monsoon,agra,35.5,27.2,2.8,76,35.5,27.6,0.1,73.0
2023-07-22,Azadpur APMC,11.4,3500.0,7,monsoon,agra,34.3,26.9,9.6,79,35.5,28.9,0.0,69.0
2023-07-24,Azadpur APMC,11.0,4000.0,7,monsoon,agra,34.0,27.5,6.1,80,34.4,27.6,0.4,73.0
2023-07-25,Azadpur APMC,12.2,4000.0,7,monsoon,agra,34.2,25.9,14.4,82,34.6,26.9,7.0,77.0
2023-07-26,Azadpur APMC,15.6,4000.0,7,monsoon,agra,29.8,25.8,23.8,89,35.1,26.4,1.4,82.0
2023-07-27,Azadpur APMC,14.8,3750.0,7,monsoon,agra,31.9,26.5,9.0,86,32.0,26.4,11.6,86.0
2023-07-29,Azadpur APMC,16.2,2750.0,7,monsoon,agra,31.4,25.1,6.4,84,33.2,26.7,4.7,84.0
2023-07-31,Azadpur APMC,13.4,2750.0,7,monsoon,agra,33.7,25.6,1.1,79,32.9,25.2,3.7,82.0
2023-08-01,Azadpur APMC,22.4,2750.0,8,monsoon,agra,34.7,26.9,0.1,77,34.1,26.7,0.2,76.0
2023-08-02,Azadpur APMC,22.4,2750.0,8,monsoon,agra,34.9,27.5,2.4,79,34.5,27.6,0.8,76.0
2023-08-03,Azadpur APMC,19.2,2750.0,8,monsoon,agra,34.0,26.6,13.5,82,33.9,26.7,7.0,83.0
2023-08-05,Azadpur APMC,34.0,3250.0,8,monsoon,agra,33.6,26.7,5.1,84,31.4,25.8,42.9,89.0
2023-08-07,Azadpur APMC,13.5,3250.0,8,monsoon,agra,34.1,26.9,0.2,71,33.9,26.5,0.4,76.0
2023-08-08,Azadpur APMC,17.5,3250.0,8,monsoon,agra,34.2,26.5,0.0,70,33.2,27.1,0.0,69.0
2023-08-09,Azadpur APMC,26.1,2500.0,8,monsoon,agra,34.6,26.9,0.0,69,33.0,27.2,0.0,70.0
2023-08-10,Azadpur APMC,16.1,2500.0,8,monsoon,agra,34.1,26.9,0.4,71,33.1,26.9,0.4,70.0
2023-08-14,Azadpur APMC,28.7,2850.0,8,monsoon,agra,33.7,26.5,0.2,69,33.1,27.0,0.5,69.0
2023-08-16,Azadpur APMC,27.8,2000.0,8,monsoon,agra,36.4,26.1,0.0,68,33.3,25.6,0.4,74.0
2023-08-17,Azadpur APMC,12.8,2000.0,8,monsoon,agra,36.7,27.6,0.0,59,34.7,26.9,1.3,72.0
2023-08-18,Azadpur APMC,6.7,2250.0,8,monsoon,agra,36.7,28.0,0.2,60,35.9,28.2,0.0,63.0
2023-08-19,Azadpur APMC,44.2,1500.0,8,monsoon,agra,34.6,26.6,7.3,74,35.5,28.1,0.0,65.0
2023-08-21,Azadpur APMC,48.5,1500.0,8,monsoon,agra,36.9,28.3,0.9,68,34.6,26.1,3.3,77.0
2023-08-22,Azadpur APMC,50.4,1500.0,8,monsoon,agra,35.3,27.9,11.1,77,35.9,27.8,0.4,74.0
2023-08-23,Azadpur APMC,58.4,1500.0,8,monsoon,agra,29.9,25.6,21.1,88,34.2,27.0,24.2,80.0
2023-08-24,Azadpur APMC,49.2,1350.0,8,monsoon,agra,33.4,25.0,0.0,74,28.0,26.0,76.3,94.0
2023-08-25,Azadpur APMC,66.5,950.0,8,monsoon,agra,34.2,25.5,0.0,66,32.3,25.6,0.7,76.0
2023-08-26,Azadpur APMC,65.6,950.0,8,monsoon,agra,34.5,26.8,0.0,63,33.0,25.3,0.0,69.0
2023-08-28,Azadpur APMC,40.4,1000.0,8,monsoon,agra,34.7,26.5,1.7,63,33.6,26.0,0.0,65.0
2023-08-29,Azadpur APMC,54.2,1000.0,8,monsoon,agra,35.9,25.7,0.0,58,32.8,25.7,0.4,70.0
2023-08-30,Azadpur APMC,41.8,1000.0,8,monsoon,agra,37.3,26.5,0.0,55,33.6,25.6,0.0,66.0
2023-08-31,Azadpur APMC,32.7,1000.0,8,monsoon,agra,37.3,25.9,0.0,57,34.2,25.9,1.7,68.0
2023-09-01,Azadpur APMC,42.0,1000.0,9,monsoon,agra,38.4,27.1,0.0,52,35.2,24.8,0.0,67.0
2023-09-02,Azadpur APMC,44.0,900.0,9,monsoon,agra,38.1,27.3,0.0,49,36.1,26.2,0.0,65.0
2023-09-04,Azadpur APMC,20.3,900.0,9,monsoon,agra,37.9,25.7,0.0,51,35.4,26.1,0.0,60.0
2023-09-05,Azadpur APMC,61.1,900.0,9,monsoon,agra,36.4,26.9,4.8,65,36.1,25.4,0.0,57.0
2023-09-06,Azadpur APMC,41.4,1000.0,9,monsoon,agra,36.3,24.9,3.5,61,34.1,25.9,8.5,78.0
2023-09-07,Azadpur APMC,67.4,1000.0,9,monsoon,agra,39.0,27.6,0.0,57,33.5,26.2,2.9,73.0
2023-09-08,Azadpur APMC,48.8,1000.0,9,monsoon,agra,36.8,25.9,1.6,65,34.4,26.9,2.9,71.0
2023-09-09,Azadpur APMC,44.7,1000.0,9,monsoon,agra,32.8,25.9,3.8,79,33.4,26.4,1.9,79.0
2023-09-11,Azadpur APMC,26.8,1000.0,9,monsoon,agra,32.1,24.2,0.4,82,29.2,24.4,43.8,93.0
2023-09-14,Azadpur APMC,57.1,1050.0,9,monsoon,agra,34.1,26.7,7.0,82,33.0,25.0,1.8,84.0
2023-09-15,Azadpur APMC,70.0,1150.0,9,monsoon,agra,32.0,26.1,7.4,88,32.5,25.9,4.7,84.0
2023-09-16,Azadpur APMC,50.2,1150.0,9,monsoon,agra,31.6,26.4,8.4,84,33.5,26.2,0.7,78.0
2023-09-18,Azadpur APMC,40.0,1150.0,9,monsoon,agra,31.6,24.8,0.6,81,30.7,25.9,2.0,77.0
2023-09-19,Azadpur APMC,52.6,1150.0,9,monsoon,agra,33.0,24.9,0.2,78,31.7,24.2,18.6,78.0
2023-09-20,Azadpur APMC,47.0,1150.0,9,monsoon,agra,33.1,25.7,0.5,77,33.1,24.7,0.1,78.0
2023-09-21,Azadpur APMC,44.3,1150.0,9,monsoon,agra,33.1,26.0,4.2,82,33.6,25.7,1.3,78.0
2023-09-22,Azadpur APMC,46.8,1300.0,9,monsoon,agra,33.0,25.4,0.5,81,33.7,25.5,0.9,81.0
2023-09-23,Azadpur APMC,41.4,1300.0,9,monsoon,agra,32.3,25.7,1.0,84,32.9,25.5,1.1,82.0
2023-09-25,Azadpur APMC,41.9,1300.0,9,monsoon,agra,32.7,24.8,0.0,78,32.6,24.7,1.4,80.0
2023-09-26,Azadpur APMC,39.2,1200.0,9,monsoon,agra,32.9,25.2,0.0,75,33.7,25.0,0.7,74.0
2023-09-27,Azadpur APMC,35.2,1200.0,9,monsoon,agra,33.2,23.5,0.0,70,33.2,25.5,0.0,75.0
2023-09-28,Azadpur APMC,41.5,1300.0,9,monsoon,agra,33.0,20.6,0.0,66,34.3,25.0,0.0,68.0
2023-09-29,Azadpur APMC,37.1,1300.0,9,monsoon,agra,33.1,20.8,0.0,66,33.3,21.7,0.0,60.0
2023-09-30,Azadpur APMC,18.7,1300.0,9,monsoon,agra,34.7,22.4,0.0,61,33.7,20.5,0.0,62.0
2023-10-03,Azadpur APMC,36.2,1200.0,10,post_monsoon,agra,34.1,19.3,0.0,45,34.8,22.9,0.0,46.0
2023-10-04,Azadpur APMC,59.4,1200.0,10,post_monsoon,agra,34.0,18.8,0.0,56,34.5,20.6,0.0,37.0
2023-10-05,Azadpur APMC,61.5,1200.0,10,post_monsoon,agra,34.4,20.0,0.0,54,34.2,19.8,0.0,46.0
2023-10-06,Azadpur APMC,52.4,1200.0,10,post_monsoon,agra,35.4,19.0,0.0,54,34.7,20.9,0.0,50.0
2023-10-07,Azadpur APMC,56.0,1350.0,10,post_monsoon,agra,35.3,21.2,0.0,63,36.2,18.8,0.0,49.0
2023-10-09,Azadpur APMC,52.8,1400.0,10,post_monsoon,agra,35.6,24.4,0.0,58,36.2,22.8,0.0,54.0
2023-10-10,Azadpur APMC,86.7,1500.0,10,post_monsoon,agra,34.1,23.7,0.4,57,36.5,25.8,0.0,46.0
2023-10-11,Azadpur APMC,73.4,1400.0,10,post_monsoon,agra,33.8,21.2,0.0,58,35.6,25.2,0.0,45.0
2023-10-12,Azadpur APMC,83.2,1400.0,10,post_monsoon,agra,33.3,18.4,0.0,56,35.5,23.4,0.0,50.0
2023-10-13,Azadpur APMC,73.2,1350.0,10,post_monsoon,agra,34.9,20.5,0.0,57,35.0,20.7,0.0,44.0
2023-10-14,Azadpur APMC,75.6,1350.0,10,post_monsoon,agra,35.2,22.0,0.0,56,35.6,21.2,0.0,51.0
2023-10-16,Azadpur APMC,59.1,850.0,10,post_monsoon,agra,28.9,20.0,3.3,66,35.6,21.6,0.0,44.0
2023-10-17,Azadpur APMC,70.5,850.0,10,post_monsoon,agra,28.5,19.0,2.6,72,32.9,22.2,0.2,57.0
2023-10-18,Azadpur APMC,45.5,1050.0,10,post_monsoon,agra,29.1,17.3,0.0,66,29.5,20.0,2.3,74.0
2023-10-19,Azadpur APMC,84.4,750.0,10,post_monsoon,agra,28.6,16.8,0.0,64,30.2,17.8,0.0,62.0
2023-10-20,Azadpur APMC,60.6,750.0,10,post_monsoon,agra,29.2,17.1,0.0,65,30.4,17.4,0.0,56.0
2023-10-21,Azadpur APMC,94.6,750.0,10,post_monsoon,agra,29.7,16.9,0.0,64,31.1,17.8,0.0,58.0
2023-10-24,Azadpur APMC,32.3,750.0,10,post_monsoon,agra,30.7,17.6,0.0,61,31.3,17.9,0.0,58.0
2023-10-25,Azadpur APMC,77.4,750.0,10,post_monsoon,agra,30.9,17.0,0.0,61,31.5,18.1,0.0,51.0
2023-10-26,Azadpur APMC,75.2,1000.0,10,post_monsoon,agra,30.7,16.7,0.0,59,31.8,17.7,0.0,50.0
2023-10-27,Azadpur APMC,81.9,800.0,10,post_monsoon,agra,30.4,16.0,0.0,55,30.7,17.6,0.0,53.0
2023-10-28,Azadpur APMC,93.6,800.0,10,post_monsoon,agra,30.0,17.9,0.0,56,31.2,16.5,0.0,48.0
2023-10-30,Azadpur APMC,76.9,750.0,10,post_monsoon,agra,31.7,18.0,0.0,68,32.0,17.6,0.0,57.0
2023-10-31,Azadpur APMC,96.9,750.0,10,post_monsoon,agra,30.9,19.0,0.0,69,32.9,18.0,0.0,60.0
2023-11-01,Azadpur APMC,48.0,650.0,11,post_monsoon,agra,30.4,19.1,0.0,67,31.7,18.6,0.0,64.0
2023-11-02,Azadpur APMC,60.9,650.0,11,post_monsoon,agra,30.4,18.7,0.0,68,30.9,18.4,0.0,65.0
2023-11-03,Azadpur APMC,91.6,650.0,11,post_monsoon,agra,28.5,17.7,0.6,71,31.0,18.1,0.0,61.0
2023-11-04,Azadpur APMC,61.5,550.0,11,post_monsoon,agra,29.6,15.7,0.0,68,31.0,17.1,0.3,63.0
2023-11-06,Azadpur APMC,63.8,550.0,11,post_monsoon,agra,29.4,15.2,0.0,63,30.6,17.2,0.0,61.0
2023-11-07,Azadpur APMC,72.5,550.0,11,post_monsoon,agra,29.9,16.0,0.0,67,29.9,17.3,0.0,68.0
2023-11-08,Azadpur APMC,67.2,1100.0,11,post_monsoon,agra,29.5,16.9,0.0,68,31.2,16.7,0.0,65.0
2023-11-09,Azadpur APMC,44.0,1400.0,11,post_monsoon,agra,29.2,16.6,0.0,68,30.9,16.6,0.0,61.0
2023-11-10,Azadpur APMC,22.2,750.0,11,post_monsoon,agra,26.1,16.8,1.6,76,31.4,16.5,0.0,58.0
2023-11-11,Azadpur APMC,55.5,650.0,11,post_monsoon,agra,25.1,14.9,0.0,78,29.3,17.9,3.1,67.0
2023-11-13,Azadpur APMC,25.3,650.0,11,post_monsoon,agra,25.3,13.1,0.0,75,25.8,15.0,0.0,73.0
2023-11-14,Azadpur APMC,54.8,750.0,11,post_monsoon,agra,25.1,14.3,0.0,73,26.1,14.1,0.0,74.0
2023-11-15,Azadpur APMC,32.0,750.0,11,post_monsoon,agra,25.6,12.8,0.0,74,25.7,15.5,0.0,75.0
2023-11-16,Azadpur APMC,54.0,750.0,11,post_monsoon,agra,26.0,13.3,0.0,72,25.8,13.8,0.0,68.0
2023-11-17,Azadpur APMC,67.9,750.0,11,post_monsoon,agra,26.7,14.8,0.0,74,25.5,12.4,0.0,66.0
2023-11-18,Azadpur APMC,25.2,750.0,11,post_monsoon,agra,26.1,14.2,0.0,73,25.9,13.0,0.0,72.0
2023-11-20,Azadpur APMC,7.5,650.0,11,post_monsoon,agra,25.4,13.7,0.0,69,26.1,13.7,0.0,70.0
2023-11-21,Azadpur APMC,1.8,650.0,11,post_monsoon,agra,25.3,13.3,0.0,72,26.1,14.0,0.0,68.0
2023-11-22,Azadpur APMC,11.9,550.0,11,post_monsoon,agra,24.9,12.8,0.0,68,26.2,14.3,0.0,71.0
2023-11-23,Azadpur APMC,36.0,550.0,11,post_monsoon,agra,24.6,11.0,0.0,72,24.9,13.4,0.0,69.0
2023-11-24,Azadpur APMC,41.8,550.0,11,post_monsoon,agra,25.0,13.8,0.0,72,25.0,11.5,0.0,72.0
2023-11-25,Azadpur APMC,30.8,550.0,11,post_monsoon,agra,25.0,11.8,0.0,70,25.0,13.0,0.0,72.0
2023-11-27,Azadpur APMC,53.5,550.0,11,post_monsoon,agra,24.2,15.5,2.5,77,25.2,12.9,0.0,75.0
2023-11-28,Azadpur APMC,57.3,550.0,11,post_monsoon,agra,20.4,15.4,2.8,87,23.7,16.1,0.9,77.0
2023-11-29,Azadpur APMC,59.9,550.0,11,post_monsoon,agra,24.4,14.0,0.2,81,24.6,15.9,1.5,77.0
2023-11-30,Azadpur APMC,56.5,550.0,11,post_monsoon,agra,21.2,14.3,1.5,86,24.8,14.2,0.0,81.0
2023-12-01,Azadpur APMC,60.6,550.0,12,winter,agra,24.0,14.3,0.7,82,24.8,14.7,0.9,84.0
2023-12-02,Azadpur APMC,61.8,550.0,12,winter,agra,24.1,13.7,0.0,79,24.2,15.5,0.1,87.0
2023-12-04,Azadpur APMC,32.1,550.0,12,winter,agra,22.8,14.2,0.0,73,24.8,14.8,8.6,77.0
2023-12-05,Azadpur APMC,60.4,700.0,12,winter,agra,23.2,12.1,0.0,75,22.0,15.0,10.5,85.0
2023-12-06,Azadpur APMC,57.1,700.0,12,winter,agra,23.5,11.6,0.0,77,23.1,12.9,0.0,85.0
2023-12-07,Azadpur APMC,65.1,700.0,12,winter,agra,24.1,11.3,0.0,78,23.4,12.2,0.0,76.0
2023-12-08,Azadpur APMC,66.1,700.0,12,winter,agra,23.8,11.1,0.0,76,24.3,13.9,0.0,74.0
2023-12-09,Azadpur APMC,63.4,700.0,12,winter,agra,23.4,10.1,0.0,72,23.8,12.6,0.0,78.0
2023-12-11,Azadpur APMC,47.6,850.0,12,winter,agra,21.9,8.6,0.0,70,23.0,11.3,0.0,74.0
2023-12-12,Azadpur APMC,53.4,850.0,12,winter,agra,22.8,9.0,0.0,73,22.7,10.0,0.0,79.0
2023-12-13,Azadpur APMC,53.7,850.0,12,winter,agra,22.7,9.7,0.0,70,22.9,9.9,0.0,73.0
2023-12-14,Azadpur APMC,52.3,850.0,12,winter,agra,22.1,9.4,0.0,72,23.0,9.5,0.0,73.0
2023-12-15,Azadpur APMC,60.9,850.0,12,winter,agra,21.8,7.1,0.0,73,22.6,9.5,0.0,73.0
2023-12-16,Azadpur APMC,57.5,1100.0,12,winter,agra,22.3,7.9,0.0,71,22.0,8.4,0.0,75.0
2023-12-18,Azadpur APMC,45.4,1000.0,12,winter,agra,21.6,8.8,0.0,69,22.8,9.3,0.0,72.0
2023-12-19,Azadpur APMC,45.9,1000.0,12,winter,agra,21.6,8.2,0.0,67,21.2,9.7,0.0,71.0
2023-12-20,Azadpur APMC,47.3,1000.0,12,winter,agra,20.5,7.2,0.0,73,21.0,8.6,0.0,72.0
2023-12-21,Azadpur APMC,54.3,1000.0,12,winter,agra,21.5,7.6,0.0,76,19.7,7.6,0.0,75.0
2023-12-22,Azadpur APMC,50.9,1050.0,12,winter,agra,21.2,6.8,0.0,78,20.3,9.3,0.0,78.0
2023-12-23,Azadpur APMC,53.9,1050.0,12,winter,agra,22.0,10.6,1.2,73,20.7,8.7,0.0,80.0
2023-12-26,Azadpur APMC,57.1,1100.0,12,winter,agra,22.3,9.3,0.0,78,22.4,9.9,0.0,84.0
2023-12-27,Azadpur APMC,51.4,1100.0,12,winter,agra,21.5,8.2,0.0,81,22.6,9.1,0.0,81.0
2023-12-28,Azadpur APMC,45.6,1100.0,12,winter,agra,20.7,9.2,0.0,87,22.1,8.2,0.0,83.0
2023-12-29,Azadpur APMC,45.1,1100.0,12,winter,agra,19.8,8.1,0.0,90,20.9,9.4,0.0,86.0
2023-12-30,Azadpur APMC,52.7,1050.0,12,winter,agra,18.4,9.0,0.0,91,18.5,9.3,0.0,90.0
2024-01-01,Azadpur APMC,43.8,1150.0,1,winter,agra,16.1,6.3,0.0,87,18.0,7.6,0.0,90.0
2024-01-02,Azadpur APMC,47.9,1250.0,1,winter,agra,15.0,4.6,0.0,87,17.7,6.9,0.0,87.0
2024-01-03,Azadpur APMC,56.6,1050.0,1,winter,agra,15.4,5.0,0.0,90,16.1,6.4,0.0,89.0
2024-01-04,Azadpur APMC,46.0,1050.0,1,winter,agra,17.5,5.2,0.0,84,17.5,9.7,0.0,84.0
2024-01-05,Azadpur APMC,48.6,1100.0,1,winter,agra,17.1,8.1,0.1,87,18.7,9.5,0.0,84.0
2024-01-06,Azadpur APMC,51.1,1000.0,1,winter,agra,16.9,6.6,0.0,84,18.3,7.8,0.0,84.0
2024-01-08,Azadpur APMC,50.5,1250.0,1,winter,agra,18.4,6.2,0.0,88,18.3,6.7,0.0,85.0
2024-01-09,Azadpur APMC,47.1,1100.0,1,winter,agra,18.0,6.4,0.0,87,18.8,6.8,0.0,87.0
2024-01-10,Azadpur APMC,44.2,1200.0,1,winter,agra,15.9,4.5,0.0,86,17.0,8.7,9.7,90.0
2024-01-11,Azadpur APMC,45.8,1200.0,1,winter,agra,15.3,5.2,0.0,90,17.1,6.5,0.0,88.0
2024-01-12,Azadpur APMC,47.1,1200.0,1,winter,agra,17.4,5.3,0.0,88,17.5,5.1,0.0,86.0
2024-01-13,Azadpur APMC,52.8,1200.0,1,winter,agra,17.8,5.7,0.0,86,18.9,4.4,0.0,87.0
2024-01-15,Azadpur APMC,33.2,1200.0,1,winter,agra,15.8,4.6,0.0,88,19.5,5.3,0.0,86.0
2024-01-16,Azadpur APMC,41.8,1250.0,1,winter,agra,17.0,3.5,0.0,87,18.5,5.9,0.0,82.0
2024-01-17,Azadpur APMC,46.2,1250.0,1,winter,agra,17.8,4.2,0.0,84,17.8,4.6,0.0,83.0
2024-01-18,Azadpur APMC,42.3,1650.0,1,winter,agra,17.4,5.4,0.0,88,17.0,3.7,0.0,89.0
2024-01-19,Azadpur APMC,49.1,1650.0,1,winter,agra,16.4,6.2,0.0,90,15.8,4.8,0.0,91.0
2024-01-20,Azadpur APMC,45.5,1650.0,1,winter,agra,15.8,5.5,0.0,89,16.0,5.1,0.0,91.0
2024-01-22,Azadpur APMC,35.6,1650.0,1,winter,agra,16.5,4.9,0.0,87,16.2,5.3,0.0,92.0
2024-01-23,Azadpur APMC,37.7,1650.0,1,winter,agra,17.2,5.0,0.0,89,16.2,4.9,0.0,89.0
2024-01-24,Azadpur APMC,41.8,1650.0,1,winter,agra,18.1,6.9,0.0,86,17.1,5.3,0.0,93.0
2024-01-25,Azadpur APMC,54.4,1650.0,1,winter,agra,17.2,6.0,0.0,89,19.1,8.0,0.0,90.0
2024-01-27,Azadpur APMC,36.8,1750.0,1,winter,agra,20.4,6.7,0.0,80,18.3,6.8,0.0,87.0
2024-01-29,Azadpur APMC,54.7,1650.0,1,winter,agra,21.2,8.7,0.0,86,22.9,8.2,0.0,84.0
2024-01-30,Azadpur APMC,70.0,1500.0,1,winter,agra,20.3,9.8,0.0,91,21.8,10.7,0.0,85.0
2024-01-31,Azadpur APMC,51.7,1500.0,1,winter,agra,19.9,10.3,6.7,92,20.8,10.4,0.0,90.0
2024-02-01,Azadpur APMC,45.7,1350.0,2,winter,agra,21.0,11.9,33.0,86,22.8,10.4,1.1,88.0
2024-02-02,Azadpur APMC,32.3,1300.0,2,winter,agra,19.2,8.8,0.0,85,22.8,13.6,1.8,86.0
2024-02-03,Azadpur APMC,56.5,1300.0,2,winter,agra,20.4,7.7,0.0,72,20.2,10.8,0.0,84.0
2024-02-05,Azadpur APMC,54.8,1300.0,2,winter,agra,19.7,10.3,0.8,83,22.6,13.7,28.1,84.0
2024-02-06,Azadpur APMC,49.7,1400.0,2,winter,agra,18.6,7.4,0.0,77,20.8,12.3,0.7,89.0
2024-02-07,Azadpur APMC,60.1,800.0,2,winter,agra,18.3,7.3,0.0,69,19.6,9.1,0.0,76.0
2024-02-08,Azadpur APMC,72.3,800.0,2,winter,agra,19.0,8.0,0.0,67,19.7,8.8,0.0,69.0
2024-02-09,Azadpur APMC,59.7,800.0,2,winter,agra,20.4,7.7,0.0,69,19.5,9.2,0.0,65.0
2024-02-10,Azadpur APMC,58.0,800.0,2,winter,agra,19.7,7.2,0.0,81,20.3,7.4,0.0,60.0
2024-02-12,Azadpur APMC,67.3,800.0,2,winter,agra,21.5,8.2,0.0,77,21.2,7.2,0.0,80.0
2024-02-13,Azadpur APMC,64.8,900.0,2,winter,agra,21.0,8.8,0.0,76,21.3,7.7,0.0,78.0
2024-02-14,Azadpur APMC,66.8,600.0,2,winter,agra,22.6,9.7,0.0,75,23.1,9.5,0.0,81.0
2024-02-15,Azadpur APMC,74.5,600.0,2,winter,agra,23.7,9.3,0.0,71,23.6,12.3,0.0,76.0
2024-02-16,Azadpur APMC,66.9,600.0,2,winter,agra,24.4,8.3,0.0,65,23.5,10.6,0.0,78.0
2024-02-17,Azadpur APMC,76.0,600.0,2,winter,agra,24.6,8.9,0.0,62,24.0,10.4,0.0,74.0
2024-02-19,Azadpur APMC,65.1,600.0,2,winter,agra,27.2,14.9,0.0,61,27.0,10.9,0.0,61.0
2024-02-20,Azadpur APMC,69.5,600.0,2,winter,agra,27.4,15.2,0.1,65,28.6,14.1,0.0,61.0
2024-02-21,Azadpur APMC,60.6,500.0,2,winter,agra,26.1,12.2,0.0,58,27.2,15.8,2.7,68.0
2024-02-22,Azadpur APMC,73.6,500.0,2,winter,agra,24.2,11.1,0.0,51,25.0,14.0,0.5,68.0
2024-02-23,Azadpur APMC,73.1,500.0,2,winter,agra,23.0,9.1,0.0,46,24.7,12.5,0.9,54.0
2024-02-24,Azadpur APMC,74.6,500.0,2,winter,agra,23.1,9.5,0.0,45,23.4,10.4,0.0,50.0
2024-02-26,Azadpur APMC,57.0,500.0,2,winter,agra,24.5,11.3,0.0,45,24.7,10.8,0.0,48.0
2024-02-27,Azadpur APMC,69.7,500.0,2,winter,agra,24.3,14.1,0.4,48,23.6,11.8,0.0,54.0
2024-02-28,Azadpur APMC,63.0,500.0,2,winter,agra,24.3,11.2,0.0,58,24.1,11.9,0.0,59.0
2024-02-29,Azadpur APMC,66.2,500.0,2,winter,agra,26.4,11.8,0.0,56,24.1,12.1,0.0,58.0
2024-03-01,Azadpur APMC,69.1,500.0,3,summer,agra,26.6,13.3,0.7,60,26.2,11.1,0.0,65.0
2024-03-02,Azadpur APMC,62.9,600.0,3,summer,agra,25.2,17.6,6.7,73,27.7,12.4,0.0,60.0
2024-03-04,Azadpur APMC,39.1,600.0,3,summer,agra,21.2,11.1,0.0,66,22.3,16.0,3.0,88.0
2024-03-05,Azadpur APMC,56.7,600.0,3,summer,agra,20.5,8.5,0.0,61,23.3,13.3,0.0,67.0
2024-03-06,Azadpur APMC,57.7,500.0,3,summer,agra,21.0,8.8,0.0,63,22.2,9.1,0.0,58.0
2024-03-07,Azadpur APMC,51.9,600.0,3,summer,agra,23.8,9.9,0.0,61,22.6,10.1,0.0,58.0
2024-03-08,Azadpur APMC,49.5,700.0,3,summer,agra,25.1,10.6,0.0,58,24.7,10.3,0.0,60.0
2024-03-09,Azadpur APMC,43.0,700.0,3,summer,agra,25.1,11.0,0.0,55,26.0,11.3,0.0,59.0
2024-03-11,Azadpur APMC,23.3,600.0,3,summer,agra,29.3,15.3,0.0,51,27.2,10.7,0.0,57.0
2024-03-13,Azadpur APMC,68.1,700.0,3,summer,agra,29.2,13.5,0.0,54,29.7,14.6,0.0,53.0
2024-03-14,Azadpur APMC,59.9,700.0,3,summer,agra,29.0,14.0,0.0,54,30.3,14.7,0.0,49.0
2024-03-16,Azadpur APMC,67.7,500.0,3,summer,agra,27.6,12.3,0.0,45,28.5,15.9,0.0,44.0
2024-03-18,Azadpur APMC,51.3,500.0,3,summer,agra,28.4,13.1,0.0,48,29.1,12.8,0.0,49.0
2024-03-19,Azadpur APMC,55.2,700.0,3,summer,agra,29.9,13.2,0.0,47,28.9,13.2,0.0,48.0
2024-03-20,Azadpur APMC,53.4,700.0,3,summer,agra,32.1,14.4,0.0,44,29.7,12.7,0.0,50.0
2024-03-21,Azadpur APMC,53.7,900.0,3,summer,agra,29.4,17.2,0.0,54,30.5,13.6,0.0,49.0
2024-03-22,Azadpur APMC,46.6,800.0,3,summer,agra,32.6,18.0,0.0,52,29.5,16.2,0.0,56.0
2024-03-23,Azadpur APMC,52.5,700.0,3,summer,agra,33.9,18.5,0.0,46,32.1,17.3,0.0,54.0
2024-03-25,Azadpur APMC,32.1,700.0,3,summer,agra,33.0,16.8,0.0,48,34.9,19.4,0.0,37.0
2024-03-26,Azadpur APMC,14.3,900.0,3,summer,agra,33.5,18.1,0.0,44,33.4,18.0,0.0,43.0
2024-03-27,Azadpur APMC,47.6,800.0,3,summer,agra,36.2,21.2,0.0,41,34.9,18.1,0.0,41.0
2024-03-28,Azadpur APMC,65.7,1000.0,3,summer,agra,36.8,22.1,0.0,42,36.0,20.6,0.0,42.0
2024-03-29,Azadpur APMC,56.4,1000.0,3,summer,agra,36.1,21.4,1.3,47,37.9,21.4,0.0,40.0
2024-04-02,Azadpur APMC,83.7,600.0,4,summer,solan,33.0,16.8,0.0,35,21.6,8.9,0.0,62.0
2024-04-03,Azadpur APMC,48.1,600.0,4,summer,solan,35.6,20.9,0.0,26,22.6,7.9,0.0,60.0
2024-04-04,Azadpur APMC,41.8,600.0,4,summer,solan,36.3,21.0,0.0,26,24.5,7.6,0.0,46.0
2024-04-05,Azadpur APMC,43.5,600.0,4,summer,solan,35.9,21.1,0.0,24,25.2,9.0,0.0,38.0
2024-04-06,Azadpur APMC,46.5,600.0,4,summer,solan,35.1,19.9,0.0,21,24.1,9.8,0.0,37.0
2024-04-08,Azadpur APMC,31.1,1300.0,4,summer,solan,36.9,18.6,0.0,22,24.8,8.6,0.0,37.0
2024-04-09,Azadpur APMC,42.6,1200.0,4,summer,solan,37.7,18.6,0.0,19,25.4,8.4,0.0,37.0
2024-04-10,Azadpur APMC,44.9,1300.0,4,summer,solan,37.7,19.9,0.0,21,26.4,9.3,0.2,34.0
2024-04-11,Azadpur APMC,45.7,1300.0,4,summer,solan,38.1,21.4,0.0,21,26.7,9.1,0.0,40.0
2024-04-12,Azadpur APMC,2.0,1200.0,4,summer,solan,38.6,22.4,0.0,22,24.5,10.0,0.2,44.0
2024-04-13,Azadpur APMC,42.2,1200.0,4,summer,solan,38.6,24.9,2.4,28,26.0,9.7,0.0,42.0
2024-04-15,Azadpur APMC,4.5,1200.0,4,summer,solan,36.2,22.0,0.0,51,21.9,14.0,10.3,66.0
2024-04-16,Azadpur APMC,53.4,1000.0,4,summer,solan,35.7,23.2,0.0,37,23.9,13.3,8.5,64.0
2024-04-17,Azadpur APMC,38.0,1000.0,4,summer,solan,35.6,22.1,0.0,27,24.4,11.5,3.7,64.0
2024-04-18,Azadpur APMC,32.3,800.0,4,summer,solan,37.9,23.4,0.0,24,24.2,12.6,0.0,57.0
2024-04-19,Azadpur APMC,40.9,800.0,4,summer,solan,38.3,24.6,0.0,30,24.0,13.9,0.3,53.0
2024-04-20,Azadpur APMC,53.2,800.0,4,summer,solan,36.4,22.0,0.0,28,26.2,12.6,4.9,61.0
2024-04-22,Azadpur APMC,34.7,800.0,4,summer,solan,37.2,24.4,0.1,25,24.8,11.0,0.0,51.0
2024-04-23,Azadpur APMC,35.7,1000.0,4,summer,solan,37.9,22.7,0.0,28,24.2,10.2,0.2,54.0
2024-04-24,Azadpur APMC,38.0,1000.0,4,summer,solan,37.1,20.8,0.0,30,24.5,9.7,1.8,55.0
2024-04-25,Azadpur APMC,44.6,1000.0,4,summer,solan,38.3,21.4,0.0,26,24.7,9.9,0.2,54.0
2024-04-26,Azadpur APMC,44.4,1000.0,4,summer,solan,39.4,23.4,0.0,23,26.8,10.3,0.0,46.0
2024-04-27,Azadpur APMC,38.8,1000.0,4,summer,solan,38.1,25.7,0.0,27,28.8,11.8,0.0,38.0
2024-04-29,Azadpur APMC,33.5,1200.0,4,summer,solan,38.1,23.5,0.0,27,25.0,10.8,0.0,53.0
2024-04-30,Azadpur APMC,44.7,1300.0,4,summer,solan,36.3,23.2,0.0,26,22.5,11.7,12.2,66.0
2024-05-01,Azadpur APMC,37.3,1300.0,5,summer,solan,32.6,20.4,0.0,23,24.4,9.5,0.0,54.0
2024-05-02,Azadpur APMC,38.8,1000.0,5,summer,solan,35.1,19.2,0.0,27,19.9,8.8,0.1,52.0
2024-05-03,Azadpur APMC,39.9,1000.0,5,summer,solan,38.2,20.2,0.0,23,23.8,7.5,0.0,50.0
2024-05-04,Azadpur APMC,42.9,1000.0,5,summer,solan,40.7,26.4,0.0,19,26.8,10.3,0.0,49.0
2024-05-06,Azadpur APMC,33.7,1100.0,5,summer,solan,40.7,25.7,0.0,22,29.0,13.1,0.0,38.0
2024-05-07,Azadpur APMC,44.2,1200.0,5,summer,solan,41.4,26.9,0.0,27,30.2,14.3,0.0,36.0
2024-05-08,Azadpur APMC,49.6,1000.0,5,summer,solan,39.6,26.8,0.0,39,29.1,13.7,0.0,40.0
2024-05-09,Azadpur APMC,51.2,1100.0,5,summer,solan,39.6,26.3,0.0,37,27.7,13.9,0.1,49.0
2024-05-10,Azadpur APMC,54.3,1200.0,5,summer,solan,39.0,26.0,0.8,42,27.9,16.1,0.9,52.0
2024-05-11,Azadpur APMC,46.3,1000.0,5,summer,solan,38.7,26.2,0.7,44,28.4,15.0,0.0,51.0
2024-05-13,Azadpur APMC,35.8,1000.0,5,summer,solan,40.8,26.8,0.0,30,26.2,14.0,3.0,62.0
2024-05-14,Azadpur APMC,46.3,800.0,5,summer,solan,40.7,24.7,0.0,24,28.2,12.6,0.0,42.0
2024-05-15,Azadpur APMC,38.4,800.0,5,summer,solan,42.5,24.4,0.0,22,29.4,12.8,0.0,31.0
2024-05-16,Azadpur APMC,37.0,800.0,5,summer,solan,42.5,25.5,0.0,20,31.1,14.0,0.0,32.0
2024-05-17,Azadpur APMC,35.6,800.0,5,summer,solan,44.2,26.7,0.0,19,31.4,14.6,0.0,34.0
2024-05-18,Azadpur APMC,41.0,800.0,5,summer,solan,44.3,27.2,0.0,20,33.0,15.7,0.0,29.0
2024-05-20,Azadpur APMC,29.9,800.0,5,summer,solan,44.2,29.3,0.0,19,33.8,17.9,0.0,26.0
2024-05-21,Azadpur APMC,33.9,800.0,5,summer,solan,43.0,28.7,0.0,27,32.1,17.8,0.0,29.0
2024-05-22,Azadpur APMC,37.7,800.0,5,summer,solan,42.2,30.0,0.2,35,32.3,16.9,0.0,33.0
2024-05-23,Azadpur APMC,38.5,800.0,5,summer,solan,41.3,30.7,0.0,35,31.4,18.3,1.4,44.0
2024-05-24,Azadpur APMC,33.9,800.0,5,summer,solan,40.8,30.7,0.0,35,28.5,18.3,7.6,58.0
2024-05-25,Azadpur APMC,14.3,800.0,5,summer,solan,44.8,30.8,0.0,27,28.8,17.7,1.4,60.0
2024-05-27,Azadpur APMC,29.8,800.0,5,summer,solan,46.0,29.9,0.0,20,34.2,16.3,0.0,30.0
2024-05-28,Azadpur APMC,34.9,800.0,5,summer,solan,46.4,28.6,0.0,16,33.7,16.9,0.0,26.0
2024-05-29,Azadpur APMC,30.1,800.0,5,summer,solan,46.0,31.1,0.0,18,34.3,17.5,0.0,22.0
2024-05-30,Azadpur APMC,37.9,800.0,5,summer,solan,46.3,32.6,0.0,16,36.5,16.9,0.0,17.0
2024-05-31,Azadpur APMC,37.5,800.0,5,summer,solan,46.1,28.2,0.0,14,35.6,20.0,0.0,16.0
2024-06-01,Azadpur APMC,30.7,1000.0,6,monsoon,solan,44.5,30.4,0.0,17,35.0,18.0,0.0,17.0
2024-06-03,Azadpur APMC,26.0,1000.0,6,monsoon,solan,44.7,29.6,0.0,24,32.0,17.7,0.2,30.0
2024-06-04,Azadpur APMC,31.1,1300.0,6,monsoon,solan,43.5,30.8,0.0,18,33.1,17.3,0.0,26.0
2024-06-05,Azadpur APMC,42.8,1200.0,6,monsoon,solan,41.9,31.0,0.0,23,32.1,19.8,0.9,26.0
2024-06-06,Azadpur APMC,34.1,1300.0,6,monsoon,solan,41.0,27.6,0.0,31,32.6,18.3,1.3,38.0
2024-06-07,Azadpur APMC,35.6,1200.0,6,monsoon,solan,42.4,28.5,0.0,31,29.8,18.1,0.0,39.0
2024-06-08,Azadpur APMC,35.9,1200.0,6,monsoon,solan,40.1,27.9,0.0,28,32.0,19.9,0.0,34.0
2024-06-10,Azadpur APMC,30.9,1000.0,6,monsoon,solan,43.2,28.1,0.0,18,31.5,18.2,0.0,31.0
2024-06-11,Azadpur APMC,38.3,1200.0,6,monsoon,solan,43.5,28.9,0.0,19,32.7,19.2,0.0,23.0
2024-06-12,Azadpur APMC,37.7,1300.0,6,monsoon,solan,44.5,28.2,0.0,18,33.3,19.2,0.0,22.0
2024-06-13,Azadpur APMC,39.6,1300.0,6,monsoon,solan,45.1,29.3,0.0,20,34.6,17.5,0.0,21.0
2024-06-14,Azadpur APMC,35.4,1000.0,6,monsoon,solan,43.7,32.7,0.0,27,35.4,21.5,0.0,22.0
2024-06-15,Azadpur APMC,35.9,800.0,6,monsoon,solan,43.6,32.2,0.0,27,34.4,21.4,0.0,24.0
2024-06-18,Azadpur APMC,33.4,800.0,6,monsoon,solan,44.4,34.1,0.0,24,34.7,24.1,0.0,28.0
2024-06-19,Azadpur APMC,39.8,800.0,6,monsoon,solan,41.1,34.4,1.4,35,34.9,24.3,0.0,31.0
2024-06-20,Azadpur APMC,46.1,800.0,6,monsoon,solan,38.8,25.6,2.4,46,33.4,21.6,0.7,35.0
2024-06-21,Azadpur APMC,47.6,800.0,6,monsoon,solan,38.0,25.3,1.5,54,30.6,19.5,2.4,53.0
2024-06-22,Azadpur APMC,29.7,800.0,6,monsoon,solan,38.1,29.6,0.0,54,27.8,20.5,0.3,62.0
2024-06-24,Azadpur APMC,42.9,900.0,6,monsoon,solan,39.2,30.9,0.7,55,29.1,20.5,3.9,69.0
2024-06-25,Azadpur APMC,41.3,900.0,6,monsoon,solan,37.0,29.7,2.3,62,28.4,20.8,13.4,73.0
2024-06-26,Azadpur APMC,53.3,1000.0,6,monsoon,solan,33.9,27.3,11.3,75,30.1,21.3,9.2,76.0
2024-06-27,Azadpur APMC,48.4,1000.0,6,monsoon,solan,30.2,25.9,7.9,86,28.2,20.6,11.4,82.0
2024-06-28,Azadpur APMC,46.5,1000.0,6,monsoon,solan,30.9,25.9,14.3,86,26.5,19.5,19.2,85.0
2024-06-29,Azadpur APMC,27.5,1000.0,6,monsoon,solan,32.6,26.6,7.9,82,27.2,19.9,9.1,82.0
2024-07-01,Azadpur APMC,18.1,1000.0,7,monsoon,agra,34.6,26.0,11.7,80,33.3,26.3,10.3,82.0
2024-07-02,Azadpur APMC,35.6,800.0,7,monsoon,agra,33.6,26.3,15.6,84,33.6,26.2,17.6,78.0
2024-07-03,Azadpur APMC,32.8,800.0,7,monsoon,agra,33.2,26.2,5.6,83,33.5,26.6,7.4,79.0
2024-07-04,Azadpur APMC,36.1,1500.0,7,monsoon,agra,31.7,25.6,7.2,84,33.1,26.0,16.9,83.0
2024-07-05,Azadpur APMC,34.7,1500.0,7,monsoon,agra,30.1,26.3,1.0,86,29.7,26.0,32.6,90.0
2024-07-06,Azadpur APMC,31.2,1600.0,7,monsoon,agra,32.7,26.0,0.8,83,32.4,25.5,8.8,82.0
2024-07-08,Azadpur APMC,25.3,1600.0,7,monsoon,agra,33.0,25.2,0.1,78,34.2,25.9,2.6,81.0
2024-07-09,Azadpur APMC,36.6,1600.0,7,monsoon,agra,32.6,26.1,11.7,82,33.0,25.3,1.1,83.0
2024-07-10,Azadpur APMC,32.2,1600.0,7,monsoon,agra,34.1,26.7,9.3,81,34.5,25.7,3.4,81.0
2024-07-11,Azadpur APMC,53.2,1600.0,7,monsoon,agra,36.4,27.2,1.3,78,34.2,26.6,6.9,81.0
2024-07-13,Azadpur APMC,16.3,1700.0,7,monsoon,agra,34.0,25.4,6.5,79,34.6,28.2,0.0,73.0
2024-07-15,Azadpur APMC,30.4,1800.0,7,monsoon,agra,33.1,25.1,2.6,78,34.5,27.0,0.7,76.0
2024-07-16,Azadpur APMC,30.6,2200.0,7,monsoon,agra,34.1,25.9,20.3,79,32.6,27.1,5.4,82.0
2024-07-17,Azadpur APMC,28.1,2000.0,7,monsoon,agra,34.5,28.1,0.0,78,34.9,26.8,5.0,77.0
2024-07-18,Azadpur APMC,27.9,2000.0,7,monsoon,agra,34.6,27.6,3.4,78,34.1,28.4,0.7,76.0
2024-07-19,Azadpur APMC,28.3,2000.0,7,monsoon,agra,34.5,27.6,0.7,79,33.6,27.6,0.9,80.0
2024-07-20,Azadpur APMC,33.1,2000.0,7,monsoon,agra,35.1,27.1,0.2,77,33.3,26.9,6.6,83.0
2024-07-22,Azadpur APMC,21.5,1800.0,7,monsoon,agra,34.7,27.7,5.9,79,34.3,27.3,1.9,78.0
2024-07-23,Azadpur APMC,23.2,2000.0,7,monsoon,agra,34.8,27.1,5.2,81,34.3,28.3,7.6,78.0
2024-07-24,Azadpur APMC,30.0,2100.0,7,monsoon,agra,33.6,26.6,8.0,82,33.2,27.0,3.9,82.0
2024-07-25,Azadpur APMC,31.0,2100.0,7,monsoon,agra,34.8,27.4,0.5,76,34.2,26.3,4.0,83.0
2024-07-26,Azadpur APMC,25.8,2200.0,7,monsoon,agra,33.3,27.7,10.2,81,33.4,25.9,33.1,85.0
2024-07-27,Azadpur APMC,22.8,2700.0,7,monsoon,agra,34.3,28.2,2.3,79,32.9,26.7,3.0,88.0
2024-07-29,Azadpur APMC,30.9,2500.0,7,monsoon,agra,36.4,28.4,0.1,70,34.8,26.6,18.7,81.0
2024-07-30,Azadpur APMC,21.1,2300.0,7,monsoon,agra,37.4,29.3,0.0,67,34.6,28.3,0.8,76.0
2024-07-31,Azadpur APMC,26.0,2600.0,7,monsoon,agra,37.4,27.0,97.6,77,34.9,28.4,6.6,80.0
2024-08-01,Azadpur APMC,27.5,2500.0,8,monsoon,agra,31.4,25.8,31.0,84,34.8,27.2,3.9,83.0
2024-08-02,Azadpur APMC,22.7,2500.0,8,monsoon,agra,32.2,25.7,3.3,84,31.3,25.6,32.3,87.0
2024-08-03,Azadpur APMC,20.8,2800.0,8,monsoon,agra,32.3,26.2,1.4,83,32.6,25.5,2.6,85.0
2024-08-05,Azadpur APMC,23.6,2600.0,8,monsoon,agra,32.7,26.6,0.8,78,31.6,25.7,9.4,80.0
2024-08-06,Azadpur APMC,29.0,2500.0,8,monsoon,agra,32.0,26.4,0.1,78,32.7,26.2,1.4,78.0
2024-08-07,Azadpur APMC,29.7,2000.0,8,monsoon,agra,30.0,25.8,14.9,86,32.4,26.2,0.4,76.0
2024-08-08,Azadpur APMC,30.7,2000.0,8,monsoon,agra,31.7,25.8,9.6,86,29.8,26.2,4.1,86.0
2024-08-09,Azadpur APMC,32.7,2200.0,8,monsoon,agra,31.9,25.4,35.7,86,29.5,25.6,14.1,86.0
2024-08-10,Azadpur APMC,27.7,2200.0,8,monsoon,agra,31.3,25.1,12.4,86,29.1,25.3,8.2,89.0
2024-08-12,Azadpur APMC,24.4,2200.0,8,monsoon,agra,29.9,25.8,11.7,90,31.0,25.1,15.7,88.0
2024-08-13,Azadpur APMC,40.1,2300.0,8,monsoon,agra,30.5,25.5,7.0,89,31.0,24.9,16.1,91.0
2024-08-14,Azadpur APMC,33.2,2000.0,8,monsoon,agra,30.3,26.1,8.0,88,31.3,25.1,4.8,88.0
2024-08-16,Azadpur APMC,27.1,2300.0,8,monsoon,agra,32.4,25.7,10.6,87,31.5,25.8,17.7,89.0
2024-08-17,Azadpur APMC,49.8,2300.0,8,monsoon,agra,31.9,25.9,8.2,85,32.3,25.6,4.7,86.0
2024-08-19,Azadpur APMC,29.7,2300.0,8,monsoon,agra,33.0,26.6,1.3,82,33.0,26.5,9.9,86.0
2024-08-20,Azadpur APMC,16.0,2500.0,8,monsoon,agra,31.6,26.4,6.5,86,32.8,26.2,7.5,86.0
2024-08-21,Azadpur APMC,26.3,2300.0,8,monsoon,agra,32.0,25.4,1.5,84,30.6,25.9,13.1,89.0
2024-08-22,Azadpur APMC,45.4,1800.0,8,monsoon,agra,32.7,24.8,6.2,85,32.6,25.4,0.4,84.0
2024-08-23,Azadpur APMC,47.5,1700.0,8,monsoon,agra,31.2,24.8,0.4,86,32.5,25.8,7.7,87.0
2024-08-24,Azadpur APMC,35.9,2200.0,8,monsoon,agra,31.9,25.7,7.9,84,32.0,25.5,1.0,86.0
2024-08-26,Azadpur APMC,26.8,2000.0,8,monsoon,agra,32.1,26.2,4.5,83,32.1,26.0,1.6,80.0
2024-08-27,Azadpur APMC,28.3,2200.0,8,monsoon,agra,31.4,24.5,12.8,85,31.5,25.7,5.8,83.0
2024-08-28,Azadpur APMC,32.5,2700.0,8,monsoon,agra,30.5,24.4,8.5,86,29.7,24.6,6.3,87.0
2024-08-29,Azadpur APMC,32.7,2500.0,8,monsoon,agra,31.1,24.6,28.6,86,30.9,24.6,7.7,87.0
2024-08-30,Azadpur APMC,29.7,2300.0,8,monsoon,agra,31.4,25.2,7.2,87,32.2,25.5,0.0,81.0
2024-08-31,Azadpur APMC,34.8,2300.0,8,monsoon,agra,33.4,26.0,0.0,80,32.1,25.0,3.7,83.0
2024-09-02,Azadpur APMC,28.2,2200.0,9,monsoon,agra,31.6,25.2,7.0,84,33.3,26.5,4.7,81.0
2024-09-03,Azadpur APMC,36.2,2000.0,9,monsoon,agra,31.8,25.5,18.5,86,32.3,25.9,2.0,82.0
2024-09-04,Azadpur APMC,31.0,2200.0,9,monsoon,agra,30.8,24.6,0.4,86,32.6,26.3,5.7,84.0
2024-09-05,Azadpur APMC,17.7,2000.0,9,monsoon,agra,31.7,25.0,2.9,84,31.9,24.9,6.4,86.0
2024-09-06,Azadpur APMC,44.1,2300.0,9,monsoon,agra,30.8,24.4,13.9,88,30.4,26.0,5.1,87.0
2024-09-07,Azadpur APMC,40.2,2200.0,9,monsoon,agra,30.3,24.3,27.0,87,31.1,24.6,23.6,89.0
2024-09-09,Azadpur APMC,24.3,2400.0,9,monsoon,agra,32.8,25.6,3.1,81,31.6,24.9,21.1,89.0
2024-09-10,Azadpur APMC,33.8,2200.0,9,monsoon,agra,30.5,24.9,10.4,89,32.8,24.7,0.3,85.0
2024-09-11,Azadpur APMC,17.6,2200.0,9,monsoon,agra,31.6,25.4,27.7,89,32.7,25.7,1.5,86.0
2024-09-12,Azadpur APMC,28.2,2200.0,9,monsoon,agra,27.5,24.1,100.9,89,28.8,25.0,75.8,93.0
2024-09-13,Azadpur APMC,28.1,2300.0,9,monsoon,agra,30.7,23.5,54.6,89,26.0,24.4,156.3,94.0
2024-09-14,Azadpur APMC,21.8,2300.0,9,monsoon,agra,29.9,23.0,5.7,84,30.3,23.5,6.3,87.0
2024-09-16,Azadpur APMC,22.8,2300.0,9,monsoon,agra,32.4,23.7,0.0,74,31.9,23.6,0.0,76.0
2024-09-17,Azadpur APMC,22.0,3000.0,9,monsoon,agra,31.7,23.7,0.0,76,32.2,23.7,0.0,71.0
2024-09-18,Azadpur APMC,15.0,2500.0,9,monsoon,agra,28.1,23.1,48.4,86,31.9,25.0,0.2,75.0
2024-09-19,Azadpur APMC,28.4,2300.0,9,monsoon,agra,29.8,23.0,3.3,85,26.0,22.7,60.2,92.0
2024-09-20,Azadpur APMC,30.0,2500.0,9,monsoon,agra,31.4,24.2,0.1,81,28.9,23.6,0.8,85.0
2024-09-21,Azadpur APMC,19.5,2700.0,9,monsoon,agra,31.8,25.0,0.3,79,30.4,22.3,0.1,83.0
2024-09-23,Azadpur APMC,22.0,2500.0,9,monsoon,agra,33.5,25.2,0.0,79,33.2,25.4,0.0,77.0
2024-09-24,Azadpur APMC,24.0,2700.0,9,monsoon,agra,33.6,25.3,0.0,77,34.3,27.0,0.0,75.0
2024-09-25,Azadpur APMC,14.2,2700.0,9,monsoon,agra,33.1,26.4,0.4,82,33.8,25.3,0.0,77.0
2024-09-26,Azadpur APMC,28.5,2700.0,9,monsoon,agra,31.4,25.3,0.4,82,33.0,26.9,2.3,80.0
2024-09-27,Azadpur APMC,33.1,2700.0,9,monsoon,agra,31.0,25.0,1.3,81,31.5,25.5,0.7,79.0
2024-09-28,Azadpur APMC,26.6,2700.0,9,monsoon,agra,30.6,23.1,0.0,81,30.2,24.8,1.3,82.0
2024-09-30,Azadpur APMC,26.3,3500.0,9,monsoon,agra,33.0,23.6,0.0,78,30.4,24.1,0.9,84.0
2024-10-01,Azadpur APMC,34.0,3500.0,10,post_monsoon,agra,33.6,23.9,0.0,77,32.3,24.0,0.0,79.0
2024-10-03,Azadpur APMC,30.8,3000.0,10,post_monsoon,agra,34.4,24.3,0.0,67,35.1,25.2,0.0,70.0
2024-10-04,Azadpur APMC,28.1,3000.0,10,post_monsoon,agra,33.9,23.9,0.0,69,35.0,24.3,0.0,66.0
2024-10-05,Azadpur APMC,42.2,3000.0,10,post_monsoon,agra,34.1,24.1,0.0,67,33.6,23.7,0.0,65.0
2024-10-07,Azadpur APMC,40.5,3000.0,10,post_monsoon,agra,32.9,22.3,0.0,68,33.7,22.9,0.0,69.0
2024-10-08,Azadpur APMC,53.8,2950.0,10,post_monsoon,agra,33.2,22.2,0.0,68,33.0,23.0,0.0,72.0
2024-10-09,Azadpur APMC,56.1,2950.0,10,post_monsoon,agra,32.9,20.9,0.0,64,32.8,21.9,0.0,73.0
2024-10-10,Azadpur APMC,66.4,2950.0,10,post_monsoon,agra,33.2,21.9,0.0,57,33.0,22.2,0.0,67.0
2024-10-11,Azadpur APMC,44.6,2800.0,10,post_monsoon,agra,32.5,19.3,0.0,52,32.4,21.2,0.0,68.0
2024-10-12,Azadpur APMC,55.9,2400.0,10,post_monsoon,agra,32.8,19.3,0.0,56,32.2,21.5,0.0,65.0
2024-10-14,Azadpur APMC,53.2,3000.0,10,post_monsoon,agra,32.4,21.0,0.0,54,32.2,23.4,0.0,67.0
2024-10-15,Azadpur APMC,74.4,2000.0,10,post_monsoon,agra,32.7,19.3,0.0,55,31.6,23.1,0.0,65.0
2024-10-16,Azadpur APMC,70.5,1700.0,10,post_monsoon,agra,33.0,19.3,0.0,55,31.8,20.2,0.0,61.0
2024-10-17,Azadpur APMC,86.7,1800.0,10,post_monsoon,agra,33.7,21.1,0.0,59,32.8,20.1,0.0,59.0
2024-10-18,Azadpur APMC,76.4,1800.0,10,post_monsoon,agra,34.1,20.9,0.0,60,33.2,21.4,0.0,63.0
2024-10-19,Azadpur APMC,92.1,1700.0,10,post_monsoon,agra,34.4,21.8,0.0,60,33.3,21.2,0.0,64.0
2024-10-21,Azadpur APMC,59.3,1700.0,10,post_monsoon,agra,32.8,21.1,0.0,66,33.7,21.2,0.0,57.0
2024-10-22,Azadpur APMC,98.5,2100.0,10,post_monsoon,agra,31.9,20.8,0.0,66,32.7,21.2,0.0,64.0
2024-10-23,Azadpur APMC,108.8,2100.0,10,post_monsoon,agra,32.8,20.5,0.0,61,32.3,20.6,0.0,67.0
2024-10-24,Azadpur APMC,122.8,2100.0,10,post_monsoon,agra,33.1,20.2,0.0,59,31.8,19.6,0.0,69.0
2024-10-25,Azadpur APMC,100.7,2100.0,10,post_monsoon,agra,32.7,19.0,0.0,59,31.7,20.6,0.0,66.0
2024-10-26,Azadpur APMC,107.5,2100.0,10,post_monsoon,agra,32.0,19.3,0.0,62,31.3,20.5,0.0,67.0
2024-10-28,Azadpur APMC,81.8,1700.0,10,post_monsoon,agra,31.9,21.3,0.0,68,31.1,19.9,0.0,73.0
2024-10-29,Azadpur APMC,104.9,1700.0,10,post_monsoon,agra,33.5,21.0,0.0,68,31.3,20.3,0.0,73.0
2024-10-30,Azadpur APMC,95.0,1700.0,10,post_monsoon,agra,34.8,21.9,0.0,63,32.5,21.0,0.0,72.0
2024-11-01,Azadpur APMC,58.8,1500.0,11,post_monsoon,agra,32.7,19.4,0.0,52,33.1,21.0,0.0,65.0
2024-11-02,Azadpur APMC,68.7,1500.0,11,post_monsoon,agra,32.0,17.9,0.0,55,32.1,19.2,0.0,60.0
2024-11-04,Azadpur APMC,74.9,1500.0,11,post_monsoon,agra,30.7,17.4,0.0,64,31.6,19.0,0.0,62.0
2024-11-05,Azadpur APMC,66.9,1400.0,11,post_monsoon,agra,29.6,18.5,0.0,71,29.9,17.1,0.0,64.0
2024-11-06,Azadpur APMC,95.1,1300.0,11,post_monsoon,agra,30.3,18.5,0.0,68,29.5,17.8,0.0,67.0
2024-11-07,Azadpur APMC,82.4,1300.0,11,post_monsoon,agra,30.2,19.5,0.0,66,29.9,17.8,0.0,64.0
2024-11-08,Azadpur APMC,67.5,1300.0,11,post_monsoon,agra,30.6,19.5,0.0,65,29.7,18.7,0.0,69.0
2024-11-09,Azadpur APMC,69.6,1300.0,11,post_monsoon,agra,31.0,20.0,0.0,65,29.9,18.5,0.0,68.0
2024-11-11,Azadpur APMC,80.7,1300.0,11,post_monsoon,agra,29.9,19.3,0.0,73,31.2,18.8,0.0,69.0
2024-11-13,Azadpur APMC,83.2,1250.0,11,post_monsoon,agra,30.1,18.7,0.0,58,30.9,18.0,0.0,67.0
2024-11-18,Azadpur APMC,68.9,900.0,11,post_monsoon,agra,26.4,15.6,0.0,61,29.5,17.3,0.0,58.0
2024-11-19,Azadpur APMC,73.4,900.0,11,post_monsoon,agra,25.9,13.7,0.0,54,26.2,17.0,0.0,66.0
2024-11-20,Azadpur APMC,77.0,1000.0,11,post_monsoon,agra,26.0,13.2,0.0,52,25.8,14.4,0.0,58.0
2024-11-21,Azadpur APMC,70.3,1000.0,11,post_monsoon,agra,25.8,13.1,0.0,53,25.3,13.0,0.0,57.0
2024-11-22,Azadpur APMC,72.6,1000.0,11,post_monsoon,agra,26.3,13.7,0.0,56,25.3,13.0,0.0,59.0
2024-11-23,Azadpur APMC,69.2,1000.0,11,post_monsoon,agra,27.5,14.2,0.0,54,25.5,13.0,0.0,62.0
2024-11-25,Azadpur APMC,78.3,1000.0,11,post_monsoon,agra,25.9,14.9,0.0,59,27.2,14.5,0.0,58.0
2024-11-26,Azadpur APMC,68.8,1000.0,11,post_monsoon,agra,25.6,13.6,0.0,57,26.6,15.0,0.0,58.0
2024-11-27,Azadpur APMC,61.1,1000.0,11,post_monsoon,agra,25.9,13.2,0.0,52,25.7,13.5,0.0,61.0
2024-11-28,Azadpur APMC,56.4,1000.0,11,post_monsoon,agra,25.4,12.6,0.0,54,26.0,13.2,0.0,64.0
2024-11-29,Azadpur APMC,70.1,1200.0,11,post_monsoon,agra,24.4,12.2,0.0,63,24.5,12.4,0.0,67.0
2024-11-30,Azadpur APMC,72.9,1200.0,11,post_monsoon,agra,24.8,12.2,0.0,63,23.9,12.1,0.0,69.0
2024-12-02,Azadpur APMC,62.7,1200.0,12,winter,agra,25.7,13.4,0.0,61,24.5,12.5,0.0,71.0
2024-12-03,Azadpur APMC,68.0,1200.0,12,winter,agra,26.4,13.3,0.0,58,25.2,13.1,0.0,68.0
2024-12-04,Azadpur APMC,65.0,1150.0,12,winter,agra,25.6,15.1,0.0,50,25.8,13.6,0.0,66.0
2024-12-05,Azadpur APMC,62.8,1250.0,12,winter,agra,23.6,11.6,0.0,46,25.4,14.0,0.0,65.0
2024-12-06,Azadpur APMC,64.6,1250.0,12,winter,agra,23.6,11.1,0.0,48,24.1,12.6,0.0,56.0
2024-12-07,Azadpur APMC,75.4,1300.0,12,winter,agra,23.0,9.5,0.0,47,24.3,10.9,0.0,59.0
2024-12-09,Azadpur APMC,59.3,1300.0,12,winter,agra,20.3,10.8,0.0,66,22.8,11.1,0.1,59.0
2024-12-10,Azadpur APMC,56.1,1550.0,12,winter,agra,20.2,9.5,0.0,54,20.7,11.1,0.1,67.0
2024-12-11,Azadpur APMC,60.0,1450.0,12,winter,agra,20.3,8.1,0.0,48,20.4,10.1,0.0,61.0
2024-12-12,Azadpur APMC,57.8,1450.0,12,winter,agra,20.6,7.2,0.0,53,20.1,7.9,0.0,55.0
2024-12-13,Azadpur APMC,66.8,1400.0,12,winter,agra,20.5,9.1,0.0,48,20.2,7.5,0.0,55.0
2024-12-14,Azadpur APMC,58.2,1500.0,12,winter,agra,20.7,8.5,0.0,45,20.2,9.1,0.0,54.0
2024-12-16,Azadpur APMC,42.4,1600.0,12,winter,agra,20.9,6.6,0.0,70,20.5,7.2,0.0,62.0
2024-12-17,Azadpur APMC,51.3,1600.0,12,winter,agra,20.4,7.3,0.0,75,20.0,6.7,0.0,71.0
2024-12-18,Azadpur APMC,53.4,1600.0,12,winter,agra,21.0,7.3,0.0,70,20.7,6.7,0.0,77.0
2024-12-19,Azadpur APMC,59.1,1600.0,12,winter,agra,21.1,7.7,0.0,63,20.5,7.0,0.0,78.0
2024-12-20,Azadpur APMC,57.3,1600.0,12,winter,agra,23.0,9.9,0.0,65,21.3,7.6,0.0,74.0
2024-12-21,Azadpur APMC,56.0,1600.0,12,winter,agra,22.1,8.7,0.0,66,22.4,10.3,0.0,72.0
2024-12-23,Azadpur APMC,53.9,1600.0,12,winter,agra,18.2,11.3,0.6,68,22.0,8.7,0.0,68.0
2024-12-24,Azadpur APMC,56.8,1600.0,12,winter,agra,18.7,11.3,2.5,78,19.5,11.5,1.3,65.0
2024-12-25,Azadpur APMC,62.4,1600.0,12,winter,agra,20.6,10.1,0.0,78,18.9,13.1,1.9,82.0
2024-12-26,Azadpur APMC,58.0,1450.0,12,winter,agra,22.5,9.7,0.0,70,21.5,12.8,0.0,83.0
2024-12-27,Azadpur APMC,62.7,1400.0,12,winter,agra,16.8,14.1,31.9,85,22.2,12.0,0.0,80.0
2024-12-28,Azadpur APMC,17.2,1400.0,12,winter,agra,18.2,12.1,2.9,89,24.9,15.2,10.9,80.0
2024-12-30,Azadpur APMC,42.1,1400.0,12,winter,agra,18.3,9.5,0.0,87,19.4,11.9,0.0,86.0
2024-12-31,Azadpur APMC,53.6,1400.0,12,winter,agra,16.0,7.6,0.0,89,18.5,9.1,0.0,88.0
2025-01-03,Azadpur APMC,62.3,1200.0,1,winter,agra,19.5,8.2,0.0,89,19.9,8.2,0.0,84.0
2025-01-04,Azadpur APMC,47.9,1200.0,1,winter,agra,20.9,8.0,0.0,90,20.5,7.7,0.0,84.0
2025-01-06,Azadpur APMC,34.7,1200.0,1,winter,agra,18.1,9.3,4.3,89,19.2,7.9,0.0,92.0
2025-01-07,Azadpur APMC,34.1,1200.0,1,winter,agra,17.7,10.2,0.0,88,17.3,8.3,0.0,91.0
2025-01-08,Azadpur APMC,42.2,1150.0,1,winter,agra,18.4,8.5,0.0,76,17.5,9.7,0.0,88.0
2025-01-09,Azadpur APMC,35.3,1050.0,1,winter,agra,18.6,7.3,0.0,79,18.8,7.9,0.0,81.0
2025-01-10,Azadpur APMC,65.4,1000.0,1,winter,agra,17.8,8.0,0.0,86,19.4,7.1,0.0,79.0
2025-01-11,Azadpur APMC,59.5,1000.0,1,winter,agra,16.8,7.6,7.6,88,18.9,7.5,0.0,82.0
2025-01-13,Azadpur APMC,51.0,1000.0,1,winter,agra,19.2,8.0,0.0,86,19.9,12.2,3.5,85.0
2025-01-14,Azadpur APMC,60.6,1000.0,1,winter,agra,18.4,7.8,0.0,84,19.0,10.2,0.0,86.0
2025-01-15,Azadpur APMC,40.7,950.0,1,winter,agra,18.4,8.7,2.9,87,18.8,9.2,0.0,87.0
2025-01-16,Azadpur APMC,59.5,950.0,1,winter,agra,18.2,11.2,1.3,83,19.2,7.6,0.8,88.0
2025-01-17,Azadpur APMC,59.5,950.0,1,winter,agra,19.0,8.7,0.0,81,17.2,11.4,9.3,89.0
2025-01-18,Azadpur APMC,59.5,950.0,1,winter,agra,17.8,7.6,0.0,88,19.3,9.5,0.0,85.0
2025-01-20,Azadpur APMC,50.4,950.0,1,winter,agra,22.0,11.2,0.0,83,22.4,7.6,0.0,88.0
2025-01-21,Azadpur APMC,56.0,950.0,1,winter,agra,21.9,10.4,0.0,80,23.4,12.9,0.0,88.0
2025-01-22,Azadpur APMC,57.6,950.0,1,winter,agra,22.7,9.7,0.0,77,23.2,12.9,0.0,79.0
2025-01-23,Azadpur APMC,64.2,950.0,1,winter,agra,22.1,11.6,0.8,71,23.5,11.4,0.0,75.0
2025-01-24,Azadpur APMC,19.2,950.0,1,winter,agra,21.0,10.2,0.0,68,19.8,13.6,3.5,79.0
2025-01-25,Azadpur APMC,36.2,700.0,1,winter,agra,20.8,9.0,0.0,65,20.9,10.8,0.0,69.0
2025-01-27,Azadpur APMC,25.6,700.0,1,winter,agra,21.5,7.3,0.0,65,20.7,7.6,0.0,69.0
2025-01-28,Azadpur APMC,32.1,700.0,1,winter,agra,22.7,7.8,0.0,60,20.9,7.2,0.0,73.0
2025-01-29,Azadpur APMC,14.8,700.0,1,winter,agra,24.5,9.6,0.0,62,21.8,7.8,0.0,70.0
2025-01-30,Azadpur APMC,52.8,700.0,1,winter,agra,25.4,11.2,0.0,65,23.6,10.2,0.0,69.0
2025-01-31,Azadpur APMC,57.5,700.0,1,winter,agra,26.5,12.4,0.0,66,24.4,10.7,0.0,73.0
2025-02-01,Azadpur APMC,47.3,700.0,2,winter,agra,25.9,12.4,0.0,63,25.8,11.5,0.0,71.0
2025-02-03,Azadpur APMC,46.3,700.0,2,winter,agra,22.8,10.5,1.0,67,24.9,13.1,0.0,72.0
2025-02-04,Azadpur APMC,55.8,700.0,2,winter,agra,22.5,12.8,0.6,69,24.3,12.2,0.0,66.0
2025-02-06,Azadpur APMC,43.9,700.0,2,winter,agra,21.0,10.7,0.0,55,22.8,13.8,0.0,66.0
2025-02-07,Azadpur APMC,62.9,700.0,2,winter,agra,20.9,10.4,0.0,55,21.8,9.9,0.0,52.0
2025-02-08,Azadpur APMC,65.8,700.0,2,winter,agra,23.2,10.8,0.0,55,21.6,10.0,0.0,55.0
2025-02-10,Azadpur APMC,51.1,700.0,2,winter,agra,27.4,11.4,0.0,60,25.6,10.4,0.0,57.0
2025-02-11,Azadpur APMC,49.8,700.0,2,winter,agra,28.2,11.8,0.0,62,27.6,11.4,0.0,58.0
2025-02-12,Azadpur APMC,49.1,800.0,2,winter,agra,25.3,13.6,0.0,52,29.0,12.8,0.0,57.0
2025-02-13,Azadpur APMC,58.0,800.0,2,winter,agra,23.5,13.5,0.0,48,26.5,13.5,0.0,54.0
2025-02-14,Azadpur APMC,54.8,800.0,2,winter,agra,24.7,12.3,0.0,43,25.7,12.9,0.0,43.0
2025-02-15,Azadpur APMC,61.0,700.0,2,winter,agra,25.3,13.0,0.0,49,27.0,12.5,0.0,40.0
2025-02-17,Azadpur APMC,89.9,2000.0,2,winter,agra,28.8,15.5,0.0,54,27.6,14.3,0.0,50.0
2025-02-18,Azadpur APMC,25.3,700.0,2,winter,agra,26.4,16.3,0.0,55,28.3,15.8,0.0,52.0
2025-02-19,Azadpur APMC,50.8,700.0,2,winter,agra,27.6,13.8,0.5,49,25.2,15.2,0.0,64.0
2025-02-20,Azadpur APMC,54.8,700.0,2,winter,agra,24.0,15.1,5.0,69,28.0,14.6,1.5,57.0
2025-02-21,Azadpur APMC,61.5,700.0,2,winter,agra,24.7,13.6,0.3,73,27.1,16.6,1.1,62.0
2025-02-22,Azadpur APMC,57.6,800.0,2,winter,agra,23.6,13.4,0.0,69,27.6,15.3,0.0,64.0
2025-02-24,Azadpur APMC,48.1,800.0,2,winter,agra,26.6,13.0,0.0,60,26.5,14.1,0.0,56.0
2025-02-26,Azadpur APMC,36.9,800.0,2,winter,agra,30.8,18.4,0.0,50,28.9,14.9,0.0,56.0
2025-02-27,Azadpur APMC,13.7,800.0,2,winter,agra,23.1,18.8,2.8,70,30.3,16.2,0.0,53.0
2025-02-28,Azadpur APMC,43.8,800.0,2,winter,agra,23.3,17.9,10.1,74,28.8,18.3,0.0,55.0
2025-03-01,Azadpur APMC,51.9,800.0,3,summer,agra,24.0,15.3,7.8,82,29.8,19.8,0.6,62.0
2025-03-03,Azadpur APMC,40.7,800.0,3,summer,agra,27.1,12.5,0.0,59,28.8,17.2,0.0,56.0
2025-03-04,Azadpur APMC,51.1,800.0,3,summer,agra,24.6,15.1,0.0,60,28.3,15.3,0.0,46.0
2025-03-05,Azadpur APMC,41.9,800.0,3,summer,agra,22.8,12.5,0.0,46,27.7,18.9,0.0,42.0
2025-03-06,Azadpur APMC,48.6,800.0,3,summer,agra,26.7,12.6,0.0,41,24.3,13.9,0.0,40.0
2025-03-07,Azadpur APMC,45.3,800.0,3,summer,agra,28.6,12.4,0.0,44,27.8,13.2,0.0,33.0
2025-03-08,Azadpur APMC,43.6,800.0,3,summer,agra,30.2,14.4,0.0,43,30.0,13.6,0.0,41.0
2025-03-10,Azadpur APMC,37.7,800.0,3,summer,agra,32.4,19.6,0.0,43,32.1,17.5,0.0,39.0
2025-03-11,Azadpur APMC,55.0,800.0,3,summer,agra,34.5,20.3,0.0,46,32.8,18.8,0.0,39.0
2025-03-12,Azadpur APMC,52.4,700.0,3,summer,agra,32.9,19.5,0.0,50,34.6,18.8,0.0,41.0
2025-03-13,Azadpur APMC,57.2,700.0,3,summer,agra,32.2,20.5,3.5,52,34.3,20.0,0.0,46.0
2025-03-15,Azadpur APMC,14.7,700.0,3,summer,agra,31.2,19.1,0.3,52,34.5,19.7,0.0,47.0
2025-03-17,Azadpur APMC,5.6,700.0,3,summer,agra,28.4,17.1,0.0,45,31.6,20.0,0.0,46.0
2025-03-18,Azadpur APMC,24.3,600.0,3,summer,agra,29.9,17.1,0.0,44,30.3,18.9,0.0,40.0
2025-03-19,Azadpur APMC,51.6,400.0,3,summer,agra,32.1,17.9,0.0,39,30.0,17.1,0.0,43.0
2025-03-20,Azadpur APMC,51.6,400.0,3,summer,agra,32.8,18.8,0.0,34,32.5,17.0,0.0,37.0
2025-03-21,Azadpur APMC,52.1,300.0,3,summer,agra,32.0,18.9,0.0,33,34.3,19.9,0.0,32.0
2025-03-22,Azadpur APMC,52.5,300.0,3,summer,agra,31.4,18.0,0.0,33,32.8,19.6,0.0,33.0
2025-03-24,Azadpur APMC,41.6,300.0,3,summer,agra,34.3,20.0,0.0,32,33.2,16.8,0.0,35.0
2025-03-25,Azadpur APMC,52.2,300.0,3,summer,agra,36.8,21.0,0.0,32,34.4,18.7,0.0,31.0
2025-03-26,Azadpur APMC,51.8,400.0,3,summer,agra,38.6,22.3,0.0,30,36.1,19.9,0.0,28.0
2025-03-27,Azadpur APMC,54.8,400.0,3,summer,agra,36.5,23.7,0.0,27,38.5,21.5,0.0,25.0
2025-03-28,Azadpur APMC,51.4,400.0,3,summer,agra,31.3,21.8,0.0,24,38.4,22.0,0.0,25.0
2025-03-29,Azadpur APMC,47.3,400.0,3,summer,agra,29.3,16.2,0.0,21,33.5,23.0,0.0,21.0
2025-04-01,Azadpur APMC,47.7,400.0,4,summer,solan,33.8,19.1,0.0,19,25.0,5.7,0.0,32.0
2025-04-02,Azadpur APMC,47.7,800.0,4,summer,solan,35.8,18.7,0.0,20,25.0,7.3,0.0,30.0
2025-04-03,Azadpur APMC,54.2,800.0,4,summer,solan,37.9,20.5,0.0,18,25.3,5.1,0.0,30.0
2025-04-04,Azadpur APMC,52.0,700.0,4,summer,solan,37.2,22.3,0.0,17,26.0,6.2,0.0,34.0
2025-04-05,Azadpur APMC,41.2,700.0,4,summer,solan,35.5,21.8,0.0,22,25.6,6.7,0.0,37.0
2025-04-07,Azadpur APMC,38.6,600.0,4,summer,solan,40.3,24.4,0.0,23,28.2,9.0,0.0,37.0
2025-04-08,Azadpur APMC,51.3,500.0,4,summer,solan,40.2,25.7,0.0,23,28.3,9.9,0.0,42.0
2025-04-09,Azadpur APMC,52.0,500.0,4,summer,solan,41.0,26.4,0.0,26,28.2,11.6,0.0,42.0
2025-04-10,Azadpur APMC,47.3,500.0,4,summer,solan,38.9,27.1,0.6,32,27.7,12.3,2.1,48.0
2025-04-11,Azadpur APMC,52.4,500.0,4,summer,solan,34.6,22.4,11.3,58,27.2,11.5,0.4,55.0
2025-04-12,Azadpur APMC,46.2,500.0,4,summer,solan,35.0,20.5,0.3,54,25.1,10.3,9.2,61.0
2025-04-14,Azadpur APMC,38.7,500.0,4,summer,solan,35.9,23.0,0.0,40,24.2,8.1,0.2,60.0
2025-04-15,Azadpur APMC,40.6,400.0,4,summer,solan,37.2,25.2,0.0,34,25.9,9.7,0.0,63.0
2025-04-19,Azadpur APMC,39.2,400.0,4,summer,solan,40.4,27.7,0.0,41,28.7,11.2,1.4,60.0
2025-04-21,Azadpur APMC,31.9,300.0,4,summer,solan,40.5,26.3,0.0,25,25.9,13.5,3.3,57.0
2025-04-22,Azadpur APMC,41.6,300.0,4,summer,solan,39.7,24.4,0.0,10,28.7,13.0,5.2,52.0
2025-04-23,Azadpur APMC,35.0,300.0,4,summer,solan,39.4,23.6,0.0,12,28.2,13.2,0.0,42.0
2025-04-24,Azadpur APMC,38.6,300.0,4,summer,solan,40.7,24.2,0.0,11,27.9,10.6,0.0,35.0
2025-04-25,Azadpur APMC,29.9,300.0,4,summer,solan,41.4,25.5,0.0,13,28.1,9.8,0.0,30.0
2025-04-26,Azadpur APMC,36.5,400.0,4,summer,solan,42.4,26.3,0.0,13,29.4,10.1,0.0,22.0
2025-12-01,Azadpur APMC,60.3,1500.0,12,winter,agra,24.5,9.8,0.0,50,24.1,12.6,0.0,71.0
2025-12-02,Azadpur APMC,72.7,1500.0,12,winter,agra,25.5,12.7,0.0,56,24.0,11.2,0.0,73.0
2025-12-03,Azadpur APMC,59.6,1700.0,12,winter,agra,23.0,10.2,0.0,55,25.0,13.2,0.0,78.0
2025-12-04,Azadpur APMC,61.0,1700.0,12,winter,agra,22.1,9.4,0.0,56,22.5,12.9,0.0,72.0
2025-12-06,Azadpur APMC,72.7,1800.0,12,winter,agra,23.8,10.1,0.0,53,21.4,8.4,0.0,71.0
2025-12-08,Azadpur APMC,55.0,1800.0,12,winter,agra,25.4,11.7,0.0,53,22.8,10.2,0.0,68.0
2025-12-09,Azadpur APMC,56.9,1600.0,12,winter,agra,24.6,11.7,0.0,54,23.9,10.7,0.0,69.0
2025-12-10,Azadpur APMC,55.7,1600.0,12,winter,agra,24.3,11.7,0.0,57,24.0,10.6,0.0,64.0
2025-12-11,Azadpur APMC,55.1,1500.0,12,winter,agra,24.8,10.5,0.0,61,23.7,10.8,0.0,70.0
2025-12-15,Azadpur APMC,61.3,1500.0,12,winter,agra,23.4,10.3,0.0,74,22.0,10.1,0.0,88.0
2025-12-17,Azadpur APMC,68.7,1700.0,12,winter,agra,23.9,11.4,0.0,71,22.6,9.5,0.0,77.0
2025-12-18,Azadpur APMC,69.2,1200.0,12,winter,agra,22.6,11.1,0.0,76,22.7,10.3,0.0,79.0
2025-12-19,Azadpur APMC,72.2,1200.0,12,winter,agra,22.0,10.5,0.0,78,21.9,10.9,0.0,83.0
2025-12-22,Azadpur APMC,57.0,1150.0,12,winter,agra,21.7,11.6,0.0,81,18.9,10.0,0.0,91.0
2025-12-23,Azadpur APMC,69.6,1150.0,12,winter,agra,23.2,11.5,0.0,80,18.5,10.6,0.0,92.0
2025-12-24,Azadpur APMC,74.0,1150.0,12,winter,agra,21.4,11.6,0.0,68,22.7,10.1,0.0,88.0
2025-12-25,Azadpur APMC,71.6,1150.0,12,winter,agra,21.5,9.2,0.0,63,20.9,12.3,0.0,75.0
2025-12-26,Azadpur APMC,62.6,800.0,12,winter,agra,20.9,9.9,0.0,70,20.7,8.6,0.0,73.0
2025-12-27,Azadpur APMC,67.6,800.0,12,winter,agra,20.5,9.3,0.0,77,20.4,8.6,0.0,77.0
2025-12-29,Azadpur APMC,58.9,800.0,12,winter,agra,19.7,10.5,0.0,82,20.2,8.9,0.0,84.0
2025-12-30,Azadpur APMC,66.7,800.0,12,winter,agra,20.5,9.7,0.0,79,18.6,9.3,0.0,91.0
2026-01-01,Azadpur APMC,50.1,700.0,1,winter,agra,16.9,10.7,2.5,90,19.9,9.0,0.0,89.0
2026-01-02,Azadpur APMC,42.0,700.0,1,winter,agra,17.6,11.4,0.0,78,17.0,10.0,1.6,92.0
2026-01-03,Azadpur APMC,73.2,700.0,1,winter,agra,17.4,10.9,0.0,77,17.8,10.2,0.2,89.0
2026-01-05,Azadpur APMC,64.6,700.0,1,winter,agra,17.5,8.5,0.0,79,16.8,7.9,0.0,86.0
2026-01-06,Azadpur APMC,70.9,600.0,1,winter,agra,17.2,8.4,0.0,84,16.6,6.2,0.0,88.0
2026-01-07,Azadpur APMC,67.2,600.0,1,winter,agra,15.6,7.3,0.0,89,17.6,8.4,0.0,87.0
2026-01-08,Azadpur APMC,70.9,500.0,1,winter,agra,14.4,7.3,0.0,88,15.8,6.7,0.0,91.0
2026-01-09,Azadpur APMC,64.0,500.0,1,winter,agra,17.4,7.1,0.4,83,14.2,6.1,0.0,92.0
2026-01-13,Azadpur APMC,68.4,500.0,1,winter,agra,18.2,4.5,0.0,78,18.5,5.3,0.0,73.0
2026-01-14,Azadpur APMC,53.1,600.0,1,winter,agra,17.1,5.5,0.0,79,19.8,5.6,0.0,80.0
2026-01-15,Azadpur APMC,60.9,600.0,1,winter,agra,17.6,5.7,0.0,79,19.5,7.3,0.0,81.0
2026-01-16,Azadpur APMC,53.9,700.0,1,winter,agra,20.3,5.5,0.0,71,18.9,5.9,0.0,74.0
2026-01-17,Azadpur APMC,61.4,700.0,1,winter,agra,22.4,7.1,0.0,73,21.2,6.6,0.0,77.0
2026-01-19,Azadpur APMC,52.1,1100.0,1,winter,agra,24.8,10.1,0.0,66,22.4,8.5,0.1,81.0
2026-01-20,Azadpur APMC,59.1,1100.0,1,winter,agra,24.2,9.4,0.0,64,22.7,11.1,0.0,76.0
2026-01-21,Azadpur APMC,63.6,1100.0,1,winter,agra,23.2,9.3,0.0,66,23.5,10.2,0.0,71.0
2026-01-22,Azadpur APMC,73.4,1100.0,1,winter,agra,25.4,9.4,0.0,62,23.5,10.4,0.0,75.0
2026-01-23,Azadpur APMC,55.9,1100.0,1,winter,agra,17.6,12.9,29.7,83,24.0,7.5,0.0,76.0
2026-01-24,Azadpur APMC,28.1,1100.0,1,winter,agra,16.4,9.0,0.0,69,20.9,14.3,2.2,79.0
2026-01-27,Azadpur APMC,44.7,1200.0,1,winter,agra,19.7,10.8,12.8,82,20.3,6.5,0.0,70.0
2026-01-28,Azadpur APMC,53.8,1200.0,1,winter,agra,18.4,11.8,1.0,85,21.2,11.8,26.3,86.0
2026-01-29,Azadpur APMC,67.6,1200.0,1,winter,agra,18.4,9.8,0.0,87,19.5,12.7,0.7,88.0
2026-01-30,Azadpur APMC,66.5,1200.0,1,winter,agra,19.5,9.2,0.0,83,18.6,10.4,0.0,88.0
2026-01-31,Azadpur APMC,66.5,1200.0,1,winter,agra,20.0,8.8,0.0,86,19.1,9.1,0.0,87.0
2026-02-02,Azadpur APMC,59.8,1100.0,2,winter,agra,20.1,12.5,0.0,88,21.4,11.8,8.2,85.0
2026-02-03,Azadpur APMC,59.9,1100.0,2,winter,agra,19.7,10.3,0.0,83,21.3,12.2,0.0,89.0
2026-02-04,Azadpur APMC,73.3,1100.0,2,winter,agra,20.3,10.4,0.0,78,20.5,11.0,0.0,87.0
2026-02-05,Azadpur APMC,87.8,1100.0,2,winter,agra,21.4,9.9,0.0,73,20.8,10.3,0.0,81.0
2026-02-06,Azadpur APMC,73.4,1400.0,2,winter,agra,22.7,10.8,0.0,69,20.8,9.6,0.0,76.0
2026-02-07,Azadpur APMC,80.5,1400.0,2,winter,agra,23.7,12.4,0.0,69,22.8,10.2,0.0,72.0
2026-02-09,Azadpur APMC,54.9,1400.0,2,winter,agra,24.7,10.6,0.0,59,23.7,11.5,0.0,75.0
2026-02-10,Azadpur APMC,69.9,1400.0,2,winter,agra,27.6,11.9,0.0,58,24.3,10.5,0.0,72.0
2026-02-11,Azadpur APMC,66.6,1400.0,2,winter,agra,26.8,14.6,0.0,59,25.6,11.6,0.0,70.0
2026-02-12,Azadpur APMC,72.6,1800.0,2,winter,agra,25.0,12.6,0.0,55,26.4,13.7,0.0,73.0
2026-02-13,Azadpur APMC,69.4,1800.0,2,winter,agra,25.5,12.3,0.0,53,25.5,13.2,0.0,70.0
2026-02-16,Azadpur APMC,44.1,1800.0,2,winter,agra,30.2,13.4,0.0,52,28.3,12.6,0.0,61.0
2026-02-17,Azadpur APMC,66.0,1800.0,2,winter,agra,29.9,16.4,0.0,52,29.5,13.3,0.0,58.0
2026-02-18,Azadpur APMC,70.6,1900.0,2,winter,agra,23.6,16.3,0.2,72,29.3,14.3,0.0,47.0
2026-02-19,Azadpur APMC,59.5,1900.0,2,winter,agra,26.5,13.7,0.0,67,24.8,14.4,1.4,68.0
2026-02-20,Azadpur APMC,57.2,1900.0,2,winter,agra,28.0,14.7,0.0,63,25.2,13.5,0.1,72.0
2026-02-21,Azadpur APMC,76.9,1000.0,2,winter,agra,27.4,15.0,0.0,61,27.9,14.5,0.0,67.0
2026-04-01,Azadpur APMC,49.2,500.0,4,summer,solan,33.3,19.7,0.0,50,23.2,10.1,0.0,61.0
2026-04-03,Azadpur APMC,52.8,500.0,4,summer,solan,32.4,22.5,0.7,53,25.5,8.8,0.0,55.0
2026-04-04,Azadpur APMC,47.2,500.0,4,summer,solan,30.4,21.4,0.7,61,22.6,11.3,1.1,67.0
2026-04-06,Azadpur APMC,39.8,500.0,4,summer,solan,31.5,21.1,0.0,38,19.6,7.9,1.7,70.0
2026-04-07,Azadpur APMC,50.2,500.0,4,summer,solan,29.1,18.2,9.0,56,20.8,6.7,1.5,66.0
2026-04-08,Azadpur APMC,40.3,500.0,4,summer,solan,25.6,17.1,2.4,72,18.9,6.4,7.5,71.0
2026-04-09,Azadpur APMC,48.1,500.0,4,summer,solan,28.6,16.2,0.0,61,14.4,6.4,11.9,81.0
2026-04-10,Azadpur APMC,47.2,700.0,4,summer,solan,31.2,17.7,0.0,43,17.3,3.6,0.9,73.0
2026-04-13,Azadpur APMC,32.4,1000.0,4,summer,solan,34.7,21.3,0.0,30,22.0,5.4,0.0,60.0
2026-04-14,Azadpur APMC,39.2,1000.0,4,summer,solan,37.7,22.6,0.0,28,24.0,8.9,0.0,57.0
2026-04-15,Azadpur APMC,45.1,800.0,4,summer,solan,38.7,23.3,0.0,24,24.6,6.7,0.0,53.0
2026-04-16,Azadpur APMC,41.9,900.0,4,summer,solan,39.9,25.0,0.0,25,25.7,8.2,0.0,48.0
2026-04-17,Azadpur APMC,41.8,800.0,4,summer,solan,40.9,26.9,0.0,26,26.8,7.8,0.0,49.0
2026-04-18,Azadpur APMC,40.8,800.0,4,summer,solan,40.3,24.4,0.0,31,26.7,11.5,1.2,48.0
2026-04-20,Azadpur APMC,26.4,800.0,4,summer,solan,39.3,25.3,0.0,25,28.0,12.8,0.0,45.0
2026-04-21,Azadpur APMC,37.5,1000.0,4,summer,solan,38.8,25.4,0.0,19,27.5,10.1,0.0,43.0
2026-04-22,Azadpur APMC,36.5,1000.0,4,summer,solan,40.5,25.4,0.0,23,27.0,12.8,0.0,41.0
2026-04-23,Azadpur APMC,40.6,1000.0,4,summer,solan,41.3,27.5,0.0,20,28.5,10.4,0.0,46.0
2026-04-24,Azadpur APMC,34.6,1000.0,4,summer,solan,42.1,27.8,0.0,24,29.0,14.7,0.0,42.0
2026-04-25,Azadpur APMC,37.4,1000.0,4,summer,solan,42.3,28.9,0.0,24,29.7,12.5,0.0,45.0
2026-04-27,Azadpur APMC,24.4,1000.0,4,summer,solan,42.3,28.5,0.0,23,30.2,15.5,0.0,37.0
2026-04-28,Azadpur APMC,40.8,1400.0,4,summer,solan,37.2,29.3,0.3,32,29.5,13.5,0.0,33.0
2026-04-29,Azadpur APMC,39.7,1300.0,4,summer,solan,37.3,27.2,0.0,37,24.0,13.8,1.4,51.0
2026-04-30,Azadpur APMC,22.9,1300.0,4,summer,solan,37.7,25.5,0.0,41,25.1,11.9,15.6,71.0
2026-05-01,Azadpur APMC,41.5,1300.0,5,summer,solan,36.0,23.1,0.0,50,25.9,11.6,5.2,71.0
2026-05-02,Azadpur APMC,25.4,1300.0,5,summer,solan,35.8,26.4,0.2,42,24.6,10.5,0.5,64.0
2026-05-04,Azadpur APMC,31.5,1200.0,5,summer,solan,30.3,21.4,4.8,64,26.1,11.6,9.8,66.0
2026-05-05,Azadpur APMC,37.9,1000.0,5,summer,solan,30.1,22.8,0.6,64,23.1,11.3,3.6,69.0
2026-05-06,Azadpur APMC,13.0,1000.0,5,summer,solan,34.4,21.7,0.0,48,22.4,10.8,7.1,70.0
2026-05-07,Azadpur APMC,42.4,1000.0,5,summer,solan,30.4,23.7,0.0,51,23.9,9.5,0.2,64.0
2026-05-08,Azadpur APMC,48.0,1000.0,5,summer,solan,34.1,22.2,0.4,56,21.9,11.5,10.8,69.0
2026-05-11,Azadpur APMC,27.9,800.0,5,summer,solan,37.8,27.6,0.0,42,24.4,12.6,1.4,75.0
2026-05-12,Azadpur APMC,31.3,800.0,5,summer,solan,39.0,28.2,6.6,46,24.3,15.6,15.0,81.0
2026-05-13,Azadpur APMC,28.9,1000.0,5,summer,solan,39.5,27.2,0.2,46,26.7,12.0,0.6,66.0
2026-05-14,Azadpur APMC,33.4,1000.0,5,summer,solan,39.7,27.0,0.3,38,27.2,12.7,1.0,56.0
2026-05-15,Azadpur APMC,30.2,1000.0,5,summer,solan,40.2,28.0,0.0,32,28.8,11.9,0.9,51.0
2026-05-16,Azadpur APMC,30.7,800.0,5,summer,solan,40.6,28.8,0.0,29,26.8,14.9,0.5,47.0
2026-05-18,Azadpur APMC,27.5,800.0,5,summer,solan,43.6,30.2,0.0,25,29.1,16.6,0.0,43.0
2026-05-19,Azadpur APMC,33.6,900.0,5,summer,solan,44.6,31.6,0.0,18,30.9,16.5,0.0,45.0
2026-05-20,Azadpur APMC,34.6,900.0,5,summer,solan,43.9,32.4,0.0,19,31.1,17.1,0.1,41.0
2026-05-21,Azadpur APMC,32.4,900.0,5,summer,solan,43.1,33.4,0.0,21,32.3,15.8,0.0,38.0
2026-05-22,Azadpur APMC,34.7,900.0,5,summer,solan,42.4,32.3,0.0,19,32.6,16.5,0.1,36.0
2026-05-23,Azadpur APMC,34.8,900.0,5,summer,solan,41.5,31.9,0.0,22,28.9,17.9,2.5,45.0
2026-05-25,Azadpur APMC,25.4,900.0,5,summer,solan,43.3,32.9,0.1,18,30.2,18.0,0.6,36.0
2026-05-26,Azadpur APMC,29.4,900.0,5,summer,solan,43.0,32.1,0.0,17,31.1,15.3,0.0,37.0
2026-05-27,Azadpur APMC,15.7,1000.0,5,summer,solan,43.7,31.5,0.0,17,29.7,14.0,0.0,35.0
2026-05-28,Azadpur APMC,37.2,1000.0,5,summer,solan,40.7,29.8,1.2,37,30.9,14.5,0.0,34.0
2026-05-29,Azadpur APMC,33.6,1000.0,5,summer,solan,34.4,26.5,1.1,54,30.2,14.6,0.7,51.0
2026-05-30,Azadpur APMC,19.3,1000.0,5,summer,solan,35.5,24.3,4.9,64,26.1,15.6,3.1,67.0
2026-06-01,Azadpur APMC,27.3,1000.0,6,monsoon,solan,33.5,25.0,0.7,58,20.6,15.0,3.8,78.0
2026-06-02,Azadpur APMC,35.0,1000.0,6,monsoon,solan,36.7,25.3,0.5,50,24.2,14.9,2.8,82.0
2026-06-03,Azadpur APMC,38.3,1000.0,6,monsoon,solan,38.5,29.5,0.1,42,26.1,15.4,5.6,77.0
2026-06-04,Azadpur APMC,36.4,1000.0,6,monsoon,solan,39.7,26.6,0.8,43,26.5,15.7,0.3,70.0
2026-06-05,Azadpur APMC,32.1,1100.0,6,monsoon,solan,34.6,25.3,2.6,59,28.5,15.4,4.2,66.0
2026-06-08,Azadpur APMC,36.4,1100.0,6,monsoon,solan,41.9,30.2,0.0,33,28.5,14.0,0.0,49.0
2026-06-09,Azadpur APMC,39.9,1100.0,6,monsoon,solan,43.2,32.1,0.0,27,29.2,14.8,0.0,49.0
2026-06-10,Azadpur APMC,40.8,900.0,6,monsoon,solan,43.8,31.9,0.4,28,29.9,15.1,0.0,46.0
2026-06-11,Azadpur APMC,55.8,900.0,6,monsoon,solan,36.9,26.8,0.6,48,30.4,15.8,0.1,51.0
2026-06-12,Azadpur APMC,40.1,900.0,6,monsoon,solan,32.5,23.2,6.0,74,29.8,15.9,7.8,69.0
2026-06-15,Azadpur APMC,37.0,900.0,6,monsoon,solan,36.6,27.5,0.8,52,26.7,13.0,1.6,68.0
2026-06-16,Azadpur APMC,42.8,900.0,6,monsoon,solan,32.6,26.0,0.2,61,26.4,14.7,1.7,69.0
2026-06-17,Azadpur APMC,25.3,900.0,6,monsoon,solan,37.3,25.0,0.0,53,27.3,15.2,4.1,74.0
2026-06-18,Azadpur APMC,28.8,900.0,6,monsoon,solan,39.2,29.7,0.1,42,26.8,16.0,3.4,76.0
2026-06-19,Azadpur APMC,39.7,900.0,6,monsoon,solan,38.5,28.3,0.0,41,27.8,16.6,2.6,72.0
2026-06-20,Azadpur APMC,43.4,900.0,6,monsoon,solan,38.4,30.8,0.3,41,27.3,17.8,3.3,74.0
2026-06-22,Azadpur APMC,36.7,900.0,6,monsoon,solan,36.8,28.8,1.3,40,28.3,17.7,0.4,64.0
2026-06-23,Azadpur APMC,50.7,800.0,6,monsoon,solan,39.0,30.3,0.9,41,25.7,17.3,0.8,72.0
2026-06-24,Azadpur APMC,44.5,800.0,6,monsoon,solan,38.2,29.5,0.6,44,27.4,15.5,0.5,64.0
2026-06-25,Azadpur APMC,44.8,800.0,6,monsoon,solan,39.1,29.5,2.2,43,27.2,16.3,7.7,79.0
2026-06-26,Azadpur APMC,45.8,800.0,6,monsoon,solan,41.0,31.1,0.5,42,27.3,16.2,2.8,82.0
2026-06-29,Azadpur APMC,39.2,800.0,6,monsoon,solan,41.6,32.9,1.4,38,28.4,17.8,2.6,76.0
2026-06-30,Azadpur APMC,54.5,800.0,6,monsoon,solan,39.6,30.6,4.3,52,28.5,18.9,7.8,79.0
2026-07-01,Azadpur APMC,40.8,800.0,7,monsoon,agra,33.3,27.7,0.9,72,38.6,30.2,0.3,49.0
2026-07-02,Azadpur APMC,47.9,800.0,7,monsoon,agra,32.1,26.0,5.9,76,32.2,27.2,1.5,78.0
2026-07-03,Azadpur APMC,39.1,800.0,7,monsoon,agra,35.8,27.4,0.1,68,34.5,27.4,1.1,70.0
2026-07-04,Azadpur APMC,51.6,800.0,7,monsoon,agra,36.3,29.8,1.0,64,32.6,27.4,2.6,78.0
2026-07-06,Azadpur APMC,34.6,800.0,7,monsoon,agra,36.5,27.0,0.5,71,35.9,27.4,9.3,80.0
2026-07-07,Azadpur APMC,24.4,800.0,7,monsoon,agra,33.0,26.6,9.5,84,35.5,28.0,0.7,71.0
2026-07-08,Azadpur APMC,22.1,800.0,7,monsoon,agra,29.4,26.2,12.2,91,32.9,26.9,18.9,83.0
2026-07-09,Azadpur APMC,12.4,800.0,7,monsoon,agra,29.1,25.2,103.3,91,29.9,25.7,66.2,94.0
2026-07-10,Azadpur APMC,6.2,800.0,7,monsoon,agra,33.1,25.5,1.1,80,31.7,26.2,1.6,79.0
2026-07-13,Azadpur APMC,23.9,800.0,7,monsoon,agra,35.8,28.5,0.2,64,35.4,29.5,0.0,63.0
2026-07-14,Azadpur APMC,27.1,800.0,7,monsoon,agra,36.4,26.0,1.4,70,35.5,29.3,0.0,62.0
2026-07-15,Azadpur APMC,35.5,800.0,7,monsoon,agra,36.6,25.1,3.1,66,35.8,29.3,1.1,60.0
2026-07-16,Azadpur APMC,27.5,1000.0,7,monsoon,agra,37.5,29.8,0.0,54,34.7,28.7,0.6,65.0
2026-07-17,Azadpur APMC,29.8,1200.0,7,monsoon,agra,37.3,31.2,0.3,55,36.6,29.1,0.0,56.0
2026-07-18,Azadpur APMC,22.4,1200.0,7,monsoon,agra,36.6,30.9,0.0,54,37.0,31.4,0.0,51.0
2026-07-20,Azadpur APMC,14.4,1100.0,7,monsoon,agra,32.2,26.6,33.0,86,37.4,29.2,2.5,68.0
2026-07-21,Azadpur APMC,21.7,1100.0,7,monsoon,agra,29.9,26.0,12.8,89,30.3,26.6,23.6,88.0
2026-07-22,Azadpur APMC,20.6,1100.0,7,monsoon,agra,32.0,25.8,6.9,83,30.4,25.2,23.9,88.0
2026-07-23,Azadpur APMC,23.4,1000.0,7,monsoon,agra,32.3,26.4,9.9,82,33.0,25.4,8.2,79.0
2026-07-24,Azadpur APMC,23.5,1000.0,7,monsoon,agra,31.3,25.8,9.2,83,31.9,26.6,2.3,79.0
2026-07-25,Azadpur APMC,26.0,1000.0,7,monsoon,agra,32.8,27.3,2.5,79,33.5,25.8,4.7,78.0
2026-07-27,Azadpur APMC,24.8,1000.0,7,monsoon,agra,35.6,29.6,1.3,72,34.7,27.3,1.1,74.0
2025-11-08,Keshopur APMC,79.6,2300.0,11,post_monsoon,agra,27.1,13.9,0.0,44,26.4,14.1,0.0,58.0
2025-11-09,Keshopur APMC,6.95,2000.0,11,post_monsoon,agra,27.1,13.8,0.0,47,26.0,13.2,0.0,57.0
2025-11-10,Keshopur APMC,10.57,2600.0,11,post_monsoon,agra,27.4,13.6,0.0,46,25.7,12.3,0.0,62.0
2025-11-11,Keshopur APMC,7.66,2003.0,11,post_monsoon,agra,27.5,13.3,0.0,48,26.4,12.1,0.0,62.0
2025-11-13,Keshopur APMC,3.65,2600.0,11,post_monsoon,agra,26.3,12.8,0.0,53,26.7,12.7,0.0,64.0
2025-11-14,Keshopur APMC,11.2,1200.0,11,post_monsoon,agra,26.1,13.0,0.0,52,26.0,12.4,0.0,66.0
2025-11-15,Keshopur APMC,5.78,1200.0,11,post_monsoon,agra,26.7,12.4,0.0,52,25.4,11.9,0.0,63.0
2025-11-16,Keshopur APMC,6.3,1500.0,11,post_monsoon,agra,27.0,12.1,0.0,50,25.4,11.7,0.0,66.0
2025-11-17,Keshopur APMC,4.23,1200.0,11,post_monsoon,agra,26.3,12.0,0.0,51,25.4,12.1,0.0,64.0
2025-11-18,Keshopur APMC,9.54,1250.0,11,post_monsoon,agra,26.1,13.2,0.0,59,24.9,11.4,0.0,67.0
2025-11-20,Keshopur APMC,6.6,1200.0,11,post_monsoon,agra,26.5,13.9,0.0,63,24.7,11.6,0.0,74.0
2025-11-23,Keshopur APMC,11.69,1400.0,11,post_monsoon,agra,26.1,13.4,0.0,57,25.3,12.8,0.0,74.0
2025-11-24,Keshopur APMC,8.78,1250.0,11,post_monsoon,agra,25.0,12.3,0.0,59,25.2,12.5,0.0,73.0
2025-11-27,Keshopur APMC,8.41,1500.0,11,post_monsoon,agra,24.5,11.8,0.0,58,22.6,10.5,0.0,73.0
2025-11-28,Keshopur APMC,9.13,1200.0,11,post_monsoon,agra,25.6,11.6,0.0,61,23.0,11.2,0.0,74.0
2025-11-30,Keshopur APMC,14.3,1000.0,11,post_monsoon,agra,23.7,11.3,0.0,50,24.8,12.6,0.0,73.0
2025-12-01,Keshopur APMC,10.16,1250.0,12,winter,agra,24.5,9.8,0.0,50,24.1,12.6,0.0,71.0
2025-12-02,Keshopur APMC,6.18,1000.0,12,winter,agra,25.5,12.7,0.0,56,24.0,11.2,0.0,73.0
2025-12-04,Keshopur APMC,7.18,1100.0,12,winter,agra,22.1,9.4,0.0,56,22.5,12.9,0.0,72.0
2025-12-05,Keshopur APMC,6.88,950.0,12,winter,agra,22.1,8.3,0.0,56,21.7,9.6,0.0,71.0
2025-12-06,Keshopur APMC,11.43,950.0,12,winter,agra,23.8,10.1,0.0,53,21.4,8.4,0.0,71.0
2025-12-07,Keshopur APMC,16.75,900.0,12,winter,agra,24.4,10.7,0.0,56,22.0,9.0,0.0,69.0
2025-12-08,Keshopur APMC,20.19,1000.0,12,winter,agra,25.4,11.7,0.0,53,22.8,10.2,0.0,68.0
2025-12-09,Keshopur APMC,16.5,800.0,12,winter,agra,24.6,11.7,0.0,54,23.9,10.7,0.0,69.0
2025-12-11,Keshopur APMC,10.45,850.0,12,winter,agra,24.8,10.5,0.0,61,23.7,10.8,0.0,70.0
2025-12-12,Keshopur APMC,11.33,800.0,12,winter,agra,24.5,10.1,0.0,64,24.5,9.7,0.0,74.0
2025-12-14,Keshopur APMC,16.17,1000.0,12,winter,agra,24.3,11.6,0.0,69,23.4,9.8,0.0,82.0
2025-12-15,Keshopur APMC,22.45,900.0,12,winter,agra,23.4,10.3,0.0,74,22.0,10.1,0.0,88.0
2025-12-16,Keshopur APMC,13.8,1100.0,12,winter,agra,23.5,11.6,0.0,69,21.3,9.8,0.0,90.0
2025-12-18,Keshopur APMC,12.29,750.0,12,winter,agra,22.6,11.1,0.0,76,22.7,10.3,0.0,79.0
2025-12-19,Keshopur APMC,23.23,800.0,12,winter,agra,22.0,10.5,0.0,78,21.9,10.9,0.0,83.0
2025-12-20,Keshopur APMC,10.15,750.0,12,winter,agra,22.0,9.3,0.0,77,21.0,10.6,0.0,88.0
2025-12-21,Keshopur APMC,20.46,850.0,12,winter,agra,20.7,10.7,0.0,81,19.9,8.1,0.0,88.0
2025-12-22,Keshopur APMC,11.69,850.0,12,winter,agra,21.7,11.6,0.0,81,18.9,10.0,0.0,91.0
2025-12-23,Keshopur APMC,15.67,750.0,12,winter,agra,23.2,11.5,0.0,80,18.5,10.6,0.0,92.0
2025-12-26,Keshopur APMC,24.72,650.0,12,winter,agra,20.9,9.9,0.0,70,20.7,8.6,0.0,73.0
2025-12-27,Keshopur APMC,17.56,750.0,12,winter,agra,20.5,9.3,0.0,77,20.4,8.6,0.0,77.0
2026-01-01,Keshopur APMC,6.55,650.0,1,winter,agra,16.9,10.7,2.5,90,19.9,9.0,0.0,89.0
2026-01-02,Keshopur APMC,8.6,750.0,1,winter,agra,17.6,11.4,0.0,78,17.0,10.0,1.6,92.0
2026-01-03,Keshopur APMC,14.46,650.0,1,winter,agra,17.4,10.9,0.0,77,17.8,10.2,0.2,89.0
2026-01-04,Keshopur APMC,12.76,850.0,1,winter,agra,17.2,8.6,0.0,79,16.7,8.0,0.0,84.0
2026-01-05,Keshopur APMC,23.65,750.0,1,winter,agra,17.5,8.5,0.0,79,16.8,7.9,0.0,86.0
2026-01-06,Keshopur APMC,19.04,600.0,1,winter,agra,17.2,8.4,0.0,84,16.6,6.2,0.0,88.0
2026-01-08,Keshopur APMC,12.16,750.0,1,winter,agra,14.4,7.3,0.0,88,15.8,6.7,0.0,91.0
2026-01-09,Keshopur APMC,19.31,650.0,1,winter,agra,17.4,7.1,0.4,83,14.2,6.1,0.0,92.0
2026-01-11,Keshopur APMC,14.06,900.0,1,winter,agra,16.5,5.6,0.0,77,19.2,6.1,0.0,80.0
2026-01-12,Keshopur APMC,13.18,650.0,1,winter,agra,17.3,4.4,0.0,71,18.5,7.8,0.0,76.0
2026-01-13,Keshopur APMC,16.14,800.0,1,winter,agra,18.2,4.5,0.0,78,18.5,5.3,0.0,73.0
2026-01-15,Keshopur APMC,8.45,650.0,1,winter,agra,17.6,5.7,0.0,79,19.5,7.3,0.0,81.0
2026-01-16,Keshopur APMC,12.9,650.0,1,winter,agra,20.3,5.5,0.0,71,18.9,5.9,0.0,74.0
2026-01-17,Keshopur APMC,14.37,700.0,1,winter,agra,22.4,7.1,0.0,73,21.2,6.6,0.0,77.0
2026-01-18,Keshopur APMC,13.65,550.0,1,winter,agra,22.3,8.0,0.0,78,21.7,6.1,0.0,82.0
2026-01-19,Keshopur APMC,9.66,650.0,1,winter,agra,24.8,10.1,0.0,66,22.4,8.5,0.1,81.0
2026-01-20,Keshopur APMC,12.61,600.0,1,winter,agra,24.2,9.4,0.0,64,22.7,11.1,0.0,76.0
2026-01-22,Keshopur APMC,8.58,600.0,1,winter,agra,25.4,9.4,0.0,62,23.5,10.4,0.0,75.0
2026-01-23,Keshopur APMC,18.1,600.0,1,winter,agra,17.6,12.9,29.7,83,24.0,7.5,0.0,76.0
2026-01-24,Keshopur APMC,2.79,500.0,1,winter,agra,16.4,9.0,0.0,69,20.9,14.3,2.2,79.0
2026-01-29,Keshopur APMC,10.05,500.0,1,winter,agra,18.4,9.8,0.0,87,19.5,12.7,0.7,88.0
2026-01-30,Keshopur APMC,19.58,600.0,1,winter,agra,19.5,9.2,0.0,83,18.6,10.4,0.0,88.0
2026-01-31,Keshopur APMC,25.13,600.0,1,winter,agra,20.0,8.8,0.0,86,19.1,9.1,0.0,87.0
2026-02-01,Keshopur APMC,12.74,650.0,2,winter,agra,21.0,12.3,2.7,82,19.8,8.5,2.7,87.0
2026-02-02,Keshopur APMC,10.99,600.0,2,winter,agra,20.1,12.5,0.0,88,21.4,11.8,8.2,85.0
2026-02-03,Keshopur APMC,17.31,800.0,2,winter,agra,19.7,10.3,0.0,83,21.3,12.2,0.0,89.0
2026-02-05,Keshopur APMC,14.28,700.0,2,winter,agra,21.4,9.9,0.0,73,20.8,10.3,0.0,81.0
2026-02-06,Keshopur APMC,15.95,850.0,2,winter,agra,22.7,10.8,0.0,69,20.8,9.6,0.0,76.0
2026-02-07,Keshopur APMC,11.49,750.0,2,winter,agra,23.7,12.4,0.0,69,22.8,10.2,0.0,72.0
2026-02-08,Keshopur APMC,13.96,950.0,2,winter,agra,22.9,11.2,0.0,62,24.0,11.8,0.0,74.0
2026-02-09,Keshopur APMC,16.6,1250.0,2,winter,agra,24.7,10.6,0.0,59,23.7,11.5,0.0,75.0
2026-02-12,Keshopur APMC,10.82,950.0,2,winter,agra,25.0,12.6,0.0,55,26.4,13.7,0.0,73.0
2026-02-13,Keshopur APMC,10.25,950.0,2,winter,agra,25.5,12.3,0.0,53,25.5,13.2,0.0,70.0
2026-02-14,Keshopur APMC,14.67,1000.0,2,winter,agra,27.0,12.4,0.0,53,25.5,11.8,0.0,67.0
2026-02-21,Keshopur APMC,7.97,850.0,2,winter,agra,27.4,15.0,0.0,61,27.9,14.5,0.0,67.0
2026-02-24,Keshopur APMC,13.5,800.0,2,winter,agra,29.4,15.9,0.0,54,29.1,14.7,0.0,58.0
2026-02-26,Keshopur APMC,9.69,1750.0,2,winter,agra,30.0,15.6,0.0,45,29.0,14.9,0.0,56.0
2026-02-27,Keshopur APMC,8.59,1600.0,2,winter,agra,31.1,16.3,0.0,42,29.4,15.0,0.0,51.0
2026-03-03,Keshopur APMC,8.06,1100.0,3,summer,agra,31.5,17.8,0.0,42,31.1,16.5,0.0,51.0
2026-03-06,Keshopur APMC,9.9,1450.0,3,summer,agra,34.6,19.5,0.0,46,33.4,18.2,0.0,49.0
2026-03-07,Keshopur APMC,9.7,1450.0,3,summer,agra,35.5,20.4,0.0,52,33.8,18.2,0.0,56.0
2026-03-08,Keshopur APMC,4.2,1700.0,3,summer,agra,36.0,21.6,0.0,46,34.2,19.0,0.0,56.0
2026-03-09,Keshopur APMC,10.3,1900.0,3,summer,agra,35.4,20.7,0.0,49,34.7,18.8,0.0,53.0
2026-03-10,Keshopur APMC,7.78,2150.0,3,summer,agra,35.3,22.0,0.0,54,35.1,19.1,0.0,54.0
2026-03-12,Keshopur APMC,8.7,1750.0,3,summer,agra,36.0,20.8,0.0,34,36.3,18.9,0.0,47.0
2026-03-13,Keshopur APMC,8.4,2150.0,3,summer,agra,32.6,21.2,0.0,45,36.8,19.9,0.0,32.0
2026-03-14,Keshopur APMC,10.8,1900.0,3,summer,agra,33.0,19.7,0.0,35,33.4,20.2,0.0,40.0
2026-03-15,Keshopur APMC,17.8,1950.0,3,summer,agra,27.7,18.8,2.1,54,33.1,20.6,0.0,37.0
2026-03-16,Keshopur APMC,2.4,1800.0,3,summer,agra,30.9,17.4,0.0,49,29.9,21.1,1.6,47.0
2026-03-19,Keshopur APMC,6.6,1950.0,3,summer,agra,27.2,18.2,3.1,67,33.8,19.6,0.0,51.0
2026-03-20,Keshopur APMC,4.0,1700.0,3,summer,agra,20.5,16.4,2.6,87,33.5,20.7,0.5,48.0
2026-03-21,Keshopur APMC,3.6,1800.0,3,summer,agra,25.5,15.0,0.0,78,22.6,17.6,6.2,79.0
2026-03-22,Keshopur APMC,5.6,2000.0,3,summer,agra,27.1,15.9,0.0,67,26.3,15.3,0.0,71.0
2026-03-23,Keshopur APMC,3.5,1850.0,3,summer,agra,26.7,17.9,6.3,72,29.3,17.0,0.0,62.0
2026-03-24,Keshopur APMC,7.0,1900.0,3,summer,agra,29.5,18.2,0.0,64,26.2,18.9,0.4,72.0
2026-03-27,Keshopur APMC,3.7,1800.0,3,summer,agra,29.0,21.4,0.3,52,35.4,20.6,0.0,42.0
2026-03-28,Keshopur APMC,7.7,1800.0,3,summer,agra,32.8,20.3,0.0,47,31.7,23.2,2.6,51.0
2026-03-29,Keshopur APMC,6.7,1600.0,3,summer,agra,34.6,22.6,0.2,48,33.2,20.0,0.0,53.0
2026-03-30,Keshopur APMC,9.0,1600.0,3,summer,agra,35.2,22.2,0.0,49,36.2,21.9,0.0,43.0
2026-03-31,Keshopur APMC,4.2,1700.0,3,summer,agra,34.0,21.2,1.0,55,36.0,22.2,0.0,44.0
2026-04-02,Keshopur APMC,7.4,1800.0,4,summer,solan,34.9,21.8,0.0,43,22.3,8.7,0.7,65.0
2026-04-03,Keshopur APMC,5.4,1800.0,4,summer,solan,32.4,22.5,0.7,53,25.5,8.8,0.0,55.0
2026-04-04,Keshopur APMC,7.7,1700.0,4,summer,solan,30.4,21.4,0.7,61,22.6,11.3,1.1,67.0
2026-04-05,Keshopur APMC,9.2,2200.0,4,summer,solan,30.0,20.2,0.3,50,19.0,10.5,15.2,81.0
2026-04-06,Keshopur APMC,4.49,2000.0,4,summer,solan,31.5,21.1,0.0,38,19.6,7.9,1.7,70.0
2026-04-07,Keshopur APMC,5.2,1200.0,4,summer,solan,29.1,18.2,9.0,56,20.8,6.7,1.5,66.0
2026-04-09,Keshopur APMC,6.75,1200.0,4,summer,solan,28.6,16.2,0.0,61,14.4,6.4,11.9,81.0
2026-04-10,Keshopur APMC,4.04,3000.0,4,summer,solan,31.2,17.7,0.0,43,17.3,3.6,0.9,73.0
2026-04-12,Keshopur APMC,3.8,2200.0,4,summer,solan,33.9,22.2,0.0,34,20.3,7.7,0.5,61.0
2026-04-13,Keshopur APMC,5.5,2500.0,4,summer,solan,34.7,21.3,0.0,30,22.0,5.4,0.0,60.0
2026-04-14,Keshopur APMC,4.1,1200.0,4,summer,solan,37.7,22.6,0.0,28,24.0,8.9,0.0,57.0
2026-04-16,Keshopur APMC,4.65,2650.0,4,summer,solan,39.9,25.0,0.0,25,25.7,8.2,0.0,48.0
2026-04-18,Keshopur APMC,6.4,2300.0,4,summer,solan,40.3,24.4,0.0,31,26.7,11.5,1.2,48.0
2026-04-19,Keshopur APMC,5.05,2200.0,4,summer,solan,40.0,25.6,0.0,24,28.8,10.0,0.0,46.0
2026-04-20,Keshopur APMC,1.62,1800.0,4,summer,solan,39.3,25.3,0.0,25,28.0,12.8,0.0,45.0
2026-04-21,Keshopur APMC,5.75,1800.0,4,summer,solan,38.8,25.4,0.0,19,27.5,10.1,0.0,43.0
2026-04-23,Keshopur APMC,5.9,2600.0,4,summer,solan,41.3,27.5,0.0,20,28.5,10.4,0.0,46.0
2026-04-24,Keshopur APMC,7.2,2400.0,4,summer,solan,42.1,27.8,0.0,24,29.0,14.7,0.0,42.0
2026-04-25,Keshopur APMC,6.49,2200.0,4,summer,solan,42.3,28.9,0.0,24,29.7,12.5,0.0,45.0
2026-05-01,Keshopur APMC,7.89,2000.0,5,summer,solan,36.0,23.1,0.0,50,25.9,11.6,5.2,71.0
2026-05-02,Keshopur APMC,3.3,2400.0,5,summer,solan,35.8,26.4,0.2,42,24.6,10.5,0.5,64.0
2026-05-03,Keshopur APMC,6.6,2000.0,5,summer,solan,34.4,26.1,0.0,44,25.3,11.2,0.9,63.0
2026-05-04,Keshopur APMC,8.1,2000.0,5,summer,solan,30.3,21.4,4.8,64,26.1,11.6,9.8,66.0
2026-05-05,Keshopur APMC,3.75,1950.0,5,summer,solan,30.1,22.8,0.6,64,23.1,11.3,3.6,69.0
2026-05-07,Keshopur APMC,5.5,2000.0,5,summer,solan,30.4,23.7,0.0,51,23.9,9.5,0.2,64.0
2026-05-08,Keshopur APMC,9.55,1950.0,5,summer,solan,34.1,22.2,0.4,56,21.9,11.5,10.8,69.0
2026-05-09,Keshopur APMC,5.35,2000.0,5,summer,solan,35.5,24.7,0.0,47,23.4,10.3,3.0,76.0
2026-05-10,Keshopur APMC,7.0,2000.0,5,summer,solan,37.7,26.5,0.0,44,23.8,10.7,1.2,72.0
2026-05-11,Keshopur APMC,5.85,2000.0,5,summer,solan,37.8,27.6,0.0,42,24.4,12.6,1.4,75.0
2026-05-12,Keshopur APMC,9.95,1800.0,5,summer,solan,39.0,28.2,6.6,46,24.3,15.6,15.0,81.0
2026-05-14,Keshopur APMC,2.8,2000.0,5,summer,solan,39.7,27.0,0.3,38,27.2,12.7,1.0,56.0
2026-05-15,Keshopur APMC,7.35,1900.0,5,summer,solan,40.2,28.0,0.0,32,28.8,11.9,0.9,51.0
2026-05-16,Keshopur APMC,5.45,2000.0,5,summer,solan,40.6,28.8,0.0,29,26.8,14.9,0.5,47.0
2026-05-17,Keshopur APMC,5.5,1900.0,5,summer,solan,41.4,30.0,0.0,26,27.2,12.9,0.1,51.0
2026-05-18,Keshopur APMC,4.72,1750.0,5,summer,solan,43.6,30.2,0.0,25,29.1,16.6,0.0,43.0
2026-05-19,Keshopur APMC,5.1,2150.0,5,summer,solan,44.6,31.6,0.0,18,30.9,16.5,0.0,45.0
2026-05-21,Keshopur APMC,2.95,1600.0,5,summer,solan,43.1,33.4,0.0,21,32.3,15.8,0.0,38.0
2026-05-22,Keshopur APMC,3.05,2400.0,5,summer,solan,42.4,32.3,0.0,19,32.6,16.5,0.1,36.0
2026-05-23,Keshopur APMC,1.7,1900.0,5,summer,solan,41.5,31.9,0.0,22,28.9,17.9,2.5,45.0
2026-05-24,Keshopur APMC,4.17,2600.0,5,summer,solan,42.5,30.5,0.0,20,29.3,14.9,0.1,41.0
2026-05-25,Keshopur APMC,3.6,2400.0,5,summer,solan,43.3,32.9,0.1,18,30.2,18.0,0.6,36.0
2026-05-26,Keshopur APMC,5.47,2000.0,5,summer,solan,43.0,32.1,0.0,17,31.1,15.3,0.0,37.0
2026-05-29,Keshopur APMC,5.15,1950.0,5,summer,solan,34.4,26.5,1.1,54,30.2,14.6,0.7,51.0
2026-05-30,Keshopur APMC,7.0,1600.0,5,summer,solan,35.5,24.3,4.9,64,26.1,15.6,3.1,67.0
2026-06-01,Keshopur APMC,5.7,1600.0,6,monsoon,solan,33.5,25.0,0.7,58,20.6,15.0,3.8,78.0
2026-06-02,Keshopur APMC,0.44,1800.0,6,monsoon,solan,36.7,25.3,0.5,50,24.2,14.9,2.8,82.0
2026-06-04,Keshopur APMC,0.15,1600.0,6,monsoon,solan,39.7,26.6,0.8,43,26.5,15.7,0.3,70.0
2026-06-06,Keshopur APMC,2.95,1600.0,6,monsoon,solan,40.0,28.7,0.1,43,26.6,16.4,2.4,73.0
2026-06-07,Keshopur APMC,0.48,1650.0,6,monsoon,solan,40.4,29.0,0.6,43,28.6,15.0,0.0,52.0
2026-06-09,Keshopur APMC,0.77,1900.0,6,monsoon,solan,43.2,32.1,0.0,27,29.2,14.8,0.0,49.0
2026-06-11,Keshopur APMC,0.4,1900.0,6,monsoon,solan,36.9,26.8,0.6,48,30.4,15.8,0.1,51.0
2026-06-12,Keshopur APMC,0.45,1700.0,6,monsoon,solan,32.5,23.2,6.0,74,29.8,15.9,7.8,69.0
2026-06-13,Keshopur APMC,2.0,2400.0,6,monsoon,solan,34.4,25.1,0.2,67,25.2,15.4,5.3,81.0
2026-06-14,Keshopur APMC,0.7,2200.0,6,monsoon,solan,37.2,26.3,0.5,58,25.1,15.1,2.7,76.0
2026-06-15,Keshopur APMC,0.4,2300.0,6,monsoon,solan,36.6,27.5,0.8,52,26.7,13.0,1.6,68.0
2026-06-16,Keshopur APMC,2.1,2200.0,6,monsoon,solan,32.6,26.0,0.2,61,26.4,14.7,1.7,69.0
2026-06-18,Keshopur APMC,2.95,1750.0,6,monsoon,solan,39.2,29.7,0.1,42,26.8,16.0,3.4,76.0
2026-06-19,Keshopur APMC,2.7,1750.0,6,monsoon,solan,38.5,28.3,0.0,41,27.8,16.6,2.6,72.0
2026-06-20,Keshopur APMC,1.04,1800.0,6,monsoon,solan,38.4,30.8,0.3,41,27.3,17.8,3.3,74.0
2026-06-21,Keshopur APMC,1.45,2000.0,6,monsoon,solan,39.1,30.0,0.0,38,28.1,15.2,0.1,68.0
2026-06-22,Keshopur APMC,0.98,1600.0,6,monsoon,solan,36.8,28.8,1.3,40,28.3,17.7,0.4,64.0
2026-06-23,Keshopur APMC,0.4,1750.0,6,monsoon,solan,39.0,30.3,0.9,41,25.7,17.3,0.8,72.0
2026-06-25,Keshopur APMC,2.65,1700.0,6,monsoon,solan,39.1,29.5,2.2,43,27.2,16.3,7.7,79.0
2026-06-26,Keshopur APMC,4.1,1300.0,6,monsoon,solan,41.0,31.1,0.5,42,27.3,16.2,2.8,82.0
2026-06-27,Keshopur APMC,2.5,1250.0,6,monsoon,solan,40.7,29.5,1.2,41,28.7,16.7,2.5,81.0
2026-06-28,Keshopur APMC,5.53,1650.0,6,monsoon,solan,42.0,30.4,0.2,41,29.1,17.0,0.8,78.0
2026-06-29,Keshopur APMC,4.65,1600.0,6,monsoon,solan,41.6,32.9,1.4,38,28.4,17.8,2.6,76.0
2026-06-30,Keshopur APMC,1.6,1600.0,6,monsoon,solan,39.6,30.6,4.3,52,28.5,18.9,7.8,79.0
2026-07-02,Keshopur APMC,5.95,1600.0,7,monsoon,agra,32.1,26.0,5.9,76,32.2,27.2,1.5,78.0
2026-07-03,Keshopur APMC,5.1,1600.0,7,monsoon,agra,35.8,27.4,0.1,68,34.5,27.4,1.1,70.0
2026-07-04,Keshopur APMC,1.31,1600.0,7,monsoon,agra,36.3,29.8,1.0,64,32.6,27.4,2.6,78.0
2026-07-05,Keshopur APMC,0.86,1600.0,7,monsoon,agra,34.9,29.1,2.4,75,35.6,28.6,2.3,73.0
2026-07-06,Keshopur APMC,1.48,1600.0,7,monsoon,agra,36.5,27.0,0.5,71,35.9,27.4,9.3,80.0
2026-07-09,Keshopur APMC,1.0,1700.0,7,monsoon,agra,29.1,25.2,103.3,91,29.9,25.7,66.2,94.0
2026-07-10,Keshopur APMC,0.4,1600.0,7,monsoon,agra,33.1,25.5,1.1,80,31.7,26.2,1.6,79.0
2026-07-12,Keshopur APMC,1.01,1600.0,7,monsoon,agra,35.2,28.9,1.5,68,34.9,28.6,0.1,65.0
2026-07-13,Keshopur APMC,1.39,1600.0,7,monsoon,agra,35.8,28.5,0.2,64,35.4,29.5,0.0,63.0
2026-07-14,Keshopur APMC,1.44,1700.0,7,monsoon,agra,36.4,26.0,1.4,70,35.5,29.3,0.0,62.0
2026-07-16,Keshopur APMC,2.25,1950.0,7,monsoon,agra,37.5,29.8,0.0,54,34.7,28.7,0.6,65.0
2026-07-17,Keshopur APMC,0.5,1600.0,7,monsoon,agra,37.3,31.2,0.3,55,36.6,29.1,0.0,56.0
2026-07-18,Keshopur APMC,0.74,1600.0,7,monsoon,agra,36.6,30.9,0.0,54,37.0,31.4,0.0,51.0
2026-07-19,Keshopur APMC,0.6,1600.0,7,monsoon,agra,37.1,29.9,2.8,62,37.0,30.2,0.3,53.0
2026-07-20,Keshopur APMC,0.4,1600.0,7,monsoon,agra,32.2,26.6,33.0,86,37.4,29.2,2.5,68.0
2026-07-21,Keshopur APMC,0.85,1600.0,7,monsoon,agra,29.9,26.0,12.8,89,30.3,26.6,23.6,88.0
2026-07-24,Keshopur APMC,2.25,1600.0,7,monsoon,agra,31.3,25.8,9.2,83,31.9,26.6,2.3,79.0
2026-07-25,Keshopur APMC,2.7,1600.0,7,monsoon,agra,32.8,27.3,2.5,79,33.5,25.8,4.7,78.0
2026-07-26,Keshopur APMC,1.4,1600.0,7,monsoon,agra,34.1,27.4,2.5,78,33.7,27.2,1.8,74.0
2026-07-27,Keshopur APMC,1.05,1600.0,7,monsoon,agra,35.6,29.6,1.3,72,34.7,27.3,1.1,74.0
2021-01-02,Shahdara APMC,8.75,700.0,1,winter,agra,17.9,9.8,2.7,75,20.2,5.0,0.0,69.0
2021-01-03,Shahdara APMC,7.65,700.0,1,winter,agra,20.8,12.1,12.2,84,20.9,10.4,1.1,71.0
2021-01-05,Shahdara APMC,8.8,800.0,1,winter,agra,21.5,14.5,2.5,85,25.0,14.6,0.9,81.0
2021-01-09,Shahdara APMC,11.13,800.0,1,winter,agra,19.7,10.9,0.0,83,19.5,10.3,9.7,87.0
2021-01-10,Shahdara APMC,11.0,800.0,1,winter,agra,17.4,8.5,0.0,78,21.7,12.7,0.0,84.0
2021-01-11,Shahdara APMC,12.02,700.0,1,winter,agra,17.7,7.1,0.0,82,20.2,10.8,0.0,74.0
2021-01-12,Shahdara APMC,5.02,700.0,1,winter,agra,18.0,6.4,0.0,81,18.2,8.2,0.0,76.0
2021-01-13,Shahdara APMC,11.61,800.0,1,winter,agra,18.1,5.4,0.0,80,19.5,5.7,0.0,75.0
2021-01-14,Shahdara APMC,14.98,800.0,1,winter,agra,18.5,4.9,0.0,81,19.4,5.5,0.0,74.0
2021-01-16,Shahdara APMC,12.09,700.0,1,winter,agra,16.7,5.3,0.0,89,19.6,5.0,0.0,83.0
2021-01-17,Shahdara APMC,7.33,700.0,1,winter,agra,18.7,6.7,0.0,85,20.2,6.5,0.0,83.0
2021-01-20,Shahdara APMC,12.65,600.0,1,winter,agra,19.8,9.9,0.0,85,22.1,9.7,0.0,81.0
2021-01-21,Shahdara APMC,9.59,600.0,1,winter,agra,20.1,9.1,0.0,79,21.6,10.4,0.0,82.0
2021-01-25,Shahdara APMC,4.8,600.0,1,winter,agra,18.2,6.2,0.0,82,20.9,9.3,0.0,81.0
2021-01-26,Shahdara APMC,3.85,600.0,1,winter,agra,18.1,6.8,0.0,79,18.0,7.0,0.0,76.0
2021-01-27,Shahdara APMC,7.65,600.0,1,winter,agra,18.6,6.3,0.0,76,18.1,6.1,0.0,79.0
2021-01-28,Shahdara APMC,4.63,600.0,1,winter,agra,17.9,5.0,0.0,78,19.6,6.5,0.0,70.0
2021-01-29,Shahdara APMC,7.3,700.0,1,winter,agra,18.4,5.7,0.0,76,19.0,5.4,0.0,76.0
2021-01-30,Shahdara APMC,11.57,700.0,1,winter,agra,18.9,6.3,0.0,71,18.9,6.1,0.0,75.0
2021-02-02,Shahdara APMC,6.15,800.0,2,winter,agra,22.9,7.3,0.0,75,23.1,6.8,0.0,67.0
2021-02-03,Shahdara APMC,8.5,900.0,2,winter,agra,23.5,11.8,0.1,75,24.7,7.9,0.0,67.0
2021-02-04,Shahdara APMC,10.3,800.0,2,winter,agra,21.1,11.1,8.3,81,25.8,10.3,0.0,67.0
2021-02-05,Shahdara APMC,9.85,600.0,2,winter,agra,19.5,8.6,0.0,84,24.7,14.1,0.0,64.0
2021-02-06,Shahdara APMC,7.7,900.0,2,winter,agra,19.8,8.6,0.0,75,21.8,12.0,0.9,76.0
2021-02-07,Shahdara APMC,9.97,900.0,2,winter,agra,21.1,9.4,0.0,74,21.1,10.3,0.0,72.0
2021-02-08,Shahdara APMC,9.9,500.0,2,winter,agra,22.2,8.5,0.0,77,22.4,9.4,0.0,71.0
2021-02-10,Shahdara APMC,11.14,600.0,2,winter,agra,24.8,12.1,0.0,74,25.9,9.4,0.0,67.0
2021-02-12,Shahdara APMC,8.14,1600.0,2,winter,agra,24.1,11.5,0.0,78,26.3,10.1,0.0,72.0
2021-02-13,Shahdara APMC,13.46,700.0,2,winter,agra,23.6,11.3,0.0,80,24.5,11.6,0.0,76.0
2021-02-14,Shahdara APMC,8.74,700.0,2,winter,agra,25.3,11.0,0.0,73,25.8,10.5,0.0,73.0
2021-02-17,Shahdara APMC,13.27,400.0,2,winter,agra,25.2,12.1,0.0,72,28.0,14.3,0.8,67.0
2021-02-18,Shahdara APMC,11.11,600.0,2,winter,agra,25.1,11.3,0.0,73,27.3,12.1,0.0,66.0
2021-02-19,Shahdara APMC,22.18,500.0,2,winter,agra,25.2,11.1,0.0,75,26.5,12.4,0.0,65.0
2021-02-20,Shahdara APMC,13.39,600.0,2,winter,agra,25.6,11.6,0.0,70,26.7,12.4,0.0,65.0
2021-02-21,Shahdara APMC,16.53,600.0,2,winter,agra,25.8,11.4,0.0,68,26.6,12.3,0.0,66.0
2021-02-22,Shahdara APMC,15.69,500.0,2,winter,agra,27.3,12.4,0.0,68,27.2,11.2,0.0,63.0
2021-02-23,Shahdara APMC,11.44,500.0,2,winter,agra,29.3,12.4,0.0,62,28.7,12.2,0.0,61.0
2021-02-24,Shahdara APMC,12.62,700.0,2,winter,agra,29.9,13.3,0.0,61,29.7,12.9,0.0,59.0
2021-02-25,Shahdara APMC,15.1,500.0,2,winter,agra,30.2,13.9,0.0,61,31.0,12.8,0.0,52.0
2021-02-26,Shahdara APMC,13.17,500.0,2,winter,agra,30.7,15.1,0.0,59,31.3,14.1,0.0,52.0
2021-02-27,Shahdara APMC,10.35,600.0,2,winter,agra,30.2,18.5,0.0,44,32.2,15.1,0.0,46.0
2021-03-01,Shahdara APMC,20.76,600.0,3,summer,agra,27.4,13.9,0.0,47,30.5,18.3,0.0,48.0
2021-03-02,Shahdara APMC,14.99,500.0,3,summer,agra,27.6,14.4,0.0,42,29.3,15.9,0.0,44.0
2021-03-03,Shahdara APMC,14.7,600.0,3,summer,agra,29.3,14.3,0.0,42,28.7,14.0,0.0,42.0
2021-03-04,Shahdara APMC,8.57,500.0,3,summer,agra,31.0,15.1,0.0,49,30.5,13.0,0.0,41.0
2021-03-05,Shahdara APMC,13.65,800.0,3,summer,agra,30.2,15.5,0.0,45,32.4,13.5,0.0,43.0
2021-03-06,Shahdara APMC,11.44,500.0,3,summer,agra,30.7,15.1,0.0,44,31.4,15.6,0.0,40.0
2021-03-08,Shahdara APMC,9.56,600.0,3,summer,agra,31.1,19.3,0.0,51,34.1,17.2,0.0,37.0
2021-03-09,Shahdara APMC,7.76,700.0,3,summer,agra,31.9,18.3,0.1,59,33.5,19.3,0.0,41.0
2021-03-10,Shahdara APMC,10.17,400.0,3,summer,agra,30.6,18.7,0.2,62,33.6,20.4,0.0,52.0
2021-03-11,Shahdara APMC,6.77,500.0,3,summer,agra,32.5,17.1,0.0,53,33.2,19.6,0.0,48.0
2021-03-13,Shahdara APMC,9.47,500.0,3,summer,agra,30.1,16.0,0.0,62,31.0,20.6,0.0,50.0
2021-03-14,Shahdara APMC,9.35,500.0,3,summer,agra,30.2,16.1,0.0,51,30.9,18.6,0.2,56.0
2021-03-17,Shahdara APMC,9.32,500.0,3,summer,agra,32.9,17.0,0.0,44,33.5,18.7,0.0,46.0
2021-03-18,Shahdara APMC,13.31,500.0,3,summer,agra,32.6,17.4,0.0,49,34.3,17.5,0.0,43.0
2021-03-19,Shahdara APMC,10.25,600.0,3,summer,agra,31.7,19.4,0.0,52,34.0,19.0,0.0,44.0
2021-03-20,Shahdara APMC,13.16,600.0,3,summer,agra,32.9,17.3,0.0,45,33.0,19.8,0.4,50.0
2021-03-23,Shahdara APMC,12.0,500.0,3,summer,agra,32.1,19.8,0.5,49,33.9,18.9,0.1,41.0
2021-03-25,Shahdara APMC,10.33,700.0,3,summer,agra,30.7,16.7,0.0,40,31.7,19.3,0.2,47.0
2021-03-26,Shahdara APMC,4.2,500.0,3,summer,agra,31.2,16.2,0.0,46,32.0,18.6,0.0,34.0
2021-03-31,Shahdara APMC,8.77,600.0,3,summer,agra,34.4,21.6,0.0,23,39.2,21.9,0.0,21.0
2021-04-03,Shahdara APMC,7.97,600.0,4,summer,solan,33.9,15.8,0.0,20,21.2,5.1,0.0,33.0
2021-04-04,Shahdara APMC,5.26,600.0,4,summer,solan,35.3,17.5,0.0,23,22.3,5.1,0.0,31.0
2021-04-05,Shahdara APMC,5.94,500.0,4,summer,solan,37.8,19.2,0.0,28,25.7,7.4,0.0,30.0
2021-04-07,Shahdara APMC,10.64,500.0,4,summer,solan,35.6,21.4,0.0,31,22.9,12.4,3.0,45.0
2021-04-08,Shahdara APMC,9.3,500.0,4,summer,solan,33.9,20.3,0.0,26,22.9,11.9,3.9,51.0
2021-04-10,Shahdara APMC,5.6,900.0,4,summer,solan,36.3,19.3,0.0,19,24.1,7.7,0.0,41.0
2021-04-11,Shahdara APMC,6.0,900.0,4,summer,solan,37.4,20.8,0.0,20,25.2,8.1,0.0,32.0
2021-04-12,Shahdara APMC,8.35,900.0,4,summer,solan,38.0,20.4,0.0,21,26.4,10.2,0.0,31.0
2021-04-13,Shahdara APMC,7.93,1000.0,4,summer,solan,38.1,21.3,0.0,24,24.9,11.4,0.0,37.0
2021-04-16,Shahdara APMC,5.8,500.0,4,summer,solan,38.7,23.0,2.8,32,27.1,12.2,0.1,35.0
2021-04-18,Shahdara APMC,7.35,600.0,4,summer,solan,35.4,21.5,0.0,31,17.7,11.9,19.4,75.0
2021-04-19,Shahdara APMC,5.21,600.0,4,summer,solan,37.2,21.3,0.0,31,21.9,9.8,1.1,64.0
2021-04-20,Shahdara APMC,5.5,600.0,4,summer,solan,33.7,22.0,0.0,29,23.7,8.6,0.0,49.0
2021-04-21,Shahdara APMC,5.35,500.0,4,summer,solan,31.7,19.0,0.1,41,19.7,9.3,10.4,62.0
2021-04-25,Shahdara APMC,3.08,600.0,4,summer,solan,36.6,20.9,0.0,28,20.9,5.0,0.0,66.0
2021-04-27,Shahdara APMC,5.28,500.0,4,summer,solan,41.1,23.6,0.0,24,25.9,8.4,0.0,53.0
2021-04-29,Shahdara APMC,3.65,400.0,4,summer,solan,40.9,25.0,0.0,23,28.4,13.0,0.0,45.0
2021-05-01,Shahdara APMC,3.3,500.0,5,summer,solan,39.6,25.2,0.0,31,27.3,13.5,0.1,48.0
2021-05-02,Shahdara APMC,4.15,500.0,5,summer,solan,38.8,26.1,0.0,32,24.8,13.7,1.1,55.0
2021-05-03,Shahdara APMC,5.9,600.0,5,summer,solan,37.0,25.4,0.0,33,26.6,13.3,2.4,61.0
2021-05-04,Shahdara APMC,4.65,600.0,5,summer,solan,40.1,26.0,0.0,31,24.8,13.8,3.4,65.0
2021-05-05,Shahdara APMC,22.4,600.0,5,summer,solan,37.8,26.1,0.0,39,24.6,13.7,1.0,67.0
2021-05-06,Shahdara APMC,6.45,600.0,5,summer,solan,39.2,24.1,7.6,53,24.5,15.5,4.0,67.0
2021-05-08,Shahdara APMC,6.75,600.0,5,summer,solan,37.1,23.7,0.0,40,20.6,14.2,8.7,77.0
2021-05-10,Shahdara APMC,8.18,600.0,5,summer,solan,36.0,25.0,0.3,42,23.7,12.7,0.8,66.0
2021-05-11,Shahdara APMC,4.73,600.0,5,summer,solan,38.8,25.1,0.1,41,24.3,12.7,4.2,69.0
2021-05-20,Shahdara APMC,2.1,1000.0,5,summer,solan,29.7,20.6,33.7,78,20.8,16.4,6.3,85.0
2021-05-22,Shahdara APMC,3.78,700.0,5,summer,solan,33.1,23.8,0.0,69,25.4,13.4,0.0,71.0
2021-05-26,Shahdara APMC,4.16,1000.0,5,summer,solan,37.6,22.1,0.0,44,27.8,14.1,0.0,39.0
2021-05-27,Shahdara APMC,4.11,1000.0,5,summer,solan,37.6,22.0,0.0,47,28.3,14.1,0.0,42.0
2021-05-28,Shahdara APMC,2.83,1000.0,5,summer,solan,36.8,24.1,0.0,62,29.6,14.9,0.0,44.0
2021-05-30,Shahdara APMC,1.4,1200.0,5,summer,solan,36.2,25.1,0.7,64,28.2,17.3,4.1,74.0
2021-05-31,Shahdara APMC,3.3,1200.0,5,summer,solan,37.2,26.2,0.0,59,27.0,16.8,7.0,76.0
2021-06-01,Shahdara APMC,7.12,1200.0,6,monsoon,solan,33.6,22.4,0.0,69,26.9,16.2,0.6,69.0
2021-06-03,Shahdara APMC,5.7,1000.0,6,monsoon,solan,35.1,25.3,0.0,63,24.1,15.6,6.0,73.0
2021-06-04,Shahdara APMC,5.02,1100.0,6,monsoon,solan,35.8,25.3,0.1,64,25.3,15.4,5.5,72.0
2021-06-05,Shahdara APMC,1.98,1000.0,6,monsoon,solan,36.1,25.8,0.0,61,24.8,15.4,0.4,68.0
2021-06-08,Shahdara APMC,6.25,1600.0,6,monsoon,solan,41.6,28.7,0.0,39,27.3,16.7,0.9,70.0
2021-06-09,Shahdara APMC,5.15,1600.0,6,monsoon,solan,41.9,30.8,0.0,38,29.7,19.9,0.0,66.0
2021-06-10,Shahdara APMC,4.5,1600.0,6,monsoon,solan,37.8,29.9,0.0,58,29.6,20.1,1.5,70.0
2021-06-12,Shahdara APMC,4.25,1500.0,6,monsoon,solan,37.7,28.6,0.3,59,25.7,18.0,18.2,85.0
2021-06-13,Shahdara APMC,5.25,1500.0,6,monsoon,solan,36.5,25.5,6.3,67,25.7,17.7,10.6,86.0
2021-06-14,Shahdara APMC,2.57,1000.0,6,monsoon,solan,36.7,26.1,0.0,61,27.4,17.3,5.7,82.0
2021-06-15,Shahdara APMC,3.4,1000.0,6,monsoon,solan,37.2,27.0,4.5,62,27.0,15.7,0.0,77.0
2021-06-16,Shahdara APMC,2.61,1000.0,6,monsoon,solan,35.0,26.1,2.0,72,27.7,16.5,0.0,68.0
2021-06-18,Shahdara APMC,4.75,1200.0,6,monsoon,solan,33.6,25.7,0.4,71,24.8,16.9,7.2,84.0
2021-06-20,Shahdara APMC,6.5,1200.0,6,monsoon,solan,33.5,25.4,1.0,74,24.7,15.7,2.7,83.0
2021-06-25,Shahdara APMC,11.8,1200.0,6,monsoon,solan,39.9,28.5,2.6,58,26.8,17.0,1.7,71.0
2021-06-30,Shahdara APMC,10.13,800.0,6,monsoon,solan,43.8,29.6,0.0,31,29.1,18.0,0.0,62.0
2021-07-01,Shahdara APMC,8.15,600.0,7,monsoon,agra,42.1,31.9,0.0,33,43.3,32.4,0.0,30.0
2021-07-02,Shahdara APMC,9.55,600.0,7,monsoon,agra,41.6,31.6,0.1,42,41.0,33.8,0.4,35.0
2021-07-03,Shahdara APMC,6.6,900.0,7,monsoon,agra,39.3,29.4,0.1,50,40.6,31.9,0.2,43.0
2021-07-06,Shahdara APMC,6.95,800.0,7,monsoon,agra,40.3,29.9,0.1,44,39.2,30.8,0.0,44.0
2021-07-07,Shahdara APMC,11.45,800.0,7,monsoon,agra,41.8,31.4,0.0,40,41.6,30.8,0.0,43.0
2021-07-10,Shahdara APMC,12.0,800.0,7,monsoon,agra,38.1,30.1,1.2,57,38.5,29.5,0.0,53.0
2021-07-11,Shahdara APMC,9.9,800.0,7,monsoon,agra,36.7,29.1,1.6,64,37.0,30.2,0.6,56.0
2021-07-12,Shahdara APMC,8.55,800.0,7,monsoon,agra,33.8,28.0,3.9,70,34.2,28.1,4.9,70.0
2021-07-15,Shahdara APMC,7.1,800.0,7,monsoon,agra,34.3,27.4,3.0,79,37.3,29.3,0.2,60.0
2021-07-22,Shahdara APMC,7.15,900.0,7,monsoon,agra,30.2,25.9,4.7,88,32.8,26.5,7.2,81.0
2021-07-24,Shahdara APMC,5.2,1200.0,7,monsoon,agra,34.0,27.3,0.6,81,32.3,26.7,4.4,83.0
2021-07-25,Shahdara APMC,8.4,1000.0,7,monsoon,agra,34.3,27.9,0.1,78,34.4,27.3,0.4,78.0
2021-07-26,Shahdara APMC,5.11,700.0,7,monsoon,agra,30.7,28.0,5.4,85,34.3,28.2,0.4,72.0
2021-07-28,Shahdara APMC,6.46,800.0,7,monsoon,agra,29.0,26.2,18.9,89,32.5,27.0,36.8,87.0
2021-07-30,Shahdara APMC,8.25,1200.0,7,monsoon,agra,30.5,25.8,11.8,87,29.7,25.6,14.5,89.0
2021-07-31,Shahdara APMC,4.29,1000.0,7,monsoon,agra,31.9,25.4,3.7,86,30.8,25.5,4.3,89.0
2021-08-02,Shahdara APMC,4.55,1000.0,8,monsoon,agra,30.2,26.1,19.4,87,32.5,25.7,27.8,87.0
2021-08-03,Shahdara APMC,5.3,2200.0,8,monsoon,agra,32.3,26.4,5.1,85,29.9,25.8,42.2,89.0
2021-08-05,Shahdara APMC,6.75,1600.0,8,monsoon,agra,32.9,26.0,0.3,80,30.6,25.3,1.3,80.0
2021-08-06,Shahdara APMC,5.35,1500.0,8,monsoon,agra,33.2,26.5,2.8,81,31.8,25.6,4.9,83.0
2021-08-07,Shahdara APMC,6.5,1200.0,8,monsoon,agra,32.2,27.6,8.0,87,32.1,26.4,5.6,86.0
2021-08-08,Shahdara APMC,3.95,1000.0,8,monsoon,agra,32.0,27.1,5.3,87,31.4,26.6,10.5,88.0
2021-08-09,Shahdara APMC,2.9,1200.0,8,monsoon,agra,31.0,26.7,1.4,87,31.8,26.1,15.9,88.0
2021-08-10,Shahdara APMC,11.35,1200.0,8,monsoon,agra,34.6,26.6,0.8,78,29.9,26.6,9.4,90.0
2021-08-18,Shahdara APMC,7.0,1800.0,8,monsoon,agra,36.0,27.3,0.0,65,35.6,26.1,0.0,69.0
2021-08-22,Shahdara APMC,1.3,1100.0,8,monsoon,agra,31.1,25.0,8.1,89,30.6,25.1,23.8,89.0
2021-08-24,Shahdara APMC,7.24,2200.0,8,monsoon,agra,31.9,27.0,2.5,86,32.8,26.9,3.0,82.0
2021-08-25,Shahdara APMC,9.61,2500.0,8,monsoon,agra,34.4,27.7,0.0,71,33.1,27.6,0.5,76.0
2021-08-26,Shahdara APMC,4.38,1000.0,8,monsoon,agra,34.0,26.9,0.0,69,34.4,28.8,0.0,67.0
2021-08-27,Shahdara APMC,5.25,1500.0,8,monsoon,agra,34.2,25.4,0.0,68,33.0,26.9,0.0,68.0
2021-08-31,Shahdara APMC,6.4,1200.0,8,monsoon,agra,31.0,24.9,3.9,87,29.9,25.1,16.2,88.0
2021-09-01,Shahdara APMC,5.75,1200.0,9,monsoon,agra,29.8,24.5,11.5,90,30.7,25.3,17.4,89.0
2021-09-02,Shahdara APMC,1.25,1200.0,9,monsoon,agra,31.9,24.8,0.4,86,30.7,25.5,14.4,87.0
2021-09-04,Shahdara APMC,4.2,1200.0,9,monsoon,agra,30.7,25.6,10.9,89,31.3,25.6,4.6,87.0
2021-09-05,Shahdara APMC,3.8,1000.0,9,monsoon,agra,31.6,25.8,5.7,86,32.4,25.8,1.8,84.0
2021-09-07,Shahdara APMC,3.5,1400.0,9,monsoon,agra,30.6,26.2,7.1,88,33.3,26.8,0.5,83.0
2021-09-08,Shahdara APMC,3.32,2000.0,9,monsoon,agra,30.6,26.1,1.6,81,31.8,26.9,2.0,82.0
2021-09-09,Shahdara APMC,3.75,2000.0,9,monsoon,agra,31.0,25.2,3.9,84,31.4,26.6,4.3,81.0
2021-09-11,Shahdara APMC,3.4,1100.0,9,monsoon,agra,28.8,24.2,15.3,90,29.4,25.1,9.4,87.0
2021-09-12,Shahdara APMC,1.2,1200.0,9,monsoon,agra,29.0,24.8,8.1,90,30.6,24.3,21.7,90.0
2021-09-13,Shahdara APMC,5.8,1600.0,9,monsoon,agra,31.6,25.7,7.2,87,31.8,24.6,12.3,86.0
2021-09-14,Shahdara APMC,3.6,1600.0,9,monsoon,agra,31.2,25.9,1.3,84,32.2,26.3,6.8,85.0
2021-09-15,Shahdara APMC,4.3,1800.0,9,monsoon,agra,32.2,25.4,0.0,79,33.1,26.5,1.3,77.0
2021-09-16,Shahdara APMC,2.5,2000.0,9,monsoon,agra,32.8,25.4,3.4,78,31.8,26.3,0.1,70.0
2021-09-17,Shahdara APMC,3.4,1500.0,9,monsoon,agra,29.6,23.5,1.0,78,29.0,23.5,35.4,80.0
2021-09-18,Shahdara APMC,3.95,1500.0,9,monsoon,agra,31.1,24.3,0.0,81,29.2,23.0,29.9,89.0
2021-09-19,Shahdara APMC,6.85,1500.0,9,monsoon,agra,31.9,25.3,0.2,81,31.4,24.6,2.1,86.0
2021-09-20,Shahdara APMC,3.35,1600.0,9,monsoon,agra,32.4,25.0,0.5,81,31.4,24.9,0.7,82.0
2021-09-22,Shahdara APMC,5.65,1800.0,9,monsoon,agra,29.7,24.6,17.5,89,32.1,25.0,2.4,84.0
2021-09-23,Shahdara APMC,5.05,1500.0,9,monsoon,agra,29.8,24.6,8.8,88,29.9,24.7,16.9,88.0
2021-09-24,Shahdara APMC,8.7,2800.0,9,monsoon,agra,30.9,24.7,2.5,84,31.9,25.0,1.8,83.0
2021-09-25,Shahdara APMC,5.1,3000.0,9,monsoon,agra,30.8,24.7,1.9,85,29.3,25.4,7.5,86.0
2021-09-26,Shahdara APMC,5.45,3000.0,9,monsoon,agra,30.7,24.4,1.4,85,29.6,25.0,7.7,89.0
2021-09-27,Shahdara APMC,4.9,3000.0,9,monsoon,agra,32.1,24.7,0.2,81,30.0,24.4,2.1,86.0
2021-09-29,Shahdara APMC,4.25,3000.0,9,monsoon,agra,31.6,25.3,0.2,80,31.9,25.9,1.9,83.0
2021-10-03,Shahdara APMC,7.5,3000.0,10,post_monsoon,agra,34.0,25.6,0.0,75,33.0,25.6,0.1,78.0
2021-10-04,Shahdara APMC,7.65,3000.0,10,post_monsoon,agra,33.3,25.6,0.0,70,32.9,25.7,0.4,78.0
2021-10-05,Shahdara APMC,7.55,3200.0,10,post_monsoon,agra,32.5,24.8,2.3,76,33.1,26.1,0.6,74.0
2021-10-08,Shahdara APMC,6.3,3000.0,10,post_monsoon,agra,34.0,23.0,0.0,66,32.7,24.4,0.0,72.0
2021-10-09,Shahdara APMC,6.87,2800.0,10,post_monsoon,agra,34.9,22.7,0.0,61,33.3,22.5,0.0,71.0
2021-10-10,Shahdara APMC,10.0,3000.0,10,post_monsoon,agra,35.8,22.4,0.0,60,34.2,23.2,0.0,69.0
2021-10-12,Shahdara APMC,9.18,3000.0,10,post_monsoon,agra,35.4,23.3,0.0,54,34.5,22.3,0.0,65.0
2021-10-14,Shahdara APMC,5.05,2800.0,10,post_monsoon,agra,32.7,19.6,0.0,53,34.2,22.6,0.0,53.0
2021-10-15,Shahdara APMC,6.95,3000.0,10,post_monsoon,agra,33.8,19.4,0.0,51,32.4,20.5,0.0,56.0
2021-10-18,Shahdara APMC,11.45,3000.0,10,post_monsoon,agra,23.8,21.1,27.7,92,30.2,24.6,6.6,80.0
2021-10-20,Shahdara APMC,16.5,3000.0,10,post_monsoon,agra,31.0,19.8,0.0,72,29.6,20.6,0.0,79.0
2021-10-21,Shahdara APMC,16.2,3000.0,10,post_monsoon,agra,29.9,17.9,0.0,65,30.8,20.7,0.0,72.0
2021-10-22,Shahdara APMC,13.04,2500.0,10,post_monsoon,agra,30.5,19.4,0.0,64,30.7,19.0,0.0,66.0
2021-10-25,Shahdara APMC,11.82,2600.0,10,post_monsoon,agra,27.5,17.8,0.0,79,29.3,20.6,0.1,68.0
2021-10-30,Shahdara APMC,20.29,2400.0,10,post_monsoon,agra,29.1,15.2,0.0,57,27.9,15.2,0.0,67.0
2021-10-31,Shahdara APMC,26.09,2400.0,10,post_monsoon,agra,29.6,15.8,0.0,53,28.6,16.2,0.0,63.0
2021-11-01,Shahdara APMC,25.01,2400.0,11,post_monsoon,agra,29.6,16.7,0.0,53,29.2,15.7,0.0,55.0
2021-11-02,Shahdara APMC,17.25,2400.0,11,post_monsoon,agra,28.4,16.5,0.0,63,29.5,14.9,0.0,61.0
2021-11-05,Shahdara APMC,10.31,2400.0,11,post_monsoon,agra,27.8,15.2,0.0,60,27.9,15.1,0.0,70.0
2021-11-06,Shahdara APMC,12.05,2400.0,11,post_monsoon,agra,29.1,14.5,0.0,56,27.3,14.6,0.0,66.0
2021-11-07,Shahdara APMC,18.81,2100.0,11,post_monsoon,agra,28.8,15.4,0.0,59,27.8,14.9,0.0,63.0
2021-11-09,Shahdara APMC,15.61,2400.0,11,post_monsoon,agra,28.5,14.9,0.0,59,28.0,14.6,0.0,72.0
2021-11-10,Shahdara APMC,19.24,2200.0,11,post_monsoon,agra,29.2,14.0,0.0,60,27.6,14.7,0.0,71.0
2021-11-11,Shahdara APMC,15.18,2800.0,11,post_monsoon,agra,28.7,14.0,0.0,60,28.4,14.7,0.0,70.0
2021-11-14,Shahdara APMC,24.89,2000.0,11,post_monsoon,agra,26.6,12.2,0.0,56,27.0,13.2,0.0,67.0
2021-11-16,Shahdara APMC,15.03,2200.0,11,post_monsoon,agra,25.5,11.1,0.0,58,25.5,11.4,0.0,65.0
2021-11-17,Shahdara APMC,23.08,1800.0,11,post_monsoon,agra,24.8,10.6,0.0,66,25.3,11.6,0.0,65.0
2021-11-18,Shahdara APMC,20.17,1900.0,11,post_monsoon,agra,24.7,12.5,0.0,68,24.6,10.1,0.0,68.0
2021-11-19,Shahdara APMC,18.85,2200.0,11,post_monsoon,agra,25.0,12.0,0.0,63,23.3,13.7,0.0,73.0
2021-11-20,Shahdara APMC,15.1,2200.0,11,post_monsoon,agra,25.5,15.0,0.0,59,21.6,16.2,2.8,80.0
2021-11-21,Shahdara APMC,16.76,2200.0,11,post_monsoon,agra,26.2,13.3,0.0,58,21.1,15.2,0.0,86.0
2021-11-22,Shahdara APMC,18.1,2000.0,11,post_monsoon,agra,26.6,12.4,0.0,52,26.0,14.6,0.0,76.0
2021-11-23,Shahdara APMC,17.73,1500.0,11,post_monsoon,agra,26.0,11.8,0.0,56,25.4,14.3,0.0,59.0
2021-11-24,Shahdara APMC,17.35,1500.0,11,post_monsoon,agra,26.3,11.0,0.0,59,25.2,11.1,0.0,57.0
2021-11-25,Shahdara APMC,15.35,1300.0,11,post_monsoon,agra,25.4,11.9,0.0,68,25.6,10.4,0.0,70.0
2021-11-26,Shahdara APMC,14.95,1200.0,11,post_monsoon,agra,25.4,12.0,0.0,69,24.7,11.4,0.0,70.0
2021-11-27,Shahdara APMC,12.7,1200.0,11,post_monsoon,agra,25.5,13.2,0.0,71,25.4,10.9,0.0,74.0
2021-11-29,Shahdara APMC,14.4,1000.0,11,post_monsoon,agra,25.1,11.5,0.0,65,26.0,13.5,0.0,76.0
2021-11-30,Shahdara APMC,13.78,1000.0,11,post_monsoon,agra,25.1,12.2,0.0,66,25.0,13.1,0.0,77.0
2021-12-02,Shahdara APMC,16.5,1000.0,12,winter,agra,19.8,13.9,3.3,81,20.2,13.1,0.0,81.0
2021-12-03,Shahdara APMC,13.3,1800.0,12,winter,agra,22.4,12.9,0.0,79,19.2,15.9,0.1,79.0
2021-12-04,Shahdara APMC,23.25,1600.0,12,winter,agra,23.9,11.9,0.0,74,24.4,13.3,0.0,73.0
2021-12-05,Shahdara APMC,17.22,1600.0,12,winter,agra,24.5,13.4,0.2,74,24.7,12.6,0.0,77.0
2021-12-07,Shahdara APMC,21.37,1500.0,12,winter,agra,22.9,12.5,0.0,75,23.0,15.6,0.1,79.0
2021-12-11,Shahdara APMC,15.18,1000.0,12,winter,agra,21.8,9.1,0.0,69,22.3,10.4,0.0,74.0
2021-12-12,Shahdara APMC,13.21,1400.0,12,winter,agra,20.9,8.4,0.0,67,21.3,9.2,0.0,69.0
2021-12-13,Shahdara APMC,18.51,1200.0,12,winter,agra,19.2,8.4,0.0,69,20.8,7.4,0.0,68.0
2021-12-14,Shahdara APMC,17.04,1300.0,12,winter,agra,20.6,8.5,0.0,73,21.0,10.2,0.0,72.0
2021-12-15,Shahdara APMC,15.2,1300.0,12,winter,agra,20.6,9.1,0.0,69,22.5,10.4,0.1,73.0
2021-12-16,Shahdara APMC,10.1,1400.0,12,winter,agra,17.8,9.9,0.0,73,21.9,12.1,0.0,76.0
2021-12-17,Shahdara APMC,13.0,1400.0,12,winter,agra,18.0,7.7,0.0,61,22.0,11.5,0.1,73.0
2021-12-18,Shahdara APMC,19.85,1300.0,12,winter,agra,17.9,6.2,0.0,67,19.2,10.6,0.1,53.0
2021-12-19,Shahdara APMC,15.1,1400.0,12,winter,agra,17.6,5.8,0.0,66,17.9,7.3,0.0,66.0
2021-12-20,Shahdara APMC,14.84,1300.0,12,winter,agra,18.0,5.4,0.0,71,17.6,6.3,0.0,62.0
2021-12-21,Shahdara APMC,12.45,1400.0,12,winter,agra,19.4,5.2,0.0,73,18.3,5.2,0.0,67.0
2021-12-22,Shahdara APMC,14.4,1500.0,12,winter,agra,20.0,5.8,0.0,69,20.0,4.9,0.0,70.0
2021-12-24,Shahdara APMC,10.5,1600.0,12,winter,agra,21.5,9.1,0.0,76,21.9,7.4,0.0,73.0
2021-12-25,Shahdara APMC,13.02,1500.0,12,winter,agra,21.0,9.3,0.0,73,22.2,8.3,0.0,75.0
2021-12-26,Shahdara APMC,12.3,1500.0,12,winter,agra,18.2,11.0,4.6,81,21.6,10.4,0.0,74.0
2021-12-27,Shahdara APMC,10.5,2000.0,12,winter,agra,19.6,11.2,2.3,73,21.6,9.4,0.0,76.0
2021-12-28,Shahdara APMC,17.6,2000.0,12,winter,agra,19.3,11.0,0.8,79,21.5,11.7,0.1,79.0
2021-12-29,Shahdara APMC,12.26,2100.0,12,winter,agra,19.1,8.5,0.0,76,15.2,12.7,6.9,88.0
2021-12-30,Shahdara APMC,16.57,2200.0,12,winter,agra,17.7,5.4,0.0,69,19.2,9.7,0.0,81.0
2022-01-01,Shahdara APMC,14.84,2000.0,1,winter,agra,18.1,5.2,0.0,78,17.7,7.1,0.0,70.0
2022-01-02,Shahdara APMC,15.99,2000.0,1,winter,agra,18.8,6.3,0.0,79,18.1,6.0,0.0,73.0
2022-01-03,Shahdara APMC,16.25,1600.0,1,winter,agra,20.1,7.0,0.0,77,18.9,6.5,0.0,79.0
2022-01-04,Shahdara APMC,11.65,1500.0,1,winter,agra,21.9,8.0,0.0,74,19.7,7.3,0.0,81.0
2022-01-09,Shahdara APMC,3.55,1400.0,1,winter,agra,16.9,10.4,2.1,90,20.3,14.1,55.0,90.0
2022-01-10,Shahdara APMC,9.45,1200.0,1,winter,agra,16.8,7.9,0.0,84,19.4,11.7,3.9,88.0
2022-01-11,Shahdara APMC,19.35,1800.0,1,winter,agra,17.3,7.2,0.0,81,17.9,10.2,0.0,80.0
2022-01-12,Shahdara APMC,24.15,1800.0,1,winter,agra,17.2,7.6,0.0,82,17.9,9.8,0.0,79.0
2022-01-15,Shahdara APMC,20.14,1800.0,1,winter,agra,16.7,5.6,0.0,88,16.7,5.2,0.0,78.0
2022-01-16,Shahdara APMC,15.62,1800.0,1,winter,agra,15.6,5.7,0.0,88,16.0,5.4,0.0,84.0
2022-01-17,Shahdara APMC,14.4,1200.0,1,winter,agra,14.0,4.1,0.0,87,15.2,4.7,0.0,87.0
2022-01-18,Shahdara APMC,16.86,1200.0,1,winter,agra,16.0,5.2,0.0,89,15.2,3.4,0.0,88.0
2022-01-19,Shahdara APMC,16.98,1000.0,1,winter,agra,17.5,6.3,0.5,90,15.2,5.8,0.0,87.0
2022-01-20,Shahdara APMC,16.58,1000.0,1,winter,agra,18.0,9.1,0.0,87,16.8,5.6,0.0,90.0
2022-01-21,Shahdara APMC,19.12,1200.0,1,winter,agra,18.4,7.6,0.0,86,18.3,6.9,0.0,90.0
2022-01-22,Shahdara APMC,10.53,1200.0,1,winter,agra,16.1,11.9,22.2,84,18.9,7.6,0.0,84.0
2022-01-23,Shahdara APMC,11.49,1200.0,1,winter,agra,16.4,8.8,5.0,86,19.2,12.7,4.5,86.0
2022-01-24,Shahdara APMC,14.41,1100.0,1,winter,agra,16.3,6.8,0.5,84,18.2,9.0,6.9,85.0
2022-01-25,Shahdara APMC,9.67,900.0,1,winter,agra,16.5,6.2,0.0,82,16.7,7.3,0.1,84.0
2022-01-26,Shahdara APMC,10.0,900.0,1,winter,agra,16.8,6.0,0.0,83,16.8,6.9,0.0,82.0
2022-01-28,Shahdara APMC,19.32,800.0,1,winter,agra,17.9,7.0,0.0,74,18.2,7.2,0.0,79.0
2022-01-31,Shahdara APMC,14.06,400.0,1,winter,agra,20.8,8.1,0.0,81,21.4,8.0,0.0,75.0
2022-02-01,Shahdara APMC,14.2,1000.0,2,winter,agra,20.7,8.6,0.0,87,21.8,7.9,0.0,81.0
2022-02-02,Shahdara APMC,12.26,1000.0,2,winter,agra,20.4,8.5,0.0,80,22.7,8.4,0.0,87.0
2022-02-05,Shahdara APMC,9.83,1900.0,2,winter,agra,16.6,6.0,0.0,85,18.1,8.7,0.0,78.0
2022-02-06,Shahdara APMC,11.35,1900.0,2,winter,agra,20.5,7.1,0.0,77,18.0,6.8,0.0,83.0
2022-02-07,Shahdara APMC,12.1,1900.0,2,winter,agra,22.4,8.8,0.0,78,20.4,6.5,0.0,81.0
2022-02-08,Shahdara APMC,17.25,1700.0,2,winter,agra,22.2,10.8,0.5,82,23.1,7.0,0.0,78.0
2022-02-09,Shahdara APMC,19.7,1200.0,2,winter,agra,18.5,10.9,3.1,84,23.9,10.2,0.4,79.0
2022-02-10,Shahdara APMC,11.75,1200.0,2,winter,agra,20.2,8.5,0.0,77,18.8,11.4,20.4,89.0
2022-02-14,Shahdara APMC,22.55,600.0,2,winter,agra,23.1,9.6,0.0,71,22.5,7.9,0.0,69.0
2022-02-15,Shahdara APMC,20.05,600.0,2,winter,agra,23.3,11.1,0.0,68,23.1,8.4,0.0,70.0
2022-02-16,Shahdara APMC,24.7,600.0,2,winter,agra,23.6,10.5,0.0,72,23.4,9.6,0.0,66.0
2022-02-17,Shahdara APMC,26.2,600.0,2,winter,agra,24.1,10.1,0.0,66,24.2,9.6,0.0,64.0
2022-02-18,Shahdara APMC,30.45,600.0,2,winter,agra,25.0,10.2,0.0,64,25.0,11.1,0.0,66.0
2022-02-19,Shahdara APMC,22.3,500.0,2,winter,agra,24.2,10.5,0.0,64,25.3,11.3,0.2,64.0
2022-02-20,Shahdara APMC,25.6,500.0,2,winter,agra,24.0,12.2,0.0,60,25.0,11.3,0.0,66.0
2022-02-21,Shahdara APMC,18.0,600.0,2,winter,agra,24.5,10.5,0.0,56,25.5,11.9,0.0,60.0
2022-02-23,Shahdara APMC,25.21,600.0,2,winter,agra,24.2,14.9,0.0,68,27.4,12.2,0.0,55.0
2022-02-27,Shahdara APMC,24.76,800.0,2,winter,agra,23.3,12.2,0.2,66,27.2,15.1,0.1,62.0
2022-02-28,Shahdara APMC,11.93,500.0,2,winter,agra,23.0,10.7,0.0,65,24.8,13.3,0.0,64.0
2022-03-01,Shahdara APMC,14.8,500.0,3,summer,agra,24.6,10.4,0.0,66,23.5,11.9,0.0,64.0
2022-03-03,Shahdara APMC,19.1,700.0,3,summer,agra,27.2,13.6,0.3,65,27.0,12.2,0.0,65.0
2022-03-04,Shahdara APMC,17.31,900.0,3,summer,agra,25.4,13.4,0.0,69,28.1,14.5,0.0,59.0
2022-03-05,Shahdara APMC,16.23,900.0,3,summer,agra,26.2,13.1,0.0,65,26.9,14.0,0.0,65.0
2022-03-06,Shahdara APMC,23.22,900.0,3,summer,agra,26.5,13.5,0.0,62,26.3,13.7,0.0,66.0
2022-03-08,Shahdara APMC,16.83,700.0,3,summer,agra,30.2,14.0,0.0,55,28.0,14.8,0.0,63.0
2022-03-09,Shahdara APMC,15.5,1000.0,3,summer,agra,30.8,14.9,0.0,50,29.2,13.9,0.0,66.0
2022-03-10,Shahdara APMC,13.1,1100.0,3,summer,agra,29.7,16.1,0.0,50,30.8,14.8,0.0,57.0
2022-03-12,Shahdara APMC,17.45,1000.0,3,summer,agra,30.5,14.8,0.0,54,30.2,16.6,0.0,53.0
2022-03-13,Shahdara APMC,15.8,1000.0,3,summer,agra,31.9,16.5,0.0,59,30.5,15.1,0.0,52.0
2022-03-14,Shahdara APMC,12.6,900.0,3,summer,agra,32.2,16.4,0.0,64,32.8,15.3,0.0,54.0
2022-03-16,Shahdara APMC,9.67,900.0,3,summer,agra,35.3,19.8,0.0,58,34.8,18.0,0.0,61.0
2022-03-17,Shahdara APMC,9.35,900.0,3,summer,agra,33.2,19.8,0.0,63,36.7,20.2,0.0,55.0
2022-03-19,Shahdara APMC,8.74,900.0,3,summer,agra,35.2,21.0,0.0,58,34.8,22.0,0.0,59.0
2022-03-22,Shahdara APMC,13.7,700.0,3,summer,agra,35.7,20.9,0.0,43,36.6,21.7,0.0,28.0
2022-03-23,Shahdara APMC,9.63,900.0,3,summer,agra,35.8,19.0,0.0,38,36.1,21.7,0.0,36.0
2022-03-24,Shahdara APMC,12.6,700.0,3,summer,agra,35.1,19.9,0.0,36,36.3,19.3,0.0,36.0
2022-03-28,Shahdara APMC,9.37,1000.0,3,summer,agra,38.2,19.7,0.0,29,37.9,20.4,0.0,26.0
2022-03-30,Shahdara APMC,7.9,1000.0,3,summer,agra,38.8,20.6,0.0,28,39.7,20.4,0.0,23.0
2022-03-31,Shahdara APMC,7.97,700.0,3,summer,agra,39.4,21.3,0.0,38,39.6,21.9,0.0,24.0
2022-04-01,Shahdara APMC,9.27,700.0,4,summer,solan,36.3,21.4,0.0,26,28.7,11.5,0.0,31.0
2022-04-02,Shahdara APMC,12.3,900.0,4,summer,solan,37.8,20.0,0.0,23,28.3,10.6,0.0,38.0
2022-04-03,Shahdara APMC,9.57,900.0,4,summer,solan,39.1,21.5,0.0,19,27.6,11.8,0.0,35.0
2022-04-05,Shahdara APMC,10.9,1000.0,4,summer,solan,38.8,20.6,0.0,21,28.5,10.4,0.0,23.0
2022-04-06,Shahdara APMC,13.57,1200.0,4,summer,solan,39.3,20.8,0.0,19,28.4,12.9,0.0,28.0
2022-04-09,Shahdara APMC,9.1,1200.0,4,summer,solan,42.0,22.2,0.0,17,30.1,13.5,0.0,29.0
2022-04-10,Shahdara APMC,7.05,1200.0,4,summer,solan,41.4,23.4,0.0,16,30.1,13.8,0.0,31.0
2022-04-11,Shahdara APMC,10.45,1400.0,4,summer,solan,41.9,23.9,0.0,19,29.7,13.1,0.0,31.0
2022-04-12,Shahdara APMC,13.09,1600.0,4,summer,solan,40.0,25.9,0.0,21,30.9,15.8,0.0,30.0
2022-04-14,Shahdara APMC,6.85,1600.0,4,summer,solan,39.7,24.7,0.0,20,27.6,16.0,0.3,39.0
2022-04-17,Shahdara APMC,10.65,1200.0,4,summer,solan,40.6,23.1,0.0,22,26.4,10.6,0.4,49.0
2022-04-18,Shahdara APMC,8.1,1300.0,4,summer,solan,41.6,23.8,0.0,23,27.5,11.0,0.0,45.0
2022-04-19,Shahdara APMC,10.41,1600.0,4,summer,solan,42.2,24.6,0.0,18,29.6,12.7,0.0,38.0
2022-04-20,Shahdara APMC,6.81,1200.0,4,summer,solan,41.2,26.8,0.0,17,30.1,13.6,0.0,36.0
2022-04-21,Shahdara APMC,8.26,1200.0,4,summer,solan,37.0,26.4,0.0,24,29.3,15.7,0.0,33.0
2022-04-22,Shahdara APMC,7.95,1400.0,4,summer,solan,38.4,23.2,0.0,29,27.0,13.9,0.7,44.0
2022-04-25,Shahdara APMC,7.55,1000.0,4,summer,solan,40.8,24.4,0.0,21,27.3,13.1,0.0,32.0
2022-04-26,Shahdara APMC,8.48,900.0,4,summer,solan,41.0,24.2,0.0,21,29.0,17.3,0.0,30.0
2022-04-27,Shahdara APMC,6.31,900.0,4,summer,solan,41.6,23.7,0.0,17,28.9,13.7,0.0,32.0
2022-04-28,Shahdara APMC,5.48,1100.0,4,summer,solan,43.3,25.6,0.0,17,30.0,14.2,0.0,33.0
2022-04-29,Shahdara APMC,6.1,1100.0,4,summer,solan,43.8,26.5,0.0,14,31.7,16.8,0.0,30.0
2022-04-30,Shahdara APMC,5.3,900.0,4,summer,solan,43.4,27.9,0.0,14,32.1,15.3,0.0,30.0
2022-05-01,Shahdara APMC,7.8,900.0,5,summer,solan,41.4,26.8,0.0,32,31.6,17.2,0.0,33.0
2022-05-02,Shahdara APMC,4.6,1100.0,5,summer,solan,40.6,26.3,0.0,38,29.7,16.7,0.3,43.0
2022-05-03,Shahdara APMC,4.15,1100.0,5,summer,solan,39.2,26.9,0.0,42,27.5,16.4,0.0,54.0
2022-05-05,Shahdara APMC,8.41,1400.0,5,summer,solan,38.4,23.4,0.0,47,25.7,16.1,4.8,63.0
2022-05-08,Shahdara APMC,8.27,1200.0,5,summer,solan,41.4,26.0,0.0,35,27.0,13.7,0.7,52.0
2022-05-10,Shahdara APMC,6.18,1000.0,5,summer,solan,39.7,28.2,0.0,45,27.5,14.9,0.1,60.0
2022-05-11,Shahdara APMC,6.88,900.0,5,summer,solan,41.1,27.8,0.0,44,26.8,15.3,3.7,67.0
2022-05-12,Shahdara APMC,6.58,900.0,5,summer,solan,43.1,28.8,0.0,41,29.1,15.8,0.7,62.0
2022-05-18,Shahdara APMC,6.79,600.0,5,summer,solan,42.2,27.6,0.0,32,27.8,17.1,3.4,49.0
2022-05-19,Shahdara APMC,5.93,500.0,5,summer,solan,43.9,27.3,0.0,29,29.4,16.1,0.2,45.0
2022-05-20,Shahdara APMC,5.08,500.0,5,summer,solan,45.5,28.8,0.0,23,30.9,15.7,0.0,43.0
2022-05-25,Shahdara APMC,6.1,600.0,5,summer,solan,32.9,23.1,0.0,67,20.9,14.8,14.9,72.0
2022-05-26,Shahdara APMC,8.4,600.0,5,summer,solan,35.1,23.4,0.0,61,24.3,12.6,0.2,67.0
2022-05-27,Shahdara APMC,4.7,600.0,5,summer,solan,37.9,25.0,0.0,57,24.5,14.1,2.4,67.0
2022-06-01,Shahdara APMC,7.55,700.0,6,monsoon,solan,41.1,25.4,0.0,35,28.6,16.9,0.1,47.0
2022-06-06,Shahdara APMC,7.5,900.0,6,monsoon,solan,42.9,27.5,0.0,18,32.1,17.5,0.0,30.0
2022-06-07,Shahdara APMC,5.96,900.0,6,monsoon,solan,43.9,29.2,0.0,22,33.0,18.2,0.0,29.0
2022-06-08,Shahdara APMC,6.48,1200.0,6,monsoon,solan,43.2,31.7,0.0,20,32.7,19.8,0.0,30.0
2022-06-11,Shahdara APMC,6.73,1200.0,6,monsoon,solan,43.5,30.9,0.0,22,32.8,18.9,0.0,30.0
2022-06-12,Shahdara APMC,6.61,1000.0,6,monsoon,solan,43.1,29.4,0.0,24,33.6,19.4,0.0,31.0
2022-06-13,Shahdara APMC,5.25,1200.0,6,monsoon,solan,43.4,31.5,0.0,26,32.4,19.6,0.0,35.0
2022-06-15,Shahdara APMC,8.33,900.0,6,monsoon,solan,42.4,29.6,0.0,39,32.7,21.9,0.0,31.0
2022-06-16,Shahdara APMC,9.55,1000.0,6,monsoon,solan,37.6,31.0,1.9,45,32.3,21.5,0.1,39.0
2022-06-17,Shahdara APMC,9.23,1000.0,6,monsoon,solan,36.4,24.2,6.4,65,29.3,17.6,1.7,61.0
2022-06-19,Shahdara APMC,13.65,1000.0,6,monsoon,solan,32.5,24.0,6.9,79,25.2,17.1,13.5,82.0
2022-06-20,Shahdara APMC,7.32,700.0,6,monsoon,solan,32.5,23.2,0.0,75,25.3,16.0,1.1,71.0
2022-06-21,Shahdara APMC,8.0,700.0,6,monsoon,solan,32.3,24.4,10.6,76,24.2,15.6,0.5,71.0
2022-06-22,Shahdara APMC,10.6,900.0,6,monsoon,solan,34.7,24.1,8.1,68,23.8,15.3,1.6,71.0
2022-06-23,Shahdara APMC,7.05,800.0,6,monsoon,solan,37.1,25.9,0.0,55,26.5,16.6,2.3,72.0
2022-06-24,Shahdara APMC,8.05,700.0,6,monsoon,solan,38.2,23.6,0.0,46,27.8,16.4,0.0,65.0
2022-06-26,Shahdara APMC,8.4,700.0,6,monsoon,solan,40.0,29.0,0.0,49,28.4,18.3,0.8,65.0
2022-06-27,Shahdara APMC,7.25,700.0,6,monsoon,solan,39.3,30.7,0.1,52,27.2,19.3,1.5,74.0
2022-06-28,Shahdara APMC,6.86,700.0,6,monsoon,solan,41.1,27.9,3.2,56,27.7,19.5,2.2,82.0
2022-07-02,Shahdara APMC,5.21,800.0,7,monsoon,agra,34.7,26.3,2.4,77,32.9,24.8,14.9,80.0
2022-07-04,Shahdara APMC,7.3,900.0,7,monsoon,agra,34.9,26.1,19.4,78,34.6,26.0,11.7,80.0
2022-07-05,Shahdara APMC,6.4,1000.0,7,monsoon,agra,36.2,27.3,0.2,74,34.9,26.2,1.9,76.0
2022-07-06,Shahdara APMC,9.19,900.0,7,monsoon,agra,35.7,28.6,1.3,78,36.6,28.0,2.0,68.0
2022-07-07,Shahdara APMC,9.99,900.0,7,monsoon,agra,35.1,27.4,0.2,73,35.5,29.8,1.8,69.0
2022-07-08,Shahdara APMC,7.44,1000.0,7,monsoon,agra,36.6,28.6,0.3,67,36.4,29.7,0.5,62.0
2022-07-09,Shahdara APMC,8.36,1100.0,7,monsoon,agra,33.6,28.2,1.3,73,37.3,28.9,0.0,58.0
2022-07-11,Shahdara APMC,8.37,900.0,7,monsoon,agra,34.6,27.2,0.1,75,35.2,26.7,16.3,73.0
2022-07-12,Shahdara APMC,5.7,800.0,7,monsoon,agra,34.6,28.3,0.8,75,36.6,28.4,0.3,63.0
2022-07-13,Shahdara APMC,8.4,900.0,7,monsoon,agra,35.1,27.8,2.9,78,36.6,28.7,0.7,62.0
2022-07-14,Shahdara APMC,9.7,1100.0,7,monsoon,agra,34.2,27.7,13.9,80,37.4,27.6,0.2,59.0
2022-07-15,Shahdara APMC,6.1,1100.0,7,monsoon,agra,35.6,28.6,4.3,72,37.2,30.3,2.9,55.0
2022-07-16,Shahdara APMC,12.65,1200.0,7,monsoon,agra,32.8,27.5,14.0,79,38.4,28.8,0.5,54.0
2022-07-17,Shahdara APMC,2.1,1200.0,7,monsoon,agra,33.7,26.1,10.6,83,33.7,26.2,19.7,79.0
2022-07-18,Shahdara APMC,9.2,1300.0,7,monsoon,agra,35.3,26.3,4.9,78,35.4,25.8,10.0,79.0
2022-07-19,Shahdara APMC,7.7,1200.0,7,monsoon,agra,35.1,26.8,1.6,78,36.0,27.8,1.1,68.0
2022-07-20,Shahdara APMC,4.9,1100.0,7,monsoon,agra,33.1,26.5,28.7,84,36.9,29.4,0.7,65.0
2022-07-21,Shahdara APMC,7.28,1100.0,7,monsoon,agra,30.5,24.7,16.2,84,35.2,27.2,24.9,80.0
2022-07-22,Shahdara APMC,10.88,1200.0,7,monsoon,agra,31.3,25.1,3.0,86,32.2,25.9,6.7,83.0
2022-07-23,Shahdara APMC,11.66,1000.0,7,monsoon,agra,30.4,25.1,14.3,86,31.1,25.3,22.2,89.0
2022-07-24,Shahdara APMC,7.08,1200.0,7,monsoon,agra,33.1,25.7,6.7,81,31.7,25.0,14.2,86.0
2022-07-25,Shahdara APMC,7.69,1300.0,7,monsoon,agra,32.7,25.7,8.3,80,33.2,25.7,4.8,81.0
2022-07-26,Shahdara APMC,5.02,1400.0,7,monsoon,agra,31.5,25.4,2.0,81,32.1,25.6,9.1,86.0
2022-07-27,Shahdara APMC,10.23,1500.0,7,monsoon,agra,32.1,25.4,7.0,82,32.1,25.2,1.1,81.0
2022-07-28,Shahdara APMC,8.9,1700.0,7,monsoon,agra,31.4,25.2,20.5,85,32.0,25.1,11.2,84.0
2022-07-29,Shahdara APMC,7.45,1700.0,7,monsoon,agra,30.1,25.0,8.8,87,30.1,24.6,23.7,88.0
2022-07-30,Shahdara APMC,6.96,1600.0,7,monsoon,agra,31.4,25.5,4.1,85,31.2,25.6,5.1,86.0
2022-07-31,Shahdara APMC,7.16,1700.0,7,monsoon,agra,32.7,25.7,1.0,81,32.5,25.6,1.3,82.0
2022-08-01,Shahdara APMC,6.85,1600.0,8,monsoon,agra,31.3,25.4,8.8,84,33.4,26.4,0.0,70.0
2022-08-02,Shahdara APMC,11.08,1600.0,8,monsoon,agra,33.5,25.8,0.3,79,32.6,25.9,3.6,76.0
2022-08-03,Shahdara APMC,8.36,1500.0,8,monsoon,agra,33.0,26.5,0.4,81,33.0,25.6,1.1,80.0
2022-08-04,Shahdara APMC,11.95,1600.0,8,monsoon,agra,31.5,26.6,0.9,86,31.9,26.7,7.0,86.0
2022-08-05,Shahdara APMC,3.2,1700.0,8,monsoon,agra,30.7,24.8,7.2,86,30.8,26.3,12.6,85.0
2022-08-06,Shahdara APMC,9.83,1600.0,8,monsoon,agra,32.7,25.5,2.3,83,30.4,25.4,7.5,86.0
2022-08-07,Shahdara APMC,5.2,1400.0,8,monsoon,agra,30.7,25.2,21.5,86,32.6,26.0,1.6,82.0
2022-08-09,Shahdara APMC,5.2,1100.0,8,monsoon,agra,33.8,27.4,0.2,78,32.5,25.2,7.5,83.0
2022-08-10,Shahdara APMC,5.85,1300.0,8,monsoon,agra,34.5,27.5,0.4,74,34.2,27.5,1.5,77.0
2022-08-11,Shahdara APMC,2.75,1200.0,8,monsoon,agra,28.7,26.4,4.3,83,34.4,28.5,0.0,69.0
2022-08-13,Shahdara APMC,5.7,1000.0,8,monsoon,agra,33.5,26.3,0.4,76,31.1,26.5,6.7,80.0
2022-08-14,Shahdara APMC,1.67,1100.0,8,monsoon,agra,32.9,26.1,9.9,85,32.5,25.5,1.5,83.0
2022-08-15,Shahdara APMC,1.55,1300.0,8,monsoon,agra,31.0,25.9,0.3,82,30.9,26.3,11.5,88.0
2022-08-16,Shahdara APMC,2.8,1100.0,8,monsoon,agra,30.7,25.7,8.7,80,31.4,26.0,5.3,81.0
2022-08-17,Shahdara APMC,9.25,900.0,8,monsoon,agra,31.9,25.2,0.2,78,29.3,25.3,9.4,81.0
2022-08-18,Shahdara APMC,4.9,1000.0,8,monsoon,agra,33.5,25.5,0.5,75,31.7,25.1,0.7,75.0
2022-08-19,Shahdara APMC,4.55,1000.0,8,monsoon,agra,34.1,26.5,0.5,73,32.3,25.8,0.2,75.0
2022-08-21,Shahdara APMC,4.93,1200.0,8,monsoon,agra,33.6,25.6,0.4,76,30.6,25.4,15.9,87.0
2022-08-22,Shahdara APMC,8.9,1200.0,8,monsoon,agra,33.1,25.9,6.2,77,33.2,26.0,8.8,81.0
2022-08-23,Shahdara APMC,10.85,1100.0,8,monsoon,agra,33.8,26.2,1.8,70,32.3,24.7,31.0,81.0
2022-08-24,Shahdara APMC,5.27,1200.0,8,monsoon,agra,32.7,25.9,1.2,76,31.7,25.6,0.1,73.0
2022-08-25,Shahdara APMC,8.8,1600.0,8,monsoon,agra,34.1,25.3,0.6,73,32.1,25.2,0.0,75.0
2022-08-26,Shahdara APMC,10.75,1400.0,8,monsoon,agra,35.3,26.6,0.6,64,31.7,25.2,0.4,77.0
2022-08-27,Shahdara APMC,4.55,1500.0,8,monsoon,agra,35.6,27.6,1.6,60,32.5,25.4,3.0,79.0
2022-08-28,Shahdara APMC,9.15,1700.0,8,monsoon,agra,36.3,27.6,0.1,54,33.1,26.6,0.1,70.0
2022-08-29,Shahdara APMC,12.4,1700.0,8,monsoon,agra,35.4,27.7,1.5,59,33.2,26.6,0.1,68.0
2022-08-30,Shahdara APMC,15.56,1400.0,8,monsoon,agra,37.3,26.6,0.0,66,33.1,25.7,0.0,69.0
2022-08-31,Shahdara APMC,9.8,1400.0,8,monsoon,agra,37.2,28.0,0.4,61,33.6,26.3,3.4,76.0
2022-09-01,Shahdara APMC,12.85,1400.0,9,monsoon,agra,37.7,28.0,0.1,59,33.8,26.6,1.3,76.0
2022-09-04,Shahdara APMC,15.8,1400.0,9,monsoon,agra,37.7,27.9,0.0,49,34.9,26.9,0.1,68.0
2022-09-05,Shahdara APMC,10.4,1600.0,9,monsoon,agra,37.1,27.3,0.0,51,34.6,26.5,0.0,66.0
2022-09-06,Shahdara APMC,16.85,1600.0,9,monsoon,agra,37.9,27.7,0.4,51,33.8,25.9,0.0,65.0
2022-09-07,Shahdara APMC,13.55,1600.0,9,monsoon,agra,37.6,27.9,0.0,52,34.7,25.7,0.0,66.0
2022-09-09,Shahdara APMC,13.75,1700.0,9,monsoon,agra,35.3,27.9,0.2,61,35.4,26.2,0.0,66.0
2022-09-10,Shahdara APMC,15.65,1600.0,9,monsoon,agra,34.5,25.2,0.6,68,33.0,27.0,0.8,75.0
2022-09-11,Shahdara APMC,16.22,1600.0,9,monsoon,agra,33.4,24.1,2.8,70,33.5,26.6,2.3,78.0
2022-09-12,Shahdara APMC,21.31,1800.0,9,monsoon,agra,34.8,26.8,0.2,66,34.4,26.6,0.0,71.0
2022-09-14,Shahdara APMC,17.15,1800.0,9,monsoon,agra,30.2,25.2,5.4,76,30.8,25.7,8.3,75.0
2022-09-15,Shahdara APMC,13.02,1800.0,9,monsoon,agra,30.7,24.6,13.6,85,28.7,25.4,3.9,84.0
2022-09-19,Shahdara APMC,15.24,1800.0,9,monsoon,agra,33.3,25.0,0.0,77,32.9,23.6,0.1,76.0
2022-09-20,Shahdara APMC,18.95,2000.0,9,monsoon,agra,31.8,24.3,7.8,84,31.6,24.3,1.4,82.0
2022-09-21,Shahdara APMC,18.46,2200.0,9,monsoon,agra,31.7,25.0,3.6,84,32.8,24.0,2.1,84.0
2022-09-22,Shahdara APMC,8.5,2200.0,9,monsoon,agra,27.5,24.0,35.3,90,29.1,24.4,22.9,90.0
2022-09-23,Shahdara APMC,9.0,2200.0,9,monsoon,agra,28.5,23.8,52.0,92,27.9,24.1,58.6,94.0
2022-09-24,Shahdara APMC,3.0,2300.0,9,monsoon,agra,27.6,23.4,35.7,92,30.0,23.6,28.2,91.0
2022-09-28,Shahdara APMC,7.1,1400.0,9,monsoon,agra,32.1,23.3,0.0,77,31.8,23.8,0.0,78.0
2022-09-29,Shahdara APMC,7.55,1300.0,9,monsoon,agra,31.8,23.0,0.0,78,32.8,23.1,0.3,72.0
2022-09-30,Shahdara APMC,5.8,1300.0,9,monsoon,agra,31.9,23.1,0.0,77,33.0,22.9,0.0,72.0
2022-10-01,Shahdara APMC,9.95,1200.0,10,post_monsoon,agra,32.7,23.4,0.0,73,32.5,23.3,0.0,74.0
2022-10-02,Shahdara APMC,4.7,1200.0,10,post_monsoon,agra,33.2,22.9,0.0,70,32.8,23.6,0.6,74.0
2022-10-03,Shahdara APMC,7.2,1200.0,10,post_monsoon,agra,33.3,22.8,0.0,65,32.7,23.4,0.4,71.0
2022-10-04,Shahdara APMC,6.8,1800.0,10,post_monsoon,agra,32.7,22.6,0.0,70,33.5,22.8,0.0,63.0
2022-10-06,Shahdara APMC,12.72,2000.0,10,post_monsoon,agra,30.8,23.1,0.0,76,31.4,24.7,1.3,82.0
2022-10-09,Shahdara APMC,4.67,2000.0,10,post_monsoon,agra,25.1,21.1,36.8,91,28.1,23.1,57.1,92.0
2022-10-10,Shahdara APMC,5.93,2000.0,10,post_monsoon,agra,27.5,21.3,1.1,88,29.6,22.8,41.9,91.0
2022-10-11,Shahdara APMC,7.67,2400.0,10,post_monsoon,agra,26.8,20.9,2.4,88,29.1,22.8,7.0,88.0
2022-10-12,Shahdara APMC,15.9,2400.0,10,post_monsoon,agra,28.4,20.2,0.0,84,28.9,21.8,0.8,86.0
2022-10-13,Shahdara APMC,10.86,3400.0,10,post_monsoon,agra,29.2,19.4,0.0,75,28.9,21.3,0.4,84.0
2022-10-14,Shahdara APMC,15.15,3400.0,10,post_monsoon,agra,29.5,18.8,0.0,71,29.6,19.7,0.0,77.0
2022-10-16,Shahdara APMC,16.48,4000.0,10,post_monsoon,agra,30.0,18.8,0.0,70,29.6,19.3,0.0,71.0
2022-10-17,Shahdara APMC,16.48,4000.0,10,post_monsoon,agra,30.4,18.4,0.0,66,29.7,19.4,0.0,74.0
2022-10-18,Shahdara APMC,13.45,4200.0,10,post_monsoon,agra,30.6,18.0,0.0,64,30.3,19.2,0.0,72.0
2022-10-20,Shahdara APMC,18.46,3000.0,10,post_monsoon,agra,30.4,18.6,0.0,66,30.8,18.3,0.0,65.0
2022-10-21,Shahdara APMC,21.47,2500.0,10,post_monsoon,agra,30.0,17.6,0.0,65,30.4,20.0,0.0,61.0
2022-10-23,Shahdara APMC,12.7,2500.0,10,post_monsoon,agra,28.7,16.1,0.0,65,30.2,18.7,0.0,62.0
2022-10-24,Shahdara APMC,13.5,2500.0,10,post_monsoon,agra,29.7,16.4,0.0,64,29.3,17.1,0.0,68.0
2022-10-25,Shahdara APMC,17.25,1600.0,10,post_monsoon,agra,29.6,15.7,0.0,61,29.5,17.2,0.0,67.0
2022-10-26,Shahdara APMC,15.95,1600.0,10,post_monsoon,agra,29.8,16.0,0.0,65,29.5,17.0,0.0,61.0
2022-10-27,Shahdara APMC,11.68,1700.0,10,post_monsoon,agra,30.1,17.7,0.0,64,30.2,16.8,0.0,68.0
2022-10-28,Shahdara APMC,17.35,1500.0,10,post_monsoon,agra,29.9,17.1,0.0,67,30.3,17.5,0.0,71.0
2022-10-29,Shahdara APMC,19.86,1500.0,10,post_monsoon,agra,29.4,17.1,0.0,64,30.8,19.7,0.0,70.0
2022-10-31,Shahdara APMC,17.5,1500.0,10,post_monsoon,agra,29.4,16.0,0.0,66,29.2,16.5,0.0,69.0
2022-11-02,Shahdara APMC,18.8,1400.0,11,post_monsoon,agra,29.2,17.6,0.0,73,30.0,16.8,0.0,68.0
2022-11-03,Shahdara APMC,24.37,1600.0,11,post_monsoon,agra,30.6,17.8,0.0,69,30.4,18.5,0.0,69.0
2022-11-04,Shahdara APMC,24.95,1500.0,11,post_monsoon,agra,30.5,20.2,0.0,67,30.5,18.1,0.0,69.0
2022-11-05,Shahdara APMC,31.61,1400.0,11,post_monsoon,agra,29.9,19.4,0.0,78,31.3,17.9,0.0,72.0
2022-11-06,Shahdara APMC,22.35,1400.0,11,post_monsoon,agra,29.3,18.9,0.0,79,30.6,19.8,0.0,77.0
2022-11-07,Shahdara APMC,16.9,1500.0,11,post_monsoon,agra,30.4,18.6,0.0,74,30.2,18.9,0.0,77.0
2022-11-08,Shahdara APMC,19.79,1400.0,11,post_monsoon,agra,28.7,17.8,7.9,76,31.0,19.0,1.4,72.0
2022-11-09,Shahdara APMC,23.8,1400.0,11,post_monsoon,agra,26.9,17.0,0.5,73,29.8,17.6,0.0,70.0
2022-11-10,Shahdara APMC,15.05,1400.0,11,post_monsoon,agra,25.8,18.1,0.0,76,28.3,17.6,0.3,71.0
2022-11-12,Shahdara APMC,19.05,1200.0,11,post_monsoon,agra,26.3,15.0,0.0,64,28.1,16.8,0.0,65.0
2022-11-13,Shahdara APMC,15.5,1200.0,11,post_monsoon,agra,26.6,14.1,0.0,65,27.1,16.3,0.0,59.0
2022-11-14,Shahdara APMC,13.52,1100.0,11,post_monsoon,agra,27.7,15.4,0.0,65,27.4,14.9,0.0,63.0
2022-11-15,Shahdara APMC,14.31,1800.0,11,post_monsoon,agra,26.5,15.6,0.0,68,28.0,14.4,0.0,65.0
2022-11-16,Shahdara APMC,19.15,1400.0,11,post_monsoon,agra,25.2,15.3,0.0,64,27.5,14.7,0.0,67.0
2022-11-17,Shahdara APMC,16.55,1200.0,11,post_monsoon,agra,24.4,13.1,0.0,65,26.4,15.3,0.0,64.0
2022-11-18,Shahdara APMC,17.46,1200.0,11,post_monsoon,agra,24.3,11.4,0.0,63,25.1,14.1,0.0,57.0
2022-11-19,Shahdara APMC,12.65,1100.0,11,post_monsoon,agra,24.2,12.3,0.0,61,24.8,12.6,0.0,59.0
2022-11-20,Shahdara APMC,20.15,1300.0,11,post_monsoon,agra,25.3,11.3,0.0,66,24.9,11.4,0.0,63.0
2022-11-21,Shahdara APMC,13.1,1200.0,11,post_monsoon,agra,25.7,11.8,0.0,63,25.3,12.8,0.0,67.0
2022-11-22,Shahdara APMC,23.44,1100.0,11,post_monsoon,agra,25.3,11.8,0.0,60,25.9,13.0,0.0,64.0
2022-11-24,Shahdara APMC,15.39,1200.0,11,post_monsoon,agra,25.2,11.1,0.0,59,25.4,12.0,0.0,59.0
2022-11-28,Shahdara APMC,15.55,1000.0,11,post_monsoon,agra,24.2,9.9,0.0,65,25.0,11.1,0.0,68.0
2022-11-30,Shahdara APMC,16.32,1000.0,11,post_monsoon,agra,24.0,10.9,0.0,74,24.6,11.3,0.0,71.0
2022-12-01,Shahdara APMC,19.65,1100.0,12,winter,agra,23.7,10.5,0.0,75,24.2,10.4,0.0,74.0
2022-12-02,Shahdara APMC,19.22,1100.0,12,winter,agra,23.4,10.1,0.0,74,23.9,11.9,0.0,75.0
2022-12-06,Shahdara APMC,15.44,800.0,12,winter,agra,22.9,10.7,0.0,71,23.0,10.8,0.0,78.0
2022-12-07,Shahdara APMC,23.85,800.0,12,winter,agra,23.2,11.2,0.0,70,23.3,10.8,0.0,71.0
2022-12-08,Shahdara APMC,13.24,900.0,12,winter,agra,22.8,10.4,0.0,76,24.2,11.0,0.0,69.0
2022-12-10,Shahdara APMC,20.19,1000.0,12,winter,agra,25.1,10.7,0.0,73,23.8,11.4,0.0,76.0
2022-12-11,Shahdara APMC,23.4,900.0,12,winter,agra,25.2,10.9,0.0,72,25.5,10.5,0.0,76.0
2022-12-12,Shahdara APMC,19.4,900.0,12,winter,agra,24.7,10.8,0.0,66,26.1,11.4,0.0,74.0
2022-12-13,Shahdara APMC,19.69,1000.0,12,winter,agra,24.5,10.6,0.0,58,26.0,12.3,0.0,67.0
2022-12-14,Shahdara APMC,17.39,900.0,12,winter,agra,22.2,10.6,0.0,60,24.9,12.9,0.0,57.0
2022-12-15,Shahdara APMC,17.85,800.0,12,winter,agra,21.7,8.2,0.0,63,23.7,12.1,0.0,58.0
2022-12-16,Shahdara APMC,15.25,900.0,12,winter,agra,21.1,8.0,0.0,71,22.2,9.2,0.0,65.0
2022-12-17,Shahdara APMC,16.08,1000.0,12,winter,agra,21.6,7.7,0.0,73,22.2,7.6,0.0,71.0
2022-12-18,Shahdara APMC,13.08,1000.0,12,winter,agra,21.3,7.5,0.0,79,22.3,8.1,0.0,72.0
2022-12-19,Shahdara APMC,18.83,1000.0,12,winter,agra,21.3,8.0,0.0,82,22.5,8.1,0.0,78.0
2022-12-21,Shahdara APMC,15.41,1000.0,12,winter,agra,20.4,7.8,0.0,80,22.6,8.8,0.0,77.0
2022-12-22,Shahdara APMC,15.25,900.0,12,winter,agra,20.4,7.7,0.0,82,21.8,9.4,0.0,77.0
2022-12-23,Shahdara APMC,15.65,1000.0,12,winter,agra,18.8,7.1,0.0,85,21.8,9.7,0.0,75.0
2022-12-24,Shahdara APMC,16.09,900.0,12,winter,agra,18.9,8.4,0.0,77,22.4,9.3,0.0,71.0
2022-12-25,Shahdara APMC,14.75,800.0,12,winter,agra,17.1,5.5,0.0,84,21.2,9.3,0.0,66.0
2022-12-26,Shahdara APMC,13.85,1000.0,12,winter,agra,18.4,6.0,0.0,85,18.6,7.5,0.0,74.0
2022-12-27,Shahdara APMC,13.22,900.0,12,winter,agra,18.7,6.4,0.0,81,18.4,6.7,0.0,81.0
2022-12-28,Shahdara APMC,14.0,900.0,12,winter,agra,19.5,7.7,0.0,75,19.8,7.3,0.0,78.0
2022-12-29,Shahdara APMC,12.05,800.0,12,winter,agra,20.3,8.7,0.0,77,21.0,7.4,0.0,65.0
2023-01-01,Shahdara APMC,15.6,900.0,1,winter,agra,18.1,7.3,0.0,80,20.4,9.5,0.0,80.0
2023-01-02,Shahdara APMC,12.45,1100.0,1,winter,agra,17.8,6.4,0.0,80,18.8,7.1,0.0,79.0
2023-01-04,Shahdara APMC,18.07,900.0,1,winter,agra,16.5,5.0,0.0,89,17.6,6.6,0.0,84.0
2023-01-05,Shahdara APMC,15.35,900.0,1,winter,agra,15.4,5.1,0.0,90,16.3,5.7,0.0,87.0
2023-01-06,Shahdara APMC,18.0,900.0,1,winter,agra,13.9,4.6,0.0,89,15.2,4.8,0.0,91.0
2023-01-07,Shahdara APMC,13.04,1200.0,1,winter,agra,15.0,3.5,0.0,89,14.4,5.1,0.0,90.0
2023-01-08,Shahdara APMC,10.33,1200.0,1,winter,agra,17.0,5.4,0.0,89,16.1,4.7,0.0,85.0
2023-01-09,Shahdara APMC,7.8,1200.0,1,winter,agra,17.1,5.6,0.0,91,18.6,4.4,0.0,79.0
2023-01-10,Shahdara APMC,9.73,1100.0,1,winter,agra,18.2,7.3,0.0,91,18.8,5.6,0.0,86.0
2023-01-11,Shahdara APMC,15.42,1200.0,1,winter,agra,19.3,7.4,0.0,88,20.4,7.7,0.0,88.0
2023-01-12,Shahdara APMC,13.72,1100.0,1,winter,agra,20.2,9.8,0.0,82,20.6,5.9,0.0,84.0
2023-01-13,Shahdara APMC,16.34,1200.0,1,winter,agra,18.0,10.2,14.3,88,20.9,10.8,0.0,82.0
2023-01-14,Shahdara APMC,11.95,1200.0,1,winter,agra,17.0,7.7,0.0,79,21.7,12.0,3.1,87.0
2023-01-15,Shahdara APMC,11.93,1100.0,1,winter,agra,15.3,5.1,0.0,70,18.7,9.4,0.0,79.0
2023-01-18,Shahdara APMC,12.7,1100.0,1,winter,agra,16.5,3.2,0.0,68,16.6,3.9,0.0,69.0
2023-01-19,Shahdara APMC,9.2,1600.0,1,winter,agra,18.0,6.2,0.0,68,17.3,3.1,0.0,69.0
2023-01-20,Shahdara APMC,11.75,1600.0,1,winter,agra,19.7,9.8,0.0,73,18.6,5.0,0.0,70.0
2023-01-21,Shahdara APMC,12.05,1400.0,1,winter,agra,20.3,7.0,0.0,80,20.8,7.4,0.0,70.0
2023-01-22,Shahdara APMC,12.9,1600.0,1,winter,agra,21.5,8.2,0.0,74,21.7,7.0,0.0,77.0
2023-01-23,Shahdara APMC,16.53,1500.0,1,winter,agra,22.7,8.5,0.0,65,23.3,9.3,0.0,70.0
2023-01-24,Shahdara APMC,9.25,1700.0,1,winter,agra,20.9,12.1,6.3,83,22.5,9.4,4.4,76.0
2023-01-25,Shahdara APMC,10.45,1800.0,1,winter,agra,21.0,12.3,0.8,85,21.8,14.3,10.6,87.0
2023-01-27,Shahdara APMC,19.45,1300.0,1,winter,agra,18.6,7.4,0.0,71,20.7,12.0,0.3,82.0
2023-01-28,Shahdara APMC,11.25,1300.0,1,winter,agra,20.6,6.0,0.0,71,19.0,8.1,0.0,71.0
2023-01-30,Shahdara APMC,6.8,1600.0,1,winter,agra,16.4,10.5,26.0,86,19.5,8.9,9.6,80.0
2023-01-31,Shahdara APMC,11.45,1300.0,1,winter,agra,20.5,9.4,0.0,85,18.4,11.4,18.8,86.0
2023-02-01,Shahdara APMC,18.49,1200.0,2,winter,agra,20.1,9.1,0.0,77,20.6,10.3,0.0,87.0
2023-02-02,Shahdara APMC,16.47,1300.0,2,winter,agra,21.7,9.0,0.0,69,20.5,9.7,0.0,80.0
2023-02-03,Shahdara APMC,17.85,1300.0,2,winter,agra,22.4,9.1,0.0,71,21.7,9.2,0.0,73.0
2023-02-04,Shahdara APMC,12.06,1400.0,2,winter,agra,22.8,10.0,0.0,69,23.0,9.3,0.0,75.0
2023-02-05,Shahdara APMC,13.0,1400.0,2,winter,agra,23.3,10.5,0.0,65,23.7,10.6,0.0,75.0
2023-02-06,Shahdara APMC,13.7,1300.0,2,winter,agra,25.3,10.5,0.5,70,24.2,10.6,0.0,71.0
2023-02-07,Shahdara APMC,14.6,1000.0,2,winter,agra,23.5,12.5,0.0,72,25.8,10.9,0.0,77.0
2023-02-08,Shahdara APMC,15.1,800.0,2,winter,agra,22.8,9.7,0.0,61,24.6,12.8,0.0,67.0
2023-02-15,Shahdara APMC,11.93,700.0,2,winter,agra,26.3,12.3,0.0,56,23.6,9.3,0.0,49.0
2023-02-16,Shahdara APMC,8.63,900.0,2,winter,agra,26.4,11.2,0.0,71,26.1,11.7,0.0,61.0
2023-02-17,Shahdara APMC,8.6,1100.0,2,winter,agra,26.9,12.8,0.0,76,26.2,11.9,0.0,73.0
2023-02-18,Shahdara APMC,10.73,1200.0,2,winter,agra,26.5,12.6,0.0,77,26.6,13.2,0.0,72.0
2023-02-19,Shahdara APMC,11.3,1100.0,2,winter,agra,28.3,13.9,0.0,70,27.5,13.2,0.0,77.0
2023-02-20,Shahdara APMC,16.3,1300.0,2,winter,agra,31.1,15.1,0.0,62,28.2,13.5,0.0,74.0
2023-02-21,Shahdara APMC,14.48,1100.0,2,winter,agra,29.6,15.6,0.0,57,31.1,14.4,0.0,67.0
2023-02-22,Shahdara APMC,11.9,1000.0,2,winter,agra,28.7,13.9,0.0,62,30.1,15.7,0.0,54.0
2023-02-23,Shahdara APMC,7.8,1000.0,2,winter,agra,28.1,13.5,0.0,53,30.1,16.4,0.0,62.0
2023-02-24,Shahdara APMC,14.8,1100.0,2,winter,agra,28.3,12.2,0.0,51,29.1,15.0,0.0,55.0
2023-02-25,Shahdara APMC,10.1,1200.0,2,winter,agra,28.5,13.0,0.0,54,27.3,13.8,0.0,54.0
2023-02-26,Shahdara APMC,13.55,1200.0,2,winter,agra,29.9,14.5,0.0,52,29.0,12.6,0.0,63.0
2023-02-27,Shahdara APMC,8.35,1000.0,2,winter,agra,30.3,16.0,0.0,51,29.6,15.3,0.0,60.0
2023-02-28,Shahdara APMC,10.75,900.0,2,winter,agra,29.4,14.7,0.0,49,30.0,15.3,0.0,61.0
2023-03-01,Shahdara APMC,12.15,800.0,3,summer,agra,30.0,16.3,0.0,48,29.7,14.6,0.0,58.0
2023-03-02,Shahdara APMC,9.8,800.0,3,summer,agra,30.3,15.9,0.0,54,30.6,15.4,0.0,56.0
2023-03-03,Shahdara APMC,8.25,700.0,3,summer,agra,31.1,16.8,0.0,54,30.3,15.3,0.0,59.0
2023-03-04,Shahdara APMC,13.35,600.0,3,summer,agra,30.4,17.3,0.0,54,30.6,16.1,0.0,60.0
2023-03-05,Shahdara APMC,12.0,600.0,3,summer,agra,30.2,15.8,0.0,52,30.2,17.6,0.0,59.0
2023-03-06,Shahdara APMC,9.2,700.0,3,summer,agra,29.2,15.5,0.0,50,30.1,16.7,0.0,60.0
2023-03-07,Shahdara APMC,11.59,900.0,3,summer,agra,29.1,15.2,0.0,50,29.3,16.9,0.0,55.0
2023-03-08,Shahdara APMC,1.95,900.0,3,summer,agra,28.2,15.3,0.4,53,29.0,15.6,0.0,55.0
2023-03-09,Shahdara APMC,4.95,800.0,3,summer,agra,28.5,16.1,0.0,59,28.3,16.2,2.4,62.0
2023-03-11,Shahdara APMC,13.08,900.0,3,summer,agra,30.3,16.8,0.0,50,29.0,14.7,0.0,69.0
2023-03-12,Shahdara APMC,6.69,800.0,3,summer,agra,32.1,17.4,0.0,47,29.7,15.8,0.0,61.0
2023-03-13,Shahdara APMC,9.04,1000.0,3,summer,agra,32.3,17.8,0.0,49,30.8,15.7,0.0,60.0
2023-03-14,Shahdara APMC,8.68,1000.0,3,summer,agra,32.0,17.4,0.0,48,32.0,17.9,0.0,56.0
2023-03-18,Shahdara APMC,7.1,1000.0,3,summer,agra,26.5,17.5,0.7,76,26.6,17.3,1.2,66.0
2023-03-19,Shahdara APMC,4.5,1000.0,3,summer,agra,25.2,16.1,0.5,82,24.0,18.0,9.5,74.0
2023-03-20,Shahdara APMC,6.75,800.0,3,summer,agra,23.5,16.3,24.6,86,24.7,16.7,9.2,83.0
2023-03-21,Shahdara APMC,5.21,1200.0,3,summer,agra,23.1,15.2,4.3,85,24.3,16.2,9.4,86.0
2023-03-22,Shahdara APMC,5.85,1000.0,3,summer,agra,26.2,14.5,0.0,77,24.7,14.9,6.4,83.0
2023-03-23,Shahdara APMC,12.94,1000.0,3,summer,agra,28.0,15.5,0.0,67,26.9,14.7,0.0,76.0
2023-03-24,Shahdara APMC,11.9,900.0,3,summer,agra,27.2,17.0,18.4,70,28.5,16.3,0.0,70.0
2023-03-25,Shahdara APMC,10.2,1200.0,3,summer,agra,26.3,17.3,1.3,79,28.3,17.4,3.1,68.0
2023-03-26,Shahdara APMC,15.35,1200.0,3,summer,agra,27.6,16.4,0.0,65,27.8,18.2,0.1,66.0
2023-03-27,Shahdara APMC,13.77,1000.0,3,summer,agra,26.7,15.1,0.0,66,29.7,18.1,0.0,57.0
2023-03-28,Shahdara APMC,12.7,1000.0,3,summer,agra,28.4,15.7,0.0,64,29.2,17.1,0.0,53.0
2023-03-29,Shahdara APMC,7.45,900.0,3,summer,agra,31.2,16.8,0.2,58,30.5,16.4,0.0,52.0
2023-03-30,Shahdara APMC,7.44,1100.0,3,summer,agra,30.8,17.5,12.4,71,32.5,17.9,0.0,47.0
2023-03-31,Shahdara APMC,8.97,1000.0,3,summer,agra,23.8,17.2,6.0,83,32.3,18.8,0.7,53.0
2023-04-01,Shahdara APMC,4.87,1100.0,4,summer,solan,25.3,15.9,1.2,81,12.9,9.2,20.4,86.0
2023-04-02,Shahdara APMC,16.2,1100.0,4,summer,solan,28.4,16.3,0.0,72,14.4,7.6,7.0,82.0
2023-04-03,Shahdara APMC,9.52,1000.0,4,summer,solan,31.2,16.2,0.0,64,16.9,7.2,2.3,78.0
2023-04-04,Shahdara APMC,16.2,1000.0,4,summer,solan,28.3,17.3,0.0,64,20.3,7.3,0.7,69.0
2023-04-08,Shahdara APMC,11.2,900.0,4,summer,solan,32.4,17.1,0.0,31,22.0,6.2,0.0,57.0
2023-04-09,Shahdara APMC,7.53,900.0,4,summer,solan,33.6,17.9,0.0,28,22.7,7.5,0.0,57.0
2023-04-10,Shahdara APMC,11.45,900.0,4,summer,solan,33.9,19.2,0.0,28,23.0,8.9,0.0,56.0
2023-04-11,Shahdara APMC,6.15,1000.0,4,summer,solan,36.7,19.3,0.0,27,23.3,8.4,0.0,48.0
2023-04-15,Shahdara APMC,11.73,1300.0,4,summer,solan,39.3,21.1,0.0,24,27.9,12.2,0.0,45.0
2023-04-16,Shahdara APMC,11.2,1100.0,4,summer,solan,39.2,23.6,0.0,26,28.3,12.4,0.1,45.0
2023-04-17,Shahdara APMC,13.73,1300.0,4,summer,solan,39.2,24.7,0.0,25,27.5,12.2,0.0,41.0
2023-04-18,Shahdara APMC,12.03,1300.0,4,summer,solan,39.1,25.0,0.0,24,29.2,12.9,0.0,37.0
2023-04-21,Shahdara APMC,11.46,1200.0,4,summer,solan,35.1,22.7,0.0,34,19.8,11.6,17.8,74.0
2023-04-22,Shahdara APMC,7.2,1300.0,4,summer,solan,34.8,21.3,0.0,26,21.0,9.5,0.4,55.0
2023-04-23,Shahdara APMC,6.96,1200.0,4,summer,solan,34.1,21.3,0.0,27,22.0,7.9,0.0,52.0
2023-04-24,Shahdara APMC,8.38,1200.0,4,summer,solan,32.1,20.1,0.0,36,21.8,7.7,0.0,53.0
2023-04-25,Shahdara APMC,7.22,1100.0,4,summer,solan,33.3,20.5,0.0,37,21.1,10.7,0.9,55.0
2023-04-26,Shahdara APMC,7.07,1100.0,4,summer,solan,35.3,21.7,0.0,33,21.0,9.5,0.2,66.0
2023-04-27,Shahdara APMC,10.8,1000.0,4,summer,solan,36.4,23.2,0.0,31,21.8,10.5,1.3,64.0
2023-04-28,Shahdara APMC,5.65,1100.0,4,summer,solan,33.7,22.7,0.0,37,20.5,11.9,2.1,61.0
2023-04-29,Shahdara APMC,6.57,1100.0,4,summer,solan,33.1,22.2,1.3,50,23.8,10.8,0.3,61.0
2023-04-30,Shahdara APMC,9.28,1100.0,4,summer,solan,30.1,21.6,1.5,63,22.5,11.1,6.3,63.0
2023-05-01,Shahdara APMC,7.7,1300.0,5,summer,solan,26.8,19.8,4.5,81,20.6,11.2,23.3,77.0
2023-05-02,Shahdara APMC,4.35,1100.0,5,summer,solan,27.1,19.5,6.6,84,15.9,12.1,13.8,86.0
2023-05-03,Shahdara APMC,7.95,1400.0,5,summer,solan,27.6,20.2,3.1,82,17.9,11.3,2.5,82.0
2023-05-04,Shahdara APMC,2.46,1000.0,5,summer,solan,29.1,19.0,0.0,76,19.6,11.4,15.0,79.0
2023-05-05,Shahdara APMC,8.05,1000.0,5,summer,solan,30.3,20.9,3.5,66,19.5,9.5,2.5,77.0
2023-05-06,Shahdara APMC,5.22,1200.0,5,summer,solan,34.4,20.0,0.1,57,20.5,11.1,5.2,72.0
2023-05-07,Shahdara APMC,10.0,1200.0,5,summer,solan,35.3,20.6,0.0,48,23.2,12.5,0.7,60.0
2023-05-09,Shahdara APMC,6.2,1500.0,5,summer,solan,37.2,21.1,0.0,35,23.3,10.7,1.8,56.0
2023-05-10,Shahdara APMC,7.04,1500.0,5,summer,solan,36.8,21.8,0.0,22,23.2,11.0,1.4,53.0
2023-05-11,Shahdara APMC,5.13,1300.0,5,summer,solan,38.8,22.3,0.0,22,23.8,11.0,0.0,49.0
2023-05-12,Shahdara APMC,4.0,1200.0,5,summer,solan,41.7,23.5,0.0,24,25.9,11.3,0.0,50.0
2023-05-13,Shahdara APMC,8.05,1200.0,5,summer,solan,41.5,24.8,0.0,26,27.7,11.3,0.0,48.0
2023-05-14,Shahdara APMC,9.1,1200.0,5,summer,solan,40.0,26.2,0.0,29,29.3,13.0,0.2,47.0
2023-05-15,Shahdara APMC,8.43,1300.0,5,summer,solan,40.2,24.6,0.0,26,28.4,14.1,0.7,45.0
2023-05-16,Shahdara APMC,6.45,1400.0,5,summer,solan,38.9,26.4,0.0,28,27.7,13.5,0.0,44.0
2023-05-17,Shahdara APMC,7.1,1400.0,5,summer,solan,41.0,25.4,0.0,26,28.3,12.3,0.0,44.0
2023-05-18,Shahdara APMC,6.75,1400.0,5,summer,solan,38.0,24.1,0.0,40,29.0,15.3,0.7,43.0
2023-05-19,Shahdara APMC,8.15,1500.0,5,summer,solan,38.2,25.5,0.0,36,24.1,13.6,4.3,64.0
2023-05-20,Shahdara APMC,6.2,1600.0,5,summer,solan,40.3,24.2,0.0,30,26.1,14.1,0.0,53.0
2023-05-21,Shahdara APMC,8.12,1400.0,5,summer,solan,43.0,25.3,0.0,23,27.8,15.5,0.0,46.0
2023-05-22,Shahdara APMC,7.54,1400.0,5,summer,solan,42.6,29.3,0.0,20,30.1,13.9,0.0,42.0
2023-05-23,Shahdara APMC,5.65,1300.0,5,summer,solan,43.5,30.0,2.4,29,31.7,14.9,0.0,37.0
2023-05-24,Shahdara APMC,7.55,1300.0,5,summer,solan,38.1,26.3,0.0,51,30.7,16.5,0.4,45.0
2023-05-27,Shahdara APMC,7.24,1900.0,5,summer,solan,33.4,21.0,15.4,67,22.3,12.4,2.8,72.0
2023-05-28,Shahdara APMC,7.24,1900.0,5,summer,solan,33.3,23.9,0.6,71,23.7,13.6,0.6,67.0
2023-05-30,Shahdara APMC,5.85,2000.0,5,summer,solan,33.5,22.7,0.5,69,24.2,15.0,8.4,68.0
2023-05-31,Shahdara APMC,6.3,2000.0,5,summer,solan,30.1,21.8,2.3,78,22.8,15.6,5.9,72.0
2023-06-01,Shahdara APMC,9.29,1500.0,6,monsoon,solan,33.0,19.9,0.0,69,20.1,14.5,55.7,81.0
2023-06-02,Shahdara APMC,8.4,1500.0,6,monsoon,solan,32.5,22.1,1.6,60,23.5,12.6,2.9,72.0
2023-06-03,Shahdara APMC,6.23,2000.0,6,monsoon,solan,34.9,22.3,0.0,55,21.6,13.4,15.2,75.0
2023-06-04,Shahdara APMC,6.0,2000.0,6,monsoon,solan,35.9,23.5,0.2,58,24.5,12.6,0.0,68.0
2023-06-05,Shahdara APMC,6.5,2000.0,6,monsoon,solan,37.3,25.1,0.0,51,26.3,13.5,0.0,64.0
2023-06-06,Shahdara APMC,8.95,2000.0,6,monsoon,solan,38.8,25.0,0.1,42,25.9,13.7,1.0,66.0
2023-06-07,Shahdara APMC,6.45,2000.0,6,monsoon,solan,38.4,25.1,0.0,37,24.3,13.8,2.4,63.0
2023-06-08,Shahdara APMC,8.75,2000.0,6,monsoon,solan,39.4,25.9,0.0,35,25.1,14.2,1.3,61.0
2023-06-10,Shahdara APMC,7.14,2200.0,6,monsoon,solan,41.1,27.7,0.2,39,28.6,15.3,0.0,56.0
2023-06-11,Shahdara APMC,6.25,2000.0,6,monsoon,solan,39.3,28.2,0.0,46,29.4,16.6,0.5,59.0
2023-06-12,Shahdara APMC,7.25,1600.0,6,monsoon,solan,41.2,29.0,0.0,45,28.0,17.6,0.3,69.0
2023-06-13,Shahdara APMC,7.81,1500.0,6,monsoon,solan,42.3,30.2,0.0,35,28.2,17.6,0.0,64.0
2023-06-14,Shahdara APMC,6.75,1600.0,6,monsoon,solan,41.0,30.7,0.1,36,29.4,20.0,0.5,63.0
2023-06-15,Shahdara APMC,9.67,1800.0,6,monsoon,solan,37.5,30.5,0.2,46,27.6,18.3,5.0,69.0
2023-06-16,Shahdara APMC,8.6,2100.0,6,monsoon,solan,38.2,26.6,1.1,52,25.7,17.4,4.7,72.0
2023-06-17,Shahdara APMC,8.3,2000.0,6,monsoon,solan,39.4,27.6,0.3,52,27.4,16.0,0.6,70.0
2023-06-18,Shahdara APMC,7.0,2000.0,6,monsoon,solan,38.8,28.9,0.3,60,28.5,18.3,0.5,67.0
2023-06-19,Shahdara APMC,7.2,1500.0,6,monsoon,solan,32.1,28.1,7.2,70,26.3,20.2,0.8,73.0
2023-06-20,Shahdara APMC,10.1,2000.0,6,monsoon,solan,36.8,27.2,4.3,66,28.6,18.2,5.6,72.0
2023-06-21,Shahdara APMC,8.06,2000.0,6,monsoon,solan,35.8,26.3,19.5,78,28.0,18.7,2.7,73.0
2023-06-22,Shahdara APMC,13.75,1900.0,6,monsoon,solan,36.2,27.6,0.8,74,27.6,19.0,3.4,80.0
2023-06-23,Shahdara APMC,12.4,2000.0,6,monsoon,solan,35.5,26.6,3.3,78,27.5,18.9,3.4,85.0
2023-06-24,Shahdara APMC,15.4,3000.0,6,monsoon,solan,34.2,27.6,11.8,79,27.5,20.1,5.4,87.0
2023-06-25,Shahdara APMC,8.8,3000.0,6,monsoon,solan,32.4,26.1,21.6,86,27.6,19.9,9.8,86.0
2023-06-26,Shahdara APMC,7.1,3100.0,6,monsoon,solan,32.9,25.2,8.2,84,26.1,19.9,35.7,89.0
2023-06-28,Shahdara APMC,12.37,3000.0,6,monsoon,solan,33.7,26.2,16.5,83,26.0,19.3,9.7,82.0
2023-06-29,Shahdara APMC,6.75,3300.0,6,monsoon,solan,32.1,26.3,18.4,83,26.8,18.4,4.2,81.0
2023-06-30,Shahdara APMC,7.4,3000.0,6,monsoon,solan,33.6,25.5,9.2,82,25.4,18.3,13.2,86.0
2023-07-01,Shahdara APMC,11.04,3000.0,7,monsoon,agra,33.0,23.9,1.7,81,31.5,25.2,5.9,86.0
2023-07-02,Shahdara APMC,9.45,4000.0,7,monsoon,agra,35.0,25.9,1.0,76,32.5,25.9,7.0,84.0
2023-07-03,Shahdara APMC,7.75,3000.0,7,monsoon,agra,36.5,27.3,6.4,74,34.5,26.2,0.4,76.0
2023-07-04,Shahdara APMC,14.55,4000.0,7,monsoon,agra,36.4,26.3,0.4,74,35.6,26.6,0.1,75.0
2023-07-05,Shahdara APMC,11.0,3000.0,7,monsoon,agra,33.1,24.8,11.1,82,35.6,28.2,1.9,77.0
2023-07-06,Shahdara APMC,10.9,3000.0,7,monsoon,agra,33.2,25.6,1.0,79,33.2,27.0,0.9,79.0
2023-07-07,Shahdara APMC,7.78,4000.0,7,monsoon,agra,32.9,25.3,6.3,83,32.8,26.4,0.1,78.0
2023-07-09,Shahdara APMC,4.5,4000.0,7,monsoon,agra,30.7,25.3,30.9,91,31.4,26.4,13.8,86.0
2023-07-14,Shahdara APMC,6.9,3200.0,7,monsoon,agra,33.6,25.8,16.7,84,31.9,26.4,0.8,88.0
2023-07-15,Shahdara APMC,1.21,4000.0,7,monsoon,agra,33.2,26.2,13.1,85,33.6,25.9,3.0,81.0
2023-07-17,Shahdara APMC,4.8,4500.0,7,monsoon,agra,33.3,26.7,7.6,85,32.9,25.4,33.2,83.0
2023-07-19,Shahdara APMC,3.4,4000.0,7,monsoon,agra,33.0,26.5,9.9,86,33.0,26.8,3.1,83.0
2023-07-21,Shahdara APMC,4.5,4800.0,7,monsoon,agra,35.5,27.2,2.8,76,35.5,27.6,0.1,73.0
2023-07-22,Shahdara APMC,2.2,4800.0,7,monsoon,agra,34.3,26.9,9.6,79,35.5,28.9,0.0,69.0
2023-07-25,Shahdara APMC,3.0,4700.0,7,monsoon,agra,34.2,25.9,14.4,82,34.6,26.9,7.0,77.0
2023-07-26,Shahdara APMC,4.5,4000.0,7,monsoon,agra,29.8,25.8,23.8,89,35.1,26.4,1.4,82.0
2023-07-27,Shahdara APMC,3.9,4500.0,7,monsoon,agra,31.9,26.5,9.0,86,32.0,26.4,11.6,86.0
2023-07-28,Shahdara APMC,4.15,4200.0,7,monsoon,agra,32.7,26.4,18.7,87,32.4,26.9,1.1,84.0
2023-07-29,Shahdara APMC,4.95,4100.0,7,monsoon,agra,31.4,25.1,6.4,84,33.2,26.7,4.7,84.0
2023-07-30,Shahdara APMC,6.1,4000.0,7,monsoon,agra,33.3,24.9,1.8,81,31.2,26.2,4.7,87.0
2023-07-31,Shahdara APMC,3.1,4000.0,7,monsoon,agra,33.7,25.6,1.1,79,32.9,25.2,3.7,82.0
2023-08-01,Shahdara APMC,7.45,4000.0,8,monsoon,agra,34.7,26.9,0.1,77,34.1,26.7,0.2,76.0
2023-08-02,Shahdara APMC,4.5,4000.0,8,monsoon,agra,34.9,27.5,2.4,79,34.5,27.6,0.8,76.0
2023-08-03,Shahdara APMC,4.75,3000.0,8,monsoon,agra,34.0,26.6,13.5,82,33.9,26.7,7.0,83.0
2023-08-04,Shahdara APMC,4.9,5200.0,8,monsoon,agra,31.8,26.2,9.5,87,33.4,26.5,4.1,81.0
2023-08-06,Shahdara APMC,4.15,4000.0,8,monsoon,agra,34.8,26.3,3.0,76,32.4,25.5,22.8,84.0
2023-08-07,Shahdara APMC,6.4,4200.0,8,monsoon,agra,34.1,26.9,0.2,71,33.9,26.5,0.4,76.0
2023-08-10,Shahdara APMC,5.45,4500.0,8,monsoon,agra,34.1,26.9,0.4,71,33.1,26.9,0.4,70.0
2023-08-11,Shahdara APMC,6.95,4000.0,8,monsoon,agra,34.6,27.2,0.7,69,32.6,26.8,0.2,72.0
2023-08-12,Shahdara APMC,6.9,4000.0,8,monsoon,agra,35.8,27.7,0.0,59,34.1,26.8,0.0,66.0
2023-08-14,Shahdara APMC,5.65,4000.0,8,monsoon,agra,33.7,26.5,0.2,69,33.1,27.0,0.5,69.0
2023-08-15,Shahdara APMC,3.15,4000.0,8,monsoon,agra,34.8,25.9,0.0,74,31.4,26.7,0.1,74.0
2023-08-17,Shahdara APMC,10.65,4000.0,8,monsoon,agra,36.7,27.6,0.0,59,34.7,26.9,1.3,72.0
2023-08-18,Shahdara APMC,14.0,3000.0,8,monsoon,agra,36.7,28.0,0.2,60,35.9,28.2,0.0,63.0
2023-08-19,Shahdara APMC,12.81,2000.0,8,monsoon,agra,34.6,26.6,7.3,74,35.5,28.1,0.0,65.0
2023-08-20,Shahdara APMC,12.9,1600.0,8,monsoon,agra,36.6,28.2,0.2,65,34.2,25.6,9.4,77.0
2023-08-21,Shahdara APMC,8.88,2100.0,8,monsoon,agra,36.9,28.3,0.9,68,34.6,26.1,3.3,77.0
2023-08-22,Shahdara APMC,18.97,2100.0,8,monsoon,agra,35.3,27.9,11.1,77,35.9,27.8,0.4,74.0
2023-08-23,Shahdara APMC,100.5,2200.0,8,monsoon,agra,29.9,25.6,21.1,88,34.2,27.0,24.2,80.0
2023-08-24,Shahdara APMC,10.05,1400.0,8,monsoon,agra,33.4,25.0,0.0,74,28.0,26.0,76.3,94.0
2023-08-25,Shahdara APMC,11.65,1400.0,8,monsoon,agra,34.2,25.5,0.0,66,32.3,25.6,0.7,76.0
2023-08-26,Shahdara APMC,12.55,1500.0,8,monsoon,agra,34.5,26.8,0.0,63,33.0,25.3,0.0,69.0
2023-08-27,Shahdara APMC,13.15,1500.0,8,monsoon,agra,35.4,26.7,0.1,57,33.0,25.8,0.2,66.0
2023-08-28,Shahdara APMC,18.0,800.0,8,monsoon,agra,34.7,26.5,1.7,63,33.6,26.0,0.0,65.0
2023-08-29,Shahdara APMC,12.85,1000.0,8,monsoon,agra,35.9,25.7,0.0,58,32.8,25.7,0.4,70.0
2023-08-30,Shahdara APMC,10.2,1000.0,8,monsoon,agra,37.3,26.5,0.0,55,33.6,25.6,0.0,66.0
2023-08-31,Shahdara APMC,10.45,1200.0,8,monsoon,agra,37.3,25.9,0.0,57,34.2,25.9,1.7,68.0
2023-09-01,Shahdara APMC,10.4,1300.0,9,monsoon,agra,38.4,27.1,0.0,52,35.2,24.8,0.0,67.0
2023-09-02,Shahdara APMC,17.6,1200.0,9,monsoon,agra,38.1,27.3,0.0,49,36.1,26.2,0.0,65.0
2023-09-05,Shahdara APMC,11.25,1100.0,9,monsoon,agra,36.4,26.9,4.8,65,36.1,25.4,0.0,57.0
2023-09-10,Shahdara APMC,9.65,1300.0,9,monsoon,agra,29.9,24.6,41.0,88,29.0,24.9,33.2,90.0
2023-09-12,Shahdara APMC,11.9,1900.0,9,monsoon,agra,33.5,24.7,0.0,80,30.9,24.2,13.5,86.0
2023-09-13,Shahdara APMC,16.1,1800.0,9,monsoon,agra,33.9,26.5,6.8,81,31.7,25.1,2.2,86.0
2023-09-14,Shahdara APMC,14.42,1600.0,9,monsoon,agra,34.1,26.7,7.0,82,33.0,25.0,1.8,84.0
2023-09-15,Shahdara APMC,12.5,1500.0,9,monsoon,agra,32.0,26.1,7.4,88,32.5,25.9,4.7,84.0
2023-09-16,Shahdara APMC,7.9,1400.0,9,monsoon,agra,31.6,26.4,8.4,84,33.5,26.2,0.7,78.0
2023-09-17,Shahdara APMC,10.5,1400.0,9,monsoon,agra,31.5,25.2,6.3,87,31.2,26.0,9.3,84.0
2023-09-18,Shahdara APMC,10.0,1300.0,9,monsoon,agra,31.6,24.8,0.6,81,30.7,25.9,2.0,77.0
2023-09-19,Shahdara APMC,9.65,1300.0,9,monsoon,agra,33.0,24.9,0.2,78,31.7,24.2,18.6,78.0
2023-09-20,Shahdara APMC,11.91,1500.0,9,monsoon,agra,33.1,25.7,0.5,77,33.1,24.7,0.1,78.0
2023-09-21,Shahdara APMC,9.8,2200.0,9,monsoon,agra,33.1,26.0,4.2,82,33.6,25.7,1.3,78.0
2023-09-25,Shahdara APMC,14.55,1800.0,9,monsoon,agra,32.7,24.8,0.0,78,32.6,24.7,1.4,80.0
2023-09-27,Shahdara APMC,9.4,1900.0,9,monsoon,agra,33.2,23.5,0.0,70,33.2,25.5,0.0,75.0
2023-09-29,Shahdara APMC,8.35,1700.0,9,monsoon,agra,33.1,20.8,0.0,66,33.3,21.7,0.0,60.0
2023-10-03,Shahdara APMC,13.2,1300.0,10,post_monsoon,agra,34.1,19.3,0.0,45,34.8,22.9,0.0,46.0
2023-10-04,Shahdara APMC,14.5,1400.0,10,post_monsoon,agra,34.0,18.8,0.0,56,34.5,20.6,0.0,37.0
2023-10-05,Shahdara APMC,17.95,1300.0,10,post_monsoon,agra,34.4,20.0,0.0,54,34.2,19.8,0.0,46.0
2023-10-06,Shahdara APMC,14.0,1000.0,10,post_monsoon,agra,35.4,19.0,0.0,54,34.7,20.9,0.0,50.0
2023-10-07,Shahdara APMC,17.4,1000.0,10,post_monsoon,agra,35.3,21.2,0.0,63,36.2,18.8,0.0,49.0
2023-10-08,Shahdara APMC,18.55,1000.0,10,post_monsoon,agra,35.6,24.0,0.0,62,35.9,21.9,0.0,58.0
2023-10-10,Shahdara APMC,20.0,600.0,10,post_monsoon,agra,34.1,23.7,0.4,57,36.5,25.8,0.0,46.0
2023-10-11,Shahdara APMC,17.82,1400.0,10,post_monsoon,agra,33.8,21.2,0.0,58,35.6,25.2,0.0,45.0
2023-10-14,Shahdara APMC,19.0,900.0,10,post_monsoon,agra,35.2,22.0,0.0,56,35.6,21.2,0.0,51.0
2023-10-15,Shahdara APMC,28.75,1000.0,10,post_monsoon,agra,33.6,22.2,0.1,56,35.5,22.5,0.0,47.0
2023-10-17,Shahdara APMC,17.0,1000.0,10,post_monsoon,agra,28.5,19.0,2.6,72,32.9,22.2,0.2,57.0
2023-10-19,Shahdara APMC,29.34,1000.0,10,post_monsoon,agra,28.6,16.8,0.0,64,30.2,17.8,0.0,62.0
2023-10-21,Shahdara APMC,19.16,1100.0,10,post_monsoon,agra,29.7,16.9,0.0,64,31.1,17.8,0.0,58.0
2023-10-22,Shahdara APMC,18.0,1100.0,10,post_monsoon,agra,30.3,17.2,0.0,63,31.4,18.3,0.0,59.0
2023-10-24,Shahdara APMC,23.85,1200.0,10,post_monsoon,agra,30.7,17.6,0.0,61,31.3,17.9,0.0,58.0
2023-10-26,Shahdara APMC,2.8,1000.0,10,post_monsoon,agra,30.7,16.7,0.0,59,31.8,17.7,0.0,50.0
2023-10-27,Shahdara APMC,32.25,1800.0,10,post_monsoon,agra,30.4,16.0,0.0,55,30.7,17.6,0.0,53.0
2023-10-28,Shahdara APMC,25.35,1800.0,10,post_monsoon,agra,30.0,17.9,0.0,56,31.2,16.5,0.0,48.0
2023-10-29,Shahdara APMC,32.35,1700.0,10,post_monsoon,agra,31.3,17.8,0.0,61,30.6,16.1,0.0,50.0
2023-10-31,Shahdara APMC,22.35,1000.0,10,post_monsoon,agra,30.9,19.0,0.0,69,32.9,18.0,0.0,60.0
2023-11-02,Shahdara APMC,28.44,900.0,11,post_monsoon,agra,30.4,18.7,0.0,68,30.9,18.4,0.0,65.0
2023-11-03,Shahdara APMC,22.52,800.0,11,post_monsoon,agra,28.5,17.7,0.6,71,31.0,18.1,0.0,61.0
2023-11-06,Shahdara APMC,23.15,800.0,11,post_monsoon,agra,29.4,15.2,0.0,63,30.6,17.2,0.0,61.0
2023-11-07,Shahdara APMC,22.35,1000.0,11,post_monsoon,agra,29.9,16.0,0.0,67,29.9,17.3,0.0,68.0
2023-11-08,Shahdara APMC,22.8,1000.0,11,post_monsoon,agra,29.5,16.9,0.0,68,31.2,16.7,0.0,65.0
2023-11-13,Shahdara APMC,15.6,1000.0,11,post_monsoon,agra,25.3,13.1,0.0,75,25.8,15.0,0.0,73.0
2023-11-14,Shahdara APMC,13.0,900.0,11,post_monsoon,agra,25.1,14.3,0.0,73,26.1,14.1,0.0,74.0
2023-11-17,Shahdara APMC,13.35,1000.0,11,post_monsoon,agra,26.7,14.8,0.0,74,25.5,12.4,0.0,66.0
2023-11-18,Shahdara APMC,18.72,1000.0,11,post_monsoon,agra,26.1,14.2,0.0,73,25.9,13.0,0.0,72.0
2023-11-19,Shahdara APMC,22.35,1000.0,11,post_monsoon,agra,25.5,14.3,0.0,69,25.3,13.5,0.0,66.0
2023-11-22,Shahdara APMC,18.05,1200.0,11,post_monsoon,agra,24.9,12.8,0.0,68,26.2,14.3,0.0,71.0
2023-11-23,Shahdara APMC,28.8,1200.0,11,post_monsoon,agra,24.6,11.0,0.0,72,24.9,13.4,0.0,69.0
2023-11-24,Shahdara APMC,19.83,1000.0,11,post_monsoon,agra,25.0,13.8,0.0,72,25.0,11.5,0.0,72.0
2023-11-27,Shahdara APMC,14.45,1000.0,11,post_monsoon,agra,24.2,15.5,2.5,77,25.2,12.9,0.0,75.0
2023-11-28,Shahdara APMC,18.1,1000.0,11,post_monsoon,agra,20.4,15.4,2.8,87,23.7,16.1,0.9,77.0
2023-11-29,Shahdara APMC,23.96,1000.0,11,post_monsoon,agra,24.4,14.0,0.2,81,24.6,15.9,1.5,77.0
2023-11-30,Shahdara APMC,27.15,1000.0,11,post_monsoon,agra,21.2,14.3,1.5,86,24.8,14.2,0.0,81.0
2023-12-04,Shahdara APMC,14.75,1000.0,12,winter,agra,22.8,14.2,0.0,73,24.8,14.8,8.6,77.0
2023-12-07,Shahdara APMC,17.25,1000.0,12,winter,agra,24.1,11.3,0.0,78,23.4,12.2,0.0,76.0
2023-12-08,Shahdara APMC,24.45,1000.0,12,winter,agra,23.8,11.1,0.0,76,24.3,13.9,0.0,74.0
2023-12-09,Shahdara APMC,19.63,1000.0,12,winter,agra,23.4,10.1,0.0,72,23.8,12.6,0.0,78.0
2023-12-10,Shahdara APMC,20.25,1000.0,12,winter,agra,22.6,10.6,0.0,70,23.9,12.3,0.0,75.0
2023-12-11,Shahdara APMC,14.12,1000.0,12,winter,agra,21.9,8.6,0.0,70,23.0,11.3,0.0,74.0
2023-12-12,Shahdara APMC,19.4,1000.0,12,winter,agra,22.8,9.0,0.0,73,22.7,10.0,0.0,79.0
2023-12-13,Shahdara APMC,20.8,1600.0,12,winter,agra,22.7,9.7,0.0,70,22.9,9.9,0.0,73.0
2023-12-15,Shahdara APMC,19.4,1100.0,12,winter,agra,21.8,7.1,0.0,73,22.6,9.5,0.0,73.0
2023-12-16,Shahdara APMC,18.64,1100.0,12,winter,agra,22.3,7.9,0.0,71,22.0,8.4,0.0,75.0
2023-12-17,Shahdara APMC,18.3,1100.0,12,winter,agra,22.5,8.8,0.0,68,22.2,8.9,0.0,74.0
2023-12-18,Shahdara APMC,21.3,1100.0,12,winter,agra,21.6,8.8,0.0,69,22.8,9.3,0.0,72.0
2023-12-19,Shahdara APMC,17.86,1100.0,12,winter,agra,21.6,8.2,0.0,67,21.2,9.7,0.0,71.0
2023-12-20,Shahdara APMC,20.05,1100.0,12,winter,agra,20.5,7.2,0.0,73,21.0,8.6,0.0,72.0
2023-12-21,Shahdara APMC,18.65,1100.0,12,winter,agra,21.5,7.6,0.0,76,19.7,7.6,0.0,75.0
2023-12-26,Shahdara APMC,12.17,1200.0,12,winter,agra,22.3,9.3,0.0,78,22.4,9.9,0.0,84.0
2023-12-28,Shahdara APMC,16.37,1000.0,12,winter,agra,20.7,9.2,0.0,87,22.1,8.2,0.0,83.0
2023-12-31,Shahdara APMC,13.45,1000.0,12,winter,agra,18.4,8.3,0.0,86,17.4,8.6,0.0,91.0
2024-01-01,Shahdara APMC,13.1,1200.0,1,winter,agra,16.1,6.3,0.0,87,18.0,7.6,0.0,90.0
2024-01-02,Shahdara APMC,12.6,1200.0,1,winter,agra,15.0,4.6,0.0,87,17.7,6.9,0.0,87.0
2024-01-05,Shahdara APMC,9.6,1200.0,1,winter,agra,17.1,8.1,0.1,87,18.7,9.5,0.0,84.0
2024-01-06,Shahdara APMC,12.12,1200.0,1,winter,agra,16.9,6.6,0.0,84,18.3,7.8,0.0,84.0
2024-01-07,Shahdara APMC,12.78,1200.0,1,winter,agra,17.4,6.7,0.0,81,18.0,7.3,0.0,82.0
2024-01-09,Shahdara APMC,13.05,1200.0,1,winter,agra,18.0,6.4,0.0,87,18.8,6.8,0.0,87.0
2024-01-10,Shahdara APMC,14.02,1200.0,1,winter,agra,15.9,4.5,0.0,86,17.0,8.7,9.7,90.0
2024-01-13,Shahdara APMC,5.05,1200.0,1,winter,agra,17.8,5.7,0.0,86,18.9,4.4,0.0,87.0
2024-01-14,Shahdara APMC,14.5,1200.0,1,winter,agra,17.7,4.5,0.0,87,19.0,5.1,0.0,89.0
2024-01-15,Shahdara APMC,8.4,1200.0,1,winter,agra,15.8,4.6,0.0,88,19.5,5.3,0.0,86.0
2024-01-17,Shahdara APMC,16.45,1300.0,1,winter,agra,17.8,4.2,0.0,84,17.8,4.6,0.0,83.0
2024-01-18,Shahdara APMC,7.65,1200.0,1,winter,agra,17.4,5.4,0.0,88,17.0,3.7,0.0,89.0
2024-01-19,Shahdara APMC,12.85,1300.0,1,winter,agra,16.4,6.2,0.0,90,15.8,4.8,0.0,91.0
2024-01-20,Shahdara APMC,11.3,1200.0,1,winter,agra,15.8,5.5,0.0,89,16.0,5.1,0.0,91.0
2024-01-21,Shahdara APMC,4.8,1200.0,1,winter,agra,16.0,5.2,0.0,91,15.4,3.6,0.0,90.0
2024-01-22,Shahdara APMC,7.8,1200.0,1,winter,agra,16.5,4.9,0.0,87,16.2,5.3,0.0,92.0
2024-01-24,Shahdara APMC,20.7,1300.0,1,winter,agra,18.1,6.9,0.0,86,17.1,5.3,0.0,93.0
2024-01-27,Shahdara APMC,11.65,1200.0,1,winter,agra,20.4,6.7,0.0,80,18.3,6.8,0.0,87.0
2024-01-28,Shahdara APMC,13.2,1200.0,1,winter,agra,20.1,7.1,0.0,81,21.6,6.6,0.0,85.0
2024-01-30,Shahdara APMC,15.25,1300.0,1,winter,agra,20.3,9.8,0.0,91,21.8,10.7,0.0,85.0
2024-01-31,Shahdara APMC,10.3,1300.0,1,winter,agra,19.9,10.3,6.7,92,20.8,10.4,0.0,90.0
2024-02-01,Shahdara APMC,5.35,1400.0,2,winter,agra,21.0,11.9,33.0,86,22.8,10.4,1.1,88.0
2024-02-02,Shahdara APMC,6.1,1300.0,2,winter,agra,19.2,8.8,0.0,85,22.8,13.6,1.8,86.0
2024-02-03,Shahdara APMC,18.76,1300.0,2,winter,agra,20.4,7.7,0.0,72,20.2,10.8,0.0,84.0
2024-02-04,Shahdara APMC,13.73,1300.0,2,winter,agra,21.1,12.6,4.3,86,21.1,8.1,0.0,73.0
2024-02-05,Shahdara APMC,16.9,1300.0,2,winter,agra,19.7,10.3,0.8,83,22.6,13.7,28.1,84.0
2024-02-06,Shahdara APMC,16.85,1200.0,2,winter,agra,18.6,7.4,0.0,77,20.8,12.3,0.7,89.0
2024-02-07,Shahdara APMC,16.28,1200.0,2,winter,agra,18.3,7.3,0.0,69,19.6,9.1,0.0,76.0
2024-02-08,Shahdara APMC,19.1,1200.0,2,winter,agra,19.0,8.0,0.0,67,19.7,8.8,0.0,69.0
2024-02-09,Shahdara APMC,15.2,1300.0,2,winter,agra,20.4,7.7,0.0,69,19.5,9.2,0.0,65.0
2024-02-10,Shahdara APMC,18.6,1300.0,2,winter,agra,19.7,7.2,0.0,81,20.3,7.4,0.0,60.0
2024-02-11,Shahdara APMC,13.35,1300.0,2,winter,agra,21.4,7.9,0.0,77,20.6,6.8,0.0,69.0
2024-02-12,Shahdara APMC,16.75,1300.0,2,winter,agra,21.5,8.2,0.0,77,21.2,7.2,0.0,80.0
2024-02-13,Shahdara APMC,16.85,1200.0,2,winter,agra,21.0,8.8,0.0,76,21.3,7.7,0.0,78.0
2024-02-14,Shahdara APMC,13.9,1200.0,2,winter,agra,22.6,9.7,0.0,75,23.1,9.5,0.0,81.0
2024-02-15,Shahdara APMC,20.7,1200.0,2,winter,agra,23.7,9.3,0.0,71,23.6,12.3,0.0,76.0
2024-02-16,Shahdara APMC,19.25,1500.0,2,winter,agra,24.4,8.3,0.0,65,23.5,10.6,0.0,78.0
2024-02-18,Shahdara APMC,25.44,1200.0,2,winter,agra,27.5,10.0,0.0,58,25.0,8.8,0.0,65.0
2024-02-19,Shahdara APMC,24.36,1200.0,2,winter,agra,27.2,14.9,0.0,61,27.0,10.9,0.0,61.0
2024-02-20,Shahdara APMC,18.34,1200.0,2,winter,agra,27.4,15.2,0.1,65,28.6,14.1,0.0,61.0
2024-02-21,Shahdara APMC,24.5,1300.0,2,winter,agra,26.1,12.2,0.0,58,27.2,15.8,2.7,68.0
2024-02-22,Shahdara APMC,23.8,1400.0,2,winter,agra,24.2,11.1,0.0,51,25.0,14.0,0.5,68.0
2024-02-25,Shahdara APMC,23.05,1300.0,2,winter,agra,25.0,10.9,0.0,40,23.8,9.5,0.0,50.0
2024-02-26,Shahdara APMC,19.16,1200.0,2,winter,agra,24.5,11.3,0.0,45,24.7,10.8,0.0,48.0
2024-03-11,Shahdara APMC,14.12,1300.0,3,summer,agra,29.3,15.3,0.0,51,27.2,10.7,0.0,57.0
2024-03-12,Shahdara APMC,12.6,1300.0,3,summer,agra,29.2,13.9,0.0,49,29.5,13.6,0.0,53.0
2024-03-14,Shahdara APMC,18.0,1300.0,3,summer,agra,29.0,14.0,0.0,54,30.3,14.7,0.0,49.0
2024-03-15,Shahdara APMC,15.4,1200.0,3,summer,agra,27.4,13.9,0.0,44,29.9,15.3,0.0,50.0
2024-03-16,Shahdara APMC,18.25,1300.0,3,summer,agra,27.6,12.3,0.0,45,28.5,15.9,0.0,44.0
2024-03-17,Shahdara APMC,13.85,1300.0,3,summer,agra,28.8,11.8,0.0,46,27.9,13.2,0.0,44.0
2024-03-18,Shahdara APMC,18.48,1400.0,3,summer,agra,28.4,13.1,0.0,48,29.1,12.8,0.0,49.0
2024-03-20,Shahdara APMC,13.9,1200.0,3,summer,agra,32.1,14.4,0.0,44,29.7,12.7,0.0,50.0
2024-03-21,Shahdara APMC,16.25,1200.0,3,summer,agra,29.4,17.2,0.0,54,30.5,13.6,0.0,49.0
2024-03-22,Shahdara APMC,14.05,1400.0,3,summer,agra,32.6,18.0,0.0,52,29.5,16.2,0.0,56.0
2024-03-25,Shahdara APMC,6.05,1300.0,3,summer,agra,33.0,16.8,0.0,48,34.9,19.4,0.0,37.0
2024-03-26,Shahdara APMC,12.5,1200.0,3,summer,agra,33.5,18.1,0.0,44,33.4,18.0,0.0,43.0
2024-03-27,Shahdara APMC,12.95,1200.0,3,summer,agra,36.2,21.2,0.0,41,34.9,18.1,0.0,41.0
2024-03-29,Shahdara APMC,12.35,1300.0,3,summer,agra,36.1,21.4,1.3,47,37.9,21.4,0.0,40.0
2024-03-30,Shahdara APMC,9.3,1400.0,3,summer,agra,34.8,22.8,0.0,40,37.8,22.2,0.0,42.0
2024-03-31,Shahdara APMC,15.27,1400.0,3,summer,agra,34.5,20.1,0.0,39,36.1,23.5,0.0,38.0
2024-04-02,Shahdara APMC,5.46,1200.0,4,summer,solan,33.0,16.8,0.0,35,21.6,8.9,0.0,62.0
2024-04-03,Shahdara APMC,14.0,1300.0,4,summer,solan,35.6,20.9,0.0,26,22.6,7.9,0.0,60.0
2024-04-04,Shahdara APMC,11.05,1300.0,4,summer,solan,36.3,21.0,0.0,26,24.5,7.6,0.0,46.0
2024-04-06,Shahdara APMC,5.9,1300.0,4,summer,solan,35.1,19.9,0.0,21,24.1,9.8,0.0,37.0
2024-04-07,Shahdara APMC,10.2,1300.0,4,summer,solan,35.4,17.5,0.0,21,24.8,8.0,0.0,35.0
2024-04-08,Shahdara APMC,10.3,1200.0,4,summer,solan,36.9,18.6,0.0,22,24.8,8.6,0.0,37.0
2024-04-09,Shahdara APMC,8.15,1200.0,4,summer,solan,37.7,18.6,0.0,19,25.4,8.4,0.0,37.0
2024-04-11,Shahdara APMC,8.2,1200.0,4,summer,solan,38.1,21.4,0.0,21,26.7,9.1,0.0,40.0
2024-04-12,Shahdara APMC,6.3,1200.0,4,summer,solan,38.6,22.4,0.0,22,24.5,10.0,0.2,44.0
2024-04-13,Shahdara APMC,7.7,1300.0,4,summer,solan,38.6,24.9,2.4,28,26.0,9.7,0.0,42.0
2024-04-14,Shahdara APMC,5.6,1300.0,4,summer,solan,33.6,22.5,0.2,48,27.4,10.7,0.0,41.0
2024-04-15,Shahdara APMC,10.3,1400.0,4,summer,solan,36.2,22.0,0.0,51,21.9,14.0,10.3,66.0
2024-04-18,Shahdara APMC,4.69,1200.0,4,summer,solan,37.9,23.4,0.0,24,24.2,12.6,0.0,57.0
2024-04-19,Shahdara APMC,8.1,1400.0,4,summer,solan,38.3,24.6,0.0,30,24.0,13.9,0.3,53.0
2024-04-20,Shahdara APMC,10.81,1300.0,4,summer,solan,36.4,22.0,0.0,28,26.2,12.6,4.9,61.0
2024-04-21,Shahdara APMC,9.75,1300.0,4,summer,solan,36.6,23.5,0.0,27,24.0,11.7,0.1,55.0
2024-04-22,Shahdara APMC,8.19,1400.0,4,summer,solan,37.2,24.4,0.1,25,24.8,11.0,0.0,51.0
2024-04-23,Shahdara APMC,7.4,1300.0,4,summer,solan,37.9,22.7,0.0,28,24.2,10.2,0.2,54.0
2024-04-24,Shahdara APMC,9.5,1400.0,4,summer,solan,37.1,20.8,0.0,30,24.5,9.7,1.8,55.0
2024-04-25,Shahdara APMC,7.7,1300.0,4,summer,solan,38.3,21.4,0.0,26,24.7,9.9,0.2,54.0
2024-04-27,Shahdara APMC,5.0,1300.0,4,summer,solan,38.1,25.7,0.0,27,28.8,11.8,0.0,38.0
2024-04-28,Shahdara APMC,10.9,1400.0,4,summer,solan,37.6,23.3,0.0,28,25.2,12.6,10.4,57.0
2024-04-29,Shahdara APMC,9.35,1300.0,4,summer,solan,38.1,23.5,0.0,27,25.0,10.8,0.0,53.0
2024-04-30,Shahdara APMC,10.42,1400.0,4,summer,solan,36.3,23.2,0.0,26,22.5,11.7,12.2,66.0
2024-05-01,Shahdara APMC,8.89,1400.0,5,summer,solan,32.6,20.4,0.0,23,24.4,9.5,0.0,54.0
2024-05-02,Shahdara APMC,8.09,1400.0,5,summer,solan,35.1,19.2,0.0,27,19.9,8.8,0.1,52.0
2024-05-04,Shahdara APMC,7.15,1300.0,5,summer,solan,40.7,26.4,0.0,19,26.8,10.3,0.0,49.0
2024-05-05,Shahdara APMC,4.65,1300.0,5,summer,solan,41.1,24.7,0.0,21,29.4,17.8,0.1,39.0
2024-05-06,Shahdara APMC,7.65,1300.0,5,summer,solan,40.7,25.7,0.0,22,29.0,13.1,0.0,38.0
2024-05-07,Shahdara APMC,7.5,1400.0,5,summer,solan,41.4,26.9,0.0,27,30.2,14.3,0.0,36.0
2024-05-09,Shahdara APMC,4.3,1400.0,5,summer,solan,39.6,26.3,0.0,37,27.7,13.9,0.1,49.0
2024-05-10,Shahdara APMC,2.65,1400.0,5,summer,solan,39.0,26.0,0.8,42,27.9,16.1,0.9,52.0
2024-05-11,Shahdara APMC,11.13,1300.0,5,summer,solan,38.7,26.2,0.7,44,28.4,15.0,0.0,51.0
2024-05-12,Shahdara APMC,2.9,1300.0,5,summer,solan,37.5,26.9,0.1,40,28.0,15.3,0.6,56.0
2024-05-13,Shahdara APMC,10.05,1300.0,5,summer,solan,40.8,26.8,0.0,30,26.2,14.0,3.0,62.0
2024-05-14,Shahdara APMC,8.0,1400.0,5,summer,solan,40.7,24.7,0.0,24,28.2,12.6,0.0,42.0
2024-05-15,Shahdara APMC,6.65,1400.0,5,summer,solan,42.5,24.4,0.0,22,29.4,12.8,0.0,31.0
2024-05-17,Shahdara APMC,7.2,1400.0,5,summer,solan,44.2,26.7,0.0,19,31.4,14.6,0.0,34.0
2024-05-18,Shahdara APMC,3.3,1400.0,5,summer,solan,44.3,27.2,0.0,20,33.0,15.7,0.0,29.0
2024-05-19,Shahdara APMC,7.2,1400.0,5,summer,solan,45.4,27.8,0.0,16,34.0,16.6,0.0,28.0
2024-05-21,Shahdara APMC,5.15,1400.0,5,summer,solan,43.0,28.7,0.0,27,32.1,17.8,0.0,29.0
2024-05-24,Shahdara APMC,3.55,1400.0,5,summer,solan,40.8,30.7,0.0,35,28.5,18.3,7.6,58.0
2024-05-25,Shahdara APMC,1.35,1400.0,5,summer,solan,44.8,30.8,0.0,27,28.8,17.7,1.4,60.0
2024-05-26,Shahdara APMC,5.5,1400.0,5,summer,solan,46.3,29.3,0.0,18,32.6,16.9,0.0,39.0
2024-05-27,Shahdara APMC,5.05,1500.0,5,summer,solan,46.0,29.9,0.0,20,34.2,16.3,0.0,30.0
2024-05-28,Shahdara APMC,7.25,1400.0,5,summer,solan,46.4,28.6,0.0,16,33.7,16.9,0.0,26.0
2024-05-29,Shahdara APMC,5.9,1400.0,5,summer,solan,46.0,31.1,0.0,18,34.3,17.5,0.0,22.0
2024-05-30,Shahdara APMC,6.7,1400.0,5,summer,solan,46.3,32.6,0.0,16,36.5,16.9,0.0,17.0
2024-05-31,Shahdara APMC,6.55,1300.0,5,summer,solan,46.1,28.2,0.0,14,35.6,20.0,0.0,16.0
2024-06-01,Shahdara APMC,5.55,1300.0,6,monsoon,solan,44.5,30.4,0.0,17,35.0,18.0,0.0,17.0
2024-06-02,Shahdara APMC,4.8,1300.0,6,monsoon,solan,41.9,30.6,0.0,25,35.1,18.2,0.0,17.0
2024-06-03,Shahdara APMC,2.3,1300.0,6,monsoon,solan,44.7,29.6,0.0,24,32.0,17.7,0.2,30.0
2024-06-04,Shahdara APMC,9.24,1400.0,6,monsoon,solan,43.5,30.8,0.0,18,33.1,17.3,0.0,26.0
2024-06-05,Shahdara APMC,5.1,1500.0,6,monsoon,solan,41.9,31.0,0.0,23,32.1,19.8,0.9,26.0
2024-06-06,Shahdara APMC,10.36,1400.0,6,monsoon,solan,41.0,27.6,0.0,31,32.6,18.3,1.3,38.0
2024-06-07,Shahdara APMC,6.05,1400.0,6,monsoon,solan,42.4,28.5,0.0,31,29.8,18.1,0.0,39.0
2024-06-08,Shahdara APMC,5.33,1600.0,6,monsoon,solan,40.1,27.9,0.0,28,32.0,19.9,0.0,34.0
2024-06-09,Shahdara APMC,6.35,1600.0,6,monsoon,solan,42.5,27.7,0.0,23,30.7,20.1,0.0,34.0
2024-06-10,Shahdara APMC,4.05,1300.0,6,monsoon,solan,43.2,28.1,0.0,18,31.5,18.2,0.0,31.0
2024-06-11,Shahdara APMC,5.7,1400.0,6,monsoon,solan,43.5,28.9,0.0,19,32.7,19.2,0.0,23.0
2024-06-17,Shahdara APMC,3.45,1300.0,6,monsoon,solan,44.4,33.8,0.0,24,34.6,22.9,0.0,29.0
2024-06-18,Shahdara APMC,10.25,1200.0,6,monsoon,solan,44.4,34.1,0.0,24,34.7,24.1,0.0,28.0
2024-06-19,Shahdara APMC,3.59,1100.0,6,monsoon,solan,41.1,34.4,1.4,35,34.9,24.3,0.0,31.0
2024-06-20,Shahdara APMC,7.95,1100.0,6,monsoon,solan,38.8,25.6,2.4,46,33.4,21.6,0.7,35.0
2024-06-21,Shahdara APMC,7.75,1200.0,6,monsoon,solan,38.0,25.3,1.5,54,30.6,19.5,2.4,53.0
2024-06-22,Shahdara APMC,5.6,1200.0,6,monsoon,solan,38.1,29.6,0.0,54,27.8,20.5,0.3,62.0
2024-06-23,Shahdara APMC,10.75,1200.0,6,monsoon,solan,39.2,30.0,0.0,52,28.7,18.9,0.7,64.0
2024-06-24,Shahdara APMC,6.85,1200.0,6,monsoon,solan,39.2,30.9,0.7,55,29.1,20.5,3.9,69.0
2024-06-26,Shahdara APMC,8.65,1100.0,6,monsoon,solan,33.9,27.3,11.3,75,30.1,21.3,9.2,76.0
2024-06-28,Shahdara APMC,5.6,1100.0,6,monsoon,solan,30.9,25.9,14.3,86,26.5,19.5,19.2,85.0
2024-06-29,Shahdara APMC,7.5,1200.0,6,monsoon,solan,32.6,26.6,7.9,82,27.2,19.9,9.1,82.0
2024-06-30,Shahdara APMC,4.3,1200.0,6,monsoon,solan,34.7,26.6,12.7,78,27.0,19.2,9.6,86.0
2024-07-02,Shahdara APMC,3.95,1200.0,7,monsoon,agra,33.6,26.3,15.6,84,33.6,26.2,17.6,78.0
2024-07-04,Shahdara APMC,3.8,1200.0,7,monsoon,agra,31.7,25.6,7.2,84,33.1,26.0,16.9,83.0
2024-07-05,Shahdara APMC,5.9,1200.0,7,monsoon,agra,30.1,26.3,1.0,86,29.7,26.0,32.6,90.0
2024-07-06,Shahdara APMC,9.2,1200.0,7,monsoon,agra,32.7,26.0,0.8,83,32.4,25.5,8.8,82.0
2024-07-07,Shahdara APMC,8.65,1200.0,7,monsoon,agra,33.4,25.7,0.2,78,32.8,26.2,11.4,86.0
2024-07-08,Shahdara APMC,6.0,1500.0,7,monsoon,agra,33.0,25.2,0.1,78,34.2,25.9,2.6,81.0
2024-07-09,Shahdara APMC,5.3,1400.0,7,monsoon,agra,32.6,26.1,11.7,82,33.0,25.3,1.1,83.0
2024-07-10,Shahdara APMC,3.15,1500.0,7,monsoon,agra,34.1,26.7,9.3,81,34.5,25.7,3.4,81.0
2024-07-11,Shahdara APMC,6.11,1400.0,7,monsoon,agra,36.4,27.2,1.3,78,34.2,26.6,6.9,81.0
2024-07-15,Shahdara APMC,7.95,1400.0,7,monsoon,agra,33.1,25.1,2.6,78,34.5,27.0,0.7,76.0
2024-07-17,Shahdara APMC,5.2,1400.0,7,monsoon,agra,34.5,28.1,0.0,78,34.9,26.8,5.0,77.0
2024-07-18,Shahdara APMC,6.9,1400.0,7,monsoon,agra,34.6,27.6,3.4,78,34.1,28.4,0.7,76.0
2024-07-20,Shahdara APMC,3.75,1500.0,7,monsoon,agra,35.1,27.1,0.2,77,33.3,26.9,6.6,83.0
2024-07-21,Shahdara APMC,3.85,1500.0,7,monsoon,agra,34.9,27.3,1.7,79,34.8,26.3,8.8,81.0
2024-07-22,Shahdara APMC,7.75,1400.0,7,monsoon,agra,34.7,27.7,5.9,79,34.3,27.3,1.9,78.0
2024-07-24,Shahdara APMC,8.9,1400.0,7,monsoon,agra,33.6,26.6,8.0,82,33.2,27.0,3.9,82.0
2024-07-26,Shahdara APMC,6.45,1400.0,7,monsoon,agra,33.3,27.7,10.2,81,33.4,25.9,33.1,85.0
2024-07-27,Shahdara APMC,4.55,1700.0,7,monsoon,agra,34.3,28.2,2.3,79,32.9,26.7,3.0,88.0
2024-07-28,Shahdara APMC,4.3,1700.0,7,monsoon,agra,35.4,29.0,4.0,76,32.6,26.2,18.1,88.0
2024-07-29,Shahdara APMC,5.5,3000.0,7,monsoon,agra,36.4,28.4,0.1,70,34.8,26.6,18.7,81.0
2024-07-31,Shahdara APMC,4.76,1500.0,7,monsoon,agra,37.4,27.0,97.6,77,34.9,28.4,6.6,80.0
2024-08-01,Shahdara APMC,6.1,1500.0,8,monsoon,agra,31.4,25.8,31.0,84,34.8,27.2,3.9,83.0
2024-08-02,Shahdara APMC,2.5,1500.0,8,monsoon,agra,32.2,25.7,3.3,84,31.3,25.6,32.3,87.0
2024-08-03,Shahdara APMC,4.6,1500.0,8,monsoon,agra,32.3,26.2,1.4,83,32.6,25.5,2.6,85.0
2024-08-04,Shahdara APMC,5.87,1500.0,8,monsoon,agra,33.7,26.8,0.1,76,33.0,25.6,10.7,84.0
2024-08-05,Shahdara APMC,6.25,1500.0,8,monsoon,agra,32.7,26.6,0.8,78,31.6,25.7,9.4,80.0
2024-08-07,Shahdara APMC,4.85,1400.0,8,monsoon,agra,30.0,25.8,14.9,86,32.4,26.2,0.4,76.0
2024-08-08,Shahdara APMC,3.95,1400.0,8,monsoon,agra,31.7,25.8,9.6,86,29.8,26.2,4.1,86.0
2024-08-10,Shahdara APMC,3.85,1400.0,8,monsoon,agra,31.3,25.1,12.4,86,29.1,25.3,8.2,89.0
2024-08-11,Shahdara APMC,7.15,1300.0,8,monsoon,agra,31.4,25.7,17.2,88,31.0,25.0,32.9,90.0
2024-08-12,Shahdara APMC,8.8,1400.0,8,monsoon,agra,29.9,25.8,11.7,90,31.0,25.1,15.7,88.0
2024-08-13,Shahdara APMC,6.3,1400.0,8,monsoon,agra,30.5,25.5,7.0,89,31.0,24.9,16.1,91.0
2024-08-15,Shahdara APMC,3.3,1300.0,8,monsoon,agra,32.3,26.3,11.7,86,31.5,25.4,12.3,89.0
2024-08-16,Shahdara APMC,7.85,1400.0,8,monsoon,agra,32.4,25.7,10.6,87,31.5,25.8,17.7,89.0
2024-08-17,Shahdara APMC,6.1,1400.0,8,monsoon,agra,31.9,25.9,8.2,85,32.3,25.6,4.7,86.0
2024-08-18,Shahdara APMC,4.8,1400.0,8,monsoon,agra,32.8,26.3,4.5,84,32.7,25.6,0.2,85.0
2024-08-19,Shahdara APMC,2.75,1400.0,8,monsoon,agra,33.0,26.6,1.3,82,33.0,26.5,9.9,86.0
2024-08-20,Shahdara APMC,7.7,1300.0,8,monsoon,agra,31.6,26.4,6.5,86,32.8,26.2,7.5,86.0
2024-08-21,Shahdara APMC,7.35,1300.0,8,monsoon,agra,32.0,25.4,1.5,84,30.6,25.9,13.1,89.0
2024-08-22,Shahdara APMC,8.95,1300.0,8,monsoon,agra,32.7,24.8,6.2,85,32.6,25.4,0.4,84.0
2024-08-23,Shahdara APMC,7.45,1300.0,8,monsoon,agra,31.2,24.8,0.4,86,32.5,25.8,7.7,87.0
2024-08-26,Shahdara APMC,5.95,1300.0,8,monsoon,agra,32.1,26.2,4.5,83,32.1,26.0,1.6,80.0
2024-08-27,Shahdara APMC,7.05,1400.0,8,monsoon,agra,31.4,24.5,12.8,85,31.5,25.7,5.8,83.0
2024-08-28,Shahdara APMC,7.75,1400.0,8,monsoon,agra,30.5,24.4,8.5,86,29.7,24.6,6.3,87.0
2024-08-29,Shahdara APMC,10.85,1400.0,8,monsoon,agra,31.1,24.6,28.6,86,30.9,24.6,7.7,87.0
2024-08-30,Shahdara APMC,8.75,1400.0,8,monsoon,agra,31.4,25.2,7.2,87,32.2,25.5,0.0,81.0
2024-08-31,Shahdara APMC,1.25,1300.0,8,monsoon,agra,33.4,26.0,0.0,80,32.1,25.0,3.7,83.0
2024-09-01,Shahdara APMC,8.9,1300.0,9,monsoon,agra,33.7,26.0,0.0,77,32.6,25.4,1.1,83.0
2024-09-02,Shahdara APMC,6.15,1300.0,9,monsoon,agra,31.6,25.2,7.0,84,33.3,26.5,4.7,81.0
2024-09-03,Shahdara APMC,14.45,1400.0,9,monsoon,agra,31.8,25.5,18.5,86,32.3,25.9,2.0,82.0
2024-09-05,Shahdara APMC,8.35,1400.0,9,monsoon,agra,31.7,25.0,2.9,84,31.9,24.9,6.4,86.0
2024-09-07,Shahdara APMC,8.08,1300.0,9,monsoon,agra,30.3,24.3,27.0,87,31.1,24.6,23.6,89.0
2024-09-08,Shahdara APMC,10.15,1300.0,9,monsoon,agra,31.4,24.6,9.9,87,32.2,24.5,10.0,87.0
2024-09-09,Shahdara APMC,8.7,1300.0,9,monsoon,agra,32.8,25.6,3.1,81,31.6,24.9,21.1,89.0
2024-09-10,Shahdara APMC,4.3,1300.0,9,monsoon,agra,30.5,24.9,10.4,89,32.8,24.7,0.3,85.0
2024-09-11,Shahdara APMC,7.15,1300.0,9,monsoon,agra,31.6,25.4,27.7,89,32.7,25.7,1.5,86.0
2024-09-12,Shahdara APMC,5.55,1400.0,9,monsoon,agra,27.5,24.1,100.9,89,28.8,25.0,75.8,93.0
2024-09-16,Shahdara APMC,7.45,1600.0,9,monsoon,agra,32.4,23.7,0.0,74,31.9,23.6,0.0,76.0
2024-09-17,Shahdara APMC,7.4,1400.0,9,monsoon,agra,31.7,23.7,0.0,76,32.2,23.7,0.0,71.0
2024-09-18,Shahdara APMC,5.08,1800.0,9,monsoon,agra,28.1,23.1,48.4,86,31.9,25.0,0.2,75.0
2024-09-19,Shahdara APMC,7.43,2500.0,9,monsoon,agra,29.8,23.0,3.3,85,26.0,22.7,60.2,92.0
2024-09-20,Shahdara APMC,6.65,2500.0,9,monsoon,agra,31.4,24.2,0.1,81,28.9,23.6,0.8,85.0
2024-09-21,Shahdara APMC,9.85,2500.0,9,monsoon,agra,31.8,25.0,0.3,79,30.4,22.3,0.1,83.0
2024-09-22,Shahdara APMC,12.1,2500.0,9,monsoon,agra,33.2,25.7,0.0,78,32.2,25.0,0.0,79.0
2024-09-23,Shahdara APMC,8.71,2500.0,9,monsoon,agra,33.5,25.2,0.0,79,33.2,25.4,0.0,77.0
2024-09-24,Shahdara APMC,8.55,1400.0,9,monsoon,agra,33.6,25.3,0.0,77,34.3,27.0,0.0,75.0
2024-09-26,Shahdara APMC,11.1,2500.0,9,monsoon,agra,31.4,25.3,0.4,82,33.0,26.9,2.3,80.0
2024-09-27,Shahdara APMC,8.0,3000.0,9,monsoon,agra,31.0,25.0,1.3,81,31.5,25.5,0.7,79.0
2024-09-28,Shahdara APMC,7.03,3500.0,9,monsoon,agra,30.6,23.1,0.0,81,30.2,24.8,1.3,82.0
2024-09-29,Shahdara APMC,9.01,3500.0,9,monsoon,agra,30.8,22.9,0.2,83,29.2,24.7,0.5,82.0
2024-09-30,Shahdara APMC,7.8,3000.0,9,monsoon,agra,33.0,23.6,0.0,78,30.4,24.1,0.9,84.0
2024-10-03,Shahdara APMC,6.8,3000.0,10,post_monsoon,agra,34.4,24.3,0.0,67,35.1,25.2,0.0,70.0
2024-10-05,Shahdara APMC,16.15,3500.0,10,post_monsoon,agra,34.1,24.1,0.0,67,33.6,23.7,0.0,65.0
2024-10-06,Shahdara APMC,15.4,3500.0,10,post_monsoon,agra,34.2,23.6,0.0,65,33.4,23.9,0.0,68.0
2024-10-07,Shahdara APMC,9.3,3800.0,10,post_monsoon,agra,32.9,22.3,0.0,68,33.7,22.9,0.0,69.0
2024-10-08,Shahdara APMC,21.65,3500.0,10,post_monsoon,agra,33.2,22.2,0.0,68,33.0,23.0,0.0,72.0
2024-10-09,Shahdara APMC,16.35,3800.0,10,post_monsoon,agra,32.9,20.9,0.0,64,32.8,21.9,0.0,73.0
2024-10-11,Shahdara APMC,5.4,2000.0,10,post_monsoon,agra,32.5,19.3,0.0,52,32.4,21.2,0.0,68.0
2024-10-12,Shahdara APMC,18.1,2000.0,10,post_monsoon,agra,32.8,19.3,0.0,56,32.2,21.5,0.0,65.0
2024-10-13,Shahdara APMC,16.3,2000.0,10,post_monsoon,agra,32.8,19.9,0.0,53,32.0,22.1,0.0,64.0
2024-10-14,Shahdara APMC,14.8,2000.0,10,post_monsoon,agra,32.4,21.0,0.0,54,32.2,23.4,0.0,67.0
2024-10-15,Shahdara APMC,18.61,2000.0,10,post_monsoon,agra,32.7,19.3,0.0,55,31.6,23.1,0.0,65.0
2024-10-17,Shahdara APMC,20.3,2400.0,10,post_monsoon,agra,33.7,21.1,0.0,59,32.8,20.1,0.0,59.0
2024-10-18,Shahdara APMC,21.05,1800.0,10,post_monsoon,agra,34.1,20.9,0.0,60,33.2,21.4,0.0,63.0
2024-10-19,Shahdara APMC,13.15,2000.0,10,post_monsoon,agra,34.4,21.8,0.0,60,33.3,21.2,0.0,64.0
2024-10-20,Shahdara APMC,21.3,2000.0,10,post_monsoon,agra,33.6,21.3,0.0,64,34.1,20.6,0.0,61.0
2024-10-21,Shahdara APMC,15.65,2000.0,10,post_monsoon,agra,32.8,21.1,0.0,66,33.7,21.2,0.0,57.0
2024-10-23,Shahdara APMC,39.45,1100.0,10,post_monsoon,agra,32.8,20.5,0.0,61,32.3,20.6,0.0,67.0
2024-10-24,Shahdara APMC,24.55,1400.0,10,post_monsoon,agra,33.1,20.2,0.0,59,31.8,19.6,0.0,69.0
2024-10-25,Shahdara APMC,23.6,1200.0,10,post_monsoon,agra,32.7,19.0,0.0,59,31.7,20.6,0.0,66.0
2024-10-26,Shahdara APMC,22.28,1200.0,10,post_monsoon,agra,32.0,19.3,0.0,62,31.3,20.5,0.0,67.0
2024-10-27,Shahdara APMC,29.12,1200.0,10,post_monsoon,agra,31.6,20.5,0.0,70,31.5,19.3,0.0,69.0
2024-10-28,Shahdara APMC,20.65,1200.0,10,post_monsoon,agra,31.9,21.3,0.0,68,31.1,19.9,0.0,73.0
2024-10-31,Shahdara APMC,12.7,1200.0,10,post_monsoon,agra,33.3,21.1,0.0,61,33.4,21.8,0.0,67.0
2024-11-01,Shahdara APMC,12.9,1200.0,11,post_monsoon,agra,32.7,19.4,0.0,52,33.1,21.0,0.0,65.0
2024-11-02,Shahdara APMC,16.56,1200.0,11,post_monsoon,agra,32.0,17.9,0.0,55,32.1,19.2,0.0,60.0
2024-11-03,Shahdara APMC,19.25,1200.0,11,post_monsoon,agra,31.7,18.5,0.0,56,32.3,18.6,0.0,60.0
2024-11-04,Shahdara APMC,13.25,1200.0,11,post_monsoon,agra,30.7,17.4,0.0,64,31.6,19.0,0.0,62.0
2024-11-07,Shahdara APMC,16.75,1400.0,11,post_monsoon,agra,30.2,19.5,0.0,66,29.9,17.8,0.0,64.0
2024-11-08,Shahdara APMC,17.25,1000.0,11,post_monsoon,agra,30.6,19.5,0.0,65,29.7,18.7,0.0,69.0
2024-11-09,Shahdara APMC,14.99,1000.0,11,post_monsoon,agra,31.0,20.0,0.0,65,29.9,18.5,0.0,68.0
2024-11-10,Shahdara APMC,27.46,1000.0,11,post_monsoon,agra,30.6,19.5,0.0,70,30.3,18.5,0.0,71.0
2024-11-12,Shahdara APMC,19.07,1100.0,11,post_monsoon,agra,31.5,19.7,0.0,60,30.5,18.9,0.0,71.0
2024-11-13,Shahdara APMC,21.15,1100.0,11,post_monsoon,agra,30.1,18.7,0.0,58,30.9,18.0,0.0,67.0
2024-11-15,Shahdara APMC,16.55,1000.0,11,post_monsoon,agra,29.1,18.3,0.0,53,29.5,18.2,0.0,67.0
2024-11-16,Shahdara APMC,16.6,1000.0,11,post_monsoon,agra,28.8,17.4,0.0,58,29.6,17.6,0.0,62.0
2024-11-17,Shahdara APMC,13.78,1000.0,11,post_monsoon,agra,28.4,17.6,0.0,60,29.1,17.3,0.0,58.0
2024-11-18,Shahdara APMC,15.05,1000.0,11,post_monsoon,agra,26.4,15.6,0.0,61,29.5,17.3,0.0,58.0
2024-11-19,Shahdara APMC,13.75,1100.0,11,post_monsoon,agra,25.9,13.7,0.0,54,26.2,17.0,0.0,66.0
2024-11-20,Shahdara APMC,13.2,1000.0,11,post_monsoon,agra,26.0,13.2,0.0,52,25.8,14.4,0.0,58.0
2024-11-21,Shahdara APMC,15.95,1000.0,11,post_monsoon,agra,25.8,13.1,0.0,53,25.3,13.0,0.0,57.0
2024-11-22,Shahdara APMC,12.29,1200.0,11,post_monsoon,agra,26.3,13.7,0.0,56,25.3,13.0,0.0,59.0
2024-11-23,Shahdara APMC,14.25,1200.0,11,post_monsoon,agra,27.5,14.2,0.0,54,25.5,13.0,0.0,62.0
2024-11-24,Shahdara APMC,14.45,1200.0,11,post_monsoon,agra,27.7,15.7,0.0,50,26.3,13.6,0.0,62.0
2024-11-25,Shahdara APMC,16.6,1200.0,11,post_monsoon,agra,25.9,14.9,0.0,59,27.2,14.5,0.0,58.0
2024-11-26,Shahdara APMC,11.11,1100.0,11,post_monsoon,agra,25.6,13.6,0.0,57,26.6,15.0,0.0,58.0
2024-11-27,Shahdara APMC,15.8,1200.0,11,post_monsoon,agra,25.9,13.2,0.0,52,25.7,13.5,0.0,61.0
2024-11-29,Shahdara APMC,15.55,1100.0,11,post_monsoon,agra,24.4,12.2,0.0,63,24.5,12.4,0.0,67.0
2024-11-30,Shahdara APMC,18.28,1200.0,11,post_monsoon,agra,24.8,12.2,0.0,63,23.9,12.1,0.0,69.0
2024-12-01,Shahdara APMC,15.95,1200.0,12,winter,agra,24.8,14.0,0.0,63,24.1,12.0,0.0,69.0
2024-12-02,Shahdara APMC,17.05,1100.0,12,winter,agra,25.7,13.4,0.0,61,24.5,12.5,0.0,71.0
2024-12-03,Shahdara APMC,18.22,1200.0,12,winter,agra,26.4,13.3,0.0,58,25.2,13.1,0.0,68.0
2024-12-04,Shahdara APMC,13.15,1200.0,12,winter,agra,25.6,15.1,0.0,50,25.8,13.6,0.0,66.0
2024-12-05,Shahdara APMC,13.5,1200.0,12,winter,agra,23.6,11.6,0.0,46,25.4,14.0,0.0,65.0
2024-12-06,Shahdara APMC,12.1,1200.0,12,winter,agra,23.6,11.1,0.0,48,24.1,12.6,0.0,56.0
2024-12-10,Shahdara APMC,10.75,1200.0,12,winter,agra,20.2,9.5,0.0,54,20.7,11.1,0.1,67.0
2024-12-11,Shahdara APMC,14.3,1200.0,12,winter,agra,20.3,8.1,0.0,48,20.4,10.1,0.0,61.0
2024-12-12,Shahdara APMC,12.9,1200.0,12,winter,agra,20.6,7.2,0.0,53,20.1,7.9,0.0,55.0
2024-12-13,Shahdara APMC,10.05,1200.0,12,winter,agra,20.5,9.1,0.0,48,20.2,7.5,0.0,55.0
2024-12-14,Shahdara APMC,8.3,1200.0,12,winter,agra,20.7,8.5,0.0,45,20.2,9.1,0.0,54.0
2024-12-15,Shahdara APMC,15.4,1200.0,12,winter,agra,20.7,7.0,0.0,54,20.3,8.2,0.0,51.0
2024-12-16,Shahdara APMC,8.7,1200.0,12,winter,agra,20.9,6.6,0.0,70,20.5,7.2,0.0,62.0
2024-12-17,Shahdara APMC,14.32,1200.0,12,winter,agra,20.4,7.3,0.0,75,20.0,6.7,0.0,71.0
2024-12-19,Shahdara APMC,12.2,1200.0,12,winter,agra,21.1,7.7,0.0,63,20.5,7.0,0.0,78.0
2024-12-20,Shahdara APMC,13.1,1200.0,12,winter,agra,23.0,9.9,0.0,65,21.3,7.6,0.0,74.0
2024-12-21,Shahdara APMC,9.59,1200.0,12,winter,agra,22.1,8.7,0.0,66,22.4,10.3,0.0,72.0
2024-12-22,Shahdara APMC,13.35,1200.0,12,winter,agra,22.6,9.9,0.0,61,22.8,9.2,0.0,70.0
2024-12-23,Shahdara APMC,12.0,1200.0,12,winter,agra,18.2,11.3,0.6,68,22.0,8.7,0.0,68.0
2024-12-25,Shahdara APMC,14.08,1200.0,12,winter,agra,20.6,10.1,0.0,78,18.9,13.1,1.9,82.0
2024-12-26,Shahdara APMC,9.6,1200.0,12,winter,agra,22.5,9.7,0.0,70,21.5,12.8,0.0,83.0
2024-12-27,Shahdara APMC,10.95,1000.0,12,winter,agra,16.8,14.1,31.9,85,22.2,12.0,0.0,80.0
2024-12-28,Shahdara APMC,4.25,1200.0,12,winter,agra,18.2,12.1,2.9,89,24.9,15.2,10.9,80.0
2024-12-29,Shahdara APMC,10.31,1200.0,12,winter,agra,18.4,10.7,0.0,86,19.8,14.3,9.2,90.0
2024-12-30,Shahdara APMC,14.6,1200.0,12,winter,agra,18.3,9.5,0.0,87,19.4,11.9,0.0,86.0
2025-01-03,Shahdara APMC,14.7,1000.0,1,winter,agra,19.5,8.2,0.0,89,19.9,8.2,0.0,84.0
2025-01-04,Shahdara APMC,19.95,1000.0,1,winter,agra,20.9,8.0,0.0,90,20.5,7.7,0.0,84.0
2025-01-05,Shahdara APMC,11.0,1000.0,1,winter,agra,18.2,8.9,0.0,89,20.5,8.9,0.0,91.0
2025-01-06,Shahdara APMC,13.2,1000.0,1,winter,agra,18.1,9.3,4.3,89,19.2,7.9,0.0,92.0
2025-01-08,Shahdara APMC,15.45,1000.0,1,winter,agra,18.4,8.5,0.0,76,17.5,9.7,0.0,88.0
2025-01-10,Shahdara APMC,17.05,1000.0,1,winter,agra,17.8,8.0,0.0,86,19.4,7.1,0.0,79.0
2025-01-11,Shahdara APMC,13.95,900.0,1,winter,agra,16.8,7.6,7.6,88,18.9,7.5,0.0,82.0
2025-01-12,Shahdara APMC,15.15,900.0,1,winter,agra,18.2,10.0,0.7,87,19.5,8.6,6.1,86.0
2025-01-13,Shahdara APMC,14.95,900.0,1,winter,agra,19.2,8.0,0.0,86,19.9,12.2,3.5,85.0
2025-01-14,Shahdara APMC,13.1,900.0,1,winter,agra,18.4,7.8,0.0,84,19.0,10.2,0.0,86.0
2025-01-15,Shahdara APMC,14.15,1000.0,1,winter,agra,18.4,8.7,2.9,87,18.8,9.2,0.0,87.0
2025-01-16,Shahdara APMC,11.72,1000.0,1,winter,agra,18.2,11.2,1.3,83,19.2,7.6,0.8,88.0
2025-01-17,Shahdara APMC,14.6,900.0,1,winter,agra,19.0,8.7,0.0,81,17.2,11.4,9.3,89.0
2025-01-18,Shahdara APMC,10.45,800.0,1,winter,agra,17.8,7.6,0.0,88,19.3,9.5,0.0,85.0
2025-01-19,Shahdara APMC,10.6,800.0,1,winter,agra,21.2,8.7,0.0,86,18.8,7.3,0.0,87.0
2025-01-20,Shahdara APMC,17.05,900.0,1,winter,agra,22.0,11.2,0.0,83,22.4,7.6,0.0,88.0
2025-01-21,Shahdara APMC,14.05,900.0,1,winter,agra,21.9,10.4,0.0,80,23.4,12.9,0.0,88.0
2025-01-23,Shahdara APMC,15.45,700.0,1,winter,agra,22.1,11.6,0.8,71,23.5,11.4,0.0,75.0
2025-01-24,Shahdara APMC,13.25,700.0,1,winter,agra,21.0,10.2,0.0,68,19.8,13.6,3.5,79.0
2025-01-25,Shahdara APMC,13.3,700.0,1,winter,agra,20.8,9.0,0.0,65,20.9,10.8,0.0,69.0
2025-01-27,Shahdara APMC,15.65,700.0,1,winter,agra,21.5,7.3,0.0,65,20.7,7.6,0.0,69.0
2025-01-28,Shahdara APMC,16.85,800.0,1,winter,agra,22.7,7.8,0.0,60,20.9,7.2,0.0,73.0
2025-01-29,Shahdara APMC,11.0,800.0,1,winter,agra,24.5,9.6,0.0,62,21.8,7.8,0.0,70.0
2025-02-03,Shahdara APMC,9.65,700.0,2,winter,agra,22.8,10.5,1.0,67,24.9,13.1,0.0,72.0
2025-02-05,Shahdara APMC,15.78,800.0,2,winter,agra,21.3,11.8,0.4,71,25.1,14.4,3.7,73.0
2025-02-07,Shahdara APMC,13.16,900.0,2,winter,agra,20.9,10.4,0.0,55,21.8,9.9,0.0,52.0
2025-02-08,Shahdara APMC,12.7,700.0,2,winter,agra,23.2,10.8,0.0,55,21.6,10.0,0.0,55.0
2025-02-09,Shahdara APMC,13.74,700.0,2,winter,agra,25.2,10.2,0.0,60,23.7,10.2,0.0,54.0
2025-02-10,Shahdara APMC,11.75,600.0,2,winter,agra,27.4,11.4,0.0,60,25.6,10.4,0.0,57.0
2025-02-12,Shahdara APMC,11.35,700.0,2,winter,agra,25.3,13.6,0.0,52,29.0,12.8,0.0,57.0
2025-02-13,Shahdara APMC,10.8,700.0,2,winter,agra,23.5,13.5,0.0,48,26.5,13.5,0.0,54.0
2025-02-14,Shahdara APMC,13.55,600.0,2,winter,agra,24.7,12.3,0.0,43,25.7,12.9,0.0,43.0
2025-02-15,Shahdara APMC,15.4,700.0,2,winter,agra,25.3,13.0,0.0,49,27.0,12.5,0.0,40.0
2025-02-16,Shahdara APMC,12.45,700.0,2,winter,agra,27.2,13.2,0.0,53,28.2,13.1,0.0,53.0
2025-02-17,Shahdara APMC,10.45,700.0,2,winter,agra,28.8,15.5,0.0,54,27.6,14.3,0.0,50.0
2025-02-18,Shahdara APMC,13.25,700.0,2,winter,agra,26.4,16.3,0.0,55,28.3,15.8,0.0,52.0
2025-02-20,Shahdara APMC,12.2,600.0,2,winter,agra,24.0,15.1,5.0,69,28.0,14.6,1.5,57.0
2025-02-21,Shahdara APMC,12.85,700.0,2,winter,agra,24.7,13.6,0.3,73,27.1,16.6,1.1,62.0
2025-02-22,Shahdara APMC,10.1,500.0,2,winter,agra,23.6,13.4,0.0,69,27.6,15.3,0.0,64.0
2025-02-23,Shahdara APMC,11.4,500.0,2,winter,agra,24.9,13.0,0.0,65,26.6,14.2,0.0,61.0
2025-02-24,Shahdara APMC,8.35,500.0,2,winter,agra,26.6,13.0,0.0,60,26.5,14.1,0.0,56.0
2025-02-26,Shahdara APMC,6.35,500.0,2,winter,agra,30.8,18.4,0.0,50,28.9,14.9,0.0,56.0
2025-02-27,Shahdara APMC,10.47,500.0,2,winter,agra,23.1,18.8,2.8,70,30.3,16.2,0.0,53.0
2025-02-28,Shahdara APMC,8.55,500.0,2,winter,agra,23.3,17.9,10.1,74,28.8,18.3,0.0,55.0
2025-03-04,Shahdara APMC,15.85,700.0,3,summer,agra,24.6,15.1,0.0,60,28.3,15.3,0.0,46.0
2025-03-05,Shahdara APMC,11.3,800.0,3,summer,agra,22.8,12.5,0.0,46,27.7,18.9,0.0,42.0
2025-03-06,Shahdara APMC,11.56,800.0,3,summer,agra,26.7,12.6,0.0,41,24.3,13.9,0.0,40.0
2025-03-07,Shahdara APMC,8.55,800.0,3,summer,agra,28.6,12.4,0.0,44,27.8,13.2,0.0,33.0
2025-03-08,Shahdara APMC,11.95,1000.0,3,summer,agra,30.2,14.4,0.0,43,30.0,13.6,0.0,41.0
2025-03-09,Shahdara APMC,12.65,1000.0,3,summer,agra,32.6,17.1,0.0,42,30.9,16.3,0.0,37.0
2025-03-10,Shahdara APMC,6.85,1000.0,3,summer,agra,32.4,19.6,0.0,43,32.1,17.5,0.0,39.0
2025-03-11,Shahdara APMC,10.25,1000.0,3,summer,agra,34.5,20.3,0.0,46,32.8,18.8,0.0,39.0
2025-03-12,Shahdara APMC,11.75,2400.0,3,summer,agra,32.9,19.5,0.0,50,34.6,18.8,0.0,41.0
2025-03-14,Shahdara APMC,3.65,2400.0,3,summer,agra,34.1,19.6,0.0,48,33.9,21.6,0.5,47.0
2025-03-15,Shahdara APMC,10.17,2400.0,3,summer,agra,31.2,19.1,0.3,52,34.5,19.7,0.0,47.0
2025-03-16,Shahdara APMC,8.98,2400.0,3,summer,agra,29.9,18.2,0.0,49,34.2,21.1,0.0,41.0
2025-03-19,Shahdara APMC,15.3,2600.0,3,summer,agra,32.1,17.9,0.0,39,30.0,17.1,0.0,43.0
2025-03-22,Shahdara APMC,8.6,2700.0,3,summer,agra,31.4,18.0,0.0,33,32.8,19.6,0.0,33.0
2025-03-23,Shahdara APMC,9.2,2600.0,3,summer,agra,32.9,19.0,0.0,34,31.3,18.3,0.0,34.0
2025-03-24,Shahdara APMC,10.95,2000.0,3,summer,agra,34.3,20.0,0.0,32,33.2,16.8,0.0,35.0
2025-03-31,Shahdara APMC,6.0,900.0,3,summer,agra,34.2,17.5,0.0,21,33.3,18.3,0.0,20.0
2025-04-01,Shahdara APMC,5.35,800.0,4,summer,solan,33.8,19.1,0.0,19,25.0,5.7,0.0,32.0
2025-04-03,Shahdara APMC,10.2,800.0,4,summer,solan,37.9,20.5,0.0,18,25.3,5.1,0.0,30.0
2025-04-04,Shahdara APMC,5.25,800.0,4,summer,solan,37.2,22.3,0.0,17,26.0,6.2,0.0,34.0
2025-04-05,Shahdara APMC,6.4,700.0,4,summer,solan,35.5,21.8,0.0,22,25.6,6.7,0.0,37.0
2025-04-06,Shahdara APMC,6.02,700.0,4,summer,solan,38.3,21.8,0.0,22,26.9,7.4,0.0,37.0
2025-04-07,Shahdara APMC,7.55,800.0,4,summer,solan,40.3,24.4,0.0,23,28.2,9.0,0.0,37.0
2025-04-08,Shahdara APMC,6.88,700.0,4,summer,solan,40.2,25.7,0.0,23,28.3,9.9,0.0,42.0
2025-04-10,Shahdara APMC,7.25,600.0,4,summer,solan,38.9,27.1,0.6,32,27.7,12.3,2.1,48.0
2025-04-14,Shahdara APMC,3.7,700.0,4,summer,solan,35.9,23.0,0.0,40,24.2,8.1,0.2,60.0
2025-04-16,Shahdara APMC,5.24,700.0,4,summer,solan,38.6,26.5,0.0,32,23.8,10.9,2.2,69.0
2025-04-18,Shahdara APMC,5.25,600.0,4,summer,solan,41.4,26.2,0.0,40,27.1,12.6,0.5,55.0
2025-04-22,Shahdara APMC,10.45,600.0,4,summer,solan,39.7,24.4,0.0,10,28.7,13.0,5.2,52.0
2025-04-24,Shahdara APMC,6.3,900.0,4,summer,solan,40.7,24.2,0.0,11,27.9,10.6,0.0,35.0
2025-04-25,Shahdara APMC,3.2,800.0,4,summer,solan,41.4,25.5,0.0,13,28.1,9.8,0.0,30.0
2025-04-26,Shahdara APMC,6.1,800.0,4,summer,solan,42.4,26.3,0.0,13,29.4,10.1,0.0,22.0
2025-04-27,Shahdara APMC,4.5,800.0,4,summer,solan,41.3,29.0,0.0,14,30.0,9.2,0.0,22.0
2025-04-28,Shahdara APMC,5.85,800.0,4,summer,solan,41.4,26.7,0.0,20,30.2,10.7,0.0,23.0
2025-04-29,Shahdara APMC,3.15,900.0,4,summer,solan,37.9,25.3,0.0,34,29.2,11.5,0.0,32.0
2025-04-30,Shahdara APMC,8.5,900.0,4,summer,solan,37.3,26.7,0.1,36,27.5,13.4,0.0,49.0
2025-05-01,Shahdara APMC,6.5,800.0,5,summer,solan,37.7,26.4,0.0,36,28.5,12.6,0.6,58.0
2025-05-02,Shahdara APMC,3.3,1000.0,5,summer,solan,28.8,21.8,14.6,66,24.3,14.7,2.1,68.0
2025-05-03,Shahdara APMC,6.2,700.0,5,summer,solan,35.7,24.0,3.8,54,23.4,13.1,0.5,76.0
2025-05-04,Shahdara APMC,2.05,700.0,5,summer,solan,34.7,24.9,0.5,49,25.2,12.0,8.0,71.0
2025-05-07,Shahdara APMC,4.1,800.0,5,summer,solan,32.1,23.7,2.7,65,24.7,11.3,13.5,76.0
2025-05-08,Shahdara APMC,4.75,900.0,5,summer,solan,31.8,23.6,4.1,65,24.6,12.8,14.1,81.0
2025-05-09,Shahdara APMC,5.3,900.0,5,summer,solan,37.5,24.8,0.8,50,24.6,12.2,5.4,74.0
2025-05-10,Shahdara APMC,6.0,900.0,5,summer,solan,37.5,26.2,6.7,54,26.9,13.4,1.0,71.0
2025-05-12,Shahdara APMC,7.9,800.0,5,summer,solan,39.8,25.6,0.0,33,27.0,12.5,0.4,62.0
2025-05-13,Shahdara APMC,7.6,1000.0,5,summer,solan,41.4,28.8,0.0,24,25.6,12.2,0.8,57.0
2025-05-14,Shahdara APMC,5.65,1500.0,5,summer,solan,41.3,28.5,0.0,22,28.7,11.3,0.0,49.0
2025-05-15,Shahdara APMC,3.55,1100.0,5,summer,solan,41.9,29.7,0.0,22,28.9,11.6,0.0,47.0
2025-05-16,Shahdara APMC,4.7,1200.0,5,summer,solan,42.8,28.4,0.0,24,30.0,12.8,0.0,43.0
2025-05-17,Shahdara APMC,6.85,2000.0,5,summer,solan,43.0,29.4,0.0,30,29.4,13.2,0.2,47.0
2025-05-19,Shahdara APMC,6.7,2500.0,5,summer,solan,41.8,28.7,0.0,45,29.4,14.3,0.1,58.0
2025-05-22,Shahdara APMC,6.2,2000.0,5,summer,solan,37.4,25.1,0.0,55,28.8,15.0,2.5,62.0
2025-05-23,Shahdara APMC,7.3,2000.0,5,summer,solan,38.6,26.7,0.0,51,28.6,15.3,0.4,71.0
2025-05-24,Shahdara APMC,4.4,3000.0,5,summer,solan,38.0,28.9,0.0,47,28.2,15.5,1.7,73.0
2025-05-27,Shahdara APMC,8.05,2200.0,5,summer,solan,36.3,26.4,0.0,62,27.7,13.5,1.1,68.0
2025-05-28,Shahdara APMC,3.8,2500.0,5,summer,solan,39.6,27.7,0.0,54,26.9,14.9,2.6,77.0
2025-05-30,Shahdara APMC,4.2,2000.0,5,summer,solan,36.4,28.6,0.0,41,29.7,14.5,0.6,53.0
2025-05-31,Shahdara APMC,4.6,2000.0,5,summer,solan,41.3,27.5,0.8,40,29.3,14.0,1.3,53.0
2025-06-01,Shahdara APMC,4.1,2500.0,6,monsoon,solan,37.3,27.3,3.1,47,29.6,12.4,2.6,53.0
2025-06-02,Shahdara APMC,1.7,2500.0,6,monsoon,solan,37.5,24.8,0.3,44,28.0,12.8,0.3,47.0
2025-06-03,Shahdara APMC,3.3,2400.0,6,monsoon,solan,35.1,26.8,0.2,44,26.7,13.4,4.5,55.0
2025-06-04,Shahdara APMC,5.4,2200.0,6,monsoon,solan,36.7,25.3,0.5,55,25.9,13.0,5.1,68.0
2025-06-05,Shahdara APMC,3.8,2300.0,6,monsoon,solan,37.2,24.1,0.1,49,24.6,12.5,4.3,72.0
2025-06-06,Shahdara APMC,4.1,2300.0,6,monsoon,solan,38.7,26.3,0.0,40,25.7,10.8,1.0,62.0
2025-06-07,Shahdara APMC,6.15,2000.0,6,monsoon,solan,41.7,28.4,0.0,36,27.7,12.3,0.0,62.0
2025-06-08,Shahdara APMC,2.9,2000.0,6,monsoon,solan,43.0,29.9,0.0,35,28.6,13.7,0.2,66.0
2025-06-09,Shahdara APMC,7.75,2000.0,6,monsoon,solan,43.8,30.2,0.0,28,30.0,16.3,0.0,60.0
2025-06-11,Shahdara APMC,7.2,2200.0,6,monsoon,solan,43.4,30.9,0.0,32,32.3,16.4,0.0,47.0
2025-06-12,Shahdara APMC,2.3,1900.0,6,monsoon,solan,43.6,31.6,0.6,44,31.6,16.6,1.3,57.0
2025-06-13,Shahdara APMC,8.45,1900.0,6,monsoon,solan,41.2,31.9,0.0,47,30.5,17.0,2.5,70.0
2025-06-14,Shahdara APMC,6.3,1800.0,6,monsoon,solan,43.3,31.0,0.0,46,29.8,18.4,5.4,72.0
2025-06-16,Shahdara APMC,4.25,2000.0,6,monsoon,solan,32.5,25.2,21.2,78,29.7,18.7,0.6,69.0
2025-06-17,Shahdara APMC,4.35,1600.0,6,monsoon,solan,34.0,25.4,17.6,80,27.7,17.7,9.2,82.0
2025-06-18,Shahdara APMC,5.25,1400.0,6,monsoon,solan,33.3,24.2,4.9,77,25.7,18.7,0.5,83.0
2025-06-19,Shahdara APMC,6.6,1000.0,6,monsoon,solan,32.9,27.3,0.1,76,27.9,19.1,2.7,84.0
2025-06-20,Shahdara APMC,5.05,900.0,6,monsoon,solan,32.0,25.8,1.8,83,26.8,16.5,5.8,85.0
2025-06-21,Shahdara APMC,6.35,800.0,6,monsoon,solan,35.3,26.4,1.4,75,27.6,19.2,6.6,91.0
2025-06-22,Shahdara APMC,7.35,800.0,6,monsoon,solan,34.9,28.4,3.4,72,26.0,20.0,3.7,88.0
2025-06-23,Shahdara APMC,6.25,900.0,6,monsoon,solan,36.9,28.3,0.4,68,26.6,17.9,3.9,88.0
2025-06-24,Shahdara APMC,6.05,1000.0,6,monsoon,solan,37.1,27.9,0.6,71,26.4,18.9,3.5,83.0
2025-06-25,Shahdara APMC,8.2,1000.0,6,monsoon,solan,32.4,26.9,14.0,83,26.6,18.5,9.1,90.0
2025-06-27,Shahdara APMC,4.35,1100.0,6,monsoon,solan,33.8,27.8,2.2,75,27.3,19.1,1.4,84.0
2025-06-28,Shahdara APMC,5.65,1100.0,6,monsoon,solan,36.7,25.9,5.0,72,27.1,18.8,5.1,86.0
2025-06-29,Shahdara APMC,9.5,1200.0,6,monsoon,solan,33.8,26.3,13.9,78,26.8,19.1,9.8,88.0
2025-06-30,Shahdara APMC,10.35,1300.0,6,monsoon,solan,32.1,25.5,23.3,87,25.4,18.8,8.6,92.0
2025-07-01,Shahdara APMC,7.35,1200.0,7,monsoon,agra,33.4,25.1,11.0,83,33.2,26.5,10.8,88.0
2025-07-03,Shahdara APMC,12.2,1200.0,7,monsoon,agra,33.4,26.9,0.5,78,33.2,26.4,9.6,83.0
2025-07-04,Shahdara APMC,7.95,1300.0,7,monsoon,agra,34.4,26.9,0.4,77,33.1,26.1,0.7,82.0
2025-07-05,Shahdara APMC,9.5,1300.0,7,monsoon,agra,35.9,26.4,4.1,75,34.4,26.1,1.4,79.0
2025-07-06,Shahdara APMC,12.8,1200.0,7,monsoon,agra,35.8,27.1,8.3,74,34.1,26.4,9.7,83.0
2025-07-08,Shahdara APMC,14.85,1300.0,7,monsoon,agra,34.3,27.2,0.1,76,34.2,25.6,4.3,79.0
2025-07-09,Shahdara APMC,6.95,1200.0,7,monsoon,agra,32.0,27.0,9.3,81,34.8,27.1,4.0,75.0
2025-07-10,Shahdara APMC,9.6,1300.0,7,monsoon,agra,29.9,26.0,2.2,85,32.8,27.1,2.2,82.0
2025-07-11,Shahdara APMC,6.35,1300.0,7,monsoon,agra,31.9,25.9,0.8,81,30.7,26.1,4.3,86.0
2025-07-12,Shahdara APMC,5.1,1400.0,7,monsoon,agra,33.9,26.5,2.6,79,32.7,25.1,7.3,83.0
2025-07-13,Shahdara APMC,3.8,1400.0,7,monsoon,agra,32.7,26.5,17.5,86,33.2,26.4,13.1,84.0
2025-07-14,Shahdara APMC,11.35,1500.0,7,monsoon,agra,30.9,26.1,16.9,84,31.8,25.8,16.1,85.0
2025-07-17,Shahdara APMC,8.55,1600.0,7,monsoon,agra,31.2,26.9,2.1,82,32.6,26.0,4.9,82.0
2025-07-23,Shahdara APMC,6.29,1500.0,7,monsoon,agra,33.5,27.2,4.0,78,34.1,27.0,0.7,77.0
2025-07-27,Shahdara APMC,3.7,1500.0,7,monsoon,agra,36.7,29.2,1.3,67,33.2,27.0,9.3,85.0
2025-07-28,Shahdara APMC,6.65,1300.0,7,monsoon,agra,37.5,28.6,0.4,65,33.9,27.4,2.2,78.0
2025-07-29,Shahdara APMC,8.45,1300.0,7,monsoon,agra,32.4,27.5,7.3,81,34.4,27.3,2.3,80.0
2025-07-31,Shahdara APMC,7.7,3000.0,7,monsoon,agra,31.5,25.5,22.2,88,30.8,26.1,28.1,91.0
2025-08-01,Shahdara APMC,2.75,3000.0,8,monsoon,agra,32.0,25.7,6.8,85,31.9,25.4,28.2,90.0
2025-08-02,Shahdara APMC,8.8,3200.0,8,monsoon,agra,32.8,26.1,1.8,78,33.0,25.7,4.7,83.0
2025-08-03,Shahdara APMC,4.75,3200.0,8,monsoon,agra,33.3,27.0,0.5,77,33.2,26.1,0.2,80.0
2025-08-04,Shahdara APMC,8.15,2800.0,8,monsoon,agra,31.3,26.2,0.6,81,30.7,26.2,10.0,85.0
2025-08-05,Shahdara APMC,6.75,2500.0,8,monsoon,agra,29.9,27.1,9.0,84,30.0,25.7,4.0,87.0
2025-08-06,Shahdara APMC,4.4,2000.0,8,monsoon,agra,32.2,26.4,0.7,80,31.6,26.6,0.1,80.0
2025-08-07,Shahdara APMC,4.95,2000.0,8,monsoon,agra,34.1,26.2,0.0,72,33.2,26.2,0.9,78.0
2025-08-08,Shahdara APMC,1.75,2500.0,8,monsoon,agra,33.3,26.6,0.0,70,33.8,26.3,0.0,72.0
2025-08-10,Shahdara APMC,3.15,2000.0,8,monsoon,agra,32.5,26.2,1.2,82,31.3,26.0,0.7,79.0
2025-08-15,Shahdara APMC,1.2,1800.0,8,monsoon,agra,31.8,25.4,2.3,85,31.6,26.1,14.9,87.0
2025-08-16,Shahdara APMC,7.3,1800.0,8,monsoon,agra,31.2,26.5,9.9,87,32.9,26.1,1.8,84.0
2025-08-17,Shahdara APMC,2.65,1800.0,8,monsoon,agra,32.2,27.4,2.8,86,32.7,27.0,1.1,82.0
2025-08-18,Shahdara APMC,2.3,2500.0,8,monsoon,agra,32.0,27.3,11.6,83,33.3,27.3,0.1,77.0
2025-08-20,Shahdara APMC,3.55,2000.0,8,monsoon,agra,32.7,26.8,5.7,78,33.0,26.8,0.8,80.0
2025-08-21,Shahdara APMC,1.85,1900.0,8,monsoon,agra,33.8,25.3,15.2,76,32.7,26.8,0.1,78.0
2025-08-24,Shahdara APMC,3.4,1800.0,8,monsoon,agra,31.4,26.1,14.8,86,31.9,26.0,36.5,85.0
2025-08-25,Shahdara APMC,4.4,2500.0,8,monsoon,agra,29.5,24.7,11.6,88,31.7,24.6,19.1,89.0
2025-08-26,Shahdara APMC,2.2,2500.0,8,monsoon,agra,30.1,25.3,6.1,88,30.6,24.8,59.7,91.0
2025-08-27,Shahdara APMC,6.35,2500.0,8,monsoon,agra,32.7,25.4,1.1,85,31.9,24.9,3.0,86.0
2025-08-28,Shahdara APMC,5.55,2000.0,8,monsoon,agra,32.6,25.7,10.3,85,32.7,25.1,5.3,85.0
2025-08-29,Shahdara APMC,4.8,2500.0,8,monsoon,agra,31.7,25.1,9.1,87,32.9,25.8,0.8,84.0
2025-08-30,Shahdara APMC,3.3,2500.0,8,monsoon,agra,31.9,26.2,3.3,83,32.3,26.8,1.1,83.0
2025-08-31,Shahdara APMC,4.98,2500.0,8,monsoon,agra,30.2,24.7,14.8,90,32.8,26.4,9.6,82.0
2025-09-01,Shahdara APMC,4.8,3000.0,9,monsoon,agra,29.1,24.3,31.6,92,30.5,25.1,9.7,90.0
2025-09-05,Shahdara APMC,4.65,1500.0,9,monsoon,agra,31.2,25.6,5.2,84,32.8,25.1,3.0,81.0
2025-09-06,Shahdara APMC,1.5,2000.0,9,monsoon,agra,31.6,24.6,9.3,85,29.3,25.4,20.4,88.0
2025-09-07,Shahdara APMC,4.4,2000.0,9,monsoon,agra,32.1,24.9,4.3,85,32.4,24.6,5.0,81.0
2025-09-08,Shahdara APMC,2.6,2000.0,9,monsoon,agra,32.1,25.2,0.7,82,31.9,24.5,5.1,86.0
2025-09-09,Shahdara APMC,2.25,2200.0,9,monsoon,agra,32.5,25.9,0.5,76,32.7,25.3,0.0,78.0
2025-09-10,Shahdara APMC,1.45,2500.0,9,monsoon,agra,33.3,25.7,0.0,73,32.9,25.3,0.0,73.0
2025-09-12,Shahdara APMC,1.9,2200.0,9,monsoon,agra,33.9,25.0,0.2,65,32.5,25.1,0.0,70.0
2025-09-13,Shahdara APMC,1.9,5000.0,9,monsoon,agra,35.6,26.8,0.3,58,32.4,24.6,0.0,73.0
2025-09-14,Shahdara APMC,2.55,5000.0,9,monsoon,agra,36.6,27.7,0.0,54,32.9,24.8,0.5,74.0
2025-09-15,Shahdara APMC,3.45,2000.0,9,monsoon,agra,36.8,28.0,0.0,52,33.9,25.5,0.0,75.0
2025-09-16,Shahdara APMC,5.55,5000.0,9,monsoon,agra,37.0,27.8,0.0,54,34.0,26.0,0.2,70.0
2025-09-17,Shahdara APMC,4.05,5500.0,9,monsoon,agra,36.3,27.1,0.3,60,33.9,25.8,0.1,74.0
2025-09-19,Shahdara APMC,5.33,3200.0,9,monsoon,agra,35.4,27.3,0.8,61,32.7,24.7,3.4,82.0
2025-09-20,Shahdara APMC,5.95,3800.0,9,monsoon,agra,36.3,27.0,0.0,55,33.4,25.4,0.1,78.0
2025-09-21,Shahdara APMC,5.3,3800.0,9,monsoon,agra,36.5,26.0,0.0,53,34.7,25.9,0.0,68.0
2025-09-22,Shahdara APMC,5.3,5000.0,9,monsoon,agra,37.1,26.6,0.0,49,35.0,24.3,0.0,65.0
2025-09-23,Shahdara APMC,8.5,3500.0,9,monsoon,agra,36.8,26.6,0.0,47,35.6,24.7,0.0,62.0
2025-09-24,Shahdara APMC,9.2,3000.0,9,monsoon,agra,36.3,26.2,0.0,49,35.7,25.1,0.0,57.0
2025-09-26,Shahdara APMC,13.3,3000.0,9,monsoon,agra,37.0,25.8,0.0,53,35.1,25.2,0.0,59.0
2025-09-27,Shahdara APMC,8.97,3000.0,9,monsoon,agra,38.5,26.9,0.4,54,35.6,24.7,0.0,61.0
2025-09-28,Shahdara APMC,13.6,3000.0,9,monsoon,agra,37.0,29.2,0.0,56,34.6,26.3,2.4,71.0
2025-09-29,Shahdara APMC,10.6,2000.0,9,monsoon,agra,36.9,28.2,0.2,56,35.0,27.1,2.2,68.0
2025-10-02,Shahdara APMC,9.3,2000.0,10,post_monsoon,agra,32.3,24.7,1.7,71,29.7,24.0,30.7,87.0
2025-10-03,Shahdara APMC,11.15,2000.0,10,post_monsoon,agra,33.7,24.8,0.7,72,31.3,23.7,8.3,84.0
2025-10-04,Shahdara APMC,11.15,2000.0,10,post_monsoon,agra,34.5,26.4,0.1,62,31.6,24.7,0.2,81.0
2025-10-05,Shahdara APMC,12.0,1800.0,10,post_monsoon,agra,34.2,24.9,0.0,61,32.3,24.2,0.1,78.0
2025-10-07,Shahdara APMC,8.0,2000.0,10,post_monsoon,agra,28.8,20.9,6.7,86,30.2,23.7,1.6,79.0
2025-10-08,Shahdara APMC,14.6,2200.0,10,post_monsoon,agra,26.2,20.4,0.7,86,29.2,21.6,11.6,86.0
2025-10-11,Shahdara APMC,13.6,1600.0,10,post_monsoon,agra,29.0,19.4,0.0,69,29.4,19.8,0.0,65.0
2025-10-12,Shahdara APMC,19.8,1600.0,10,post_monsoon,agra,30.7,20.3,0.0,64,29.5,19.0,0.0,63.0
2025-10-13,Shahdara APMC,19.6,1600.0,10,post_monsoon,agra,31.7,20.6,0.0,58,30.5,21.0,0.0,64.0
2025-10-14,Shahdara APMC,11.25,1600.0,10,post_monsoon,agra,31.8,21.0,0.0,53,30.9,21.0,0.0,64.0
2025-10-20,Shahdara APMC,15.05,1800.0,10,post_monsoon,agra,33.2,22.5,0.0,52,31.6,21.3,0.0,64.0
2025-10-27,Shahdara APMC,15.0,2200.0,10,post_monsoon,agra,30.6,19.9,0.0,54,30.1,19.8,0.0,65.0
2025-10-28,Shahdara APMC,18.17,1400.0,10,post_monsoon,agra,27.5,21.7,0.0,68,25.6,20.7,2.9,74.0
2025-10-30,Shahdara APMC,19.55,1200.0,10,post_monsoon,agra,27.8,22.6,0.0,73,28.2,19.2,0.5,80.0
